pos,offense,off_pct,defense,def_pct,special_teams,st_pct,player_id,player_name,team
QB,315,29.94%,0,0%,0,0%,SkelJo00,John Skelton,crd
QB,303,28.80%,0,0%,0,0%,LindRy00,Ryan Lindley,crd
QB,81,7.70%,0,0%,0,0%,HoyeBr00,Brian Hoyer,crd
QB,349,33.17%,0,0%,0,0%,KolbKe00,Kevin Kolb,crd
RB,284,27.00%,0,0%,49,10.17%,PoweWi00,William Powell,crd
RB,338,32.13%,0,0%,36,7.47%,StepLa00,LaRod Stephens-Howling,crd
RB,140,13.31%,0,0%,0,0%,WillRy00,Ryan Williams,crd
RB,17,1.62%,0,0%,105,21.78%,SmitAl22,Alfonso Smith,crd
RB,150,14.26%,0,0%,0,0%,WellCh00,Beanie Wells,crd
FB,234,22.24%,0,0%,156,32.37%,SherAn00,Anthony Sherman,crd
FB,45,4.28%,0,0%,0,0%,MauiRe00,Reagan Maui'a,crd
WR,1030,97.91%,0,0%,0,0%,FitzLa00,Larry Fitzgerald,crd
WR,838,79.66%,0,0%,5,1.04%,RobeAn00,Andre Roberts,crd
WR,387,36.79%,0,0%,109,22.61%,DoucEa00,Early Doucet,crd
WR,555,52.76%,0,0%,27,5.60%,FloyMi00,Michael Floyd,crd
WR,11,1.05%,0,0%,34,7.05%,ByrdLa00,LaRon Byrd,crd
TE,81,7.70%,0,0%,0,0%,HeapTo00,Todd Heap,crd
TE,466,44.30%,0,0%,73,15.15%,KingJe00,Jeff King,crd
TE,22,2.09%,0,0%,6,1.24%,SperKo00,Kory Sperry,crd
TE,34,3.23%,0,0%,183,37.97%,DrayJi00,Jim Dray,crd
TE,617,58.65%,0,0%,117,24.27%,HousRo01,Rob Housler,crd
T,1052,100.00%,0,0%,55,11.41%,MassBo00,Bobby Massie,crd
T,626,59.51%,0,0%,55,11.41%,BatiDA20,D'Anthony Batiste,crd
T,140,13.31%,0,0%,16,3.32%,McQuPa20,Pat McQuistan,crd
T,428,40.68%,0,0%,0,0%,PottNa00,Nate Potter,crd
G,866,82.32%,0,0%,48,9.96%,SnydAd20,Adam Snyder,crd
G,1052,100.00%,0,0%,55,11.41%,CollDa20,Daryn Colledge,crd
G,43,4.09%,0,0%,1,.21%,KeleSe00,Senio Kelemete,crd
G,286,27.19%,0,0%,42,8.71%,OhrnRi20,Rich Ohrnberger,crd
C,756,71.86%,0,0%,0,0%,SendLy20,Lyle Sendlein,crd
C,16,1.52%,0,0%,3,.62%,WediSc00,Scott Wedige,crd
DE,0,0%,753,69.72%,104,21.58%,CampCa99,Calais Campbell,crd
DE,0,0%,71,6.57%,3,.62%,TallRo00,Ronald Talley,crd
DE,0,0%,195,18.06%,11,2.28%,HollVo20,Vonnie Holliday,crd
DT,0,0%,793,73.43%,65,13.49%,DockDa20,Darnell Dockett,crd
DT,0,0%,218,20.19%,92,19.09%,EasoNi20,Nick Eason,crd
NT,0,0%,420,38.89%,5,1.04%,WillDa99,Dan Williams,crd
NT,0,0%,289,26.76%,115,23.86%,CartDa01,David Carter,crd
NT,0,0%,6,.56%,0,0%,LumpRi00,Ricky Lumpkin,crd
LB,0,0%,996,92.22%,281,58.30%,AchoSa00,Sam Acho,crd
LB,0,0%,1058,97.96%,109,22.61%,WashDa99,Daryl Washington,crd
LB,0,0%,490,45.37%,38,7.88%,SchoOB99,O'Brien Schofield,crd
LB,0,0%,1014,93.89%,77,15.98%,LenoPa20,Paris Lenon,crd
LB,0,0%,193,17.87%,288,59.75%,WalkRe00,Reggie Walker,crd
LB,0,0%,467,43.24%,240,49.79%,GrovQu99,Quentin Groves,crd
LB,0,0%,39,3.61%,334,69.29%,BradSt99,Stewart Bradley,crd
LB,0,0%,2,.19%,71,14.73%,WestJa99,Jamaal Westerman,crd
LB,0,0%,41,3.80%,117,24.27%,NashZa00,Zack Nash,crd
CB,8,.76%,1041,96.39%,164,34.02%,PetePa00,Patrick Peterson,crd
CB,0,0%,1005,93.06%,26,5.39%,GayxWi99,William Gay,crd
CB,0,0%,70,6.48%,248,51.45%,AdamMi98,Michael Adams,crd
CB,0,0%,270,25.00%,108,22.41%,FlemJa00,Jamell Fleming,crd
CB,0,0%,0,0%,12,2.49%,ButlCr99,Crezdon Butler,crd
CB,0,0%,302,27.96%,44,9.13%,ToleGr99,Greg Toler,crd
SS,1,.10%,845,78.24%,80,16.60%,WilsAd99,Adrian Wilson,crd
SS,0,0%,161,14.91%,319,66.18%,JohnRa98,Rashad Johnson,crd
FS,0,0%,1011,93.61%,68,14.11%,RhodKe20,Kerry Rhodes,crd
FS,0,0%,10,.93%,336,69.71%,BethJu00,Justin Bethel,crd
FS,0,0%,120,11.11%,310,64.32%,SandJa21,James Sanders,crd
LS,1,.10%,0,0%,169,35.06%,LeacMi00,Mike Leach,crd
K,0,0%,0,0%,118,24.48%,feelyjay01,Jay Feely,crd
P,0,0%,0,0%,170,35.27%,ZastDa20,Dave Zastudil,crd
QB,1050,99.06%,0,0%,0,0%,RyanMa00,Matt Ryan,atl
QB,10,.94%,0,0%,0,0%,McCoLu00,Luke McCown,atl
RB,465,43.87%,0,0%,98,22.32%,RodgJa00,Jacquizz Rodgers,atl
RB,476,44.91%,0,0%,0,0%,TurnMi00,Michael Turner,atl
RB,6,.57%,0,0%,192,43.74%,SmitAn01,Antone Smith,atl
RB,229,21.60%,0,0%,212,48.29%,SnelJa00,Jason Snelling,atl
FB,97,9.15%,0,0%,45,10.25%,PoliLo00,Lousaka Polite,atl
FB,137,12.92%,0,0%,35,7.97%,Cox_Mi20,Mike Cox,atl
WR,988,93.21%,0,0%,2,.46%,WhitRo00,Roddy White,atl
WR,836,78.87%,1,.10%,2,.46%,JoneJu02,Julio Jones,atl
WR,586,55.28%,0,0%,7,1.59%,DougHa00,Harry Douglas,atl
WR,18,1.70%,0,0%,176,40.09%,ConeKe00,Kevin Cone,atl
WR,130,12.26%,0,0%,247,56.26%,DaviDr00,Drew Davis,atl
TE,966,91.13%,0,0%,0,0%,GonzTo00,Tony Gonzalez,atl
TE,158,14.91%,0,0%,144,32.80%,PalmMi00,Michael Palmer,atl
TE,5,.47%,0,0%,8,1.82%,CoffCh00,Chase Coffman,atl
TE,85,8.02%,0,0%,130,29.61%,GallTo00,Tommy Gallarda,atl
T,1060,100.00%,0,0%,83,18.91%,BakeSa21,Sam Baker,atl
T,1050,99.06%,0,0%,83,18.91%,ClabTy20,Tyson Clabo,atl
T,7,.66%,0,0%,0,0%,HolmLa00,Lamar Holmes,atl
G,1060,100.00%,0,0%,83,18.91%,BlalJu20,Justin Blalock,atl
G,394,37.17%,0,0%,39,8.88%,ReynGa20,Garrett Reynolds,atl
G,675,63.68%,0,0%,107,24.37%,KonzPe00,Peter Konz,atl
G,106,10.00%,0,0%,145,33.03%,JohnMi23,Mike Johnson,atl
C,1046,98.68%,0,0%,0,0%,McClTo20,Todd McClure,atl
C,20,1.89%,0,0%,17,3.87%,HawlJo20,Joe Hawley,atl
DE,0,0%,682,66.73%,301,68.56%,BierKr99,Kroy Biermann,atl
DE,0,0%,732,71.62%,0,0%,AbraJo00,John Abraham,atl
DE,0,0%,207,20.25%,32,7.29%,EdwaRa21,Ray Edwards,atl
DE,0,0%,80,7.83%,105,23.92%,MattCl01,Cliff Matthews,atl
DE,0,0%,30,2.94%,51,11.62%,SidbLa99,Lawrence Sidbury,atl
DE,0,0%,27,2.64%,67,15.26%,MassJo00,Jonathan Massaquoi,atl
DT,0,0%,496,48.53%,48,10.93%,JerrPe99,Peria Jerry,atl
DT,0,0%,839,82.09%,55,12.53%,BabiJo20,Jonathan Babineaux,atl
DT,0,0%,532,52.05%,99,22.55%,WalkVa99,Vance Walker,atl
DT,0,0%,434,42.47%,24,5.47%,PeteCo00,Corey Peters,atl
DT,0,0%,47,4.60%,0,0%,RobeTr00,Travian Robertson,atl
LB,0,0%,873,85.42%,124,28.25%,NichSt99,Stephen Nicholas,atl
LB,0,0%,829,81.12%,48,10.93%,WeatSe99,Sean Weatherspoon,atl
LB,0,0%,498,48.73%,127,28.93%,DentAk00,Akeem Dent,atl
LB,0,0%,7,.68%,231,52.62%,JameRo99,Robert James,atl
LB,0,0%,116,11.35%,145,33.03%,PeteMi20,Mike Peterson,atl
CB,0,0%,812,79.45%,0,0%,SamuAs20,Asante Samuel,atl
CB,0,0%,931,91.10%,6,1.37%,RobiDu20,Dunta Robinson,atl
CB,0,0%,52,5.09%,4,.91%,GrimBr20,Brent Grimes,atl
CB,0,0%,170,16.63%,223,50.80%,OwenCh99,Chris Owens,atl
CB,0,0%,604,59.10%,240,54.67%,McClRo98,Robert McClain,atl
CB,0,0%,0,0%,17,3.87%,JohnTe01,Terrence Johnson,atl
CB,0,0%,203,19.86%,80,18.22%,FranDo99,Dominique Franks,atl
SS,0,0%,758,74.17%,47,10.71%,MoorWi99,William Moore,atl
SS,0,0%,259,25.34%,192,43.74%,HopeCh21,Chris Hope,atl
FS,0,0%,1021,99.90%,137,31.21%,DeCoTh99,Thomas DeCoud,atl
FS,0,0%,2,.20%,102,23.23%,MitcCh01,Charles Mitchell,atl
LS,0,0%,0,0%,145,33.03%,HarrJo02,Josh Harris,atl
K,0,0%,0,0%,83,18.91%,bryanmat01,Matt Bryant,atl
P,0,0%,0,0%,239,54.44%,BoshMa00,Matthew Bosher,atl
QB,1002,91.84%,0,0%,0,0%,FlacJo00,Joe Flacco,rav
QB,92,8.43%,0,0%,0,0%,TaylTy00,Tyrod Taylor,rav
RB,811,74.34%,0,0%,0,0%,RiceRa00,Ray Rice,rav
RB,53,4.86%,0,0%,343,69.01%,AlleAn01,Anthony Allen,rav
RB,218,19.98%,0,0%,20,4.02%,PierBe00,Bernard Pierce,rav
FB,456,41.80%,0,0%,70,14.08%,LeacVo00,Vonta Leach,rav
WR,919,84.23%,0,0%,0,0%,SmitTo02,Torrey Smith,rav
WR,877,80.38%,0,0%,1,.20%,BoldAn00,Anquan Boldin,rav
WR,426,39.05%,0,0%,132,26.56%,JoneJa03,Jacoby Jones,rav
WR,85,7.79%,0,0%,82,16.50%,ReedDa00,David Reed,rav
WR,85,7.79%,0,0%,60,12.07%,ThomDe04,Deonte Thompson,rav
WR,183,16.77%,0,0%,29,5.84%,DossTa00,Tandon Doss,rav
WR,9,.82%,0,0%,161,32.39%,WillLa01,LaQuan Williams,rav
TE,639,58.57%,0,0%,94,18.91%,PittDe00,Dennis Pitta,rav
TE,538,49.31%,0,0%,166,33.40%,DickEd00,Ed Dickson,rav
TE,127,11.64%,0,0%,84,16.90%,BajeBi00,Billy Bajema,rav
T,341,31.26%,0,0%,30,6.04%,HareRa00,Ramon Harewood,rav
T,1017,93.22%,0,0%,74,14.89%,OsemKe00,Kelechi Osemele,rav
T,1058,96.98%,0,0%,76,15.29%,OherMi20,Michael Oher,rav
T,128,11.73%,0,0%,78,15.69%,McKiBr21,Bryant McKinnie,rav
T,568,52.06%,0,0%,43,8.65%,ReidJa00,Jah Reid,rav
G,912,83.59%,0,0%,69,13.88%,YandMa20,Marshal Yanda,rav
G,355,32.54%,0,0%,44,8.85%,WillBo21,Bobbie Williams,rav
G,85,7.79%,0,0%,108,21.73%,GradGi00,Gino Gradkowski,rav
C,1017,93.22%,0,0%,2,.40%,BirkMa00,Matt Birk,rav
DE,0,0%,426,37.34%,284,57.14%,McClAl00,Albert McClellan,rav
DE,0,0%,423,37.07%,26,5.23%,McPhPe00,Pernell McPhee,rav
DE,0,0%,746,65.38%,129,25.96%,UpshCo00,Courtney Upshaw,rav
DE,0,0%,184,16.13%,39,7.85%,TysoDe00,DeAngelo Tyson,rav
DT,0,0%,819,71.78%,44,8.85%,NgatHa20,Haloti Ngata,rav
DT,0,0%,71,6.22%,37,7.44%,HallBr00,Bryan Hall,rav
DT,0,0%,528,46.28%,67,13.48%,JoneAr22,Arthur Jones,rav
NT,0,0%,431,37.77%,37,7.44%,KemoMa20,Ma'ake Kemoeatu,rav
NT,0,0%,362,31.73%,66,13.28%,CodyTe99,Terrence Cody,rav
LB,0,0%,441,38.65%,2,.40%,LewiRa00,Ray Lewis,rav
LB,0,0%,788,69.06%,5,1.01%,KrugPa99,Paul Kruger,rav
LB,0,0%,651,57.06%,43,8.65%,ElleDa99,Dannell Ellerbe,rav
LB,0,0%,407,35.67%,1,.20%,SuggTe99,Terrell Suggs,rav
LB,0,0%,737,64.59%,86,17.30%,McClJa01,Jameel McClain,rav
LB,0,0%,170,14.90%,393,79.07%,AyanBr99,Brendon Ayanbadejo,rav
LB,0,0%,211,18.49%,184,37.02%,ByneJo00,Josh Bynes,rav
LB,0,0%,12,1.05%,6,1.21%,KindSe99,Sergio Kindle,rav
LB,0,0%,10,.88%,32,6.44%,HamiAd00,Adrian Hamilton,rav
CB,0,0%,376,32.95%,28,5.63%,WebbLa99,Lardarius Webb,rav
CB,0,0%,1079,94.57%,28,5.63%,WillCa99,Cary Williams,rav
CB,0,0%,463,40.58%,91,18.31%,SmitJi03,Jimmy Smith,rav
CB,0,0%,574,50.31%,232,46.68%,GrahCo99,Corey Graham,rav
CB,0,0%,243,21.30%,322,64.79%,BrowCh05,Chykie Brown,rav
CB,0,0%,0,0%,35,7.04%,JackAs00,Asa Jackson,rav
CB,0,0%,78,6.84%,19,3.82%,JohnCh26,Chris Johnson,rav
SS,0,0%,895,78.44%,15,3.02%,PollBe20,Bernard Pollard,rav
SS,0,0%,289,25.33%,356,71.63%,IhedJa00,James Ihedigbo,rav
SS,0,0%,53,4.65%,415,83.50%,ConsSe20,Sean Considine,rav
FS,0,0%,1046,91.67%,5,1.01%,ReedEd00,Ed Reed,rav
FS,0,0%,0,0%,92,18.51%,ThomCh01,Christian Thompson,rav
DB,0,0%,37,3.24%,50,10.06%,BrowOm00,Omar Brown,rav
DB,0,0%,0,0%,32,6.44%,LeviAn00,Anthony Levine,rav
LS,0,0%,0,0%,163,32.80%,CoxxMo00,Morgan Cox,rav
K,0,0%,0,0%,165,33.20%,TuckJu00,Justin Tucker,rav
P,0,0%,0,0%,164,33.00%,KochSa20,Sam Koch,rav
QB,997,98.62%,0,0%,0,0%,FitzRy00,Ryan Fitzpatrick,buf
QB,14,1.38%,0,0%,4,.86%,ThigTy00,Tyler Thigpen,buf
RB,569,56.28%,0,0%,0,0%,SpilC.00,C.J. Spiller,buf
RB,331,32.74%,0,0%,1,.22%,JackFr02,Fred Jackson,buf
RB,124,12.27%,0,0%,43,9.27%,ChoiTa00,Tashard Choice,buf
RB,12,1.19%,0,0%,22,4.74%,WhitJo01,Johnny White,buf
FB,100,9.89%,0,0%,297,64.01%,McInCo00,Corey McIntyre,buf
FB,98,9.69%,0,0%,13,2.80%,DickDo00,Dorin Dickerson,buf
WR,940,92.98%,0,0%,0,0%,JohnSt00,Stevie Johnson,buf
WR,670,66.27%,0,0%,1,.22%,JoneDo00,Donald Jones,buf
WR,115,11.37%,0,0%,253,54.53%,MartRu00,Ruvell Martin,buf
WR,696,68.84%,0,0%,1,.22%,GrahT.00,T.J. Graham,buf
WR,314,31.06%,0,0%,260,56.03%,SmitBr01,Brad Smith,buf
WR,28,2.77%,0,0%,0,0%,NelsDa01,David Nelson,buf
WR,4,.40%,0,0%,25,5.39%,EaslMa00,Marcus Easley,buf
TE,749,74.09%,0,0%,59,12.72%,ChanSc00,Scott Chandler,buf
TE,286,28.29%,0,0%,210,45.26%,SmitLe00,Lee Smith,buf
T,803,79.43%,0,0%,48,10.34%,GlenCo00,Cordy Glenn,buf
T,378,37.39%,0,0%,27,5.82%,PearEr20,Erik Pears,buf
T,568,56.18%,0,0%,40,8.62%,HairCh00,Chris Hairston,buf
T,333,32.94%,0,0%,47,10.13%,YounSa21,Sam Young,buf
T,7,.69%,0,0%,8,1.72%,WelcTh20,Thomas Welch,buf
G,783,77.45%,0,0%,50,10.78%,UrbiKr20,Kraig Urbik,buf
G,1011,100.00%,0,0%,8,1.72%,LeviAn20,Andy Levitre,buf
G,164,16.22%,0,0%,25,5.39%,RineCh20,Chad Rinehart,buf
G,0,0%,0,0%,6,1.29%,WillKe04,Keith Williams,buf
C,872,86.25%,0,0%,0,0%,WoodEr20,Eric Wood,buf
C,19,1.88%,0,0%,1,.22%,BrowCo23,Colin Brown,buf
C,133,13.16%,0,0%,8,1.72%,SnowDa00,David Snow,buf
DE,0,0%,929,85.39%,32,6.90%,WillMa22,Mario Williams,buf
DE,0,0%,787,72.33%,95,20.47%,DareMa00,Marcell Dareus,buf
DE,0,0%,289,26.56%,48,10.34%,KelsCh21,Chris Kelsay,buf
DE,0,0%,244,22.43%,33,7.11%,AndeMa21,Mark Anderson,buf
DE,0,0%,491,45.13%,13,2.80%,MoorKy99,Kyle Moore,buf
DT,3,.30%,793,72.89%,20,4.31%,WillKy20,Kyle Williams,buf
DT,0,0%,342,31.43%,234,50.43%,CarrAl99,Alex Carrington,buf
DT,0,0%,264,24.26%,128,27.59%,JohnSp20,Spencer Johnson,buf
DT,0,0%,8,.74%,0,0%,RossJa00,Jay Ross,buf
LB,0,0%,999,91.82%,18,3.88%,BarnNi20,Nick Barnett,buf
LB,0,0%,503,46.23%,174,37.50%,ShepKe00,Kelvin Sheppard,buf
LB,0,0%,590,54.23%,172,37.07%,ScotBr20,Bryan Scott,buf
LB,0,0%,122,11.21%,235,50.65%,MoatAr00,Arthur Moats,buf
LB,0,0%,8,.74%,357,76.94%,WhitCh03,Chris White,buf
LB,0,0%,395,36.31%,280,60.34%,BradNi00,Nigel Bradham,buf
LB,0,0%,0,0%,34,7.33%,MorrKi20,Kirk Morrison,buf
LB,0,0%,206,18.93%,36,7.76%,MerrSh99,Shawne Merriman,buf
LB,0,0%,0,0%,5,1.08%,LloyGr01,Greg Lloyd,buf
CB,0,0%,1056,97.06%,78,16.81%,GilmSt00,Stephon Gilmore,buf
CB,0,0%,347,31.89%,257,55.39%,McKeLe99,Leodis McKelvin,buf
CB,0,0%,547,50.28%,42,9.05%,WillAa00,Aaron Williams,buf
CB,0,0%,142,13.05%,5,1.08%,McGeTe99,Terrence McGee,buf
CB,0,0%,537,49.36%,177,38.15%,RogeJu00,Justin Rogers,buf
CB,0,0%,17,1.56%,7,1.51%,ButlCr99,Crezdon Butler,buf
SS,0,0%,897,82.44%,113,24.35%,WilsGe01,George Wilson,buf
SS,0,0%,272,25.00%,253,54.53%,SearDa00,Da'Norris Searcy,buf
SS,0,0%,2,.18%,119,25.65%,SilvMa00,Mana Silva,buf
FS,0,0%,1022,93.93%,123,26.51%,ByrdJa99,Jairus Byrd,buf
FS,0,0%,0,0%,15,3.23%,HoweDe00,Delano Howell,buf
DB,0,0%,161,14.80%,117,25.22%,BrooRo01,Ron Brooks,buf
LS,0,0%,0,0%,145,31.25%,SanbGa00,Garrison Sanborn,buf
K,0,0%,0,0%,26,5.60%,PottJo00,John Potter,buf
K,0,0%,0,0%,111,23.92%,linderia01,Rian Lindell,buf
P,0,0%,0,0%,28,6.03%,MoorBr24,Brian Moorman,buf
P,0,0%,0,0%,113,24.35%,PoweSh00,Shawn Powell,buf
QB,1021,99.13%,0,0%,0,0%,NewtCa00,Cam Newton,car
QB,9,.87%,0,0%,0,0%,AndeDe00,Derek Anderson,car
RB,312,30.29%,0,0%,0,0%,StewJo00,Jonathan Stewart,car
RB,418,40.58%,0,0%,0,0%,WillDe02,DeAngelo Williams,car
RB,8,.78%,0,0%,48,10.81%,SmitAr00,Armond Smith,car
FB,446,43.30%,0,0%,76,17.12%,TolbMi00,Mike Tolbert,car
FB,67,6.50%,0,0%,230,51.80%,BrocRi00,Richie Brockel,car
WR,757,73.50%,0,0%,5,1.13%,LaFeBr00,Brandon LaFell,car
WR,911,88.45%,0,0%,6,1.35%,SmitSt01,Steve Smith Sr.,car
WR,668,64.85%,0,0%,6,1.35%,MurpLo00,Louis Murphy,car
WR,33,3.20%,0,0%,102,22.97%,PilaKe00,Kealoha Pilares,car
WR,15,1.46%,0,0%,0,0%,GettDa00,David Gettis,car
WR,22,2.14%,0,0%,45,10.14%,AdamJo01,Joe Adams,car
WR,128,12.43%,0,0%,32,7.21%,EdwaAr00,Armanti Edwards,car
TE,1007,97.77%,0,0%,5,1.13%,OlseGr00,Greg Olsen,car
TE,203,19.71%,0,0%,134,30.18%,HartBe00,Ben Hartsock,car
TE,138,13.40%,0,0%,233,52.48%,BarnGa01,Gary Barnidge,car
T,945,91.75%,0,0%,61,13.74%,BellBy00,Byron Bell,car
T,1026,99.61%,0,0%,65,14.64%,GrosJo20,Jordan Gross,car
T,31,3.01%,0,0%,0,0%,BridJe20,Jeremy Bridges,car
T,608,59.03%,0,0%,53,11.94%,WillGa23,Garry Williams,car
T,34,3.30%,0,0%,9,2.03%,CampBr20,Bruce Campbell,car
G,884,85.83%,0,0%,51,11.49%,SilaAm00,Amini Silatolu,car
G,0,0%,0,0%,7,1.58%,PollMi20,Mike Pollak,car
G,125,12.14%,0,0%,12,2.70%,AustTh00,Thomas Austin,car
G,0,0%,0,0%,1,.23%,WillZa01,Zack Williams,car
C,757,73.50%,0,0%,45,10.14%,HangGe20,Geoff Hangartner,car
C,286,27.77%,0,0%,0,0%,KaliRy20,Ryan Kalil,car
C,471,45.73%,2,.19%,43,9.68%,ByerJe00,Jeff Byers,car
DE,0,0%,749,71.27%,80,18.02%,HardGr99,Greg Hardy,car
DE,0,0%,833,79.26%,81,18.24%,JohnCh98,Charles Johnson,car
DE,0,0%,552,52.52%,44,9.91%,AlexFr00,Frank Alexander,car
DE,0,0%,52,4.95%,32,7.21%,AddiMa00,Mario Addison,car
DT,0,0%,704,66.98%,84,18.92%,EdwaDw20,Dwan Edwards,car
DT,0,0%,157,14.94%,24,5.41%,KearFr00,Frank Kearse,car
DT,0,0%,132,12.56%,109,24.55%,ChanNa00,Nate Chandler,car
NT,0,0%,315,29.97%,52,11.71%,EdwaRo20,Ron Edwards,car
NT,0,0%,251,23.88%,109,24.55%,FuaxSi00,Sione Fua,car
NT,0,0%,245,23.31%,17,3.83%,NeblAn00,Andre Neblett,car
LB,0,0%,262,24.93%,25,5.63%,BeasJo99,Jon Beason,car
LB,0,0%,520,49.48%,120,27.03%,AndeJa21,James Anderson,car
LB,0,0%,921,87.63%,83,18.69%,KuecLu00,Luke Kuechly,car
LB,0,0%,100,9.51%,68,15.32%,ApplAn99,Antwan Applewhite,car
LB,0,0%,106,10.09%,11,2.48%,KeisTh00,Thomas Keiser,car
LB,0,0%,110,10.47%,250,56.31%,PhilJa99,Jason Phillips,car
LB,0,0%,0,0%,74,16.67%,OnatKe00,Kenny Onatolu,car
LB,0,0%,4,.38%,293,65.99%,SennJo00,Jordan Senn,car
LB,0,0%,10,.95%,83,18.69%,WillJa95,Jason Williams,car
LB,0,0%,778,74.02%,68,15.32%,DaviTh20,Thomas Davis,car
LB,0,0%,0,0%,146,32.88%,HoguDo01,Doug Hogue,car
CB,0,0%,280,26.64%,26,5.86%,GambCh20,Chris Gamble,car
CB,0,0%,771,73.36%,126,28.38%,NormJo01,Josh Norman,car
CB,0,0%,914,86.96%,147,33.11%,MunnCa99,Captain Munnerlyn,car
CB,0,0%,516,49.10%,212,47.75%,ThomJo01,Josh Thomas,car
CB,0,0%,158,15.03%,63,14.19%,DockJa00,James Dockery,car
SS,0,0%,985,93.72%,80,18.02%,GodfCh99,Charles Godfrey,car
SS,0,0%,245,23.31%,39,8.78%,CampD.00,D.J. Campbell,car
FS,0,0%,591,56.23%,180,40.54%,NakaHa99,Haruki Nakamura,car
FS,0,0%,22,2.09%,250,56.31%,JoneCo01,Colin Jones,car
FS,0,0%,272,25.88%,149,33.56%,MartSh99,Sherrod Martin,car
DB,0,0%,1,.10%,30,6.76%,RussAn01,Anderson Russell,car
DB,0,0%,0,0%,24,5.41%,ParkRo01,Ron Parker,car
LS,0,0%,0,0%,145,32.66%,JansJ.00,J.J. Jansen,car
K,0,0%,0,0%,67,15.09%,GanoGr44,Graham Gano,car
K,0,0%,0,0%,74,16.67%,MedlJu20,Justin Medlock,car
P,0,0%,0,0%,146,32.88%,NortBr00,Brad Nortman,car
QB,920,87.95%,0,0%,0,0%,CutlJa00,Jay Cutler,chi
QB,126,12.05%,0,0%,0,0%,CampJa00,Jason Campbell,chi
RB,693,66.25%,0,0%,0,0%,FortMa00,Matt Forte,chi
RB,64,6.12%,0,0%,31,6.84%,BellKa00,Kahlil Bell,chi
RB,248,23.71%,0,0%,0,0%,BushMi00,Michael Bush,chi
RB,49,4.68%,0,0%,195,43.05%,AlleAr00,Armando Allen,chi
FB,213,20.36%,0,0%,100,22.08%,RodrEv00,Evan Rodriguez,chi
WR,969,92.64%,1,.10%,1,.22%,MarsBr00,Brandon Marshall,chi
WR,431,41.20%,0,0%,3,.66%,JeffAl00,Alshon Jeffery,chi
WR,361,34.51%,0,0%,134,29.58%,HestDe99,Devin Hester,chi
WR,418,39.96%,0,0%,30,6.62%,BennEa00,Earl Bennett,chi
WR,129,12.33%,0,0%,307,67.77%,WeemEr00,Eric Weems,chi
WR,65,6.21%,0,0%,7,1.55%,SanzDa00,Dane Sanzenbacher,chi
WR,0,0%,0,0%,43,9.49%,AndeJo00,Joe Anderson,chi
TE,956,91.40%,0,0%,72,15.89%,DaviKe01,Kellen Davis,chi
TE,418,39.96%,0,0%,106,23.40%,SpaeMa00,Matt Spaeth,chi
TE,168,16.06%,0,0%,104,22.96%,AdamKy00,Kyle Adams,chi
T,1046,100.00%,0,0%,74,16.34%,WebbJM20,J'Marcus Webb,chi
T,915,87.48%,0,0%,26,5.74%,CariGa00,Gabe Carimi,chi
T,6,.57%,0,0%,14,3.09%,WillCh03,Chris Williams,chi
T,334,31.93%,0,0%,57,12.58%,ScotJo22,Jonathan Scott,chi
T,215,20.55%,0,0%,0,0%,BrowJa02,James Brown,chi
G,692,66.16%,0,0%,53,11.70%,LouiLa20,Lance Louis,chi
G,512,48.95%,0,0%,41,9.05%,RachCh20,Chilo Rachal,chi
C,1046,100.00%,0,0%,74,16.34%,GarzRo20,Roberto Garza,chi
C,345,32.98%,0,0%,5,1.10%,SpenCh21,Chris Spencer,chi
C,152,14.53%,0,0%,21,4.64%,WillEd02,Edwin Williams,chi
DE,0,0%,783,74.50%,56,12.36%,PeppJu99,Julius Peppers,chi
DE,0,0%,711,67.65%,130,28.70%,IdonIs20,Israel Idonije,chi
DE,0,0%,365,34.73%,15,3.31%,McClSh00,Shea McClellin,chi
DE,0,0%,573,54.52%,138,30.46%,WootCo99,Corey Wootton,chi
DE,0,0%,23,2.19%,1,.22%,OzouCh00,Cheta Ozougwu,chi
DT,0,0%,607,57.75%,42,9.27%,MeltHe99,Henry Melton,chi
DT,0,0%,229,21.79%,10,2.21%,OkoyAm99,Amobi Okoye,chi
DT,0,0%,241,22.93%,1,.22%,CollNa20,Nate Collins,chi
NT,0,0%,595,56.61%,3,.66%,PaeaSt00,Stephen Paea,chi
NT,0,0%,77,7.33%,6,1.32%,ToeaMa99,Matt Toeaina,chi
LB,0,0%,1007,95.81%,1,.22%,BrigLa99,Lance Briggs,chi
LB,0,0%,697,66.32%,191,42.16%,RoacNi99,Nick Roach,chi
LB,0,0%,138,13.13%,273,60.26%,HayeGe98,Geno Hayes,chi
LB,0,0%,716,68.13%,40,8.83%,UrlaBr00,Brian Urlacher,chi
LB,0,0%,36,3.43%,297,65.56%,CostBl20,Blake Costanzo,chi
LB,0,0%,8,.76%,336,74.17%,ThomJ.02,J.T. Thomas,chi
LB,0,0%,0,0%,84,18.54%,DeCiDo00,Dom DeCicco,chi
LB,0,0%,0,0%,12,2.65%,TrahPa00,Patrick Trahan,chi
LB,0,0%,0,0%,45,9.93%,FranJe00,Jerry Franklin,chi
CB,0,0%,886,84.30%,34,7.51%,JennTi20,Tim Jennings,chi
CB,0,0%,462,43.96%,83,18.32%,HaydKe20,Kelvin Hayden,chi
CB,0,0%,364,34.63%,101,22.30%,MoorDJ99,D.J. Moore,chi
CB,0,0%,20,1.90%,189,41.72%,BowmZa20,Zackary Bowman,chi
CB,0,0%,0,0%,197,43.49%,McMaSh99,Sherrick McManis,chi
CB,15,1.43%,921,87.63%,92,20.31%,TillCh20,Charles Tillman,chi
SS,0,0%,1028,97.81%,18,3.97%,WrigMa99,Major Wright,chi
SS,0,0%,108,10.28%,282,62.25%,StelCr99,Craig Steltz,chi
FS,0,0%,856,81.45%,48,10.60%,ContCh00,Chris Conte,chi
FS,0,0%,110,10.47%,273,60.26%,WaltAn01,Anthony Walters,chi
FS,0,0%,0,0%,4,.88%,NolaTr99,Troy Nolan,chi
LS,0,0%,0,0%,157,34.66%,MannPa20,Patrick Mannelly,chi
K,0,0%,0,0%,125,27.59%,gouldrob01,Robbie Gould,chi
K,0,0%,0,0%,31,6.84%,marexoli01,Olindo Mare,chi
P,0,0%,0,0%,161,35.54%,PodlAd20,Adam Podlesh,chi
QB,1027,97.16%,0,0%,0,0%,DaltAn00,Andy Dalton,cin
QB,30,2.84%,0,0%,0,0%,GradBr00,Bruce Gradkowski,cin
RB,652,61.68%,0,0%,2,.42%,GreeBe00,BenJarvus Green-Ellis,cin
RB,206,19.49%,0,0%,217,45.59%,LeonBr00,Brian Leonard,cin
RB,95,8.99%,0,0%,259,54.41%,PeerCe00,Cedric Peerman,cin
RB,15,1.42%,0,0%,46,9.66%,HerrDa00,Dan Herron,cin
RB,20,1.89%,0,0%,0,0%,ScotBe00,Bernard Scott,cin
FB,184,17.41%,0,0%,60,12.61%,PresCh00,Chris Pressley,cin
FB,24,2.27%,0,0%,7,1.47%,ConnJo00,John Conner,cin
WR,960,90.82%,0,0%,2,.42%,GreeA.00,A.J. Green,cin
WR,300,28.38%,0,0%,3,.63%,BinnAr00,Armon Binns,cin
WR,519,49.10%,0,0%,141,29.62%,HawkAn00,Andrew Hawkins,cin
WR,95,8.99%,0,0%,68,14.29%,WhalRy00,Ryan Whalen,cin
WR,271,25.64%,0,0%,118,24.79%,TateBr00,Brandon Tate,cin
WR,355,33.59%,0,0%,32,6.72%,JoneMa02,Marvin Jones,cin
WR,204,19.30%,0,0%,34,7.14%,SanuMo00,Mohamed Sanu,cin
TE,1003,94.89%,0,0%,80,16.81%,GresJe00,Jermaine Gresham,cin
TE,291,27.53%,0,0%,217,45.59%,CharOr00,Orson Charles,cin
T,1047,99.05%,0,0%,80,16.81%,SmitAn23,Andre Smith,cin
T,994,94.04%,0,0%,74,15.55%,WhitAn20,Andrew Whitworth,cin
T,104,9.84%,0,0%,80,16.81%,RolaDe20,Dennis Roland,cin
T,63,5.96%,0,0%,12,2.52%,CollAn21,Anthony Collins,cin
G,1056,99.91%,0,0%,80,16.81%,BoliCl00,Clint Boling,cin
G,1051,99.43%,0,0%,80,16.81%,ZeitKe00,Kevin Zeitler,cin
C,456,43.14%,0,0%,0,0%,FainJe20,Jeff Faine,cin
C,156,14.76%,0,0%,0,0%,CookKy20,Kyle Cook,cin
C,449,42.48%,0,0%,19,3.99%,RobiTr01,Trevor Robinson,cin
DE,0,0%,853,79.87%,59,12.39%,JohnMi98,Michael Johnson,cin
DE,0,0%,587,54.96%,47,9.87%,DunlCa99,Carlos Dunlap,cin
DE,0,0%,60,5.62%,27,5.67%,AndeJa98,Jamaal Anderson,cin
DE,0,0%,646,60.49%,56,11.76%,GeatRo21,Robert Geathers,cin
DE,0,0%,309,28.93%,38,7.98%,GilbWa00,Wallace Gilberry,cin
DT,0,0%,787,73.69%,5,1.05%,AtkiGe99,Geno Atkins,cin
DT,0,0%,156,14.61%,22,4.62%,StilDe00,Devon Still,cin
DT,0,0%,181,16.95%,3,.63%,SimsPa99,Pat Sims,cin
NT,0,0%,647,60.58%,147,30.88%,PekoDo20,Domata Peko,cin
NT,0,0%,22,2.06%,0,0%,ThomBr01,Brandon Thompson,cin
LB,0,0%,61,5.71%,8,1.68%,HowaTh20,Thomas Howard,cin
LB,0,0%,1025,95.97%,6,1.26%,MauaRe99,Rey Maualuga,cin
LB,0,0%,106,9.93%,385,80.88%,SkutDa00,Dan Skuta,cin
LB,0,0%,353,33.05%,162,34.03%,LawsMa20,Manny Lawson,cin
LB,0,0%,103,9.64%,168,35.29%,LamuEm00,Emmanuel Lamur,cin
LB,0,0%,886,82.96%,71,14.92%,BurfVo00,Vontaze Burfict,cin
LB,0,0%,109,10.21%,380,79.83%,ReyxVi00,Vincent Rey,cin
LB,0,0%,4,.37%,13,2.73%,MochDo00,Dontay Moch,cin
LB,0,0%,3,.28%,58,12.18%,MuckRo99,Roddrick Muckelroy,cin
CB,0,0%,883,82.68%,77,16.18%,HallLe98,Leon Hall,cin
CB,0,0%,585,54.78%,116,24.37%,ClemNa99,Nate Clements,cin
CB,0,0%,865,80.99%,34,7.14%,NewmTe20,Terence Newman,cin
CB,0,0%,3,.28%,47,9.87%,AlleJa23,Jason Allen,cin
CB,0,0%,596,55.81%,125,26.26%,JonePa20,Adam Jones,cin
CB,0,0%,42,3.93%,64,13.45%,KirkDr00,Dre Kirkpatrick,cin
SS,0,0%,121,11.33%,381,80.04%,MileJe00,Jeromy Miles,cin
SS,0,0%,244,22.85%,241,50.63%,MaysTa99,Taylor Mays,cin
SS,0,0%,599,56.09%,36,7.56%,CrocCh20,Chris Crocker,cin
FS,0,0%,891,83.43%,133,27.94%,NelsRe99,Reggie Nelson,cin
FS,0,0%,0,0%,97,20.38%,IlokGe00,George Iloka,cin
DB,0,0%,21,1.97%,29,6.09%,LewiCh01,Chris Lewis-Harris,cin
LS,0,0%,0,0%,159,33.40%,HarrCl20,Clark Harris,cin
K,0,0%,0,0%,43,9.03%,brownjos01,Josh Brown,cin
K,0,0%,0,0%,127,26.68%,nugenmik01,Mike Nugent,cin
P,0,0%,0,0%,159,33.40%,HubeKe20,Kevin Huber,cin
QB,62,6.01%,0,0%,0,0%,LewiTh01,Thaddeus Lewis,cle
QB,929,90.11%,0,0%,0,0%,WeedBr00,Brandon Weeden,cle
QB,39,3.78%,0,0%,0,0%,McCoCo00,Colt McCoy,cle
QB,1,.10%,0,0%,0,0%,JohnJo05,Josh Johnson,cle
RB,702,68.09%,0,0%,0,0%,RichTr00,Trent Richardson,cle
RB,152,14.74%,0,0%,156,33.69%,OgboCh00,Chris Ogbonnaya,cle
RB,31,3.01%,0,0%,7,1.51%,JackBr00,Brandon Jackson,cle
RB,26,2.52%,0,0%,18,3.89%,SmelBr00,Brad Smelley,cle
RB,158,15.32%,0,0%,9,1.94%,HardMo00,Montario Hardesty,cle
FB,112,10.86%,0,0%,106,22.89%,MareOw00,Owen Marecic,cle
WR,252,24.44%,0,0%,0,0%,MassMo00,Mohamed Massaquoi,cle
WR,906,87.88%,0,0%,4,.86%,LittGr00,Greg Little,cle
WR,815,79.05%,0,0%,2,.43%,GordJo02,Josh Gordon,cle
WR,76,7.37%,0,0%,1,.22%,NorwJo00,Jordan Norwood,cle
WR,61,5.92%,0,0%,336,72.57%,CribJo01,Josh Cribbs,cle
WR,299,29.00%,0,0%,16,3.46%,BenjTr00,Travis Benjamin,cle
WR,86,8.34%,0,0%,0,0%,CoopJo00,Josh Cooper,cle
TE,271,26.29%,0,0%,147,31.75%,SmitAl02,Alex Smith,cle
TE,853,82.74%,0,0%,61,13.17%,WatsBe00,Ben Watson,cle
TE,329,31.91%,0,0%,86,18.57%,CameJo00,Jordan Cameron,cle
T,1031,100.00%,0,0%,61,13.17%,SchwMi00,Mitchell Schwartz,cle
T,1031,100.00%,0,0%,61,13.17%,ThomJo28,Joe Thomas,cle
T,11,1.07%,0,0%,20,4.32%,MillRy00,Ryan Miller,cle
T,23,2.23%,0,0%,51,11.02%,CousOn00,Oniel Cousins,cle
G,1031,100.00%,0,0%,61,13.17%,LauvSh20,Shawn Lauvao,cle
G,332,32.20%,0,0%,26,5.62%,PinkJa00,Jason Pinkston,cle
C,1031,100.00%,0,0%,61,13.17%,MackAl20,Alex Mack,cle
C,691,67.02%,0,0%,41,8.86%,GrecJo20,John Greco,cle
DE,0,0%,986,84.85%,73,15.77%,SheaJa00,Jabaal Sheard,cle
DE,0,0%,594,51.12%,38,8.21%,RuckFr99,Frostee Rucker,cle
DE,0,0%,528,45.44%,11,2.38%,ThomJu20,Juqua Parker,cle
DE,0,0%,146,12.56%,39,8.42%,StepEm00,Emmanuel Stephens,cle
DE,0,0%,22,1.89%,0,0%,DaviHa21,Hall Davis,cle
DE,0,0%,15,1.29%,0,0%,SanfBr00,Brian Sanford,cle
DT,0,0%,670,57.66%,54,11.66%,RubiAh99,Ahtyba Rubin,cle
DT,0,0%,702,60.41%,69,14.90%,WinnBi00,Billy Winn,cle
DT,0,0%,263,22.63%,37,7.99%,TaylPh00,Phil Taylor,cle
DT,0,0%,514,44.23%,15,3.24%,HughJo00,John Hughes,cle
DT,0,0%,208,17.90%,1,.22%,KitcIs00,Ishmaa'ily Kitchen,cle
LB,0,0%,1120,96.39%,72,15.55%,JackDQ20,D'Qwell Jackson,cle
LB,0,0%,612,52.67%,280,60.48%,RobeCr00,Craig Robertson,cle
LB,0,0%,485,41.74%,376,81.21%,MaiaKa99,Kaluka Maiava,cle
LB,0,0%,97,8.35%,332,71.71%,FortL.00,L.J. Fort,cle
LB,0,0%,122,10.50%,22,4.75%,FujiSc20,Scott Fujita,cle
LB,0,0%,29,2.50%,296,63.93%,CardTa00,Tank Carder,cle
LB,0,0%,287,24.70%,229,49.46%,JohnJa04,James-Michael Johnson,cle
CB,0,0%,774,66.61%,105,22.68%,HadeJo99,Joe Haden,cle
CB,0,0%,403,34.68%,32,6.91%,PattDi20,Dimitri Patterson,cle
CB,0,0%,722,62.13%,275,59.40%,SkriBu00,Buster Skrine,cle
CB,0,0%,196,16.87%,97,20.95%,WadeTr00,Trevin Wade,cle
CB,0,0%,22,1.89%,372,80.35%,BadeJo00,Johnson Bademosi,cle
CB,0,0%,879,75.65%,12,2.59%,BrowSh20,Sheldon Brown,cle
SS,0,0%,981,84.42%,19,4.10%,WardT.99,T.J. Ward,cle
SS,0,0%,669,57.57%,20,4.32%,YounUs99,Usama Young,cle
FS,0,0%,352,30.29%,52,11.23%,HaggEr00,Eric Hagg,cle
FS,0,0%,16,1.38%,268,57.88%,VentRa20,Raymond Ventrone,cle
FS,0,0%,367,31.58%,105,22.68%,GipsTa00,Tashaun Gipson,cle
DB,0,0%,0,0%,10,2.16%,MillPr00,Prince Miller,cle
LS,0,0%,0,0%,152,32.83%,YounCh02,Christian Yount,cle
K,0,0%,0,0%,138,29.81%,dawsophi01,Phil Dawson,cle
P,0,0%,0,0%,152,32.83%,HodgRe20,Reggie Hodges,cle
QB,1089,99.00%,0,0%,0,0%,RomoTo00,Tony Romo,dal
QB,11,1.00%,0,0%,0,0%,OrtoKy00,Kyle Orton,dal
RB,469,42.64%,0,0%,0,0%,MurrDe00,DeMarco Murray,dal
RB,91,8.27%,0,0%,219,47.51%,DunbLa00,Lance Dunbar,dal
RB,379,34.45%,0,0%,25,5.42%,JoneFe00,Felix Jones,dal
RB,89,8.09%,0,0%,248,53.80%,TannPh00,Phillip Tanner,dal
FB,297,27.00%,0,0%,70,15.18%,VickLa00,Lawrence Vickers,dal
WR,920,83.64%,0,0%,25,5.42%,BryaDe01,Dez Bryant,dal
WR,860,78.18%,0,0%,0,0%,AustMi00,Miles Austin,dal
WR,452,41.09%,0,0%,1,.22%,OgleKe00,Kevin Ogletree,dal
WR,0,0%,0,0%,21,4.56%,ArmsAn00,Anthony Armstrong,dal
WR,16,1.45%,0,0%,92,19.96%,HolmAn00,Andre Holmes,dal
WR,257,23.36%,0,0%,258,55.97%,HarrDw00,Dwayne Harris,dal
WR,124,11.27%,0,0%,8,1.74%,BeasCo00,Cole Beasley,dal
TE,1079,98.09%,0,0%,70,15.18%,WittJa00,Jason Witten,dal
TE,332,30.18%,0,0%,236,51.19%,PhilJo00,John Phillips,dal
TE,105,9.55%,0,0%,275,59.65%,HannJa00,James Hanna,dal
T,1021,92.82%,0,0%,68,14.75%,FreeDo20,Doug Free,dal
T,949,86.27%,0,0%,48,10.41%,SmitTy00,Tyron Smith,dal
T,260,23.64%,0,0%,71,15.40%,ParnJe00,Jermey Parnell,dal
G,1093,99.36%,0,0%,68,14.75%,LiviNa20,Nate Livings,dal
G,1100,100.00%,0,0%,68,14.75%,BernMa20,Mackenzy Bernadeau,dal
G,813,73.91%,0,0%,11,2.39%,CookRy20,Ryan Cook,dal
G,174,15.82%,0,0%,67,14.53%,DockDe20,Derrick Dockery,dal
C,120,10.91%,0,0%,0,0%,CostPh00,Phil Costa,dal
DT,0,0%,758,73.66%,6,1.30%,HatcJa20,Jason Hatcher,dal
DT,0,0%,317,30.81%,59,12.80%,LissSe99,Sean Lissemore,dal
DT,0,0%,164,15.94%,0,0%,ColeKe20,Kenyon Coleman,dal
DT,0,0%,384,37.32%,0,0%,SpeaMa21,Marcus Spears,dal
DT,0,0%,25,2.43%,15,3.25%,BassBe00,Ben Bass,dal
DT,0,0%,16,1.55%,13,2.82%,CallRo00,Rob Callaway,dal
DT,0,0%,296,28.77%,197,42.73%,CrawTy00,Tyrone Crawford,dal
DT,0,0%,44,4.28%,15,3.25%,SchaBr00,Brian Schaefering,dal
NT,0,0%,261,25.36%,14,3.04%,RatlJa20,Jay Ratliff,dal
NT,0,0%,309,30.03%,83,18.00%,BrenJo00,Josh Brent,dal
LB,0,0%,313,30.42%,0,0%,LeexSe99,Sean Lee,dal
LB,0,0%,847,82.31%,0,0%,SpenAn99,Anthony Spencer,dal
LB,0,0%,869,84.45%,0,0%,WareDe99,DeMarcus Ware,dal
LB,0,0%,607,58.99%,86,18.66%,CartBr00,Bruce Carter,dal
LB,0,0%,365,35.47%,100,21.69%,SimsEr20,Ernie Sims,dal
LB,0,0%,340,33.04%,207,44.90%,ConnDa99,Dan Connor,dal
LB,0,0%,16,1.55%,184,39.91%,WilbKy00,Kyle Wilber,dal
LB,0,0%,180,17.49%,337,73.10%,AlbrAl00,Alex Albright,dal
LB,0,0%,289,28.09%,137,29.72%,ButlVi99,Victor Butler,dal
LB,0,0%,25,2.43%,90,19.52%,LemoOr00,Orie Lemon,dal
LB,0,0%,54,5.25%,37,8.03%,PoppBr20,Brady Poppinga,dal
CB,0,0%,1011,98.25%,56,12.15%,CarrBr99,Brandon Carr,dal
CB,0,0%,879,85.42%,16,3.47%,ClaiMo00,Morris Claiborne,dal
CB,0,0%,326,31.68%,99,21.48%,ScanOr99,Orlando Scandrick,dal
CB,0,0%,358,34.79%,26,5.64%,JenkMi99,Mike Jenkins,dal
CB,0,0%,7,.68%,7,1.52%,ButlMa00,Mario Butler,dal
CB,0,0%,26,2.53%,32,6.94%,CoexMi99,Michael Coe,dal
CB,0,0%,98,9.52%,41,8.89%,MoorSt00,Sterling Moore,dal
SS,0,0%,103,10.01%,20,4.34%,ChurBa99,Barry Church,dal
SS,0,0%,180,17.49%,2,.43%,PeprCh20,Charlie Peprah,dal
SS,0,0%,51,4.96%,43,9.33%,SilvMa00,Mana Silva,dal
SS,0,0%,195,18.95%,237,51.41%,FramEr99,Eric Frampton,dal
FS,0,0%,639,62.10%,287,62.26%,McCrDa00,Danny McCray,dal
FS,0,0%,952,92.52%,175,37.96%,SensGe20,Gerald Sensabaugh,dal
DB,0,0%,2,.19%,31,6.72%,LewiLe01,LeQuan Lewis,dal
DB,0,0%,12,1.17%,37,8.03%,AgneVi00,Vince Agnew,dal
LS,0,0%,0,0%,138,29.93%,LadoL.20,L.P. Ladouceur,dal
K,0,0%,0,0%,152,32.97%,BailDa00,Dan Bailey,dal
P,0,0%,0,0%,28,6.07%,JoneCh02,Chris Jones,dal
P,0,0%,0,0%,110,23.86%,MoorBr24,Brian Moorman,dal
QB,1110,97.11%,0,0%,0,0%,MannPe00,Peyton Manning,den
QB,33,2.89%,0,0%,0,0%,OsweBr00,Brock Osweiler,den
RB,391,34.21%,0,0%,0,0%,McGaWi00,Willis McGahee,den
RB,142,12.42%,0,0%,256,53.89%,BallLa00,Lance Ball,den
RB,338,29.57%,0,0%,0,0%,MoreKn00,Knowshon Moreno,den
RB,208,18.20%,0,0%,1,.21%,HillRo00,Ronnie Hillman,den
FB,53,4.64%,0,0%,44,9.26%,HestJa00,Jacob Hester,den
FB,39,3.41%,0,0%,270,56.84%,GronCh00,Chris Gronkowski,den
WR,1018,89.06%,0,0%,10,2.11%,ThomDe03,Demaryius Thomas,den
WR,1047,91.60%,0,0%,11,2.32%,DeckEr00,Eric Decker,den
WR,74,6.47%,0,0%,68,14.32%,CaldAn00,Andre Caldwell,den
WR,597,52.23%,0,0%,0,0%,StokBr00,Brandon Stokley,den
WR,199,17.41%,0,0%,270,56.84%,WillMa00,Matt Willis,den
WR,7,.61%,0,0%,81,17.05%,HollTr00,Trindon Holliday,den
TE,528,46.19%,0,0%,101,21.26%,TammJa00,Jacob Tamme,den
TE,863,75.50%,0,0%,161,33.89%,DreeJo00,Joel Dreessen,den
TE,176,15.40%,0,0%,203,42.74%,GreeVi00,Virgil Green,den
TE,2,.17%,0,0%,12,2.53%,ThomJu00,Julius Thomas,den
T,1113,97.38%,0,0%,88,18.53%,CladRy20,Ryan Clady,den
T,1133,99.13%,0,0%,88,18.53%,FranOr00,Orlando Franklin,den
T,63,5.51%,0,0%,88,18.53%,ClarCh21,Chris Clark,den
G,829,72.53%,0,0%,84,17.68%,RamiMa20,Manuel Ramirez,den
G,1143,100.00%,0,0%,88,18.53%,BeadZa20,Zane Beadles,den
G,311,27.21%,0,0%,34,7.16%,KupeCh20,Chris Kuper,den
C,248,21.70%,0,0%,0,0%,WaltJ.20,J.D. Walton,den
C,888,77.69%,0,0%,18,3.79%,KoppDa20,Dan Koppen,den
C,10,.87%,0,0%,41,8.63%,DaviC.20,C.J. Davis,den
DE,0,0%,923,86.26%,7,1.47%,DumeEl20,Elvis Dumervil,den
DE,0,0%,901,84.21%,77,16.21%,WolfDe00,Derek Wolfe,den
DE,0,0%,320,29.91%,49,10.32%,AyerRo99,Robert Ayers,den
DE,0,0%,113,10.56%,21,4.42%,JackMa02,Malik Jackson,den
DT,0,0%,483,45.14%,10,2.11%,VickKe99,Kevin Vickerson,den
DT,0,0%,5,.47%,0,0%,WarrTy20,Ty Warren,den
NT,10,.87%,387,36.17%,114,24.00%,UnreMi00,Mitch Unrein,den
NT,0,0%,524,48.97%,54,11.37%,BannJu20,Justin Bannan,den
NT,0,0%,4,.37%,0,0%,SiliSe00,Sealver Siliga,den
LB,0,0%,293,27.38%,53,11.16%,MaysJo99,Joe Mays,den
LB,0,0%,962,89.91%,5,1.05%,MillVo00,Von Miller,den
LB,0,0%,877,81.96%,125,26.32%,WoodWe20,Wesley Woodyard,den
LB,0,0%,129,12.06%,4,.84%,WillD.20,D.J. Williams,den
LB,0,0%,36,3.36%,345,72.63%,IrviNa00,Nate Irving,den
LB,0,0%,0,0%,18,3.79%,MohaMi00,Mike Mohamed,den
LB,0,0%,6,.56%,209,44.00%,JohnSt02,Steven Johnson,den
LB,0,0%,453,42.34%,52,10.95%,BrooKe00,Keith Brooking,den
LB,0,0%,238,22.24%,253,53.26%,TrevDa00,Danny Trevathan,den
CB,0,0%,302,28.22%,22,4.63%,PortTr99,Tracy Porter,den
CB,0,0%,1013,94.67%,6,1.26%,BailCh00,Champ Bailey,den
CB,0,0%,904,84.49%,55,11.58%,HarrCh01,Chris Harris Jr.,den
CB,0,0%,76,7.10%,281,59.16%,BoldOm00,Omar Bolden,den
CB,0,0%,496,46.36%,236,49.68%,CartTo99,Tony Carter,den
SS,0,0%,979,91.50%,94,19.79%,AdamMi21,Mike Adams,den
SS,0,0%,25,2.34%,378,79.58%,BrutDa99,David Bruton,den
SS,0,0%,14,1.31%,57,12.00%,CartQu01,Quinton Carter,den
FS,0,0%,1044,97.57%,15,3.16%,MoorRa00,Rahim Moore,den
FS,0,0%,260,24.30%,151,31.79%,LeonJi23,Jim Leonhard,den
DB,0,0%,0,0%,15,3.16%,IhenDu00,Duke Ihenacho,den
LS,0,0%,0,0%,155,32.63%,BrewAa00,Aaron Brewer,den
K,0,0%,0,0%,186,39.16%,PratMa20,Matt Prater,den
P,0,0%,0,0%,156,32.84%,ColqBr00,Britton Colquitt,den
QB,1180,98.42%,0,0%,0,0%,StafMa00,Matthew Stafford,det
QB,19,1.58%,0,0%,0,0%,HillSh00,Shaun Hill,det
RB,529,44.12%,0,0%,0,0%,LeshMi00,Mikel Leshoure,det
RB,190,15.85%,0,0%,59,11.80%,SmitKe02,Kevin Smith,det
RB,28,2.34%,0,0%,95,19.00%,WillKe03,Keiland Williams,det
RB,26,2.17%,0,0%,250,50.00%,LogaSt00,Stefan Logan,det
RB,382,31.86%,0,0%,146,29.20%,BellJo01,Joique Bell,det
RB,14,1.17%,0,0%,7,1.40%,ChapSh00,Shaun Chapas,det
WR,218,18.18%,0,0%,0,0%,DurhKr00,Kris Durham,det
WR,1151,96.00%,0,0%,2,.40%,JohnCa00,Calvin Johnson,det
WR,356,29.69%,0,0%,0,0%,BurlNa00,Nate Burleson,det
WR,603,50.29%,0,0%,2,.40%,YounTi00,Titus Young,det
WR,5,.42%,0,0%,327,65.40%,OsgoKa00,Kassim Osgood,det
WR,278,23.19%,0,0%,6,1.20%,BroyRy00,Ryan Broyles,det
WR,223,18.60%,0,0%,9,1.80%,ThomMi01,Mike Thomas,det
WR,100,8.34%,0,0%,15,3.00%,RobiBr00,Brian Robiskie,det
TE,769,64.14%,0,0%,61,12.20%,PettBr00,Brandon Pettigrew,det
TE,522,43.54%,0,0%,21,4.20%,ScheTo00,Tony Scheffler,det
TE,410,34.20%,0,0%,180,36.00%,HellWi00,Will Heller,det
T,1064,88.74%,0,0%,55,11.00%,BackJe20,Jeff Backus,det
T,1198,99.92%,0,0%,74,14.80%,CherGo20,Gosder Cherilus,det
T,0,0%,0,0%,6,1.20%,FoxxJa20,Jason Fox,det
T,326,27.19%,0,0%,100,20.00%,ReifRi00,Riley Reiff,det
G,1199,100.00%,0,0%,74,14.80%,PeteSt20,Stephen Peterman,det
G,1199,100.00%,0,0%,68,13.60%,SimsRo20,Rob Sims,det
C,1199,100.00%,0,0%,0,0%,RaioDo20,Dominic Raiola,det
C,1,.08%,0,0%,103,20.60%,GandDy20,Dylan Gandy,det
DE,0,0%,686,66.34%,23,4.60%,AvriCl99,Cliff Avril,det
DE,0,0%,641,61.99%,4,.80%,VandKy99,Kyle Vanden Bosch,det
DE,0,0%,323,31.24%,229,45.80%,YounWi99,Willie Young,det
DE,0,0%,384,37.14%,76,15.20%,JackLa98,Lawrence Jackson,det
DE,0,0%,1,.10%,96,19.20%,LewiRo02,Ronnell Lewis,det
DT,0,0%,879,85.01%,93,18.60%,SuhxNd99,Ndamukong Suh,det
DT,0,0%,219,21.18%,22,4.40%,WillCo21,Corey Williams,det
DT,0,0%,403,38.97%,66,13.20%,HillSa99,Sammie Lee Hill,det
DT,0,0%,92,8.90%,26,5.20%,FlueAn99,Andre Fluellen,det
DT,0,0%,494,47.78%,43,8.60%,FairNi00,Nick Fairley,det
DT,0,0%,14,1.35%,0,0%,NwagOg00,Ogemdi Nwagbuo,det
DT,0,0%,1,.10%,0,0%,SaddJi20,Jimmy Saddler-McQueen,det
LB,0,0%,1023,98.94%,96,19.20%,TullSt20,Stephen Tulloch,det
LB,0,0%,699,67.60%,131,26.20%,LevyDe99,DeAndre Levy,det
LB,0,0%,851,82.30%,113,22.60%,DuraJu99,Justin Durant,det
LB,0,0%,116,11.22%,327,65.40%,PalmAs99,Ashlee Palmer,det
LB,0,0%,0,0%,278,55.60%,WhitTa00,Tahir Whitehead,det
LB,0,0%,0,0%,77,15.40%,HoguDo01,Doug Hogue,det
LB,0,0%,3,.29%,229,45.80%,LewiTr00,Travis Lewis,det
CB,0,0%,63,6.09%,12,2.40%,BartRo20,Ron Bartell,det
CB,0,0%,899,86.94%,102,20.40%,HousCh99,Chris Houston,det
CB,0,0%,575,55.61%,64,12.80%,LaceJa99,Jacob Lacey,det
CB,0,0%,165,15.96%,19,3.80%,BentBi00,Bill Bentley,det
CB,0,0%,52,5.03%,25,5.00%,SmitAl98,Alphonso Smith,det
CB,0,0%,303,29.30%,28,5.60%,FlorDr20,Drayton Florence,det
CB,0,0%,358,34.62%,143,28.60%,CareDo00,Don Carey,det
CB,0,0%,396,38.30%,99,19.80%,GreeJo03,Jonte Green,det
CB,0,0%,29,2.80%,127,25.40%,LeexPa99,Pat Lee,det
CB,0,0%,14,1.35%,23,4.60%,BarnKe99,Kevin Barnes,det
CB,0,0%,2,.19%,18,3.60%,MillJu99,Justin Miller,det
CB,0,0%,0,0%,2,.40%,MurpJe99,Jerome Murphy,det
SS,0,0%,461,44.58%,169,33.80%,ColeEr21,Erik Coleman,det
SS,0,0%,190,18.38%,77,15.40%,SpieAm99,Amari Spievey,det
SS,0,0%,22,2.13%,29,5.80%,JohnTy99,Tyrell Johnson,det
FS,0,0%,434,41.97%,38,7.60%,DelmLo99,Louis Delmas,det
FS,0,0%,167,16.15%,320,64.00%,WendJo99,John Wendling,det
DB,0,0%,414,40.04%,154,30.80%,SilvRi00,Ricardo Silva,det
LS,0,0%,0,0%,150,30.00%,MuhlDo20,Don Muhlbach,det
K,0,0%,0,0%,164,32.80%,hansojas01,Jason Hanson,det
P,0,0%,0,0%,24,4.80%,GrahBe20,Ben Graham,det
P,0,0%,0,0%,123,24.60%,HarrNi20,Nick Harris,det
QB,1071,97.10%,0,0%,0,0%,RodgAa00,Aaron Rodgers,gnb
QB,32,2.90%,0,0%,0,0%,HarrGr00,Graham Harrell,gnb
RB,199,18.04%,0,0%,1,.21%,BensCe00,Cedric Benson,gnb
RB,0,0%,0,0%,102,21.70%,SainBr00,Brandon Saine,gnb
RB,0,0%,0,0%,40,8.51%,WhitJo01,Johnny White,gnb
RB,125,11.33%,0,0%,1,.21%,StarJa00,James Starks,gnb
RB,68,6.17%,0,0%,1,.21%,HarrDu01,DuJuan Harris,gnb
RB,62,5.62%,0,0%,0,0%,GranRy00,Ryan Grant,gnb
RB,344,31.19%,0,0%,20,4.26%,GreeAl00,Alex Green,gnb
FB,374,33.91%,0,0%,107,22.77%,KuhnJo00,John Kuhn,gnb
WR,595,53.94%,0,0%,2,.43%,NelsJo00,Jordy Nelson,gnb
WR,420,38.08%,0,0%,0,0%,JennGr00,Greg Jennings,gnb
WR,1001,90.75%,0,0%,4,.85%,JoneJa04,James Jones,gnb
WR,635,57.57%,0,0%,138,29.36%,CobbRa00,Randall Cobb,gnb
WR,93,8.43%,0,0%,136,28.94%,BoykJa00,Jarrett Boykin,gnb
WR,2,.18%,0,0%,59,12.55%,RossJe01,Jeremy Ross,gnb
WR,150,13.60%,0,0%,3,.64%,DrivDo00,Donald Driver,gnb
TE,690,62.56%,0,0%,0,0%,FinlJe00,Jermichael Finley,gnb
TE,128,11.60%,0,0%,378,80.43%,TaylRy00,Ryan Taylor,gnb
TE,239,21.67%,0,0%,199,42.34%,WillD.00,D.J. Williams,gnb
TE,362,32.82%,0,0%,100,21.28%,CrabTo00,Tom Crabtree,gnb
T,1103,100.00%,0,0%,87,18.51%,NewhMa20,Marshall Newhouse,gnb
T,577,52.31%,0,0%,42,8.94%,BulaBr20,Bryan Bulaga,gnb
G,1103,100.00%,0,0%,87,18.51%,SittJo20,Josh Sitton,gnb
G,999,90.57%,0,0%,77,16.38%,LangT.20,T.J. Lang,gnb
"G,T",320,29.01%,0,0%,127,27.02%,BarcDo00,Don Barclay,gnb
G,18,1.63%,0,0%,57,12.13%,VanRGr00,Greg Van Roten,gnb
"C,G",462,41.89%,0,0%,87,18.51%,DietEv00,Evan Dietrich-Smith,gnb
C,961,87.13%,0,0%,0,0%,SatuJe55,Jeff Saturday,gnb
DE,0,0%,452,41.54%,125,26.60%,WortJe00,Jerel Worthy,gnb
DE,0,0%,260,23.90%,42,8.94%,NealMi99,Mike Neal,gnb
DE,0,0%,45,4.14%,9,1.91%,MerlPh99,Phillip Merling,gnb
DE,0,0%,225,20.68%,95,20.21%,DaniMi00,Mike Daniels,gnb
DE,0,0%,273,25.09%,73,15.53%,WilsC.98,C.J. Wilson,gnb
"DT,NT",0,0%,570,52.39%,17,3.62%,PickRy20,Ryan Pickett,gnb
DT,0,0%,15,1.38%,2,.43%,MillJo01,Jordan Miller,gnb
"DT,NT",0,0%,644,59.19%,51,10.85%,RajiBJ99,B.J. Raji,gnb
LB,0,0%,198,18.20%,16,3.40%,PerrNi00,Nick Perry,gnb
LB,0,0%,727,66.82%,7,1.49%,MattCl99,Clay Matthews,gnb
LB,0,0%,369,33.92%,9,1.91%,SmitD.00,D.J. Smith,gnb
LB,0,0%,734,67.46%,21,4.47%,HawkA.20,A.J. Hawk,gnb
LB,0,0%,766,70.40%,50,10.64%,WaldEr99,Erik Walden,gnb
LB,0,0%,115,10.57%,71,15.11%,ZombFr00,Frank Zombo,gnb
LB,0,0%,436,40.07%,206,43.83%,MoseDe00,Dezman Moses,gnb
LB,0,0%,673,61.86%,147,31.28%,JoneBr99,Brad Jones,gnb
LB,0,0%,8,.74%,269,57.23%,LattJa00,Jamari Lattimore,gnb
LB,0,0%,0,0%,349,74.26%,FranRo99,Rob Francois,gnb
LB,0,0%,0,0%,44,9.36%,MannTe00,Terrell Manning,gnb
LB,0,0%,2,.18%,0,0%,SootVi00,Vic So'oto,gnb
CB,0,0%,1073,98.62%,3,.64%,WillTr99,Tramon Williams,gnb
CB,0,0%,85,7.81%,345,73.40%,BushJa20,Jarrett Bush,gnb
CB,0,0%,586,53.86%,96,20.43%,ShieSa00,Sam Shields,gnb
CB,0,0%,311,28.58%,80,17.02%,HousDa00,Davon House,gnb
CB,0,0%,684,62.87%,133,28.30%,HaywCa00,Casey Hayward,gnb
"FS,SS",0,0%,467,42.92%,0,0%,WoodCh00,Charles Woodson,gnb
SS,0,0%,561,51.56%,206,43.83%,JennM.00,M.D. Jennings,gnb
SS,0,0%,15,1.38%,95,20.21%,RichSe00,Sean Richardson,gnb
FS,0,0%,1088,100.00%,71,15.11%,BurnMo99,Morgan Burnett,gnb
"FS,SS",0,0%,586,53.86%,178,37.87%,McMiJe00,Jerron McMillian,gnb
LS,0,0%,0,0%,164,34.89%,GoodBr99,Brett Goode,gnb
K,0,0%,0,0%,175,37.23%,CrosMa20,Mason Crosby,gnb
P,0,0%,0,0%,164,34.89%,MastTi99,Tim Masthay,gnb
QB,1104,97.96%,0,0%,0,0%,SchaMa00,Matt Schaub,htx
QB,23,2.04%,0,0%,0,0%,YateT.00,T.J. Yates,htx
RB,830,73.65%,0,0%,0,0%,FostAr00,Arian Foster,htx
RB,143,12.69%,0,0%,0,0%,TateBe00,Ben Tate,htx
RB,0,0%,0,0%,63,12.63%,GrimJo01,Jonathan Grimes,htx
RB,121,10.74%,0,0%,72,14.43%,ForsJu00,Justin Forsett,htx
"FB,TE",601,53.33%,0,0%,169,33.87%,CaseJa00,James Casey,htx
FB,31,2.75%,0,0%,149,29.86%,ClutTy00,Tyler Clutts,htx
WR,976,86.60%,0,0%,0,0%,JohnAn02,Andre Johnson,htx
WR,819,72.67%,0,0%,5,1.00%,WaltKe00,Kevin Walter,htx
WR,160,14.20%,0,0%,115,23.05%,PoseDe00,DeVier Posey,htx
WR,176,15.62%,0,0%,79,15.83%,JeanLe01,Lestar Jean,htx
WR,264,23.43%,0,0%,119,23.85%,MartKe01,Keshawn Martin,htx
WR,0,0%,0,0%,55,11.02%,HollTr00,Trindon Holliday,htx
TE,863,76.57%,0,0%,72,14.43%,DaniOw00,Owen Daniels,htx
TE,613,54.39%,0,0%,85,17.03%,GrahGa00,Garrett Graham,htx
T,1108,98.31%,0,0%,83,16.63%,BrowDu20,Duane Brown,htx
T,755,66.99%,0,0%,70,14.03%,NewtDe00,Derek Newton,htx
T,411,36.47%,0,0%,83,16.63%,HarrRy20,Ryan Harris,htx
T,14,1.24%,0,0%,9,1.80%,GardAn20,Andrew Gardner,htx
G,346,30.70%,0,0%,47,9.42%,CaldAn20,Antoine Caldwell,htx
G,1113,98.76%,0,0%,79,15.83%,SmitWa21,Wade Smith,htx
G,110,9.76%,0,0%,50,10.02%,BrooBr00,Brandon Brooks,htx
C,1127,100.00%,0,0%,0,0%,MyerCh20,Chris Myers,htx
C,689,61.14%,0,0%,93,18.64%,JoneBe01,Ben Jones,htx
DE,0,0%,937,88.06%,66,13.23%,WattJ.00,J.J. Watt,htx
DE,0,0%,797,74.91%,61,12.22%,SmitAn22,Antonio Smith,htx
DE,0,0%,85,7.99%,21,4.21%,JamiTi99,Tim Jamison,htx
DE,0,0%,217,20.39%,95,19.04%,CricJa00,Jared Crick,htx
DT,0,0%,10,.94%,0,0%,McClTe00,Terrell McClain,htx
NT,0,0%,398,37.41%,65,13.03%,MitcEa99,Earl Mitchell,htx
NT,0,0%,256,24.06%,49,9.82%,CodySh20,Shaun Cody,htx
LB,0,0%,998,93.80%,145,29.06%,BarwCo99,Connor Barwin,htx
LB,0,0%,246,23.12%,14,2.81%,CushBr99,Brian Cushing,htx
LB,0,0%,585,54.98%,44,8.82%,ReedBr00,Brooks Reed,htx
LB,0,0%,280,26.32%,20,4.01%,SharDa01,Darryl Sharpton,htx
LB,0,0%,638,59.96%,64,12.83%,JameBr20,Bradie James,htx
LB,0,0%,496,46.62%,209,41.88%,MercWh00,Whitney Mercilus,htx
LB,0,0%,22,2.07%,357,71.54%,NadiJe00,Jesse Nading,htx
LB,0,0%,61,5.73%,310,62.12%,BramBr00,Bryan Braman,htx
LB,0,0%,96,9.02%,160,32.06%,RuudBa20,Barrett Ruud,htx
LB,0,0%,16,1.50%,122,24.45%,AlexMi01,Mister Alexander,htx
LB,0,0%,389,36.56%,119,23.85%,DobbTi20,Tim Dobbins,htx
CB,0,0%,1010,94.92%,62,12.42%,JackKa99,Kareem Jackson,htx
CB,0,0%,826,77.63%,6,1.20%,JoseJo20,Johnathan Joseph,htx
CB,0,0%,450,42.29%,181,36.27%,McCaBr99,Brice McCain,htx
CB,0,0%,98,9.21%,226,45.29%,BallAl99,Alan Ball,htx
CB,0,0%,2,.19%,34,6.81%,RoutSt20,Stanford Routt,htx
CB,0,0%,42,3.95%,90,18.04%,CarmRo00,Roc Carmichael,htx
CB,0,0%,176,16.54%,88,17.64%,HarrBr00,Brandon Harris,htx
SS,0,0%,1027,96.52%,144,28.86%,QuinGl99,Glover Quin,htx
"FS,SS",0,0%,1047,98.40%,94,18.84%,MannDa21,Danieal Manning,htx
FS,0,0%,347,32.61%,166,33.27%,DempQu99,Quintin Demps,htx
FS,0,0%,102,9.59%,78,15.63%,NolaTr99,Troy Nolan,htx
FS,0,0%,48,4.51%,344,68.94%,KeoxSh00,Shiloh Keo,htx
DB,0,0%,3,.28%,34,6.81%,PleaEd00,Eddie Pleasant,htx
LS,0,0%,0,0%,172,34.47%,WeekJo00,Jon Weeks,htx
K,0,0%,0,0%,174,34.87%,grahasha01,Shayne Graham,htx
P,0,0%,0,0%,173,34.67%,JoneDo21,Donnie Jones,htx
QB,1169,100.00%,0,0%,0,0%,LuckAn00,Andrew Luck,clt
RB,299,25.58%,0,0%,0,0%,BrowDo00,Donald Brown,clt
RB,128,10.95%,0,0%,99,21.02%,MoorMe00,Mewelde Moore,clt
RB,579,49.53%,0,0%,39,8.28%,BallVi00,Vick Ballard,clt
RB,28,2.40%,0,0%,37,7.86%,HughRo00,Robert Hughes,clt
RB,0,0%,0,0%,20,4.25%,KariDe00,Deji Karim,clt
RB,64,5.47%,0,0%,135,28.66%,CartDe01,Delone Carter,clt
WR,1025,87.68%,0,0%,1,.21%,AverDo00,Donnie Avery,clt
WR,1079,92.30%,0,0%,0,0%,WaynRe00,Reggie Wayne,clt
WR,94,8.04%,0,0%,2,.42%,AdamKr00,Kris Adams,clt
WR,206,17.62%,0,0%,181,38.43%,BrazLa00,LaVon Brazill,clt
WR,673,57.57%,0,0%,82,17.41%,HiltT.00,T.Y. Hilton,clt
WR,14,1.20%,0,0%,0,0%,CollAu00,Austin Collie,clt
WR,16,1.37%,0,0%,53,11.25%,PalmNa00,Nathan Palmer,clt
TE,451,38.58%,0,0%,30,6.37%,FleeCo00,Coby Fleener,clt
TE,907,77.59%,0,0%,176,37.37%,AlleDw00,Dwayne Allen,clt
TE,33,2.82%,0,0%,48,10.19%,JoneDo01,Dominique Jones,clt
TE,169,14.46%,0,0%,109,23.14%,SaunWe00,Weslye Saunders,clt
TE,3,.26%,0,0%,0,0%,MillKy00,Kyle Miller,clt
T,1169,100.00%,0,0%,70,14.86%,CastAn00,Anthony Castonzo,clt
"G,T",771,65.95%,0,0%,68,14.44%,LinkJe20,Jeff Linkenbach,clt
T,779,66.64%,0,0%,26,5.52%,JustWi20,Winston Justice,clt
T,60,5.13%,0,0%,44,9.34%,SoweBr00,Bradley Sowell,clt
T,21,1.80%,0,0%,4,.85%,HillTo21,Tony Hills,clt
G,283,24.21%,0,0%,27,5.73%,OlseSe20,Seth Olsen,clt
G,1168,99.91%,0,0%,70,14.86%,McGlMi20,Mike McGlynn,clt
G,89,7.61%,0,0%,9,1.91%,EsseTr20,Trai Essex,clt
G,475,40.63%,0,0%,32,6.79%,ReitJo00,Joe Reitz,clt
C,632,54.06%,0,0%,4,.85%,SateSa20,Samson Satele,clt
C,466,39.86%,0,0%,89,18.90%,ShipA.20,A.Q. Shipley,clt
"DE,DT",0,0%,584,55.36%,10,2.12%,ReddCo20,Cory Redding,clt
DE,0,0%,42,3.98%,64,13.59%,AddiMa00,Mario Addison,clt
DE,0,0%,477,45.21%,115,24.42%,MathRi99,Ricardo Mathews,clt
DE,0,0%,141,13.36%,63,13.38%,GeatCl99,Clifton Geathers,clt
DE,0,0%,184,17.44%,64,13.59%,GuyxLa00,Lawrence Guy,clt
"DE,DT",0,0%,312,29.57%,39,8.28%,MoalFi99,Fili Moala,clt
DT,0,0%,259,24.55%,42,8.92%,NeviDr00,Drake Nevis,clt
DT,0,0%,56,5.31%,16,3.40%,HearKe00,Kellen Heard,clt
DT,0,0%,15,1.42%,0,0%,DixoAn99,Antonio Dixon,clt
"DT,NT",0,0%,446,42.27%,74,15.71%,JohnAn03,Antonio Johnson,clt
NT,0,0%,220,20.85%,45,9.55%,TevaMa00,Martin Tevaseu,clt
LB,0,0%,1041,98.67%,39,8.28%,FreeJe00,Jerrell Freeman,clt
LB,0,0%,627,59.43%,12,2.55%,MathRo20,Robert Mathis,clt
"DE,LB",0,0%,595,56.40%,270,57.32%,HughJe99,Jerry Hughes,clt
LB,0,0%,324,30.71%,99,21.02%,ConnKa99,Kavell Conner,clt
LB,0,0%,379,35.92%,227,48.20%,FokoMo99,Moise Fokou,clt
LB,0,0%,173,16.40%,271,57.54%,HickJu00,Justin Hickman,clt
LB,0,0%,20,1.90%,80,16.99%,WestJa99,Jamaal Westerman,clt
LB,9,.77%,24,2.27%,242,51.38%,HarvMa00,Mario Harvey,clt
LB,0,0%,299,28.34%,3,.64%,AngePa99,Pat Angerer,clt
LB,0,0%,0,0%,11,2.34%,BrowJe01,Jerry Brown,clt
LB,0,0%,699,66.26%,20,4.25%,FreeDw00,Dwight Freeney,clt
CB,0,0%,591,56.02%,22,4.67%,DaviVo99,Vontae Davis,clt
CB,0,0%,505,47.87%,12,2.55%,PoweJe99,Jerraud Powers,clt
CB,0,0%,69,6.54%,29,6.16%,KingJu99,Justin King,clt
CB,0,0%,371,35.17%,98,20.81%,ButlDa99,Darius Butler,clt
CB,0,0%,817,77.44%,154,32.70%,VaugCa00,Cassius Vaughn,clt
CB,0,0%,210,19.91%,163,34.61%,GordJo01,Josh Gordy,clt
"CB,DB",0,0%,1,.09%,71,15.07%,WillTe00,Teddy Williams,clt
SS,0,0%,681,64.55%,110,23.35%,ZbikTo99,Tom Zbikowski,clt
"FS,SS",0,0%,34,3.22%,379,80.47%,BrowSe00,Sergio Brown,clt
"FS,SS",0,0%,1049,99.43%,22,4.67%,BethAn20,Antoine Bethea,clt
"FS,SS",0,0%,343,32.51%,316,67.09%,LefeJo00,Joe Lefeged,clt
FS,0,0%,0,0%,93,19.75%,HoweDe00,Delano Howell,clt
DB,0,0%,16,1.52%,3,.64%,GreeMa01,Marshay Green,clt
LS,0,0%,0,0%,147,31.21%,OverMa00,Matt Overton,clt
K,0,0%,0,0%,70,14.86%,vinatada01,Adam Vinatieri,clt
P,0,0%,0,0%,226,47.98%,McAfPa44,Pat McAfee,clt
QB,516,48.54%,0,0%,0,0%,GabbBl00,Blaine Gabbert,jax
QB,546,51.36%,0,0%,0,0%,HennCh01,Chad Henne,jax
RB,240,22.58%,0,0%,2,.43%,DrewMa00,Maurice Jones-Drew,jax
RB,69,6.49%,0,0%,63,13.43%,MurpRi00,Richard Murphy,jax
RB,7,.66%,0,0%,13,2.77%,TodmJo00,Jordan Todman,jax
RB,331,31.14%,0,0%,31,6.61%,JennRa00,Rashad Jennings,jax
RB,48,4.52%,0,0%,56,11.94%,TaufWi00,Will Ta'ufo'ou,jax
RB,154,14.49%,0,0%,133,28.36%,ParmJa00,Jalen Parmele,jax
RB,49,4.61%,0,0%,58,12.37%,TostKe00,Keith Toston,jax
FB,239,22.48%,0,0%,49,10.45%,JoneGr01,Greg Jones,jax
FB,234,22.01%,0,0%,178,37.95%,OwenMo01,Montell Owens,jax
WR,965,90.78%,0,0%,2,.43%,BlacJu00,Justin Blackmon,jax
WR,264,24.84%,0,0%,0,0%,RobiLa01,Laurent Robinson,jax
WR,233,21.92%,0,0%,24,5.12%,ThomMi01,Mike Thomas,jax
WR,220,20.70%,0,0%,222,47.33%,ElliKe02,Kevin Elliott,jax
WR,114,10.72%,0,0%,3,.64%,ClemTo00,Toney Clemons,jax
WR,13,1.22%,0,0%,12,2.56%,BrowMi00,Mike Brown,jax
WR,91,8.56%,0,0%,43,9.17%,SpurMi00,Micheal Spurlock,jax
WR,656,61.71%,0,0%,2,.43%,ShorCe00,Cecil Shorts,jax
WR,253,23.80%,0,0%,22,4.69%,ShipJo00,Jordan Shipley,jax
WR,1,.09%,0,0%,22,4.69%,CosbQu00,Quan Cosby,jax
WR,4,.38%,0,0%,7,1.49%,JackJe00,Jerrell Jackson,jax
TE,832,78.27%,0,0%,33,7.04%,LewiMa00,Marcedes Lewis,jax
TE,196,18.44%,0,0%,173,36.89%,PottZa99,Zach Potter,jax
TE,9,.85%,0,0%,36,7.68%,StanIs00,Isaiah Stanback,jax
TE,22,2.07%,0,0%,132,28.14%,StovMa00,Maurice Stovall,jax
TE,0,0%,0,0%,11,2.35%,ClohCo00,Colin Cloherty,jax
TE,0,0%,0,0%,6,1.28%,SpacSt00,Stephen Spach,jax
T,1063,100.00%,0,0%,47,10.02%,MonrEu20,Eugene Monroe,jax
T,383,36.03%,0,0%,7,1.49%,WhimGu20,Guy Whimper,jax
T,43,4.05%,0,0%,1,.21%,TaylHe21,Herbert Taylor,jax
T,751,70.65%,0,0%,13,2.77%,BradCa00,Cameron Bradfield,jax
T,0,0%,0,0%,4,.85%,BaldDa20,Daniel Baldridge,jax
G,927,87.21%,0,0%,43,9.17%,NwanUc20,Uche Nwaneri,jax
G,216,20.32%,0,0%,7,1.49%,PaszAu00,Austin Pasztor,jax
G,268,25.21%,0,0%,31,6.61%,BritEb20,Eben Britton,jax
G,0,0%,0,0%,2,.43%,AspeMa00,Mark Asper,jax
C,1063,100.00%,0,0%,47,10.02%,MeesBr20,Brad Meester,jax
C,548,51.55%,0,0%,35,7.46%,BrewMi00,Mike Brewster,jax
C,124,11.67%,0,0%,0,0%,VallSt00,Steve Vallos,jax
DE,0,0%,953,83.67%,106,22.60%,MincJe99,Jeremy Mincey,jax
DE,0,0%,411,36.08%,133,28.36%,BranAn00,Andre Branch,jax
DE,0,0%,220,19.32%,22,4.69%,BabiJa20,Jason Babin,jax
DE,0,0%,39,3.42%,86,18.34%,MorgAa00,Aaron Morgan,jax
DE,0,0%,237,20.81%,63,13.43%,SelvGe99,George Selvie,jax
DE,0,0%,17,1.49%,1,.21%,DaviRy00,Ryan Davis,jax
DE,0,0%,372,32.66%,12,2.56%,LaneAu99,Austen Lane,jax
DE,0,0%,98,8.60%,14,2.99%,ChicJo00,John Chick,jax
DT,0,0%,835,73.31%,92,19.62%,AluaTy99,Tyson Alualu,jax
DT,0,0%,655,57.51%,94,20.04%,KnigTe99,Terrance Knighton,jax
DT,0,0%,614,53.91%,95,20.26%,MoslC.20,C.J. Mosley,jax
DT,0,0%,99,8.69%,70,14.93%,SmitDA99,D'Anthony Smith,jax
DT,0,0%,33,2.90%,30,6.40%,PendJe00,Jeris Pendleton,jax
LB,0,0%,1125,98.77%,107,22.81%,PoluPa99,Paul Posluszny,jax
LB,0,0%,116,10.18%,2,.43%,SmitDa24,Daryl Smith,jax
LB,0,0%,996,87.45%,173,36.89%,AlleRu00,Russell Allen,jax
LB,0,0%,250,21.95%,272,58.00%,BoswKy00,Kyle Bosworth,jax
LB,0,0%,350,30.73%,291,62.05%,StanJu00,Julian Stanford,jax
LB,0,0%,0,0%,100,21.32%,MarsBr01,Brandon Marshall,jax
LB,0,0%,0,0%,8,1.71%,JoneGr02,Greg Jones,jax
CB,0,0%,670,58.82%,78,16.63%,RossAa99,Aaron Ross,jax
CB,0,0%,196,17.21%,67,14.29%,MiddWi98,William Middleton,jax
CB,0,0%,764,67.08%,15,3.20%,CoxxDe99,Derek Cox,jax
CB,0,0%,103,9.04%,116,24.73%,RutlKe00,Kevin Rutland,jax
CB,0,0%,476,41.79%,19,4.05%,MathRa99,Rashean Mathis,jax
CB,0,0%,529,46.44%,123,26.23%,HarrMi00,Mike Harris,jax
CB,0,0%,0,0%,13,2.77%,MoldAn99,Antwaun Molden,jax
SS,0,0%,1137,99.82%,106,22.60%,LandDa21,Dawan Landry,jax
SS,0,0%,15,1.32%,94,20.04%,HarrCh20,Chris Harris,jax
SS,0,0%,2,.18%,363,77.40%,BlakAn00,Antwon Blake,jax
FS,0,0%,545,47.85%,32,6.82%,LoweDw99,Dwight Lowery,jax
FS,0,0%,673,59.09%,300,63.97%,ProsCh00,Chris Prosinski,jax
LS,0,0%,0,0%,139,29.64%,CainJe20,Jeremy Cain,jax
K,0,0%,0,0%,118,25.16%,scobejos01,Josh Scobee,jax
P,0,0%,0,0%,139,29.64%,AngeBr00,Bryan Anger,jax
QB,578,54.94%,0,0%,0,0%,CassMa00,Matt Cassel,kan
QB,474,45.06%,0,0%,0,0%,QuinBr00,Brady Quinn,kan
RB,120,11.41%,0,0%,78,17.26%,DiMaPa00,Patrick DiMarco,kan
RB,239,22.72%,0,0%,263,58.19%,DrauSh00,Shaun Draughn,kan
RB,577,54.85%,0,0%,0,0%,CharJa00,Jamaal Charles,kan
RB,30,2.85%,0,0%,90,19.91%,GrayCy00,Cyrus Gray,kan
RB,210,19.96%,0,0%,7,1.55%,HillPe00,Peyton Hillis,kan
RB,136,12.93%,0,0%,122,26.99%,EachNa00,Nate Eachus,kan
WR,738,70.15%,0,0%,0,0%,BoweDw00,Dwayne Bowe,kan
WR,574,54.56%,0,0%,4,.88%,McClDe00,Dexter McCluster,kan
WR,257,24.43%,0,0%,3,.66%,BreaSt00,Steve Breaston,kan
WR,542,51.52%,0,0%,0,0%,BaldJo00,Jonathan Baldwin,kan
WR,0,0%,0,0%,20,4.42%,HemiJu00,Junior Hemingway,kan
WR,149,14.16%,0,0%,278,61.50%,CoppTe00,Terrance Copper,kan
WR,0,0%,0,0%,43,9.51%,BellJo02,Josh Bellamy,kan
WR,191,18.16%,0,0%,6,1.33%,NewsJa00,Jamar Newsome,kan
WR,78,7.41%,0,0%,47,10.40%,WyliDe00,Devon Wylie,kan
TE,908,86.31%,0,0%,0,0%,MoeaTo00,Tony Moeaki,kan
TE,49,4.66%,0,0%,5,1.11%,BossKe00,Kevin Boss,kan
TE,395,37.55%,0,0%,2,.44%,ManeSt00,Steve Maneri,kan
TE,33,3.14%,0,0%,96,21.24%,OConJa00,Jake O'Connell,kan
T,1052,100.00%,0,0%,52,11.50%,WinsEr20,Eric Winston,kan
T,705,67.02%,0,0%,47,10.40%,AlbeBr20,Branden Albert,kan
T,363,34.51%,0,0%,112,24.78%,StepDo00,Donald Stephenson,kan
G,990,94.11%,0,0%,50,11.06%,AsamJo20,Jon Asamoah,kan
G,991,94.20%,0,0%,50,11.06%,LiljRy20,Ryan Lilja,kan
G,815,77.47%,0,0%,57,12.61%,AlleJe01,Jeff Allen,kan
G,115,10.93%,0,0%,33,7.30%,HochRu20,Russ Hochstein,kan
C,183,17.40%,0,0%,10,2.21%,HudsRo00,Rodney Hudson,kan
C,79,7.51%,0,0%,23,5.09%,MattBr20,Bryan Mattison,kan
DE,0,0%,112,11.22%,18,3.98%,DorsGl99,Glenn Dorsey,kan
DE,0,0%,595,59.62%,88,19.47%,JackTy98,Tyson Jackson,kan
DE,0,0%,164,16.43%,109,24.12%,BailAl00,Allen Bailey,kan
DE,0,0%,494,49.50%,37,8.19%,PitoRo00,Ropati Pitoitua,kan
DT,1,.10%,131,13.13%,11,2.43%,SmitSh20,Shaun Smith,kan
NT,0,0%,743,74.45%,80,17.70%,PoexDo00,Dontari Poe,kan
NT,0,0%,125,12.53%,20,4.42%,PoweJe00,Jerrell Powe,kan
NT,0,0%,135,13.53%,50,11.06%,ToriAn20,Anthony Toribio,kan
LB,0,0%,963,96.49%,80,17.70%,JohnDe25,Derrick Johnson,kan
LB,0,0%,993,99.50%,102,22.57%,HousJu00,Justin Houston,kan
LB,0,0%,919,92.08%,0,0%,HaliTa20,Tamba Hali,kan
LB,0,0%,58,5.81%,394,87.17%,StudAn99,Andy Studebaker,kan
LB,0,0%,46,4.61%,316,69.91%,JoneEd22,Edgar Jones,kan
LB,0,0%,332,33.27%,127,28.10%,BelcJo00,Jovan Belcher,kan
LB,0,0%,0,0%,44,9.73%,WillLe20,Leon Williams,kan
LB,0,0%,1,.10%,16,3.54%,ShefCa99,Cameron Sheffield,kan
LB,0,0%,51,5.11%,318,70.35%,GreeCo01,Cory Greenwood,kan
LB,0,0%,174,17.43%,246,54.42%,SileBr99,Brandon Siler,kan
LB,0,0%,0,0%,45,9.96%,KehlBr99,Bryan Kehl,kan
CB,0,0%,55,5.51%,21,4.65%,ReevJa20,Jacques Reeves,kan
CB,0,0%,404,40.48%,39,8.63%,RoutSt20,Stanford Routt,kan
CB,0,0%,864,86.57%,0,0%,FlowBr99,Brandon Flowers,kan
CB,0,0%,710,71.14%,123,27.21%,ArenJa99,Javier Arenas,kan
CB,0,0%,364,36.47%,211,46.68%,BrowJa00,Jalil Brown,kan
SS,0,0%,993,99.50%,74,16.37%,BerrEr99,Eric Berry,kan
SS,0,0%,451,45.19%,152,33.63%,ElamAb20,Abram Elam,kan
FS,0,0%,551,55.21%,5,1.11%,LewiKe00,Kendrick Lewis,kan
FS,0,0%,284,28.46%,62,13.72%,DaniTr20,Travis Daniels,kan
FS,0,0%,237,23.75%,158,34.96%,HartTy00,Tysyn Hartman,kan
DB,0,0%,30,3.01%,143,31.64%,ThorNe00,Neiko Thorpe,kan
LS,0,0%,0,0%,136,30.09%,GaffTh20,Thomas Gafford,kan
K,0,0%,0,0%,111,24.56%,SuccRy44,Ryan Succop,kan
P,0,0%,0,0%,136,30.09%,ColqDu20,Dustin Colquitt,kan
QB,953,88.24%,0,0%,0,0%,PalmCa00,Carson Palmer,rai
QB,60,5.56%,0,0%,0,0%,LeinMa00,Matt Leinart,rai
QB,70,6.48%,0,0%,0,0%,PryoTe00,Terrelle Pryor,rai
RB,592,54.81%,0,0%,0,0%,McFaDa00,Darren McFadden,rai
RB,66,6.11%,0,0%,44,9.21%,StewJe00,Jeremy Stewart,rai
RB,143,13.24%,0,0%,167,34.94%,GoodMi00,Mike Goodson,rai
RB,12,1.11%,0,0%,37,7.74%,OlawJa00,Jamize Olawale,rai
RB,18,1.67%,0,0%,174,36.40%,JoneTa00,Taiwan Jones,rai
FB,657,60.83%,0,0%,96,20.08%,ReecMa00,Marcel Reece,rai
FB,89,8.24%,0,0%,186,38.91%,SchmOw00,Owen Schmitt,rai
WR,581,53.80%,0,0%,8,1.67%,StreRo00,Rod Streater,rai
WR,806,74.63%,0,0%,0,0%,HeywDa00,Darrius Heyward-Bey,rai
WR,794,73.52%,0,0%,19,3.97%,MoorDe02,Denarius Moore,rai
WR,248,22.96%,0,0%,65,13.60%,HagaDe00,Derek Hagan,rai
WR,164,15.19%,0,0%,19,3.97%,CrinJu00,Juron Criner,rai
TE,1008,93.33%,0,0%,112,23.43%,MyerBr00,Brandon Myers,rai
TE,75,6.94%,0,0%,248,51.88%,GordRi00,Richard Gordon,rai
TE,98,9.07%,0,0%,355,74.27%,AusbDa00,David Ausberry,rai
T,1079,99.91%,0,0%,60,12.55%,VeldJa20,Jared Veldheer,rai
T,558,51.67%,0,0%,22,4.60%,BarnKh20,Khalif Barnes,rai
T,505,46.76%,0,0%,39,8.16%,SmitWi00,Willie Smith,rai
G,1077,99.72%,0,0%,60,12.55%,CarlCo20,Cooper Carlisle,rai
G,962,89.07%,0,0%,54,11.30%,BrisMi20,Mike Brisiel,rai
G,26,2.41%,0,0%,2,.42%,NixxLu00,Lucas Nix,rai
G,111,10.28%,0,0%,6,1.26%,BergTo00,Tony Bergstrom,rai
C,120,11.11%,0,0%,60,12.55%,ParsAl00,Alex Parsons,rai
C,1008,93.33%,0,0%,56,11.72%,WisnSt01,Stefen Wisniewski,rai
DE,0,0%,668,64.79%,71,14.85%,ShauMa99,Matt Shaughnessy,rai
DE,0,0%,857,83.12%,83,17.36%,HousLa99,Lamarr Houston,rai
DE,0,0%,199,19.30%,224,46.86%,TollDa99,Dave Tollefson,rai
DE,0,0%,316,30.65%,21,4.39%,CartAn20,Andre Carter,rai
DE,0,0%,49,4.75%,5,1.05%,CrawJa00,Jack Crawford,rai
DE,0,0%,18,1.75%,16,3.35%,IhenCa00,Carl Ihenacho,rai
DT,0,0%,348,33.75%,39,8.16%,SeymRi00,Richard Seymour,rai
DT,0,0%,631,61.20%,55,11.51%,BryaDe00,Desmond Bryant,rai
NT,0,0%,758,73.52%,79,16.53%,KellTo21,Tommy Kelly,rai
NT,0,0%,243,23.57%,17,3.56%,BiluCh00,Christo Bilukidi,rai
LB,0,0%,1016,98.55%,107,22.38%,WheePh99,Philip Wheeler,rai
LB,0,0%,496,48.11%,72,15.06%,McClRo00,Rolando McClain,rai
LB,0,0%,869,84.29%,179,37.45%,BurrMi00,Miles Burris,rai
LB,0,0%,18,1.75%,19,3.97%,CurrAa99,Aaron Curry,rai
LB,0,0%,144,13.97%,84,17.57%,GaitOm20,Omar Gaither,rai
LB,0,0%,0,0%,262,54.81%,ClayKe99,Keenan Clayton,rai
LB,0,0%,13,1.26%,135,28.24%,GoetTr99,Travis Goethel,rai
LB,0,0%,0,0%,25,5.23%,SootVi00,Vic So'oto,rai
LB,0,0%,0,0%,77,16.11%,BurnKa00,Kaelin Burnett,rai
CB,0,0%,111,10.77%,10,2.09%,SpenSh20,Shawntae Spencer,rai
CB,0,0%,398,38.60%,86,17.99%,LeexPa99,Pat Lee,rai
CB,0,0%,350,33.95%,37,7.74%,BartRo20,Ron Bartell,rai
CB,0,0%,10,.97%,230,48.12%,FranCo99,Coye Francies,rai
CB,0,0%,175,16.97%,169,35.36%,AdamPh00,Phillip Adams,rai
CB,0,0%,12,1.16%,41,8.58%,ChekCh00,Chimdi Chekwa,rai
CB,0,0%,175,16.97%,158,33.05%,RossBr00,Brandian Ross,rai
CB,0,0%,553,53.64%,53,11.09%,HansJo20,Joselio Hanson,rai
SS,0,0%,835,80.99%,84,17.57%,BranTy99,Tyvon Branch,rai
SS,0,0%,331,32.10%,235,49.16%,MitcMi99,Mike Mitchell,rai
FS,0,0%,946,91.76%,93,19.46%,HuffMi20,Michael Huff,rai
FS,0,0%,802,77.79%,163,34.10%,GiorMa20,Matt Giordano,rai
DB,0,0%,0,0%,11,2.30%,NelmCo00,Cory Nelms,rai
LS,0,0%,0,0%,144,30.13%,CondJo20,Jon Condo,rai
K,0,0%,0,0%,133,27.82%,janikseb01,Sebastian Janikowski,rai
P,0,0%,0,0%,149,31.17%,LechSh20,Shane Lechler,rai
QB,1025,100.00%,0,0%,0,0%,RivePh00,Philip Rivers,sdg
RB,403,39.32%,0,0%,0,0%,MathRy00,Ryan Mathews,sdg
RB,107,10.44%,0,0%,71,15.60%,BrinCu00,Curtis Brinkley,sdg
RB,355,34.63%,0,0%,0,0%,BrowRo05,Ronnie Brown,sdg
RB,159,15.51%,0,0%,266,58.46%,BattJa00,Jackie Battle,sdg
FB,333,32.49%,0,0%,77,16.92%,McClLe00,Le'Ron McClain,sdg
WR,846,82.54%,0,0%,8,1.76%,FloyMa00,Malcom Floyd,sdg
WR,400,39.02%,0,0%,0,0%,MeacRo00,Robert Meachem,sdg
WR,273,26.63%,0,0%,25,5.49%,RoyaEd00,Eddie Royal,sdg
WR,72,7.02%,0,0%,30,6.59%,AjirSe00,Seyi Ajirotutu,sdg
WR,8,.78%,0,0%,87,19.12%,GoodRi00,Richard Goodman,sdg
WR,107,10.44%,0,0%,95,20.88%,SpurMi00,Micheal Spurlock,sdg
WR,480,46.83%,0,0%,0,0%,AlexDa00,Danario Alexander,sdg
TE,860,83.90%,0,0%,0,0%,GateAn00,Antonio Gates,sdg
TE,486,47.41%,0,0%,230,50.55%,McMiRa01,Randy McMichael,sdg
TE,190,18.54%,0,0%,276,60.66%,RosaDa00,Dante Rosario,sdg
TE,36,3.51%,0,0%,10,2.20%,GreeLa00,Ladarius Green,sdg
T,243,23.71%,0,0%,0,0%,GaitJa20,Jared Gaither,sdg
T,833,81.27%,0,0%,60,13.19%,ClarJe20,Jeromey Clary,sdg
T,584,56.98%,0,0%,61,13.41%,HarrMi01,Mike Harris,sdg
T,0,0%,0,0%,7,1.54%,SchiSt00,Stephen Schilling,sdg
G,112,10.93%,0,0%,6,1.32%,WellRe20,Reggie Wells,sdg
G,278,27.12%,0,0%,6,1.32%,HaslKe20,Kevin Haslam,sdg
G,1020,99.51%,0,0%,67,14.73%,VasqLo20,Louis Vasquez,sdg
G,735,71.71%,0,0%,55,12.09%,GreeTy20,Tyronne Green,sdg
G,290,28.29%,0,0%,67,14.73%,HadnRe20,Rex Hadnot,sdg
C,1019,99.41%,0,0%,10,2.20%,HardNi55,Nick Hardwick,sdg
C,6,.59%,0,0%,12,2.64%,BaxtCo00,Colin Baxter,sdg
C,15,1.46%,0,0%,69,15.16%,MolkDa00,David Molk,sdg
DE,0,0%,715,67.64%,68,14.95%,LiugCo00,Corey Liuget,sdg
DE,0,0%,460,43.52%,5,1.10%,MartVa99,Vaughn Martin,sdg
DE,0,0%,531,50.24%,68,14.95%,ReyeKe00,Kendall Reyes,sdg
DE,0,0%,14,1.32%,12,2.64%,ScafDa00,Damik Scafe,sdg
DT,0,0%,279,26.40%,32,7.03%,FranAu20,Aubrayo Franklin,sdg
DT,0,0%,396,37.46%,78,17.14%,ThomCa99,Cam Thomas,sdg
DT,0,0%,148,14.00%,38,8.35%,GaraAn20,Antonio Garay,sdg
LB,0,0%,706,66.79%,47,10.33%,ButlDo99,Donald Butler,sdg
LB,0,0%,836,79.09%,10,2.20%,PhilSh20,Shaun Phillips,sdg
LB,0,0%,513,48.53%,65,14.29%,JohnJa23,Jarret Johnson,sdg
LB,0,0%,358,33.87%,187,41.10%,WillDe22,Demorrio Williams,sdg
LB,0,0%,700,66.23%,27,5.93%,SpikTa00,Takeo Spikes,sdg
LB,0,0%,461,43.61%,192,42.20%,IngrMe00,Melvin Ingram,sdg
LB,0,0%,23,2.18%,0,0%,GuytGa99,Gary Guyton,sdg
LB,0,0%,173,16.37%,146,32.09%,EnglLa99,Larry English,sdg
LB,0,0%,83,7.85%,318,69.89%,GachAn00,Andrew Gachkar,sdg
LB,0,0%,179,16.93%,42,9.23%,BarnAn99,Antwan Barnes,sdg
LB,0,0%,111,10.50%,106,23.30%,BirdBr00,Bront Bird,sdg
LB,0,0%,5,.47%,11,2.42%,MoutJo00,Jonas Mouton,sdg
CB,0,0%,1022,96.69%,23,5.05%,CasoAn99,Antoine Cason,sdg
CB,0,0%,990,93.66%,67,14.73%,JammQu20,Quentin Jammer,sdg
CB,0,0%,622,58.85%,242,53.19%,GilcMa00,Marcus Gilchrist,sdg
CB,0,0%,3,.28%,88,19.34%,CarrCh22,Chris Carr,sdg
CB,0,0%,116,10.97%,135,29.67%,WrigSh00,Shareece Wright,sdg
SS,0,0%,615,58.18%,74,16.26%,BigbAt20,Atari Bigby,sdg
SS,0,0%,495,46.83%,335,73.63%,LyncCo99,Corey Lynch,sdg
SS,0,0%,40,3.78%,44,9.67%,TaylBr02,Brandon Taylor,sdg
FS,0,0%,1033,97.73%,234,51.43%,WeddEr99,Eric Weddle,sdg
FS,0,0%,0,0%,242,53.19%,StucDa20,Darrell Stuckey,sdg
DB,0,0%,0,0%,10,2.20%,CattSe00,Sean Cattouse,sdg
DB,0,0%,0,0%,12,2.64%,GatsGr00,Gregory Gatson,sdg
LS,0,0%,0,0%,65,14.29%,NelsKy00,Kyle Nelson,sdg
LS,0,0%,0,0%,88,19.34%,WindMi00,Mike Windt,sdg
K,0,0%,0,0%,116,25.49%,novaknic01,Nick Novak,sdg
K,0,0%,0,0%,29,6.37%,kaedinat01,Nate Kaeding,sdg
P,0,0%,0,0%,153,33.63%,ScifMi20,Mike Scifres,sdg
QB,1036,99.23%,0,0%,0,0%,BradSa00,Sam Bradford,ram
QB,8,.77%,0,0%,0,0%,ClemKe00,Kellen Clemens,ram
RB,707,67.72%,0,0%,0,0%,JackSt00,Steven Jackson,ram
RB,40,3.83%,0,0%,54,11.89%,PeadIs00,Isaiah Pead,ram
RB,301,28.83%,0,0%,0,0%,RichDa00,Daryl Richardson,ram
RB,5,.48%,0,0%,3,.66%,GanaTe00,Terrance Ganaway,ram
FB,119,11.40%,0,0%,92,20.26%,MillBr01,Brit Miller,ram
WR,503,48.18%,0,0%,47,10.35%,AmenDa00,Danny Amendola,ram
WR,763,73.08%,0,0%,1,.22%,GibsBr00,Brandon Gibson,ram
WR,173,16.57%,0,0%,0,0%,SmitSt02,Steve Smith,ram
WR,615,58.91%,0,0%,63,13.88%,GiveCh00,Chris Givens,ram
WR,374,35.82%,0,0%,68,14.98%,PettAu00,Austin Pettis,ram
WR,182,17.43%,0,0%,7,1.54%,QuicBr00,Brian Quick,ram
TE,845,80.94%,0,0%,96,21.15%,KendLa00,Lance Kendricks,ram
TE,402,38.51%,0,0%,196,43.17%,MullMa00,Matthew Mulligan,ram
TE,27,2.59%,0,0%,80,17.62%,HarkCo00,Cory Harkey,ram
TE,146,13.98%,0,0%,92,20.26%,McNeMi00,Mike McNeill,ram
T,1023,97.99%,0,0%,58,12.78%,RichBa20,Barry Richardson,ram
T,600,57.47%,0,0%,25,5.51%,SaffRo20,Rodger Saffold,ram
T,334,31.99%,0,0%,53,11.67%,HuntWa20,Wayne Hunter,ram
T,8,.77%,0,0%,7,1.54%,NsekTy00,Ty Nsekhe,ram
T,118,11.30%,0,0%,24,5.29%,BarkJo00,Joe Barksdale,ram
G,316,30.27%,0,0%,25,5.51%,OjinQu20,Quinn Ojinnaka,ram
G,915,87.64%,0,0%,51,11.23%,DahlHa20,Harvey Dahl,ram
G,36,3.45%,0,0%,5,1.10%,WatkRo00,Rokevious Watkins,ram
"G,T",77,7.38%,0,0%,1,.22%,WillCh03,Chris Williams,ram
G,344,32.95%,0,0%,29,6.39%,SmitSh22,Shelley Smith,ram
C,1044,100.00%,0,0%,16,3.52%,TurnRo22,Robert Turner,ram
C,421,40.33%,0,0%,0,0%,WellSc20,Scott Wells,ram
C,1,.10%,0,0%,130,28.63%,BarnTi01,Tim Barnes,ram
DE,0,0%,825,76.67%,103,22.69%,QuinRo00,Robert Quinn,ram
DE,0,0%,877,81.51%,96,21.15%,LongCh99,Chris Long,ram
DE,0,0%,399,37.08%,56,12.33%,SimsEu99,Eugene Sims,ram
DE,0,0%,369,34.29%,8,1.76%,HayeWi99,William Hayes,ram
DT,0,0%,748,69.52%,91,20.04%,LangKe98,Kendall Langford,ram
DT,0,0%,602,55.95%,73,16.08%,BrocMi00,Michael Brockers,ram
DT,0,0%,341,31.69%,88,19.38%,CudjJe00,Jermelle Cudjo,ram
DT,0,0%,123,11.43%,14,3.08%,HearKe00,Kellen Heard,ram
DT,0,0%,5,.46%,0,0%,ConrMa00,Matt Conrath,ram
LB,0,0%,1060,98.51%,157,34.58%,DunbJo20,Jo-Lonn Dunbar,ram
LB,0,0%,1076,100.00%,98,21.59%,LaurJa99,James Laurinaitis,ram
LB,0,0%,447,41.54%,217,47.80%,McInRo20,Rocky McIntosh,ram
LB,1,.10%,76,7.06%,187,41.19%,HaggMa20,Mario Haggan,ram
LB,0,0%,42,3.90%,296,65.20%,HullJo99,Josh Hull,ram
LB,0,0%,18,1.67%,297,65.42%,ColeJu00,Justin Cole,ram
LB,0,0%,0,0%,7,1.54%,BrowSa00,Sammy Brown,ram
CB,0,0%,1005,93.40%,101,22.25%,FinnCo20,Cortland Finnegan,ram
CB,0,0%,955,88.75%,140,30.84%,JenkJa03,Jackrabbit Jenkins,ram
CB,0,0%,363,33.74%,185,40.75%,FletBr99,Bradley Fletcher,ram
CB,0,0%,356,33.09%,191,42.07%,JohnTr05,Trumaine Johnson,ram
CB,0,0%,6,.56%,58,12.78%,PoinQu00,Quinton Pointer,ram
SS,0,0%,1036,96.28%,234,51.54%,DahlCr99,Craig Dahl,ram
SS,0,0%,0,0%,55,12.11%,DaniMa00,Matt Daniels,ram
SS,0,0%,81,7.53%,156,34.36%,StewDa00,Darian Stewart,ram
FS,0,0%,1022,94.98%,155,34.14%,MikeQu20,Quintin Mikell,ram
FS,0,0%,4,.37%,289,63.66%,McLeRo00,Rodney McLeod,ram
LS,0,0%,0,0%,145,31.94%,McQuJa00,Jake McQuaide,ram
K,0,0%,0,0%,127,27.97%,ZuerGr00,Greg Zuerlein,ram
P,0,0%,0,0%,146,32.16%,HekkJo00,Johnny Hekker,ram
QB,979,96.36%,0,0%,0,0%,WilsRu00,Russell Wilson,sea
QB,37,3.64%,0,0%,0,0%,FlynMa00,Matt Flynn,sea
RB,674,66.34%,0,0%,0,0%,LyncMa00,Marshawn Lynch,sea
RB,59,5.81%,0,0%,141,32.94%,WashLe00,Leon Washington,sea
RB,225,22.15%,0,0%,38,8.88%,TurbRo00,Robert Turbin,sea
FB,328,32.28%,0,0%,299,69.86%,RobiMi00,Michael Robinson,sea
WR,765,75.30%,0,0%,0,0%,RiceSi01,Sidney Rice,sea
WR,149,14.67%,0,0%,0,0%,EdwaBr00,Braylon Edwards,sea
WR,434,42.72%,0,0%,113,26.40%,BaldDo00,Doug Baldwin,sea
WR,717,70.57%,0,0%,8,1.87%,TateGo00,Golden Tate,sea
WR,143,14.07%,0,0%,71,16.59%,ObomBe00,Ben Obomanu,sea
WR,77,7.58%,0,0%,40,9.35%,MartCh00,Charly Martin,sea
WR,77,7.58%,0,0%,92,21.50%,KearJe01,Jermaine Kearse,sea
WR,7,.69%,0,0%,0,0%,ButlDe00,Deon Butler,sea
TE,853,83.96%,0,0%,76,17.76%,MillZa01,Zach Miller,sea
TE,463,45.57%,0,0%,0,0%,McCoAn00,Anthony McCoy,sea
TE,8,.79%,0,0%,8,1.87%,McGrSe00,Sean McGrath,sea
TE,99,9.74%,0,0%,0,0%,MoorEv00,Evan Moore,sea
T,1006,99.02%,0,0%,75,17.52%,GiacBr20,Breno Giacomini,sea
T,912,89.76%,0,0%,70,16.36%,OkunRu20,Russell Okung,sea
T,114,11.22%,0,0%,98,22.90%,OmiyFr20,Frank Omiyale,sea
G,295,29.04%,0,0%,105,24.53%,SweeJ.00,J.R. Sweezy,sea
G,992,97.64%,0,0%,75,17.52%,McQuPa21,Paul McQuistan,sea
G,343,33.76%,0,0%,17,3.97%,CarpJa00,James Carpenter,sea
G,404,39.76%,0,0%,41,9.58%,MoffJo00,John Moffitt,sea
C,977,96.16%,0,0%,41,9.58%,UngeMa20,Max Unger,sea
C,39,3.84%,0,0%,124,28.97%,JeanLe00,Lemuel Jeanpierre,sea
DE,0,0%,869,86.73%,43,10.05%,ClemCh23,Chris Clemons,sea
DE,0,0%,625,62.38%,50,11.68%,BryaRe99,Red Bryant,sea
DE,0,0%,435,43.41%,62,14.49%,IrviBr00,Bruce Irvin,sea
DE,0,0%,319,31.84%,5,1.17%,JoneJa99,Jason Jones,sea
DE,0,0%,200,19.96%,61,14.25%,ScruGr00,Greg Scruggs,sea
DT,0,0%,622,62.08%,50,11.68%,MebaBr99,Brandon Mebane,sea
DT,0,0%,562,56.09%,54,12.62%,BranAl99,Alan Branch,sea
DT,0,0%,287,28.64%,2,.47%,McDoCl99,Clinton McDonald,sea
DT,0,0%,22,2.20%,7,1.64%,HowaJa00,Jaye Howard,sea
DT,0,0%,6,.60%,1,.23%,FangHe00,Hebron Fangupo,sea
LB,0,0%,865,86.33%,109,25.47%,WrigK.00,K.J. Wright,sea
LB,0,0%,504,50.30%,39,9.11%,HillLe20,LeRoy Hill,sea
LB,0,0%,850,84.83%,85,19.86%,WagnBo00,Bobby Wagner,sea
LB,0,0%,29,2.89%,352,82.24%,FarwHe20,Heath Farwell,sea
LB,0,0%,104,10.38%,291,67.99%,MorgMi00,Mike Morgan,sea
LB,0,0%,166,16.57%,258,60.28%,SmitMa02,Malcolm Smith,sea
LB,0,0%,0,0%,8,1.87%,BradAl00,Allen Bradford,sea
CB,0,0%,746,74.45%,64,14.95%,BrowBr00,Brandon Browner,sea
CB,0,0%,950,94.81%,79,18.46%,SherRi00,Richard Sherman,sea
CB,0,0%,352,35.13%,24,5.61%,TrufMa20,Marcus Trufant,sea
CB,0,0%,73,7.29%,4,.93%,ThurWa99,Walter Thurmond,sea
CB,0,0%,163,16.27%,157,36.68%,LaneJe00,Jeremy Lane,sea
CB,0,0%,144,14.37%,127,29.67%,MaxwBy00,Byron Maxwell,sea
SS,0,0%,977,97.50%,125,29.21%,ChanKa99,Kam Chancellor,sea
SS,0,0%,7,.70%,10,2.34%,GuyxWi00,Winston Guy,sea
SS,0,0%,125,12.48%,201,46.96%,JohnJe02,Jeron Johnson,sea
FS,0,0%,960,95.81%,88,20.56%,ThomEa99,Earl Thomas,sea
FS,0,0%,32,3.19%,334,78.04%,MaraCh99,Chris Maragos,sea
DB,0,0%,26,2.59%,24,5.61%,ParkRo01,Ron Parker,sea
LS,0,0%,0,0%,149,34.81%,GresCl00,Clint Gresham,sea
K,0,0%,0,0%,162,37.85%,HausSt00,Stephen Hauschka,sea
P,0,0%,0,0%,150,35.05%,RyanJo21,Jon Ryan,sea
QB,484,48.16%,0,0%,0,0%,SmitAl03,Alex Smith,sfo
QB,526,52.34%,0,0%,0,0%,KaepCo00,Colin Kaepernick,sfo
RB,729,72.54%,0,0%,0,0%,GoreFr00,Frank Gore,sfo
RB,56,5.57%,0,0%,20,4.49%,JameLa00,LaMichael James,sfo
RB,170,16.92%,0,0%,20,4.49%,HuntKe00,Kendall Hunter,sfo
RB,32,3.18%,0,0%,289,64.94%,DixoAn00,Anthony Dixon,sfo
RB,10,1.00%,0,0%,2,.45%,JacoBr00,Brandon Jacobs,sfo
FB,449,44.68%,0,0%,249,55.96%,MillBr02,Bruce Miller,sfo
WR,675,67.16%,0,0%,0,0%,CrabMi00,Michael Crabtree,sfo
WR,363,36.12%,0,0%,0,0%,MannMa01,Mario Manningham,sfo
WR,246,24.48%,0,0%,32,7.19%,WillKy01,Kyle Williams,sfo
WR,406,40.40%,0,0%,3,.67%,MossRa00,Randy Moss,sfo
WR,65,6.47%,0,0%,86,19.33%,GinnTe00,Ted Ginn Jr.,sfo
WR,35,3.48%,0,0%,0,0%,JenkA.00,A.J. Jenkins,sfo
TE,918,91.34%,0,0%,1,.22%,DaviVe00,Vernon Davis,sfo
TE,571,56.82%,0,0%,128,28.76%,WalkHu00,Delanie Walker,sfo
TE,1,.10%,44,4.15%,283,63.60%,DobbDe00,Demarcus Dobbs,sfo
TE,103,10.25%,0,0%,81,18.20%,CeleGa00,Garrett Celek,sfo
T,1005,100.00%,0,0%,87,19.55%,DaviAn27,Anthony Davis,sfo
T,958,95.32%,0,0%,87,19.55%,StalJo20,Joe Staley,sfo
G,980,97.51%,0,0%,86,19.33%,IupaMi20,Mike Iupati,sfo
G,1005,100.00%,0,0%,86,19.33%,BoonAl21,Alex Boone,sfo
G,128,12.74%,0,0%,85,19.10%,DaviLe21,Leonard Davis,sfo
G,70,6.97%,0,0%,126,28.31%,KilgDa00,Daniel Kilgore,sfo
C,980,97.51%,0,0%,30,6.74%,GoodJo23,Jonathan Goodwin,sfo
DE,0,0%,10,.94%,9,2.02%,JeroTo00,Tony Jerod-Eddie,sfo
DT,0,0%,963,90.85%,69,15.51%,McDoRa99,Ray McDonald,sfo
DT,0,0%,820,77.36%,0,0%,SmitJu20,Justin Smith,sfo
DT,90,8.96%,42,3.96%,176,39.55%,TukuWi00,Will Tukuafu,sfo
DT,0,0%,287,27.08%,73,16.40%,JeanRi99,Ricky Jean-Francois,sfo
NT,0,0%,333,31.42%,29,6.52%,SopoIs20,Isaac Sopoaga,sfo
NT,0,0%,32,3.02%,2,.45%,WillIa00,Ian Williams,sfo
LB,0,0%,1003,94.62%,67,15.06%,SmitAl04,Aldon Smith,sfo
LB,0,0%,1004,94.72%,66,14.83%,BowmNa99,NaVorro Bowman,sfo
LB,0,0%,977,92.17%,68,15.28%,BrooAh21,Ahmad Brooks,sfo
LB,0,0%,987,93.11%,77,17.30%,WillPa98,Patrick Willis,sfo
LB,0,0%,10,.94%,90,20.22%,WilhMi00,Michael Wilhoite,sfo
LB,0,0%,8,.75%,257,57.75%,GoodTa99,Tavares Gooden,sfo
LB,0,0%,21,1.98%,279,62.70%,GranLa99,Larry Grant,sfo
LB,0,0%,19,1.79%,48,10.79%,BakhEr00,Eric Bakhtiari,sfo
LB,0,0%,11,1.04%,0,0%,JohnCa01,Cam Johnson,sfo
LB,0,0%,44,4.15%,4,.90%,HaggCl20,Clark Haggans,sfo
CB,0,0%,1032,97.36%,69,15.51%,BrowTa99,Tarell Brown,sfo
CB,0,0%,670,63.21%,105,23.60%,CullCh00,Chris Culliver,sfo
CB,0,0%,1037,97.83%,0,0%,RogeCa20,Carlos Rogers,sfo
CB,0,0%,160,15.09%,113,25.39%,CoxxPe99,Perrish Cox,sfo
CB,0,0%,21,1.98%,282,63.37%,BrocTr00,Tramaine Brock,sfo
SS,0,0%,1036,97.74%,0,0%,WhitDo20,Donte Whitner,sfo
SS,0,0%,27,2.55%,290,65.17%,SpilCJ99,C.J. Spillman,sfo
FS,0,0%,1027,96.89%,120,26.97%,GoldDa99,Dashon Goldson,sfo
FS,0,0%,35,3.30%,307,68.99%,McBaDa99,Darcel McBath,sfo
DB,0,0%,0,0%,25,5.62%,RobiTr02,Trent Robinson,sfo
LS,0,0%,0,0%,155,34.83%,JennBr00,Brian Jennings,sfo
K,0,0%,0,0%,174,39.10%,akersdav01,David Akers,sfo
P,0,0%,0,0%,156,35.06%,LeexAn20,Andy Lee,sfo
QB,1037,98.86%,0,0%,0,0%,FreeJo00,Josh Freeman,tam
QB,12,1.14%,0,0%,0,0%,OrloDa00,Dan Orlovsky,tam
RB,821,78.27%,0,0%,5,1.05%,MartDo00,Doug Martin,tam
RB,144,13.73%,0,0%,149,31.24%,WareDa00,Danny Ware,tam
RB,92,8.77%,0,0%,0,0%,BlouLe00,LeGarrette Blount,tam
RB,0,0%,0,0%,3,.63%,SmitMi01,Michael Smith,tam
FB,422,40.23%,0,0%,385,80.71%,LoriEr99,Erik Lorig,tam
WR,976,93.04%,1,.09%,6,1.26%,JackVi00,Vincent Jackson,tam
WR,898,85.61%,0,0%,5,1.05%,WillMi04,Mike Williams,tam
WR,35,3.34%,0,0%,11,2.31%,ParkPr00,Preston Parker,tam
WR,77,7.34%,0,0%,139,29.14%,BennAr00,Arrelious Benn,tam
WR,12,1.14%,0,0%,11,2.31%,StroSa00,Sammie Stroughter,tam
WR,16,1.53%,0,0%,91,19.08%,ParrRo00,Roscoe Parrish,tam
WR,6,.57%,0,0%,0,0%,DougDa01,David Douglas,tam
WR,445,42.42%,0,0%,17,3.56%,UndeTi00,Tiquan Underwood,tam
WR,0,0%,0,0%,4,.84%,ShipJo00,Jordan Shipley,tam
WR,24,2.29%,0,0%,1,.21%,OwusCh00,Chris Owusu,tam
TE,539,51.38%,0,0%,81,16.98%,StocLu00,Luke Stocker,tam
TE,568,54.15%,0,0%,3,.63%,ClarDa00,Dallas Clark,tam
TE,142,13.54%,0,0%,55,11.53%,ByhaNa00,Nate Byham,tam
TE,6,.57%,0,0%,12,2.52%,NoblDa00,Danny Noble,tam
T,1047,99.81%,0,0%,72,15.09%,PennDo20,Donald Penn,tam
T,80,7.63%,0,0%,47,9.85%,TrueJe20,Jeremy Trueblood,tam
T,986,93.99%,0,0%,72,15.09%,DotsDe00,Demar Dotson,tam
T,795,75.79%,0,0%,58,12.16%,MereJa20,Jamon Meredith,tam
G,442,42.14%,0,0%,34,7.13%,NickCa20,Carl Nicks,tam
G,843,80.36%,0,0%,81,16.98%,LarsTe20,Ted Larsen,tam
G,36,3.43%,0,0%,7,1.47%,HardDe00,Derek Hardman,tam
G,1,.10%,0,0%,17,3.56%,AlleRo20,Roger Allen,tam
C,1018,97.04%,0,0%,30,6.29%,ZuttJe20,Jeremy Zuttah,tam
C,15,1.43%,0,0%,62,13.00%,WallCo20,Cody Wallace,tam
DE,0,0%,176,16.33%,14,2.94%,ClayAd00,Adrian Clayborn,tam
DE,0,0%,956,88.68%,74,15.51%,BennMi99,Michael Bennett,tam
DE,0,0%,36,3.34%,5,1.05%,LeviPe00,Pep Levingston,tam
DE,0,0%,282,26.16%,9,1.89%,BoweDa00,Da'Quan Bowers,tam
DE,0,0%,108,10.02%,8,1.68%,JohnGe00,George Johnson,tam
DE,0,0%,85,7.88%,82,17.19%,MorgAa00,Aaron Morgan,tam
DE,0,0%,730,67.72%,94,19.71%,Teo-Da99,Daniel Te'o-Nesheim,tam
DT,0,0%,939,87.11%,81,16.98%,McCoGe99,Gerald McCoy,tam
DT,0,0%,493,45.73%,64,13.42%,MillRo99,Roy Miller,tam
DT,0,0%,280,25.97%,11,2.31%,GibsGa99,Gary Gibson,tam
DT,0,0%,83,7.70%,36,7.55%,IrviCo99,Corvey Irvin,tam
LB,0,0%,1059,98.24%,93,19.50%,DaviLa00,Lavonte David,tam
LB,0,0%,739,68.55%,164,34.38%,FostMa00,Mason Foster,tam
LB,0,0%,125,11.60%,323,67.71%,WatsDe99,Dekoda Watson,tam
LB,0,0%,293,27.18%,163,34.17%,BlacQu99,Quincy Black,tam
LB,0,0%,1,.09%,147,30.82%,CutrJa00,Jacob Cutrera,tam
LB,0,0%,149,13.82%,360,75.47%,HaywAd98,Adam Hayward,tam
LB,0,0%,3,.28%,47,9.85%,GoodNa00,Najee Goode,tam
LB,0,0%,5,.46%,15,3.14%,WhitMa01,Markus White,tam
CB,0,0%,798,74.03%,165,34.59%,BiggE.99,E.J. Biggers,tam
CB,0,0%,495,45.92%,37,7.76%,WrigEr99,Eric Wright,tam
CB,0,0%,270,25.05%,24,5.03%,TaliAq99,Aqib Talib,tam
CB,0,0%,123,11.41%,23,4.82%,GaitAn00,Anthony Gaitor,tam
CB,0,0%,211,19.57%,115,24.11%,McDoBr99,Brandon McDonald,tam
CB,0,0%,582,53.99%,173,36.27%,JohnLe03,Leonard Johnson,tam
CB,0,0%,12,1.11%,83,17.40%,LewiMy99,Myron Lewis,tam
SS,0,0%,1074,99.63%,83,17.40%,BarrMa00,Mark Barron,tam
SS,0,0%,4,.37%,172,36.06%,GrimCo99,Cody Grimm,tam
FS,4,.38%,1071,99.35%,101,21.17%,BarbRo00,Ronde Barber,tam
FS,0,0%,417,38.68%,234,49.06%,BlacAh00,Ahmad Black,tam
FS,0,0%,7,.65%,148,31.03%,TandKe00,Keith Tandy,tam
DB,0,0%,186,17.25%,91,19.08%,GorrDa00,Danny Gorrer,tam
DB,0,0%,67,6.22%,88,18.45%,LewiLe01,LeQuan Lewis,tam
LS,0,0%,0,0%,151,31.66%,EconAn20,Andrew Economos,tam
K,0,0%,0,0%,72,15.09%,barthco01,Connor Barth,tam
P,0,0%,0,0%,238,49.90%,koenemic01,Michael Koenen,tam
QB,593,59.54%,0,0%,0,0%,LockJa00,Jake Locker,oti
QB,395,39.66%,0,0%,0,0%,HassMa00,Matt Hasselbeck,oti
QB,7,.70%,0,0%,0,0%,SmitRu01,Rusty Smith,oti
RB,813,81.63%,0,0%,0,0%,JohnCh04,Chris Johnson,oti
RB,90,9.04%,0,0%,160,33.61%,ReynDa00,Darius Reynaud,oti
RB,24,2.41%,0,0%,0,0%,RingJa00,Javon Ringer,oti
RB,10,1.00%,0,0%,13,2.73%,MoonCo00,Collin Mooney,oti
RB,50,5.02%,0,0%,39,8.19%,HarpJa01,Jamie Harper,oti
RB,0,0%,0,0%,4,.84%,EvanDa00,Darren Evans,oti
FB,250,25.10%,0,0%,135,28.36%,JohnQu00,Quinn Johnson,oti
WR,556,55.82%,0,0%,0,0%,WrigKe01,Kendall Wright,oti
WR,379,38.05%,0,0%,2,.42%,WillDa04,Damian Williams,oti
WR,789,79.22%,0,0%,2,.42%,WashNa00,Nate Washington,oti
WR,51,5.12%,0,0%,9,1.89%,HawkLa00,Lavelle Hawkins,oti
WR,600,60.24%,0,0%,1,.21%,BritKe00,Kenny Britt,oti
WR,61,6.12%,0,0%,15,3.15%,PresMi00,Michael Preston,oti
TE,470,47.19%,0,0%,15,3.15%,CookJa02,Jared Cook,oti
TE,550,55.22%,0,0%,231,48.53%,StevCr00,Craig Stevens,oti
TE,261,26.20%,0,0%,340,71.43%,ThomTa00,Taylor Thompson,oti
TE,23,2.31%,0,0%,46,9.66%,BardBr00,Brandon Barden,oti
T,675,67.77%,0,0%,46,9.66%,StewDa21,David Stewart,oti
T,935,93.88%,0,0%,53,11.13%,RoosMi20,Michael Roos,oti
T,267,26.81%,0,0%,16,3.36%,OttoMi20,Michael Otto,oti
T,114,11.45%,0,0%,17,3.57%,StinBy00,Byron Stingily,oti
T,0,0%,0,0%,1,.21%,KropTr20,Troy Kropog,oti
G,686,68.88%,0,0%,49,10.29%,HutcSt00,Steve Hutchinson,oti
G,501,50.30%,0,0%,33,6.93%,LutuDe20,Deuce Lutui,oti
G,432,43.37%,0,0%,28,5.88%,HarrLe21,Leroy Harris,oti
G,37,3.71%,0,0%,7,1.47%,PetrMi20,Mitch Petrus,oti
G,124,12.45%,0,0%,16,3.36%,DeVaKy00,Kyle DeVan,oti
C,995,99.90%,0,0%,66,13.87%,VelaFe20,Fernando Velasco,oti
C,213,21.39%,0,0%,93,19.54%,MattKe20,Kevin Matthews,oti
DE,0,0%,914,80.88%,83,17.44%,MorgDe99,Derrick Morgan,oti
DE,0,0%,909,80.44%,87,18.28%,WimbKa20,Kamerion Wimbley,oti
DE,0,0%,38,3.36%,16,3.36%,DawsKe99,Keyunta Dawson,oti
DE,0,0%,53,4.69%,7,1.47%,EgboPa00,Pannel Egboh,oti
DE,0,0%,168,14.87%,153,32.14%,SoloSc00,Scott Solomon,oti
DE,0,0%,125,11.06%,12,2.52%,WynnJa99,Jarius Wynn,oti
DT,0,0%,780,69.03%,75,15.76%,CaseJu00,Jurrell Casey,oti
DT,0,0%,429,37.96%,46,9.66%,MartMi01,Mike Martin,oti
DT,0,0%,678,60.00%,55,11.55%,MarkSe99,Sen'Derrick Marks,oti
DT,0,0%,250,22.12%,21,4.41%,KlugKa00,Karl Klug,oti
DT,0,0%,78,6.90%,5,1.05%,HarrDa02,DaJohn Harris,oti
LB,0,0%,861,76.19%,95,19.96%,AyerAk00,Akeem Ayers,oti
LB,0,0%,388,34.34%,148,31.09%,WithWi20,Will Witherspoon,oti
LB,0,0%,385,34.07%,36,7.56%,McCaCo00,Colin McCarthy,oti
LB,0,0%,68,6.02%,99,20.80%,DileZa99,Zach Diles,oti
LB,1,.10%,223,19.73%,329,69.12%,ShawTi99,Tim Shaw,oti
LB,0,0%,742,65.66%,68,14.29%,BrowZa00,Zach Brown,oti
LB,0,0%,2,.18%,225,47.27%,BailPa99,Patrick Bailey,oti
LB,0,0%,0,0%,68,14.29%,AdibXa99,Xavier Adibi,oti
CB,0,0%,1126,99.65%,155,32.56%,McCoJa99,Jason McCourty,oti
CB,0,0%,1046,92.57%,189,39.71%,VernAl99,Alterraun Verner,oti
CB,0,0%,387,34.25%,144,30.25%,MoutRy99,Ryan Mouton,oti
CB,1,.10%,67,5.93%,254,53.36%,CampTo00,Tommie Campbell,oti
CB,0,0%,313,27.70%,115,24.16%,SensCo00,Coty Sensabaugh,oti
SS,1,.10%,765,67.70%,228,47.90%,BabiJo21,Jordan Babineaux,oti
SS,0,0%,234,20.71%,198,41.60%,AfalAl99,Al Afalava,oti
FS,0,0%,1115,98.67%,156,32.77%,GrifMi99,Michael Griffin,oti
FS,0,0%,278,24.60%,146,30.67%,JohnRo99,Robert Johnson,oti
DB,0,0%,4,.35%,142,29.83%,WilsTr01,Tracy Wilson,oti
LS,1,.10%,0,0%,149,31.30%,BrinBe00,Beau Brinkley,oti
K,0,0%,0,0%,140,29.41%,bironrob01,Rob Bironas,oti
P,1,.10%,0,0%,149,31.30%,KernBr20,Brett Kern,oti
QB,1005,98.53%,0,0%,0,0%,MannEl00,Eli Manning,nyg
QB,15,1.47%,0,0%,0,0%,CarrDa00,David Carr,nyg
RB,600,58.82%,0,0%,1,.23%,BradAh00,Ahmad Bradshaw,nyg
RB,9,.88%,0,0%,55,12.47%,ScotDa01,Da'Rel Scott,nyg
RB,222,21.76%,0,0%,71,16.10%,BrowAn03,Andre Brown,nyg
RB,31,3.04%,0,0%,73,16.55%,LumpKr00,Kregg Lumpkin,nyg
RB,125,12.25%,0,0%,106,24.04%,WilsDa01,David Wilson,nyg
RB,1,.10%,0,0%,14,3.17%,ToraRy00,Ryan Torain,nyg
FB,423,41.47%,0,0%,83,18.82%,HynoHe01,Henry Hynoski,nyg
WR,670,65.69%,0,0%,0,0%,NickHa01,Hakeem Nicks,nyg
WR,904,88.63%,0,0%,1,.23%,CruzVi00,Victor Cruz,nyg
WR,386,37.84%,0,0%,18,4.08%,HixoDo00,Domenik Hixon,nyg
WR,208,20.39%,0,0%,88,19.95%,BardRa00,Ramses Barden,nyg
WR,27,2.65%,0,0%,23,5.22%,JernJe00,Jerrel Jernigan,nyg
WR,245,24.02%,0,0%,67,15.19%,RandRu00,Rueben Randle,nyg
TE,930,91.18%,0,0%,90,20.41%,BennMa00,Martellus Bennett,nyg
TE,23,2.25%,0,0%,22,4.99%,BeckTr00,Travis Beckum,nyg
TE,242,23.73%,0,0%,95,21.54%,PascBe00,Bear Pascoe,nyg
TE,3,.29%,0,0%,0,0%,RobiAd00,Adrien Robinson,nyg
T,480,47.06%,0,0%,51,11.56%,DiehDa21,David Diehl,nyg
T,647,63.43%,0,0%,67,15.19%,LockSe20,Sean Locklear,nyg
T,34,3.33%,0,0%,24,5.44%,BrewJa00,James Brewer,nyg
T,953,93.43%,0,0%,43,9.75%,BeatWi20,Will Beatty,nyg
G,952,93.33%,0,0%,63,14.29%,SneeCh20,Chris Snee,nyg
G,1012,99.22%,0,0%,85,19.27%,BootKe20,Kevin Boothe,nyg
G,14,1.37%,0,0%,41,9.30%,PetrMi20,Mitch Petrus,nyg
G,8,.78%,0,0%,8,1.81%,CapeSe20,Selvish Capers,nyg
C,1003,98.33%,0,0%,30,6.80%,BaasDa20,David Baas,nyg
C,48,4.71%,0,0%,158,35.83%,CordJi00,Jim Cordle,nyg
DE,0,0%,875,83.33%,78,17.69%,PierJa99,Jason Pierre-Paul,nyg
DE,0,0%,645,61.43%,73,16.55%,TuckJu20,Justin Tuck,nyg
DE,0,0%,635,60.48%,0,0%,UmenOs99,Osi Umenyiora,nyg
DE,0,0%,0,0%,10,2.27%,OjomAd00,Adewale Ojomo,nyg
DE,0,0%,68,6.48%,280,63.49%,TracAd99,Adrian Tracy,nyg
DT,0,0%,692,65.90%,50,11.34%,JoseLi99,Linval Joseph,nyg
DT,0,0%,386,36.76%,23,5.22%,BernRo20,Rocky Bernard,nyg
DT,0,0%,297,28.29%,44,9.98%,CantCh21,Chris Canty,nyg
DT,0,0%,169,16.10%,104,23.58%,KuhnMa00,Markus Kuhn,nyg
DT,0,0%,102,9.71%,19,4.31%,AustMa00,Marvin Austin,nyg
LB,0,0%,783,74.57%,128,29.02%,BlacCh21,Chase Blackburn,nyg
LB,0,0%,286,27.24%,105,23.81%,WillJa02,Jacquian Williams,nyg
LB,0,0%,839,79.90%,32,7.26%,BoleMi20,Michael Boley,nyg
LB,0,0%,526,50.10%,154,34.92%,KiwaMa20,Mathias Kiwanuka,nyg
LB,0,0%,233,22.19%,65,14.74%,RiveKe99,Keith Rivers,nyg
LB,0,0%,134,12.76%,327,74.15%,PaysSp00,Spencer Paysinger,nyg
LB,0,0%,175,16.67%,291,65.99%,HerzMa00,Mark Herzlich,nyg
CB,0,0%,1016,96.76%,4,.91%,WebsCo20,Corey Webster,nyg
CB,0,0%,75,7.14%,91,20.63%,CoexMi99,Michael Coe,nyg
CB,0,0%,728,69.33%,30,6.80%,AmukPr00,Prince Amukamara,nyg
CB,0,0%,49,4.67%,355,80.50%,TryoJu99,Justin Tryon,nyg
CB,0,0%,452,43.05%,129,29.25%,HoslJa00,Jayron Hosley,nyg
SS,0,0%,293,27.90%,6,1.36%,PhilKe99,Kenny Phillips,nyg
SS,0,0%,36,3.43%,119,26.98%,SashTy00,Tyler Sash,nyg
FS,0,0%,1015,96.67%,53,12.02%,RollAn20,Antrel Rolle,nyg
FS,0,0%,829,78.95%,168,38.10%,BrowSt99,Stevie Brown,nyg
FS,0,0%,212,20.19%,248,56.24%,HillWi01,Will Hill,nyg
DB,0,0%,0,0%,17,3.85%,FredTe00,Terrence Frederick,nyg
LS,0,0%,0,0%,144,32.65%,DeOsZa99,Zak DeOssie,nyg
K,0,0%,0,0%,179,40.59%,tyneslaw01,Lawrence Tynes,nyg
P,0,0%,0,0%,144,32.65%,WeatSt20,Steve Weatherford,nyg
QB,938,87.34%,0,0%,0,0%,SancMa00,Mark Sanchez,nyj
QB,90,8.38%,0,0%,0,0%,McElGr00,Greg McElroy,nyj
QB,73,6.80%,0,0%,59,12.72%,TeboTi00,Tim Tebow,nyj
RB,568,52.89%,0,0%,0,0%,GreeSh00,Shonn Greene,nyj
RB,272,25.33%,0,0%,203,43.75%,HillLe00,Lex Hilliard,nyj
RB,397,36.96%,0,0%,51,10.99%,PoweBi00,Bilal Powell,nyj
RB,58,5.40%,2,.19%,121,26.08%,McKnJo00,Joe McKnight,nyj
RB,5,.47%,0,0%,19,4.09%,BellKa00,Kahlil Bell,nyj
RB,0,0%,0,0%,9,1.94%,GrifJo00,John Griffin,nyj
RB,11,1.02%,0,0%,17,3.66%,GrimJo01,Jonathan Grimes,nyj
FB,50,4.66%,0,0%,8,1.72%,ConnJo00,John Conner,nyj
WR,505,47.02%,0,0%,131,28.23%,SchiCh00,Chaz Schilens,nyj
WR,188,17.50%,0,0%,0,0%,HolmSa00,Santonio Holmes,nyj
WR,143,13.31%,0,0%,0,0%,EdwaBr00,Braylon Edwards,nyj
WR,412,38.36%,0,0%,3,.65%,HillSt00,Stephen Hill,nyj
WR,663,61.73%,0,0%,85,18.32%,KerlJe00,Jeremy Kerley,nyj
WR,48,4.47%,0,0%,0,0%,HillJa00,Jason Hill,nyj
WR,43,4.00%,0,0%,0,0%,GilyMa00,Mardy Gilyard,nyj
WR,239,22.25%,0,0%,15,3.23%,GateCl00,Clyde Gates,nyj
WR,31,2.89%,0,0%,3,.65%,WhitJo02,Jordan White,nyj
WR,8,.74%,0,0%,3,.65%,TurnPa00,Patrick Turner,nyj
TE,593,55.21%,0,0%,107,23.06%,CumbJe00,Jeff Cumberland,nyj
TE,406,37.80%,0,0%,3,.65%,KellDu00,Dustin Keller,nyj
TE,380,35.38%,0,0%,100,21.55%,ReulKo00,Konrad Reuland,nyj
TE,33,3.07%,0,0%,0,0%,EppsDe00,Dedrick Epps,nyj
TE,17,1.58%,0,0%,15,3.23%,SmitHa01,Hayden Smith,nyj
T,1073,99.91%,0,0%,59,12.72%,HowaAu20,Austin Howard,nyj
T,1074,100.00%,0,0%,57,12.28%,FergDB20,D'Brickashaw Ferguson,nyj
T,246,22.91%,0,0%,44,9.48%,SmitJa01,Jacquies Smith,nyj
T,11,1.02%,0,0%,2,.43%,SmitJa22,Jason Smith,nyj
G,820,76.35%,0,0%,57,12.28%,SlauMa20,Matt Slauson,nyj
G,1063,98.98%,0,0%,39,8.41%,MoorBr20,Brandon Moore,nyj
G,274,25.51%,0,0%,57,12.28%,DucaVl20,Vlad Ducasse,nyj
C,1066,99.26%,0,0%,0,0%,MangNi20,Nick Mangold,nyj
DE,0,0%,910,85.29%,78,16.81%,WilkMu00,Muhammad Wilkerson,nyj
DE,0,0%,503,47.14%,81,17.46%,CoplQu00,Quinton Coples,nyj
DT,0,0%,629,58.95%,105,22.63%,DeViMi99,Mike DeVito,nyj
"DE,DT",0,0%,56,5.25%,40,8.62%,DixoMa00,Marcus Dixon,nyj
DT,0,0%,43,4.03%,14,3.02%,MuirDa20,Daniel Muir,nyj
NT,0,0%,304,28.49%,35,7.54%,PouhSi20,Sione Pouha,nyj
NT,0,0%,232,21.74%,52,11.21%,ElliKe01,Kenrick Ellis,nyj
NT,0,0%,22,2.06%,4,.86%,HarrDa03,Damon Harrison,nyj
LB,0,0%,1062,99.53%,134,28.88%,HarrDa99,David Harris,nyj
LB,0,0%,1005,94.19%,85,18.32%,PaceCa20,Calvin Pace,nyj
LB,0,0%,572,53.61%,106,22.84%,ScotBa20,Bart Scott,nyj
LB,0,0%,49,4.59%,116,25.00%,MaugJo00,Josh Mauga,nyj
LB,0,0%,407,38.14%,296,63.79%,McInGa00,Garrett McIntyre,nyj
LB,0,0%,116,10.87%,90,19.40%,MaybAa99,Aaron Maybin,nyj
LB,0,0%,44,4.12%,15,3.23%,SappRi99,Ricky Sapp,nyj
LB,0,0%,2,.19%,48,10.34%,DowtMa00,Marcus Dowtin,nyj
LB,0,0%,5,.47%,336,72.41%,BellNi01,Nick Bellore,nyj
LB,0,0%,309,28.96%,371,79.96%,DaviDe00,Demario Davis,nyj
LB,0,0%,372,34.86%,46,9.91%,ThomBr21,Bryan Thomas,nyj
CB,0,0%,947,88.75%,173,37.28%,WilsKy99,Kyle Wilson,nyj
CB,15,1.40%,1036,97.09%,34,7.33%,CromAn20,Antonio Cromartie,nyj
CB,0,0%,91,8.53%,4,.86%,ReviDa99,Darrelle Revis,nyj
CB,0,0%,118,11.06%,155,33.41%,TrufIs00,Isaiah Trufant,nyj
CB,0,0%,326,30.55%,256,55.17%,LankEl99,Ellis Lankster,nyj
CB,0,0%,81,7.59%,40,8.62%,WallDa00,Darrin Walls,nyj
CB,0,0%,2,.19%,70,15.09%,BerrAa00,Aaron Berry,nyj
SS,0,0%,1058,99.16%,24,5.17%,BellYe20,Yeremiah Bell,nyj
SS,0,0%,1019,95.50%,20,4.31%,LandLa99,LaRon Landry,nyj
SS,0,0%,321,30.08%,266,57.33%,SmitEr22,Eric Smith,nyj
SS,0,0%,17,1.59%,206,44.40%,BushJo00,Josh Bush,nyj
DB,0,0%,72,6.75%,80,17.24%,AlleAn02,Antonio Allen,nyj
DB,0,0%,5,.47%,30,6.47%,FletDo00,Donnie Fletcher,nyj
LS,0,0%,0,0%,148,31.90%,PurdTa00,Tanner Purdum,nyj
K,0,0%,0,0%,125,26.94%,FolkNi20,Nick Folk,nyj
P,0,0%,0,0%,149,32.11%,MaloRo00,Robert Malone,nyj
QB,667,59.18%,0,0%,0,0%,VickMi00,Michael Vick,phi
QB,454,40.28%,0,0%,0,0%,FoleNi00,Nick Foles,phi
QB,6,.53%,0,0%,0,0%,EdwaTr01,Trent Edwards,phi
RB,695,61.67%,0,0%,0,0%,McCoLe01,LeSean McCoy,phi
RB,334,29.64%,0,0%,53,11.65%,BrowBr02,Bryce Brown,phi
RB,60,5.32%,0,0%,79,17.36%,LewiDi00,Dion Lewis,phi
RB,0,0%,0,0%,64,14.07%,PolkCh00,Chris Polk,phi
FB,227,20.14%,0,0%,275,60.44%,HaviSt00,Stanley Havili,phi
WR,700,62.11%,0,0%,3,.66%,JackDe00,DeSean Jackson,phi
WR,975,86.51%,0,0%,3,.66%,MaclJe00,Jeremy Maclin,phi
WR,656,58.21%,0,0%,85,18.68%,AvanJa00,Jason Avant,phi
WR,487,43.21%,0,0%,102,22.42%,CoopRi00,Riley Cooper,phi
WR,231,20.50%,0,0%,71,15.60%,JohnDa04,Damaris Johnson,phi
WR,14,1.24%,0,0%,22,4.84%,McNuMa00,Marvin McNutt,phi
WR,6,.53%,0,0%,52,11.43%,GilyMa00,Mardy Gilyard,phi
TE,862,76.49%,0,0%,52,11.43%,CeleBr00,Brent Celek,phi
TE,340,30.17%,0,0%,68,14.95%,HarbCl00,Clay Harbor,phi
TE,35,3.11%,0,0%,26,5.71%,IgweEm00,Emil Igwenagu,phi
TE,5,.44%,0,0%,0,0%,MoorEv00,Evan Moore,phi
T,818,72.58%,0,0%,62,13.63%,DunlKi20,King Dunlap,phi
T,529,46.94%,0,0%,25,5.49%,HerrTo20,Todd Herremans,phi
T,446,39.57%,0,0%,20,4.40%,BellDe20,Demetress Bell,phi
T,685,60.78%,0,0%,43,9.45%,KellDe00,Dennis Kelly,phi
G,1124,99.73%,0,0%,57,12.53%,MathEv20,Evan Mathis,phi
G,448,39.75%,0,0%,41,9.01%,WatkDa00,Danny Watkins,phi
G,462,40.99%,0,0%,11,2.42%,ScotJa21,Jake Scott,phi
G,991,87.93%,0,0%,61,13.41%,ReynDa01,Dallas Reynolds,phi
C,136,12.07%,0,0%,5,1.10%,KelcJa00,Jason Kelce,phi
C,0,0%,0,0%,16,3.52%,VallSt00,Steve Vallos,phi
C,1,.09%,0,0%,42,9.23%,TennMa20,Matt Tennant,phi
DE,0,0%,735,70.13%,87,19.12%,ColeTr20,Trent Cole,phi
DE,0,0%,433,41.32%,51,11.21%,BabiJa20,Jason Babin,phi
DE,0,0%,247,23.57%,110,24.18%,TappDa20,Darryl Tapp,phi
DE,0,0%,148,14.12%,111,24.40%,HuntPh00,Phillip Hunt,phi
DE,0,0%,88,8.40%,25,5.49%,CurrVi00,Vinny Curry,phi
DE,0,0%,420,40.08%,19,4.18%,GrahBr99,Brandon Graham,phi
DT,0,0%,625,59.64%,6,1.32%,JenkCu20,Cullen Jenkins,phi
DT,0,0%,484,46.18%,89,19.56%,LandDe99,Derek Landri,phi
DT,0,0%,509,48.57%,102,22.42%,CoxxFl00,Fletcher Cox,phi
DT,0,0%,395,37.69%,153,33.63%,ThorCe00,Cedric Thornton,phi
DT,0,0%,21,2.00%,0,0%,DixoAn99,Antonio Dixon,phi
DT,0,0%,133,12.69%,0,0%,PattMi20,Mike Patterson,phi
LB,0,0%,1045,99.71%,6,1.32%,RyanDe20,DeMeco Ryans,phi
LB,0,0%,927,88.45%,5,1.10%,KendMy00,Mychal Kendricks,phi
LB,0,0%,331,31.58%,279,61.32%,JordAk99,Akeem Jordan,phi
LB,0,0%,0,0%,40,8.79%,WillJa95,Jason Williams,phi
LB,0,0%,42,4.01%,301,66.15%,MattCa00,Casey Matthews,phi
LB,0,0%,231,22.04%,229,50.33%,ChanJa98,Jamar Chaney,phi
LB,0,0%,18,1.72%,44,9.67%,RollBr00,Brian Rolle,phi
LB,0,0%,0,0%,16,3.52%,MoteAd00,Adrian Moten,phi
LB,0,0%,1,.10%,60,13.19%,RauxRy00,Ryan Rau,phi
CB,0,0%,993,94.75%,99,21.76%,RodgDo99,Dominique Rodgers-Cromartie,phi
CB,0,0%,984,93.89%,4,.88%,AsomNn20,Nnamdi Asomugha,phi
CB,0,0%,508,48.47%,191,41.98%,BoykBr00,Brandon Boykin,phi
CB,0,0%,68,6.49%,296,65.05%,HughBr99,Brandon Hughes,phi
CB,0,0%,62,5.92%,249,54.73%,MarsCu01,Curtis Marsh,phi
SS,0,0%,846,80.73%,162,35.60%,AlleNa99,Nate Allen,phi
SS,0,0%,292,27.86%,215,47.25%,AndeCo01,Colt Anderson,phi
SS,0,0%,62,5.92%,188,41.32%,SimsDa01,David Sims,phi
FS,0,0%,879,83.87%,115,25.27%,ColeKu99,Kurt Coleman,phi
FS,0,0%,0,0%,25,5.49%,JarrJa00,Jaiquawn Jarrett,phi
LS,0,0%,0,0%,129,28.35%,DoreJo20,Jon Dorenbos,phi
K,0,0%,0,0%,127,27.91%,HeneAl00,Alex Henery,phi
P,0,0%,0,0%,26,5.71%,HenrCh02,Chas Henry,phi
P,0,0%,0,0%,103,22.64%,McBrMa20,Mat McBriar,phi
QB,834,78.16%,0,0%,0,0%,RoetBe00,Ben Roethlisberger,pit
QB,129,12.09%,0,0%,0,0%,BatcCh00,Charlie Batch,pit
QB,104,9.75%,0,0%,0,0%,LeftBy00,Byron Leftwich,pit
RB,380,35.61%,0,0%,19,4.21%,DwyeJo00,Jonathan Dwyer,pit
RB,309,28.96%,0,0%,1,.22%,RedmIs20,Isaac Redman,pit
RB,104,9.75%,0,0%,0,0%,MendRa00,Rashard Mendenhall,pit
RB,150,14.06%,0,0%,155,34.37%,RainCh00,Chris Rainey,pit
RB,97,9.09%,0,0%,138,30.60%,BatcBa00,Baron Batch,pit
FB,365,34.21%,0,0%,163,36.14%,JohnWi00,Will Johnson,pit
FB,0,0%,0,0%,5,1.11%,McCoJa00,Jamie McCoy,pit
WR,654,61.29%,0,0%,59,13.08%,BrowAn04,Antonio Brown,pit
WR,835,78.26%,0,0%,0,0%,WallMi00,Mike Wallace,pit
WR,722,67.67%,0,0%,41,9.09%,SandEm00,Emmanuel Sanders,pit
WR,266,24.93%,0,0%,1,.22%,CotcJe00,Jerricho Cotchery,pit
WR,24,2.25%,0,0%,27,5.99%,GilrDa00,David Gilreath,pit
WR,34,3.19%,0,0%,0,0%,BurrPl00,Plaxico Burress,pit
TE,995,93.25%,0,0%,28,6.21%,MillHe00,Heath Miller,pit
TE,80,7.50%,0,0%,139,30.82%,PopeLe00,Leonard Pope,pit
TE,313,29.33%,0,0%,283,62.75%,PaulDa01,David Paulson,pit
TE,0,0%,0,0%,2,.44%,ThomJu20,Juqua Parker,pit
T,713,66.82%,0,0%,43,9.53%,ColoWi20,Willie Colon,pit
T,1067,100.00%,0,0%,21,4.66%,StarMa21,Max Starks,pit
T,488,45.74%,0,0%,40,8.87%,AdamMi02,Mike Adams,pit
T,241,22.59%,0,0%,13,2.88%,GilbMa00,Marcus Gilbert,pit
G,31,2.91%,0,0%,4,.89%,MaleJo00,John Malecki,pit
G,1012,94.85%,0,0%,64,14.19%,FostRa21,Ramon Foster,pit
G,309,28.96%,0,0%,1,.22%,BeacKe00,Kelvin Beachum,pit
G,136,12.75%,0,0%,12,2.66%,DeCaDa00,David DeCastro,pit
C,931,87.25%,0,0%,0,0%,PounMa20,Maurkice Pouncey,pit
C,409,38.33%,0,0%,62,13.75%,LeguDo00,Doug Legursky,pit
DE,0,0%,807,81.85%,82,18.18%,HoodEv99,Evander Hood,pit
DE,0,0%,861,87.32%,82,18.18%,KeisBr20,Brett Keisel,pit
DE,0,0%,262,26.57%,207,45.90%,HeywCa01,Cameron Heyward,pit
DE,0,0%,30,3.04%,46,10.20%,WoodAl99,Al Woods,pit
NT,0,0%,495,50.20%,0,0%,HampCa00,Casey Hampton,pit
NT,0,0%,135,13.69%,100,22.17%,McLeSt00,Steve McLendon,pit
LB,0,0%,968,98.17%,89,19.73%,FootLa20,Larry Foote,pit
LB,0,0%,812,82.35%,72,15.96%,HarrJa23,James Harrison,pit
LB,0,0%,103,10.45%,108,23.95%,CartCh00,Chris Carter,pit
LB,0,0%,984,99.80%,25,5.54%,TimmLa99,Lawrence Timmons,pit
LB,0,0%,624,63.29%,56,12.42%,WoodLa99,LaMarr Woodley,pit
LB,0,0%,421,42.70%,158,35.03%,WoriJa99,Jason Worilds,pit
LB,0,0%,0,0%,20,4.43%,McFaMa00,Marshall McFadden,pit
LB,0,0%,2,.20%,252,55.88%,JohnBr20,Brandon Johnson,pit
LB,0,0%,1,.10%,185,41.02%,SylvSt99,Stevenson Sylvester,pit
LB,0,0%,0,0%,101,22.39%,RobiAd01,Adrian Robinson,pit
CB,0,0%,919,93.20%,104,23.06%,LewiKe96,Keenan Lewis,pit
CB,0,0%,646,65.52%,27,5.99%,TaylIk20,Ike Taylor,pit
CB,0,0%,543,55.07%,209,46.34%,AlleCo00,Cortez Allen,pit
CB,0,0%,80,8.11%,223,49.45%,BrowCu01,Curtis Brown,pit
SS,0,0%,387,39.25%,2,.44%,PolaTr99,Troy Polamalu,pit
SS,0,0%,423,42.90%,260,57.65%,AlleWi21,Will Allen,pit
SS,0,0%,42,4.26%,229,50.78%,GoldRo00,Robert Golden,pit
FS,0,0%,283,28.70%,308,68.29%,MundRy00,Ryan Mundy,pit
FS,4,.37%,883,89.55%,82,18.18%,ClarRy20,Ryan Clark,pit
FS,0,0%,0,0%,91,20.18%,VanDDe00,DeMarcus Van Dyke,pit
DB,0,0%,132,13.39%,56,12.42%,VictJo00,Josh Victorian,pit
DB,0,0%,0,0%,29,6.43%,CromDa00,Da'Mon Cromartie-Smith,pit
LS,0,0%,0,0%,147,32.59%,WarrGr20,Greg Warren,pit
K,0,0%,0,0%,142,31.49%,suishsha01,Shaun Suisham,pit
P,0,0%,0,0%,147,32.59%,ButlDr00,Drew Butler,pit
QB,1215,98.06%,0,0%,0,0%,BradTo00,Tom Brady,nwe
QB,24,1.94%,0,0%,0,0%,MallRy00,Ryan Mallett,nwe
RB,550,44.39%,0,0%,1,.20%,RidlSt00,Stevan Ridley,nwe
RB,98,7.91%,0,0%,165,33.81%,BoldBr00,Brandon Bolden,nwe
RB,420,33.90%,0,0%,66,13.52%,WoodDa02,Danny Woodhead,nwe
RB,0,0%,0,0%,12,2.46%,DeveJa00,James Develin,nwe
RB,161,12.99%,0,0%,38,7.79%,VereSh00,Shane Vereen,nwe
RB,9,.73%,0,0%,9,1.84%,HillLe00,Lex Hilliard,nwe
WR,1041,84.02%,0,0%,4,.82%,LloyBr00,Brandon Lloyd,nwe
WR,475,38.34%,0,0%,5,1.02%,BranDe00,Deion Branch,nwe
WR,1076,86.84%,0,0%,54,11.07%,WelkWe00,Wes Welker,nwe
WR,297,23.97%,0,0%,74,15.16%,EdelJu00,Julian Edelman,nwe
WR,42,3.39%,0,0%,289,59.22%,SlatMa00,Matthew Slater,nwe
WR,20,1.61%,0,0%,0,0%,StalDo00,Donte' Stallworth,nwe
WR,3,.24%,0,0%,5,1.02%,AikeKa00,Kamar Aiken,nwe
WR,6,.48%,0,0%,0,0%,SalaGr00,Greg Salas,nwe
TE,733,59.16%,0,0%,78,15.98%,GronRo00,Rob Gronkowski,nwe
TE,565,45.60%,0,0%,2,.41%,HernAa00,Aaron Hernandez,nwe
TE,290,23.41%,0,0%,81,16.60%,HoomMi00,Michael Hoomanawanui,nwe
TE,307,24.78%,0,0%,100,20.49%,FellDa00,Daniel Fells,nwe
TE,57,4.60%,0,0%,0,0%,ShiaVi00,Visanthe Shiancoe,nwe
TE,4,.32%,0,0%,0,0%,WinsKe01,Kellen Winslow,nwe
T,1236,99.76%,0,0%,104,21.31%,SoldNa00,Nate Solder,nwe
T,175,14.12%,0,0%,101,20.70%,CannMa00,Marcus Cannon,nwe
T,1098,88.62%,0,0%,83,17.01%,VollSe20,Sebastian Vollmer,nwe
G,745,60.13%,0,0%,49,10.04%,MankLo20,Logan Mankins,nwe
G,607,48.99%,0,0%,101,20.70%,ThomDo26,Donald Thomas,nwe
G,6,.48%,0,0%,18,3.69%,PetrMi20,Mitch Petrus,nwe
C,1233,99.52%,0,0%,147,30.12%,WendRy20,Ryan Wendell,nwe
C,890,71.83%,0,0%,60,12.30%,ConnDa21,Dan Connolly,nwe
C,246,19.85%,0,0%,69,14.14%,McDoNi00,Nick McDonald,nwe
DE,0,0%,732,66.79%,55,11.27%,JoneCh03,Chandler Jones,nwe
DE,0,0%,909,82.94%,144,29.51%,NinkRo20,Rob Ninkovich,nwe
"DE,LB",0,0%,439,40.05%,4,.82%,CunnJe99,Jermaine Cunningham,nwe
"DE,NT",0,0%,375,34.22%,63,12.91%,DeadBr99,Brandon Deaderick,nwe
DE,0,0%,249,22.72%,178,36.48%,ScotTr99,Trevor Scott,nwe
DE,0,0%,29,2.65%,0,0%,BequJa00,Jake Bequette,nwe
DT,0,0%,891,81.30%,73,14.96%,WilfVi20,Vince Wilfork,nwe
DT,0,0%,544,49.64%,72,14.75%,LoveKy00,Kyle Love,nwe
DT,0,0%,11,1.00%,0,0%,McClTe00,Terrell McClain,nwe
DT,0,0%,8,.73%,0,0%,ForsMa00,Marcus Forston,nwe
"DT,NT",0,0%,90,8.21%,22,4.51%,BracRo99,Ron Brace,nwe
DT,0,0%,191,17.43%,22,4.51%,FranJu00,Justin Francis,nwe
LB,0,0%,1050,95.80%,85,17.42%,MayoJe99,Jerod Mayo,nwe
LB,0,0%,568,51.82%,39,7.99%,HighDo01,Dont'a Hightower,nwe
LB,0,0%,724,66.06%,6,1.23%,SpikBr99,Brandon Spikes,nwe
LB,0,0%,9,.82%,318,65.16%,KoutNi20,Niko Koutouvides,nwe
LB,0,0%,19,1.73%,177,36.27%,RiveMi00,Mike Rivera,nwe
LB,0,0%,70,6.39%,198,40.57%,WhitTr20,Tracy White,nwe
LB,0,0%,6,.55%,74,15.16%,CarpBo20,Bobby Carpenter,nwe
LB,0,0%,6,.55%,48,9.84%,TarpJe00,Jeff Tarpinian,nwe
"CB,SS",0,0%,1076,98.18%,257,52.66%,McCoDe99,Devin McCourty,nwe
CB,0,0%,827,75.46%,215,44.06%,ArriKy00,Kyle Arrington,nwe
CB,0,0%,304,27.74%,17,3.48%,TaliAq99,Aqib Talib,nwe
CB,0,0%,83,7.57%,18,3.69%,DowlRa00,Ras-I Dowling,nwe
CB,0,0%,586,53.47%,0,0%,DennAl00,Alfonzo Dennard,nwe
CB,0,0%,194,17.70%,204,41.80%,ColeMa01,Marquice Cole,nwe
CB,0,0%,229,20.89%,40,8.20%,MoorSt00,Sterling Moore,nwe
SS,0,0%,531,48.45%,146,29.92%,ChunPa99,Patrick Chung,nwe
SS,0,0%,464,42.34%,238,48.77%,WilsTa00,Tavon Wilson,nwe
SS,0,0%,737,67.24%,8,1.64%,GregSt20,Steve Gregory,nwe
"FS,SS",0,0%,36,3.28%,298,61.07%,EbneNa00,Nate Ebner,nwe
SS,0,0%,69,6.30%,54,11.07%,MartDe22,Derrick Martin,nwe
DB,0,0%,0,0%,34,6.97%,WillMa01,Malcolm Williams,nwe
LS,0,0%,0,0%,164,33.61%,AikeDa00,Danny Aiken,nwe
K,0,0%,0,0%,213,43.65%,GostSt20,Stephen Gostkowski,nwe
P,0,0%,0,0%,166,34.02%,MeskZo99,Zoltan Mesko,nwe
QB,938,90.80%,0,0%,0,0%,GrifRo01,Robert Griffin III,was
QB,95,9.20%,0,0%,0,0%,CousKi00,Kirk Cousins,was
RB,727,70.38%,0,0%,0,0%,MorrAl00,Alfred Morris,was
RB,44,4.26%,0,0%,0,0%,HeluRo00,Roy Helu,was
RB,226,21.88%,0,0%,29,6.18%,RoysEv00,Evan Royster,was
RB,0,0%,0,0%,57,12.15%,WillKe03,Keiland Williams,was
RB,1,.10%,0,0%,0,0%,GranRy00,Ryan Grant,was
FB,323,31.27%,0,0%,176,37.53%,YounDa01,Darrel Young,was
WR,218,21.10%,0,0%,28,5.97%,RobiAl00,Aldrick Robinson,was
WR,709,68.64%,0,0%,4,.85%,MorgJo00,Josh Morgan,was
WR,454,43.95%,0,0%,4,.85%,MossSa00,Santana Moss,was
WR,58,5.61%,0,0%,113,24.09%,BankBr00,Brandon Banks,was
WR,47,4.55%,0,0%,9,1.92%,BrisDe00,Dezmon Briscoe,was
WR,573,55.47%,0,0%,4,.85%,HankLe00,Leonard Hankerson,was
WR,395,38.24%,0,0%,2,.43%,GarcPi00,Pierre Garcon,was
TE,403,39.01%,0,0%,2,.43%,DaviFr01,Fred Davis,was
TE,224,21.68%,0,0%,319,68.02%,PaulNi00,Niles Paul,was
TE,675,65.34%,0,0%,160,34.12%,PaulLo00,Logan Paulsen,was
TE,88,8.52%,0,0%,29,6.18%,CoolCh00,Chris Cooley,was
T,970,93.90%,0,0%,73,15.57%,WillTr21,Trent Williams,was
T,937,90.71%,0,0%,0,0%,PoluTy20,Tyler Polumbus,was
T,59,5.71%,0,0%,67,14.29%,HurtMa00,Maurice Hurt,was
T,106,10.26%,0,0%,63,13.43%,BlacJo20,Jordan Black,was
G,1033,100.00%,0,0%,82,17.48%,ChesCh21,Chris Chester,was
G,1012,97.97%,0,0%,0,0%,LichKo20,Kory Lichtensteiger,was
G,21,2.03%,0,0%,25,5.33%,LeRiJo00,Josh LeRibeus,was
C,1027,99.42%,0,0%,82,17.48%,MontWi20,Will Montgomery,was
DE,0,0%,776,72.25%,58,12.37%,BoweSt20,Stephen Bowen,was
DE,0,0%,43,4.00%,12,2.56%,CarrAd99,Adam Carriker,was
DE,0,0%,358,33.33%,175,37.31%,GolsKe20,Kedric Golston,was
DE,0,0%,544,50.65%,62,13.22%,JenkJa01,Jarvis Jenkins,was
DE,0,0%,19,1.77%,32,6.82%,AddiMa00,Mario Addison,was
DE,0,0%,38,3.54%,0,0%,WortDo99,Doug Worthington,was
NT,0,0%,720,67.04%,67,14.29%,CofiBa20,Barry Cofield,was
NT,0,0%,198,18.44%,44,9.38%,BakeCh99,Chris Baker,was
LB,0,0%,1058,98.51%,237,50.53%,RilePe00,Perry Riley,was
LB,0,0%,1065,99.16%,68,14.50%,KerrRy00,Ryan Kerrigan,was
LB,0,0%,1008,93.85%,63,13.43%,FletLo20,London Fletcher,was
LB,0,0%,83,7.73%,4,.85%,OrakBr99,Brian Orakpo,was
LB,0,0%,98,9.12%,265,56.50%,WilsCh99,Chris Wilson,was
LB,0,0%,300,27.93%,300,63.97%,AlexLo99,Lorenzo Alexander,was
LB,0,0%,584,54.38%,219,46.70%,JackRo99,Rob Jackson,was
LB,0,0%,15,1.40%,4,.85%,WhitMa01,Markus White,was
LB,0,0%,0,0%,82,17.48%,KehlBr99,Bryan Kehl,was
LB,0,0%,68,6.33%,168,35.82%,RobiKe01,Keenan Robinson,was
CB,0,0%,1045,97.30%,153,32.62%,HallDe99,DeAngelo Hall,was
CB,0,0%,1028,95.72%,92,19.62%,WilsJo99,Josh Wilson,was
CB,0,0%,353,32.87%,52,11.09%,GrifCe20,Cedric Griffin,was
CB,0,0%,61,5.68%,93,19.83%,JohnDo99,D.J. Johnson,was
CB,0,0%,44,4.10%,88,18.76%,JoneDa99,David Jones,was
CB,0,0%,198,18.44%,56,11.94%,CrawRi00,Richard Crawford,was
CB,0,0%,3,.28%,66,14.07%,MurpJe99,Jerome Murphy,was
CB,0,0%,2,.19%,12,2.56%,ButlCr99,Crezdon Butler,was
SS,0,0%,41,3.82%,1,.21%,MeriBr99,Brandon Meriweather,was
SS,0,0%,383,35.66%,334,71.22%,DougRe20,Reed Doughty,was
SS,0,0%,0,0%,15,3.20%,BernJo00,Jordan Bernstine,was
FS,0,0%,385,35.85%,279,59.49%,GomeDe00,DeJon Gomes,was
FS,0,0%,1025,95.44%,95,20.26%,WillMa20,Madieu Williams,was
FS,0,0%,271,25.23%,145,30.92%,PughJo99,Jordan Pugh,was
LS,0,0%,0,0%,82,17.48%,SundNi00,Nick Sundberg,was
LS,0,0%,0,0%,74,15.78%,SnowJu00,Justin Snow,was
K,0,0%,0,0%,58,12.37%,cundibil01,Billy Cundiff,was
K,0,0%,0,0%,116,24.73%,ForbKa00,Kai Forbath,was
P,0,0%,0,0%,156,33.26%,RoccSa20,Saverio Rocca,was
QB,981,94.69%,0,0%,0,0%,TannRy00,Ryan Tannehill,mia
QB,55,5.31%,0,0%,0,0%,MoorMa01,Matt Moore,mia
RB,573,55.31%,0,0%,0,0%,BushRe00,Reggie Bush,mia
RB,143,13.80%,0,0%,39,8.71%,MillLa01,Lamar Miller,mia
RB,323,31.18%,0,0%,89,19.87%,ThomDa03,Daniel Thomas,mia
RB,31,2.99%,0,0%,159,35.49%,ThigMa00,Marcus Thigpen,mia
FB,306,29.54%,0,0%,69,15.40%,LaneJo00,Jorvorskie Lane,mia
WR,741,71.53%,0,0%,41,9.15%,BessDa00,Davone Bess,mia
WR,894,86.29%,0,0%,6,1.34%,HartBr00,Brian Hartline,mia
WR,69,6.66%,0,0%,12,2.68%,ArmsAn00,Anthony Armstrong,mia
WR,121,11.68%,0,0%,46,10.27%,NaanLe00,Legedu Naanee,mia
WR,195,18.82%,0,0%,210,46.88%,MoorMa02,Marlon Moore,mia
WR,90,8.69%,0,0%,0,0%,GaffJa00,Jabar Gaffney,mia
WR,96,9.27%,0,0%,0,0%,BinnAr00,Armon Binns,mia
WR,231,22.30%,0,0%,28,6.25%,MattRi00,Rishard Matthews,mia
TE,900,86.87%,0,0%,5,1.12%,FasaAn00,Anthony Fasano,mia
TE,332,32.05%,0,0%,24,5.36%,ClayCh00,Charles Clay,mia
TE,100,9.65%,0,0%,107,23.88%,MastJe20,Jeron Mastrud,mia
TE,25,2.41%,0,0%,0,0%,EgneMi00,Michael Egnew,mia
T,1032,99.61%,0,0%,62,13.84%,MartJo01,Jonathan Martin,mia
T,730,70.46%,0,0%,0,0%,LongJa20,Jake Long,mia
T,1,.10%,0,0%,15,3.35%,YeatWi00,Will Yeatman,mia
G,1027,99.13%,0,0%,62,13.84%,IncoRi20,Richie Incognito,mia
G,1034,99.81%,0,0%,62,13.84%,JerrJo20,John Jerry,mia
G,325,31.37%,0,0%,87,19.42%,GarnNa20,Nate Garner,mia
G,9,.87%,0,0%,69,15.40%,SamuJo00,Josh Samuda,mia
C,1032,99.61%,0,0%,0,0%,PounMi00,Mike Pouncey,mia
DE,0,0%,932,83.07%,92,20.54%,OdriJa99,Jared Odrick,mia
DE,0,0%,914,81.46%,27,6.03%,WakeCa00,Cameron Wake,mia
DE,0,0%,431,38.41%,271,60.49%,VernOl00,Olivier Vernon,mia
DE,0,0%,219,19.52%,16,3.57%,ShelDe00,Derrick Shelby,mia
DT,0,0%,616,54.90%,107,23.88%,SoliPa99,Paul Soliai,mia
DT,0,0%,810,72.19%,86,19.20%,StarRa20,Randy Starks,mia
DT,0,0%,248,22.10%,16,3.57%,McDaTo20,Tony McDaniel,mia
DT,0,0%,145,12.92%,27,6.03%,RandKh00,Kheeston Randall,mia
DT,0,0%,14,1.25%,2,.45%,FlueAn99,Andre Fluellen,mia
DT,0,0%,3,.27%,1,.22%,BakeRy00,Ryan Baker,mia
LB,0,0%,1073,95.63%,95,21.21%,BurnKe20,Kevin Burnett,mia
LB,0,0%,1101,98.13%,27,6.03%,DansKa20,Karlos Dansby,mia
LB,0,0%,550,49.02%,68,15.18%,MisiKo99,Koa Misi,mia
LB,0,0%,112,9.98%,412,91.96%,TrusJa99,Jason Trusnik,mia
LB,0,0%,10,.89%,305,68.08%,SpitAu99,Austin Spitler,mia
LB,0,0%,0,0%,18,4.02%,RiveMi00,Mike Rivera,mia
LB,0,0%,38,3.39%,265,59.15%,FreeJo01,Jonathan Freeny,mia
LB,0,0%,11,.98%,19,4.24%,KaddJo00,Josh Kaddu,mia
CB,0,0%,237,21.12%,18,4.02%,MarsRi20,Richard Marshall,mia
CB,0,0%,88,7.84%,1,.22%,PattDi20,Dimitri Patterson,mia
CB,0,0%,1046,93.23%,25,5.58%,SmitSe99,Sean Smith,mia
CB,0,0%,641,57.13%,182,40.63%,CarrNo00,Nolan Carroll,mia
CB,0,0%,141,12.57%,67,14.96%,McCaBr01,Bryan McCann,mia
CB,0,0%,0,0%,7,1.56%,CoexMi99,Michael Coe,mia
CB,0,0%,144,12.83%,203,45.31%,StanR.00,R.J. Stanford,mia
SS,0,0%,4,.36%,237,52.90%,AmayJo00,Jonathon Amaya,mia
SS,0,0%,6,.53%,57,12.72%,CulvTy20,Tyrone Culver,mia
FS,0,0%,1097,97.77%,177,39.51%,ClemCh97,Chris Clemons,mia
FS,0,0%,1117,99.55%,93,20.76%,JoneRe99,Reshad Jones,mia
FS,0,0%,589,52.50%,275,61.38%,WilsJi00,Jimmy Wilson,mia
FS,0,0%,3,.27%,54,12.05%,NolaTr99,Troy Nolan,mia
DB,0,0%,0,0%,33,7.37%,RussAn01,Anderson Russell,mia
DB,0,0%,0,0%,12,2.68%,PoseJu00,Julian Posey,mia
DB,0,0%,0,0%,23,5.13%,PresDe00,De'Andre Presley,mia
LS,0,0%,0,0%,141,31.47%,DennJo20,John Denney,mia
K,0,0%,0,0%,13,2.90%,kaedinat01,Nate Kaeding,mia
K,0,0%,0,0%,121,27.01%,CarpDa44,Dan Carpenter,mia
P,0,0%,0,0%,142,31.70%,FielBr20,Brandon Fields,mia
QB,1032,99.71%,0,0%,0,0%,PondCh00,Christian Ponder,min
QB,3,.29%,0,0%,0,0%,WebbJo00,Joe Webb,min
RB,771,74.49%,0,0%,0,0%,PeteAd01,Adrian Peterson,min
RB,240,23.19%,0,0%,0,0%,GerhTo00,Toby Gerhart,min
RB,22,2.13%,1,.09%,176,38.60%,AsiaMa00,Matt Asiata,min
FB,395,38.16%,0,0%,61,13.38%,FeltJe00,Jerome Felton,min
WR,420,40.58%,0,0%,44,9.65%,HarvPe00,Percy Harvin,min
WR,453,43.77%,0,0%,0,0%,SimpJe00,Jerome Simpson,min
WR,707,68.31%,0,0%,5,1.10%,JenkMi00,Michael Jenkins,min
WR,206,19.90%,0,0%,0,0%,WrigJa02,Jarius Wright,min
WR,336,32.46%,0,0%,14,3.07%,AromDe00,Devin Aromashodu,min
WR,167,16.14%,0,0%,12,2.63%,BurtSt00,Stephen Burton,min
TE,950,91.79%,0,0%,15,3.29%,RudoKy00,Kyle Rudolph,min
TE,247,23.86%,1,.09%,354,77.63%,ElliRh00,Rhett Ellison,min
TE,249,24.06%,0,0%,30,6.58%,CarlJo00,John Carlson,min
TE,8,.77%,0,0%,17,3.73%,ReisAl00,Allen Reisner,min
T,1035,100.00%,0,0%,140,30.70%,KaliMa00,Matt Kalil,min
T,1035,100.00%,0,0%,74,16.23%,LoadPh20,Phil Loadholt,min
G,882,85.22%,0,0%,74,16.23%,FuscBr00,Brandon Fusco,min
G,1032,99.71%,0,0%,16,3.51%,JohnCh23,Charlie Johnson,min
G,157,15.17%,0,0%,58,12.72%,SchwGe20,Geoff Schwartz,min
C,1035,100.00%,0,0%,74,16.23%,SullJo24,John Sullivan,min
C,3,.29%,0,0%,145,31.80%,BergJo20,Joe Berger,min
DE,0,0%,1049,92.59%,65,14.25%,AlleJa22,Jared Allen,min
DE,0,0%,858,75.73%,63,13.82%,RobiBr98,Brian Robison,min
DE,0,0%,607,53.57%,137,30.04%,GrifEv99,Everson Griffen,min
DE,0,0%,21,1.85%,18,3.95%,ReedD'00,D'Aundre Reed,min
DE,0,0%,8,.71%,8,1.75%,JohnGe00,George Johnson,min
DT,0,0%,808,71.32%,60,13.16%,WillKe98,Kevin Williams,min
DT,0,0%,489,43.16%,63,13.82%,GuioLe99,Letroy Guion,min
DT,0,0%,379,33.45%,205,44.96%,BallCh00,Christian Ballard,min
DT,0,0%,335,29.57%,88,19.30%,EvanFr21,Fred Evans,min
LB,0,0%,677,59.75%,15,3.29%,HendEr99,Erin Henderson,min
LB,0,0%,1124,99.21%,75,16.45%,GreeCh99,Chad Greenway,min
LB,0,0%,847,74.76%,55,12.06%,BrinJa99,Jasper Brinkley,min
LB,0,0%,45,3.97%,178,39.04%,MitcMa99,Marvin Mitchell,min
LB,0,0%,9,.79%,313,68.64%,DeanLa00,Larry Dean,min
LB,0,0%,6,.53%,300,65.79%,McKeTy99,Tyrone McKenzie,min
LB,0,0%,1,.09%,69,15.13%,ColeAu00,Audie Cole,min
CB,0,0%,611,53.93%,63,13.82%,CookCh99,Chris Cook,min
CB,0,0%,1026,90.56%,58,12.72%,WinfAn20,Antoine Winfield,min
CB,0,0%,637,56.22%,170,37.28%,RobiJo01,Josh Robinson,min
CB,0,0%,6,.53%,50,10.96%,BurtBr00,Brandon Burton,min
CB,0,0%,75,6.62%,241,52.85%,SherMa20,Marcus Sherels,min
CB,0,0%,582,51.37%,122,26.75%,JeffA.00,A.J. Jefferson,min
SS,0,0%,377,33.27%,72,15.79%,RaymMi00,Mistral Raymond,min
SS,0,0%,56,4.94%,233,51.10%,BlanRo00,Robert Blanton,min
FS,0,0%,1038,91.62%,132,28.95%,SmitHa00,Harrison Smith,min
FS,0,0%,787,69.46%,154,33.77%,SanfJa99,Jamarca Sanford,min
FS,0,0%,3,.26%,245,53.73%,SendAn00,Andrew Sendejo,min
LS,0,0%,0,0%,146,32.02%,LoefCu20,Cullen Loeffler,min
K,0,0%,0,0%,160,35.09%,WalsBl00,Blair Walsh,min
P,0,0%,0,0%,146,32.02%,KluwCh20,Chris Kluwe,min
QB,1094,98.83%,0,0%,0,0%,BreeDr00,Drew Brees,nor
QB,13,1.17%,0,0%,82,16.40%,DaniCh00,Chase Daniel,nor
RB,444,40.11%,0,0%,111,22.20%,SproDa00,Darren Sproles,nor
RB,384,34.69%,0,0%,94,18.80%,ThomPi00,Pierre Thomas,nor
RB,28,2.53%,0,0%,185,37.00%,CadeTr00,Travaris Cadet,nor
RB,67,6.05%,0,0%,1,.20%,IvorCh00,Chris Ivory,nor
RB,266,24.03%,0,0%,38,7.60%,IngrMa01,Mark Ingram,nor
FB,324,29.27%,0,0%,135,27.00%,CollJe01,Jed Collins,nor
WR,831,75.07%,0,0%,6,1.20%,ColsMa00,Marques Colston,nor
WR,608,54.92%,0,0%,13,2.60%,MoorLa00,Lance Moore,nor
WR,382,34.51%,0,0%,0,0%,MorgJo01,Joe Morgan,nor
WR,702,63.41%,0,0%,0,0%,HendDe00,Devery Henderson,nor
WR,59,5.33%,0,0%,196,39.20%,RobyCo00,Courtney Roby,nor
WR,43,3.88%,0,0%,13,2.60%,CamaGr00,Greg Camarillo,nor
TE,695,62.78%,0,0%,65,13.00%,GrahJi00,Jimmy Graham,nor
TE,381,34.42%,0,0%,100,20.00%,ThomDa02,David Thomas,nor
TE,21,1.90%,0,0%,16,3.20%,HiggMi00,Michael Higgins,nor
TE,103,9.30%,0,0%,19,3.80%,GrahDa00,Daniel Graham,nor
T,786,71.00%,0,0%,54,10.80%,StriZa20,Zach Strief,nor
T,1103,99.64%,0,0%,81,16.20%,BushJe20,Jermon Bushrod,nor
T,178,16.08%,0,0%,25,5.00%,RobiWi20,William Robinson,nor
T,45,4.07%,0,0%,6,1.20%,HarrBr01,Bryce Harris,nor
T,120,10.84%,0,0%,92,18.40%,BrowCh28,Charles Brown,nor
G,1105,99.82%,0,0%,82,16.40%,EvanJa21,Jahri Evans,nor
G,1107,100.00%,0,0%,82,16.40%,GrubBe20,Ben Grubbs,nor
G,174,15.72%,0,0%,158,31.60%,OlseEr20,Eric Olsen,nor
G,0,0%,0,0%,1,.20%,HenrRi00,Ricky Henry,nor
C,1107,100.00%,0,0%,40,8.00%,DeLaBr00,Brian De La Puente,nor
DE,0,0%,1038,91.29%,87,17.40%,JordCa00,Cameron Jordan,nor
DE,0,0%,986,86.72%,86,17.20%,SmitWi99,Will Smith,nor
DE,0,0%,298,26.21%,165,33.00%,GaleJu00,Junior Galette,nor
DE,0,0%,270,23.75%,296,59.20%,WilsMa01,Martez Wilson,nor
DE,0,0%,140,12.31%,52,10.40%,McBrTu99,Turk McBride,nor
DT,0,0%,709,62.36%,64,12.80%,ElliSe99,Sedrick Ellis,nor
DT,0,0%,365,32.10%,40,8.00%,BunkBr20,Brodrick Bunkley,nor
DT,0,0%,372,32.72%,132,26.40%,HickAk00,Akiem Hicks,nor
DT,0,0%,419,36.85%,1,.20%,JohnTo01,Tom Johnson,nor
LB,0,0%,1121,98.59%,37,7.40%,LoftCu99,Curtis Lofton,nor
LB,0,0%,320,28.14%,9,1.80%,HawtDa20,David Hawthorne,nor
LB,0,0%,102,8.97%,389,77.80%,HerrWi99,Will Herring,nor
LB,0,0%,249,21.90%,300,60.00%,CasiJo99,Jonathan Casillas,nor
LB,0,0%,406,35.71%,51,10.20%,VilmJo99,Jonathan Vilma,nor
LB,0,0%,0,0%,250,50.00%,HumbRa00,Ramon Humber,nor
LB,0,0%,219,19.26%,25,5.00%,ShanSc20,Scott Shanle,nor
LB,0,0%,0,0%,26,5.20%,RuudBa20,Barrett Ruud,nor
CB,0,0%,1093,96.13%,104,20.80%,RobiPa99,Patrick Robinson,nor
CB,0,0%,519,45.65%,113,22.60%,WhitCo01,Corey White,nor
CB,0,0%,29,2.55%,32,6.40%,MurpJe99,Jerome Murphy,nor
CB,0,0%,818,71.94%,3,.60%,GreeJa22,Jabari Greer,nor
CB,0,0%,215,18.91%,153,30.60%,PatrJo00,Johnny Patrick,nor
CB,0,0%,254,22.34%,82,16.40%,MackEl20,Elbert Mack,nor
SS,7,.63%,1097,96.48%,21,4.20%,HarpRo21,Roman Harper,nor
SS,0,0%,122,10.73%,346,69.20%,BushRa00,Rafael Bush,nor
FS,0,0%,873,76.78%,130,26.00%,JenkMa99,Malcolm Jenkins,nor
FS,0,0%,473,41.60%,340,68.00%,AbduIs00,Isa Abdul-Quddus,nor
DB,0,0%,0,0%,62,12.40%,NelsJe00,Jerico Nelson,nor
DB,0,0%,0,0%,2,.40%,DaviA.00,A.J. Davis,nor
LS,0,0%,0,0%,157,31.40%,DresJu20,Justin Drescher,nor
K,0,0%,0,0%,84,16.80%,HartGa00,Garrett Hartley,nor
P,0,0%,0,0%,166,33.20%,MorsTh00,Thomas Morstead,nor
