pos,offense,off_pct,defense,def_pct,special_teams,st_pct,player_id,player_name,team
QB,1081,99.72%,0,0%,0,0%,PalmCa00,Carson Palmer,crd
RB,131,12.08%,0,0%,229,48.52%,SmitAl22,Alfonso Smith,crd
RB,459,42.34%,0,0%,0,0%,MendRa00,Rashard Mendenhall,crd
RB,405,37.36%,0,0%,5,1.06%,ElliAn00,Andre Ellington,crd
RB,131,12.08%,0,0%,138,29.24%,TaylSt00,Stepfan Taylor,crd
WR,998,92.07%,0,0%,4,.85%,FitzLa00,Larry Fitzgerald,crd
WR,930,85.79%,0,0%,4,.85%,FloyMi00,Michael Floyd,crd
WR,605,55.81%,0,0%,1,.21%,RobeAn00,Andre Roberts,crd
WR,155,14.30%,0,0%,234,49.58%,BrowJa03,Jaron Brown,crd
WR,17,1.57%,0,0%,24,5.08%,TaylKe00,Kerry Taylor,crd
WR,46,4.24%,0,0%,4,.85%,GoldBr00,Brittan Golden,crd
WR,5,.46%,0,0%,48,10.17%,WillTe00,Teddy Williams,crd
TE,686,63.28%,0,0%,125,26.48%,DrayJi00,Jim Dray,crd
TE,520,47.97%,0,0%,19,4.03%,HousRo01,Rob Housler,crd
TE,51,4.70%,0,0%,121,25.64%,SperKo00,Kory Sperry,crd
TE,167,15.41%,0,0%,44,9.32%,BallJa21,Jake Ballard,crd
TE,16,1.48%,0,0%,33,6.99%,JeffD.00,D.C. Jefferson,crd
T,1063,98.06%,0,0%,73,15.47%,WinsEr20,Eric Winston,crd
T,262,24.17%,0,0%,14,2.97%,BrowLe20,Levi Brown,crd
T,56,5.17%,0,0%,0,0%,MassBo00,Bobby Massie,crd
T,825,76.11%,0,0%,73,15.47%,SoweBr00,Bradley Sowell,crd
T,79,7.29%,0,0%,50,10.59%,PottNa00,Nate Potter,crd
G,1084,100.00%,0,0%,73,15.47%,FanaPa20,Paul Fanaika,crd
G,1027,94.74%,0,0%,9,1.91%,CollDa20,Daryn Colledge,crd
C,1084,100.00%,0,0%,0,0%,SendLy20,Lyle Sendlein,crd
C,0,0%,0,0%,101,21.40%,GibsMi20,Mike Gibson,crd
DE,0,0%,963,89.00%,159,33.69%,CampCa99,Calais Campbell,crd
DE,0,0%,75,6.93%,34,7.20%,TallRo00,Ronald Talley,crd
DT,0,0%,865,79.94%,74,15.68%,DockDa20,Darnell Dockett,crd
DT,0,0%,356,32.90%,136,28.81%,RuckFr99,Frostee Rucker,crd
NT,3,.28%,225,20.79%,34,7.20%,Ta'aAl00,Alameda Ta'amu,crd
NT,0,0%,286,26.43%,37,7.84%,WillDa99,Dan Williams,crd
LB,0,0%,1078,99.63%,84,17.80%,DansKa20,Karlos Dansby,crd
LB,0,0%,203,18.76%,126,26.69%,BrinJa99,Jasper Brinkley,crd
LB,0,0%,798,73.75%,41,8.69%,WashDa99,Daryl Washington,crd
LB,0,0%,77,7.12%,41,8.69%,AlexLo99,Lorenzo Alexander,crd
LB,0,0%,102,9.43%,59,12.50%,AchoSa00,Sam Acho,crd
LB,0,0%,63,5.82%,56,11.86%,MochDo00,Dontay Moch,crd
LB,0,0%,717,66.27%,150,31.78%,ShauMa99,Matt Shaughnessy,crd
LB,0,0%,5,.46%,20,4.24%,OkafAl00,Alex Okafor,crd
LB,0,0%,862,79.67%,63,13.35%,AbraJo00,John Abraham,crd
LB,0,0%,6,.55%,19,4.03%,DemeKe00,Kenny Demens,crd
LB,0,0%,180,16.64%,218,46.19%,BenaMa00,Marcus Benard,crd
LB,0,0%,1,.09%,207,43.86%,MintKe00,Kevin Minter,crd
LB,0,0%,0,0%,5,1.06%,SootVi00,Vic So'oto,crd
CB,38,3.51%,1074,99.26%,158,33.47%,PetePa00,Patrick Peterson,crd
CB,0,0%,1031,95.29%,70,14.83%,PoweJe99,Jerraud Powers,crd
CB,0,0%,0,0%,320,67.80%,BethJu00,Justin Bethel,crd
CB,0,0%,0,0%,110,23.31%,McCaBr01,Bryan McCann,crd
CB,0,0%,102,9.43%,250,52.97%,ArenJa99,Javier Arenas,crd
CB,0,0%,164,15.16%,181,38.35%,CasoAn99,Antoine Cason,crd
SS,0,0%,1070,98.89%,167,35.38%,BellYe20,Yeremiah Bell,crd
SS,0,0%,0,0%,13,2.75%,TaylCu99,Curtis Taylor,crd
SS,0,0%,198,18.30%,208,44.07%,JeffTo00,Tony Jefferson,crd
FS,0,0%,621,57.39%,130,27.54%,JohnRa98,Rashad Johnson,crd
FS,0,0%,779,72.00%,126,26.69%,MathTy00,Tyrann Mathieu,crd
LS,0,0%,0,0%,152,32.20%,LeacMi00,Mike Leach,crd
K,0,0%,0,0%,159,33.69%,feelyjay01,Jay Feely,crd
P,0,0%,0,0%,153,32.42%,ZastDa20,Dave Zastudil,crd
QB,1065,98.89%,0,0%,0,0%,RyanMa00,Matt Ryan,atl
QB,12,1.11%,0,0%,0,0%,DaviDo02,Dominique Davis,atl
RB,417,38.72%,0,0%,0,0%,JackSt00,Steven Jackson,atl
RB,192,17.83%,0,0%,182,39.91%,DiMaPa00,Patrick DiMarco,atl
RB,435,40.39%,0,0%,151,33.11%,RodgJa00,Jacquizz Rodgers,atl
RB,226,20.98%,0,0%,110,24.12%,SnelJa00,Jason Snelling,atl
RB,5,.46%,0,0%,56,12.28%,VaugJo01,Josh Vaughan,atl
RB,25,2.32%,0,0%,240,52.63%,SmitAn01,Antone Smith,atl
FB,14,1.30%,0,0%,13,2.85%,EwinBr00,Bradie Ewing,atl
WR,295,27.39%,0,0%,1,.22%,JoneJu02,Julio Jones,atl
WR,926,85.98%,0,0%,22,4.82%,DougHa00,Harry Douglas,atl
WR,782,72.61%,0,0%,2,.44%,WhitRo00,Roddy White,atl
WR,401,37.23%,0,0%,16,3.51%,JohnDa06,Darius Johnson,atl
WR,342,31.75%,0,0%,200,43.86%,DaviDr00,Drew Davis,atl
WR,30,2.79%,0,0%,282,61.84%,ConeKe00,Kevin Cone,atl
WR,2,.19%,0,0%,11,2.41%,RobiBr00,Brian Robiskie,atl
TE,1003,93.13%,0,0%,0,0%,GonzTo00,Tony Gonzalez,atl
TE,192,17.83%,0,0%,131,28.73%,ToilLe00,Levine Toilolo,atl
TE,28,2.60%,0,0%,33,7.24%,CoffCh00,Chase Coffman,atl
T,189,17.55%,0,0%,11,2.41%,BakeSa21,Sam Baker,atl
T,1052,97.68%,0,0%,66,14.47%,HolmLa00,Lamar Holmes,atl
T,306,28.41%,0,0%,82,17.98%,SchrRy00,Ryan Schraeder,atl
T,628,58.31%,0,0%,63,13.82%,TrueJe20,Jeremy Trueblood,atl
G,682,63.32%,0,0%,68,14.91%,ReynGa20,Garrett Reynolds,atl
G,1077,100.00%,0,0%,66,14.47%,BlalJu20,Justin Blalock,atl
G,93,8.64%,0,0%,8,1.75%,GunnHa00,Harland Gunn,atl
C,889,82.54%,0,0%,5,1.10%,KonzPe00,Peter Konz,atl
C,539,50.05%,0,0%,112,24.56%,HawlJo20,Joe Hawley,atl
DE,0,0%,99,9.51%,13,2.85%,BierKr99,Kroy Biermann,atl
DE,0,0%,727,69.84%,6,1.32%,UmenOs99,Osi Umenyiora,atl
DE,0,0%,169,16.23%,193,42.32%,MattCl01,Cliff Matthews,atl
DE,0,0%,526,50.53%,66,14.47%,MassJo00,Jonathan Massaquoi,atl
DE,0,0%,302,29.01%,40,8.77%,GoodMa01,Malliciah Goodman,atl
DE,0,0%,126,12.10%,67,14.69%,MapoSt00,Stansly Maponga,atl
DT,0,0%,901,86.55%,153,33.55%,BabiJo20,Jonathan Babineaux,atl
DT,0,0%,654,62.82%,129,28.29%,PeteCo00,Corey Peters,atl
DT,0,0%,662,63.59%,87,19.08%,JerrPe99,Peria Jerry,atl
DT,0,0%,79,7.59%,2,.44%,RobeTr00,Travian Robertson,atl
LB,0,0%,391,37.56%,30,6.58%,WeatSe99,Sean Weatherspoon,atl
LB,0,0%,363,34.87%,194,42.54%,DentAk00,Akeem Dent,atl
LB,0,0%,33,3.17%,79,17.32%,GaitOm20,Omar Gaither,atl
LB,0,0%,771,74.06%,125,27.41%,WorrPa00,Paul Worrilow,atl
LB,0,0%,0,0%,14,3.07%,ChanJa98,Jamar Chaney,atl
LB,0,0%,0,0%,24,5.26%,HowaTh20,Thomas Howard,atl
LB,0,0%,130,12.49%,176,38.60%,NichSt99,Stephen Nicholas,atl
LB,0,0%,770,73.97%,157,34.43%,BartJo01,Joplo Bartu,atl
CB,0,0%,575,55.24%,241,52.85%,McClRo98,Robert McClain,atl
CB,0,0%,1000,96.06%,6,1.32%,TrufDe00,Desmond Trufant,atl
CB,0,0%,569,54.66%,215,47.15%,AlfoRo00,Robert Alford,atl
CB,0,0%,498,47.84%,0,0%,SamuAs20,Asante Samuel,atl
CB,0,0%,12,1.15%,76,16.67%,FranDo99,Dominique Franks,atl
SS,0,0%,1041,100.00%,88,19.30%,MoorWi99,William Moore,atl
SS,0,0%,153,14.70%,158,34.65%,MottZe00,Zeke Motta,atl
FS,0,0%,889,85.40%,191,41.89%,DeCoTh99,Thomas DeCoud,atl
FS,0,0%,7,.67%,88,19.30%,SchiSh99,Shann Schillinger,atl
FS,0,0%,3,.29%,47,10.31%,IshmKe00,Kemal Ishmael,atl
LS,0,0%,0,0%,137,30.04%,HarrJo02,Josh Harris,atl
K,0,0%,0,0%,66,14.47%,bryanmat01,Matt Bryant,atl
P,0,0%,0,0%,216,47.37%,BoshMa00,Matthew Bosher,atl
QB,1128,99.30%,0,0%,0,0%,FlacJo00,Joe Flacco,rav
QB,21,1.85%,0,0%,0,0%,TaylTy00,Tyrod Taylor,rav
RB,703,61.88%,0,0%,0,0%,RiceRa00,Ray Rice,rav
RB,398,35.04%,0,0%,10,2.03%,PierBe00,Bernard Pierce,rav
RB,9,.79%,0,0%,16,3.25%,DrauSh00,Shaun Draughn,rav
RB,13,1.14%,0,0%,0,0%,ScotBe00,Bernard Scott,rav
FB,4,.35%,0,0%,373,75.81%,JuszKy00,Kyle Juszczyk,rav
FB,224,19.72%,0,0%,80,16.26%,LeacVo00,Vonta Leach,rav
WR,1098,96.65%,0,0%,0,0%,SmitTo02,Torrey Smith,rav
WR,790,69.54%,0,0%,7,1.42%,BrowMa00,Marlon Brown,rav
WR,115,10.12%,0,0%,0,0%,StokBr00,Brandon Stokley,rav
WR,154,13.56%,0,0%,19,3.86%,ThomDe04,Deonte Thompson,rav
WR,297,26.14%,0,0%,96,19.51%,DossTa00,Tandon Doss,rav
WR,549,48.33%,0,0%,89,18.09%,JoneJa03,Jacoby Jones,rav
TE,368,32.39%,0,0%,1,.20%,ClarDa00,Dallas Clark,rav
TE,630,55.46%,0,0%,241,48.98%,DickEd00,Ed Dickson,rav
TE,158,13.91%,0,0%,0,0%,PittDe00,Dennis Pitta,rav
TE,65,5.72%,0,0%,90,18.29%,BajeBi00,Billy Bajema,rav
T,366,32.22%,0,0%,25,5.08%,McKiBr21,Bryant McKinnie,rav
T,770,67.78%,0,0%,42,8.54%,MonrEu20,Eugene Monroe,rav
T,131,11.53%,0,0%,67,13.62%,WagnRi00,Ricky Wagner,rav
T,1080,95.07%,0,0%,63,12.80%,OherMi20,Michael Oher,rav
G,423,37.24%,0,0%,26,5.28%,OsemKe00,Kelechi Osemele,rav
G,1136,100.00%,0,0%,67,13.62%,YandMa20,Marshal Yanda,rav
G,22,1.94%,0,0%,41,8.33%,ReidJa00,Jah Reid,rav
C,1136,100.00%,0,0%,26,5.28%,GradGi00,Gino Gradkowski,rav
C,706,62.15%,0,0%,74,15.04%,ShipA.20,A.Q. Shipley,rav
DE,0,0%,565,52.51%,72,14.63%,CantCh21,Chris Canty,rav
DE,0,0%,142,13.20%,10,2.03%,SpeaMa21,Marcus Spears,rav
DE,0,0%,149,13.85%,62,12.60%,TysoDe00,DeAngelo Tyson,rav
DT,0,0%,521,48.42%,54,10.98%,JoneAr22,Arthur Jones,rav
DT,0,0%,91,8.46%,29,5.89%,WillBr02,Brandon Williams,rav
NT,2,.18%,700,65.06%,23,4.67%,NgatHa20,Haloti Ngata,rav
NT,0,0%,234,21.75%,38,7.72%,CodyTe99,Terrence Cody,rav
LB,0,0%,455,42.29%,296,60.16%,ByneJo00,Josh Bynes,rav
LB,0,0%,1071,99.54%,1,.20%,SmitDa24,Daryl Smith,rav
LB,0,0%,903,83.92%,1,.20%,SuggTe99,Terrell Suggs,rav
LB,0,0%,638,59.29%,136,27.64%,UpshCo00,Courtney Upshaw,rav
LB,0,0%,557,51.77%,2,.41%,DumeEl20,Elvis Dumervil,rav
LB,0,0%,5,.46%,336,68.29%,McClAl00,Albert McClellan,rav
LB,0,0%,368,34.20%,59,11.99%,McClJa01,Jameel McClain,rav
LB,0,0%,205,19.05%,229,46.54%,BrowAr00,Arthur Brown,rav
LB,0,0%,3,.28%,154,31.30%,SimoJo01,John Simon,rav
LB,0,0%,0,0%,14,2.85%,JameRo99,Robert James,rav
LB,0,0%,303,28.16%,93,18.90%,McPhPe00,Pernell McPhee,rav
CB,0,0%,687,63.85%,231,46.95%,GrahCo99,Corey Graham,rav
CB,0,0%,1041,96.75%,46,9.35%,SmitJi03,Jimmy Smith,rav
CB,0,0%,972,90.33%,16,3.25%,WebbLa99,Lardarius Webb,rav
CB,0,0%,38,3.53%,342,69.51%,BrowCh05,Chykie Brown,rav
CB,0,0%,0,0%,39,7.93%,JackAs00,Asa Jackson,rav
SS,0,0%,1072,99.63%,78,15.85%,IhedJa00,James Ihedigbo,rav
SS,0,0%,1011,93.96%,147,29.88%,ElamMa00,Matt Elam,rav
SS,0,0%,0,0%,414,84.15%,LeviAn00,Anthony Levine,rav
FS,0,0%,93,8.64%,89,18.09%,HuffMi20,Michael Huff,rav
FS,0,0%,0,0%,169,34.35%,TrawBr00,Brynden Trawick,rav
FS,0,0%,10,.93%,281,57.11%,MileJe00,Jeromy Miles,rav
DB,0,0%,2,.19%,19,3.86%,BrowOm00,Omar Brown,rav
LS,0,0%,0,0%,160,32.52%,CoxxMo00,Morgan Cox,rav
K,0,0%,0,0%,149,30.28%,TuckJu00,Justin Tucker,rav
P,0,0%,0,0%,160,32.52%,KochSa20,Sam Koch,rav
QB,356,30.66%,0,0%,0,0%,LewiTh01,Thaddeus Lewis,buf
QB,694,59.78%,0,0%,0,0%,ManuEJ00,EJ Manuel,buf
QB,111,9.56%,0,0%,0,0%,TuelJe00,Jeff Tuel,buf
RB,389,33.51%,0,0%,0,0%,SpilC.00,C.J. Spiller,buf
RB,663,57.11%,0,0%,0,0%,JackFr02,Fred Jackson,buf
RB,4,.34%,0,0%,24,4.72%,WingRo00,Ronnie Wingo,buf
RB,106,9.13%,0,0%,171,33.66%,ChoiTa00,Tashard Choice,buf
FB,18,1.55%,0,0%,130,25.59%,RodrEv00,Evan Rodriguez,buf
FB,225,19.38%,0,0%,164,32.28%,SummFr00,Frank Summers,buf
WR,910,78.38%,0,0%,45,8.86%,WoodRo02,Robert Woods,buf
WR,701,60.38%,1,.09%,0,0%,JohnSt00,Stevie Johnson,buf
WR,823,70.89%,0,0%,2,.39%,GrahT.00,T.J. Graham,buf
WR,61,5.25%,0,0%,348,68.50%,EaslMa00,Marcus Easley,buf
WR,187,16.11%,0,0%,240,47.24%,HogaCh00,Chris Hogan,buf
WR,313,26.96%,0,0%,72,14.17%,GoodMa00,Marquise Goodwin,buf
TE,918,79.07%,0,0%,70,13.78%,ChanSc00,Scott Chandler,buf
TE,428,36.86%,0,0%,168,33.07%,SmitLe00,Lee Smith,buf
TE,51,4.39%,0,0%,50,9.84%,GragCh00,Chris Gragg,buf
TE,0,0%,0,0%,9,1.77%,MoeaTo00,Tony Moeaki,buf
T,1161,100.00%,0,0%,69,13.58%,GlenCo00,Cordy Glenn,buf
T,1161,100.00%,0,0%,69,13.58%,PearEr20,Erik Pears,buf
T,10,.86%,0,0%,8,1.57%,UngaJ.00,J.J. Unga,buf
T,8,.69%,0,0%,68,13.39%,WelcTh20,Thomas Welch,buf
G,1143,98.45%,0,0%,61,12.01%,UrbiKr20,Kraig Urbik,buf
G,396,34.11%,0,0%,25,4.92%,BrowCo23,Colin Brown,buf
G,0,0%,0,0%,26,5.12%,AspeMa00,Mark Asper,buf
G,8,.69%,0,0%,17,3.35%,YounSa21,Sam Young,buf
G,765,65.89%,0,0%,0,0%,LeguDo00,Doug Legursky,buf
C,1161,100.00%,0,0%,0,0%,WoodEr20,Eric Wood,buf
DE,0,0%,1001,87.42%,27,5.31%,WillMa22,Mario Williams,buf
DE,0,0%,603,52.66%,113,22.24%,HughJe99,Jerry Hughes,buf
DE,0,0%,164,14.32%,16,3.15%,CarrAl99,Alex Carrington,buf
DT,0,0%,824,71.97%,79,15.55%,DareMa00,Marcell Dareus,buf
DT,0,0%,941,82.18%,16,3.15%,WillKy20,Kyle Williams,buf
DT,0,0%,596,52.05%,105,20.67%,BranAl99,Alan Branch,buf
DT,0,0%,330,28.82%,149,29.33%,BryaCo00,Corbin Bryant,buf
DT,0,0%,48,4.19%,59,11.61%,RossJa00,Jay Ross,buf
DT,0,0%,81,7.07%,32,6.30%,CharSt00,Stefan Charles,buf
LB,0,0%,1145,100.00%,88,17.32%,AlonKi00,Kiko Alonso,buf
LB,0,0%,706,61.66%,111,21.85%,LawsMa20,Manny Lawson,buf
LB,0,0%,293,25.59%,176,34.65%,MoatAr00,Arthur Moats,buf
LB,0,0%,285,24.89%,301,59.25%,BradNi00,Nigel Bradham,buf
LB,0,0%,61,5.33%,228,44.88%,WestJa99,Jamaal Westerman,buf
LB,0,0%,15,1.31%,102,20.08%,PoweTy00,Ty Powell,buf
LB,0,0%,17,1.48%,91,17.91%,DowtMa00,Marcus Dowtin,buf
CB,0,0%,926,80.87%,105,20.67%,WillAa00,Aaron Williams,buf
CB,0,0%,928,81.05%,131,25.79%,McKeLe99,Leodis McKelvin,buf
CB,0,0%,303,26.46%,27,5.31%,RogeJu00,Justin Rogers,buf
CB,0,0%,609,53.19%,40,7.87%,RobeNi00,Nickell Robey-Coleman,buf
CB,0,0%,648,56.59%,69,13.58%,GilmSt00,Stephon Gilmore,buf
CB,0,0%,42,3.67%,175,34.45%,BrooRo01,Ron Brooks,buf
CB,0,0%,17,1.48%,63,12.40%,BurtBr00,Brandon Burton,buf
CB,0,0%,0,0%,17,3.35%,SmitBr04,Brandon Smith,buf
SS,0,0%,613,53.54%,245,48.23%,LeonJi23,Jim Leonhard,buf
SS,0,0%,0,0%,128,25.20%,MeekJo01,Jonathan Meeks,buf
FS,0,0%,729,63.67%,173,34.06%,SearDa00,Da'Norris Searcy,buf
FS,0,0%,634,55.37%,57,11.22%,ByrdJa99,Jairus Byrd,buf
FS,0,0%,33,2.88%,289,56.89%,WillDu00,Duke Williams,buf
DB,0,0%,0,0%,49,9.65%,AdamJo02,Johnny Adams,buf
LS,0,0%,0,0%,167,32.87%,SanbGa00,Garrison Sanborn,buf
K,0,0%,0,0%,152,29.92%,CarpDa44,Dan Carpenter,buf
P,0,0%,0,0%,57,11.22%,PoweSh00,Shawn Powell,buf
P,0,0%,0,0%,110,21.65%,MoorBr24,Brian Moorman,buf
QB,1014,98.54%,0,0%,0,0%,NewtCa00,Cam Newton,car
QB,15,1.46%,0,0%,0,0%,AndeDe00,Derek Anderson,car
RB,470,45.68%,0,0%,0,0%,WillDe02,DeAngelo Williams,car
RB,108,10.50%,0,0%,0,0%,StewJo00,Jonathan Stewart,car
RB,8,.78%,0,0%,73,17.30%,SmitAr00,Armond Smith,car
RB,24,2.33%,0,0%,28,6.64%,BarnKe00,Kenjon Barner,car
FB,598,58.11%,0,0%,84,19.91%,TolbMi00,Mike Tolbert,car
WR,907,88.14%,0,0%,5,1.18%,LaFeBr00,Brandon LaFell,car
WR,770,74.83%,0,0%,4,.95%,SmitSt01,Steve Smith Sr.,car
WR,502,48.79%,0,0%,141,33.41%,GinnTe00,Ted Ginn Jr.,car
WR,145,14.09%,0,0%,77,18.25%,HixoDo00,Domenik Hixon,car
WR,4,.39%,0,0%,0,0%,McNuMa00,Marvin McNutt,car
WR,41,3.98%,0,0%,1,.24%,EdwaAr00,Armanti Edwards,car
TE,1000,97.18%,0,0%,4,.95%,OlseGr00,Greg Olsen,car
TE,318,30.90%,0,0%,141,33.41%,HartBe00,Ben Hartsock,car
TE,198,19.24%,0,0%,355,84.12%,BrocRi00,Richie Brockel,car
TE,26,2.53%,0,0%,65,15.40%,WillBr04,Brandon Williams,car
T,1013,98.45%,0,0%,70,16.59%,BellBy00,Byron Bell,car
T,1002,97.38%,0,0%,61,14.45%,GrosJo20,Jordan Gross,car
T,534,51.90%,0,0%,98,23.22%,ChanNa00,Nate Chandler,car
G,170,16.52%,0,0%,9,2.13%,SilaAm00,Amini Silatolu,car
G,499,48.49%,0,0%,33,7.82%,ScotCh23,Chris Scott,car
G,840,81.63%,0,0%,69,16.35%,WharTr20,Travelle Wharton,car
G,0,0%,53,5.23%,6,1.42%,FuaxSi00,Sione Fua,car
G,15,1.46%,0,0%,0,0%,WillGa23,Garry Williams,car
G,33,3.21%,0,0%,33,7.82%,HangGe20,Geoff Hangartner,car
G,4,.39%,0,0%,2,.47%,BondTr00,Travis Bond,car
C,1015,98.64%,0,0%,0,0%,KaliRy20,Ryan Kalil,car
C,35,3.40%,0,0%,33,7.82%,ByerJe00,Jeff Byers,car
C,11,1.07%,0,0%,40,9.48%,FolkBr00,Brian Folkerts,car
DE,0,0%,873,86.09%,61,14.45%,HardGr99,Greg Hardy,car
DE,0,0%,719,70.91%,7,1.66%,JohnCh98,Charles Johnson,car
DE,0,0%,259,25.54%,297,70.38%,AddiMa00,Mario Addison,car
DE,0,0%,169,16.67%,12,2.84%,HortWe00,Wes Horton,car
DE,0,0%,230,22.68%,36,8.53%,AlexFr00,Frank Alexander,car
DT,0,0%,604,59.57%,59,13.98%,LotuSt00,Star Lotulelei,car
DT,0,0%,518,51.08%,59,13.98%,ShorKa00,Kawann Short,car
DT,0,0%,334,32.94%,42,9.95%,EdwaDw20,Dwan Edwards,car
DT,0,0%,310,30.57%,0,0%,ColeCo20,Colin Cole,car
LB,0,0%,990,97.63%,63,14.93%,KuecLu00,Luke Kuechly,car
LB,0,0%,990,97.63%,10,2.37%,DaviTh20,Thomas Davis,car
LB,0,0%,62,6.11%,2,.47%,BeasJo99,Jon Beason,car
LB,0,0%,0,0%,209,49.53%,WillJa95,Jason Williams,car
LB,0,0%,199,19.63%,157,37.20%,BlacCh21,Chase Blackburn,car
LB,0,0%,22,2.17%,293,69.43%,SennJo00,Jordan Senn,car
LB,0,0%,129,12.72%,260,61.61%,KleiAJ00,A.J. Klein,car
LB,0,0%,2,.20%,72,17.06%,ConnDa99,Dan Connor,car
CB,0,0%,268,26.43%,147,34.83%,ThomJo01,Josh Thomas,car
CB,0,0%,971,95.76%,68,16.11%,MunnCa99,Captain Munnerlyn,car
CB,0,0%,584,57.59%,55,13.03%,FlorDr20,Drayton Florence,car
CB,0,0%,102,10.06%,55,13.03%,NormJo01,Josh Norman,car
CB,0,0%,57,5.62%,14,3.32%,MoorDJ99,D.J. Moore,car
CB,0,0%,17,1.68%,66,15.64%,DockJa00,James Dockery,car
SS,0,0%,900,88.76%,90,21.33%,MitcMi99,Mike Mitchell,car
FS,0,0%,112,11.05%,3,.71%,GodfCh99,Charles Godfrey,car
FS,0,0%,672,66.27%,53,12.56%,MikeQu20,Quintin Mikell,car
FS,0,0%,33,3.25%,310,73.46%,JoneCo01,Colin Jones,car
DB,0,0%,295,29.09%,97,22.99%,LestRo01,Robert Lester,car
DB,0,0%,680,67.06%,170,40.28%,WhitMe00,Melvin White,car
LS,0,0%,0,0%,143,33.89%,JansJ.00,J.J. Jansen,car
K,0,0%,0,0%,150,35.55%,GanoGr44,Graham Gano,car
P,0,0%,0,0%,144,34.12%,NortBr00,Brad Nortman,car
QB,636,60.11%,0,0%,0,0%,CutlJa00,Jay Cutler,chi
QB,422,39.89%,0,0%,0,0%,McCoJo01,Josh McCown,chi
RB,929,87.81%,0,0%,0,0%,FortMa00,Matt Forte,chi
RB,0,0%,0,0%,187,38.80%,FordMi00,Michael Ford,chi
RB,139,13.14%,0,0%,0,0%,BushMi00,Michael Bush,chi
FB,220,20.79%,0,0%,123,25.52%,FiamTo00,Tony Fiammetta,chi
WR,988,93.38%,0,0%,3,.62%,MarsBr00,Brandon Marshall,chi
WR,963,91.02%,0,0%,3,.62%,JeffAl00,Alshon Jeffery,chi
WR,542,51.23%,0,0%,0,0%,BennEa00,Earl Bennett,chi
WR,24,2.27%,0,0%,309,64.11%,WeemEr00,Eric Weems,chi
WR,13,1.23%,0,0%,86,17.84%,AndeJo00,Joe Anderson,chi
WR,0,0%,0,0%,246,51.04%,HestDe99,Devin Hester,chi
WR,75,7.09%,0,0%,4,.83%,WilsMa02,Marquess Wilson,chi
TE,953,90.08%,0,0%,10,2.07%,BennMa00,Martellus Bennett,chi
TE,182,17.20%,0,0%,352,73.03%,RosaDa00,Dante Rosario,chi
TE,11,1.04%,0,0%,14,2.90%,AdamKy00,Kyle Adams,chi
TE,63,5.95%,0,0%,30,6.22%,ManeSt00,Steve Maneri,chi
T,1058,100.00%,0,0%,76,15.77%,BushJe20,Jermon Bushrod,chi
T,1011,95.56%,0,0%,72,14.94%,MillJo02,Jordan Mills,chi
T,235,22.21%,0,0%,56,11.62%,BritEb20,Eben Britton,chi
G,1058,100.00%,0,0%,76,15.77%,SlauMa20,Matt Slauson,chi
G,1058,100.00%,0,0%,76,15.77%,LongKy00,Kyle Long,chi
C,1058,100.00%,0,0%,76,15.77%,GarzRo20,Roberto Garza,chi
C,0,0%,0,0%,5,1.04%,BoggTa00,Taylor Boggs,chi
"DE,LB",0,0%,851,81.67%,95,19.71%,PeppJu99,Julius Peppers,chi
DE,0,0%,846,81.19%,163,33.82%,WootCo99,Corey Wootton,chi
DE,0,0%,651,62.48%,67,13.90%,McClSh00,Shea McClellin,chi
DE,0,0%,62,5.95%,103,21.37%,OzouCh00,Cheta Ozougwu,chi
DE,0,0%,311,29.85%,29,6.02%,BassDa00,David Bass,chi
DE,0,0%,10,.96%,1,.21%,WashCo00,Cornelius Washington,chi
DT,0,0%,123,11.80%,11,2.28%,MeltHe99,Henry Melton,chi
DT,0,0%,207,19.87%,26,5.39%,RatlJa20,Jay Ratliff,chi
DT,0,0%,343,32.92%,23,4.77%,CoheLa99,Landon Cohen,chi
DT,0,0%,27,2.59%,1,.21%,MintZa00,Zach Minter,chi
DT,0,0%,70,6.72%,4,.83%,TupoCh00,Christian Tupou,chi
DT,0,0%,1,.10%,0,0%,RobeTr01,Tracy Robertson,chi
NT,0,0%,474,45.49%,36,7.47%,PaeaSt00,Stephen Paea,chi
NT,0,0%,191,18.33%,36,7.47%,CollNa20,Nate Collins,chi
LB,0,0%,999,95.87%,100,20.75%,AndeJa21,James Anderson,chi
LB,0,0%,557,53.45%,31,6.43%,BrigLa99,Lance Briggs,chi
LB,0,0%,213,20.44%,24,4.98%,WillD.20,D.J. Williams,chi
"LB,RB",0,0%,0,0%,180,37.34%,FranJe00,Jerry Franklin,chi
LB,0,0%,24,2.30%,375,77.80%,CostBl20,Blake Costanzo,chi
LB,0,0%,605,58.06%,170,35.27%,BostJo00,Jonathan Bostic,chi
LB,0,0%,0,0%,32,6.64%,GranLa99,Larry Grant,chi
LB,0,0%,231,22.17%,131,27.18%,GreeKh00,Khaseem Greene,chi
CB,0,0%,1032,99.04%,64,13.28%,JennTi20,Tim Jennings,chi
CB,0,0%,432,41.46%,21,4.36%,TillCh20,Charles Tillman,chi
CB,0,0%,507,48.66%,49,10.17%,FreyIs00,Isaiah Frey,chi
CB,0,0%,593,56.91%,173,35.89%,BowmZa20,Zackary Bowman,chi
CB,0,0%,12,1.15%,248,51.45%,McMaSh99,Sherrick McManis,chi
CB,0,0%,0,0%,16,3.32%,WilsC.00,C.J. Wilson,chi
SS,0,0%,935,89.73%,72,14.94%,WrigMa99,Major Wright,chi
SS,0,0%,0,0%,248,51.45%,WaltAn01,Anthony Walters,chi
SS,0,0%,5,.48%,105,21.78%,MartDe22,Derrick Martin,chi
FS,0,0%,1029,98.75%,83,17.22%,ContCh00,Chris Conte,chi
FS,0,0%,121,11.61%,306,63.49%,StelCr99,Craig Steltz,chi
DB,0,0%,0,0%,15,3.11%,CattSe00,Sean Cattouse,chi
LS,0,0%,0,0%,126,26.14%,MannPa20,Patrick Mannelly,chi
LS,0,0%,0,0%,19,3.94%,CainJe20,Jeremy Cain,chi
K,0,0%,0,0%,167,34.65%,gouldrob01,Robbie Gould,chi
P,0,0%,0,0%,146,30.29%,PodlAd20,Adam Podlesh,chi
QB,1117,98.67%,0,0%,2,.43%,DaltAn00,Andy Dalton,cin
QB,15,1.33%,0,0%,0,0%,JohnJo05,Josh Johnson,cin
RB,464,40.99%,0,0%,0,0%,GreeBe00,BenJarvus Green-Ellis,cin
RB,613,54.15%,0,0%,3,.64%,BernGi00,Giovani Bernard,cin
RB,0,0%,0,0%,17,3.65%,BurkRe00,Rex Burkhead,cin
RB,33,2.92%,0,0%,318,68.24%,PeerCe00,Cedric Peerman,cin
WR,1056,93.29%,0,0%,0,0%,GreeA.00,A.J. Green,cin
WR,750,66.25%,0,0%,1,.21%,SanuMo00,Mohamed Sanu,cin
WR,542,47.88%,0,0%,67,14.38%,JoneMa02,Marvin Jones,cin
WR,117,10.34%,0,0%,128,27.47%,HawkAn00,Andrew Hawkins,cin
WR,0,0%,0,0%,40,8.58%,WhalRy00,Ryan Whalen,cin
WR,71,6.27%,0,0%,158,33.91%,TateBr00,Brandon Tate,cin
WR,79,6.98%,0,0%,36,7.73%,SanzDa00,Dane Sanzenbacher,cin
TE,891,78.71%,0,0%,65,13.95%,GresJe00,Jermaine Gresham,cin
TE,673,59.45%,0,0%,67,14.38%,EifeTy00,Tyler Eifert,cin
TE,64,5.65%,0,0%,255,54.72%,CharOr00,Orson Charles,cin
TE,252,22.26%,0,0%,272,58.37%,SmitAl02,Alex Smith,cin
T,1098,97.00%,0,0%,75,16.09%,SmitAn23,Andre Smith,cin
T,579,51.15%,0,0%,83,17.81%,CollAn21,Anthony Collins,cin
T,915,80.83%,0,0%,60,12.88%,WhitAn20,Andrew Whitworth,cin
T,23,2.03%,0,0%,15,3.22%,RolaDe20,Dennis Roland,cin
G,809,71.47%,0,0%,58,12.45%,ZeitKe00,Kevin Zeitler,cin
G,776,68.55%,0,0%,52,11.16%,BoliCl00,Clint Boling,cin
G,367,32.42%,0,0%,38,8.15%,PollMi20,Mike Pollak,cin
G,5,.44%,0,0%,1,.21%,HawkTa00,Tanner Hawkinson,cin
C,1050,92.76%,0,0%,4,.86%,CookKy20,Kyle Cook,cin
C,76,6.71%,0,0%,12,2.58%,RobiTr01,Trevor Robinson,cin
DE,0,0%,908,84.62%,33,7.08%,JohnMi98,Michael Johnson,cin
DE,0,0%,936,87.23%,76,16.31%,DunlCa99,Carlos Dunlap,cin
DE,0,0%,164,15.28%,73,15.67%,HuntMa00,Margus Hunt,cin
DE,0,0%,509,47.44%,66,14.16%,GilbWa00,Wallace Gilberry,cin
DE,0,0%,22,2.05%,0,0%,GeatRo21,Robert Geathers,cin
DT,0,0%,455,42.40%,3,.64%,AtkiGe99,Geno Atkins,cin
DT,0,0%,130,12.12%,0,0%,StilDe00,Devon Still,cin
DT,0,0%,4,.37%,0,0%,BiluCh00,Christo Bilukidi,cin
NT,17,1.50%,642,59.83%,146,31.33%,PekoDo20,Domata Peko,cin
NT,0,0%,386,35.97%,56,12.02%,ThomBr01,Brandon Thompson,cin
LB,0,0%,1029,95.90%,65,13.95%,BurfVo00,Vontaze Burfict,cin
LB,0,0%,602,56.10%,11,2.36%,MauaRe99,Rey Maualuga,cin
LB,0,0%,378,35.23%,62,13.30%,HarrJa23,James Harrison,cin
LB,0,0%,341,31.78%,334,71.67%,ReyxVi00,Vincent Rey,cin
LB,0,0%,12,1.12%,192,41.20%,SchaJ.00,J.K. Schaffer,cin
LB,0,0%,47,4.38%,307,65.88%,DiMaJa00,Jayson DiManche,cin
LB,0,0%,56,5.22%,154,33.05%,BoleMi20,Michael Boley,cin
CB,0,0%,274,25.54%,21,4.51%,HallLe98,Leon Hall,cin
CB,0,0%,819,76.33%,65,13.95%,NewmTe20,Terence Newman,cin
CB,0,0%,80,7.46%,166,35.62%,GheeBr99,Brandon Ghee,cin
CB,0,0%,979,91.24%,33,7.08%,JonePa20,Adam Jones,cin
CB,0,0%,302,28.15%,177,37.98%,KirkDr00,Dre Kirkpatrick,cin
CB,0,0%,0,0%,13,2.79%,MarsCu01,Curtis Marsh,cin
SS,0,0%,1033,96.27%,23,4.94%,IlokGe00,George Iloka,cin
SS,0,0%,202,18.83%,132,28.33%,MaysTa99,Taylor Mays,cin
SS,0,0%,508,47.34%,23,4.94%,CrocCh20,Chris Crocker,cin
SS,0,0%,11,1.03%,377,80.90%,WillSh02,Shawn Williams,cin
FS,0,0%,974,90.77%,142,30.47%,NelsRe99,Reggie Nelson,cin
FS,0,0%,0,0%,6,1.29%,MileJe00,Jeromy Miles,cin
DB,0,0%,0,0%,12,2.58%,DyexTo00,Tony Dye,cin
DB,0,0%,0,0%,62,13.30%,LewiCh01,Chris Lewis-Harris,cin
LS,0,0%,0,0%,153,32.83%,HarrCl20,Clark Harris,cin
K,0,0%,0,0%,164,35.19%,nugenmik01,Mike Nugent,cin
P,0,0%,0,0%,19,4.08%,PoweSh00,Shawn Powell,cin
P,0,0%,0,0%,130,27.90%,HubeKe20,Kevin Huber,cin
QB,452,40.87%,0,0%,0,0%,WeedBr00,Brandon Weeden,cle
QB,152,13.74%,0,0%,1,.21%,HoyeBr00,Brian Hoyer,cle
QB,502,45.39%,0,0%,0,0%,CampJa00,Jason Campbell,cle
RB,90,8.14%,0,0%,0,0%,RichTr00,Trent Richardson,cle
RB,97,8.77%,0,0%,0,0%,BakeEd01,Edwin Baker,cle
RB,264,23.87%,0,0%,0,0%,McGaWi00,Willis McGahee,cle
RB,55,4.97%,0,0%,16,3.33%,RainBo00,Bobby Rainey,cle
RB,166,15.01%,0,0%,91,18.92%,WhitFo00,Fozzy Whittaker,cle
FB,521,47.11%,0,0%,184,38.25%,OgboCh00,Chris Ogbonnaya,cle
WR,940,84.99%,1,.09%,26,5.41%,LittGr00,Greg Little,cle
WR,899,81.28%,0,0%,1,.21%,GordJo02,Josh Gordon,cle
WR,144,13.02%,0,0%,42,8.73%,BenjTr00,Travis Benjamin,cle
WR,534,48.28%,0,0%,32,6.65%,BessDa00,Davone Bess,cle
WR,16,1.45%,0,0%,44,9.15%,GurlTo00,Tori Gurley,cle
WR,5,.45%,0,0%,6,1.25%,EdwaAr00,Armanti Edwards,cle
WR,56,5.06%,0,0%,5,1.04%,TymsBr00,Brian Tyms,cle
WR,100,9.04%,0,0%,14,2.91%,CoopJo00,Josh Cooper,cle
TE,969,87.61%,0,0%,2,.42%,CameJo00,Jordan Cameron,cle
TE,527,47.65%,0,0%,262,54.47%,BarnGa01,Gary Barnidge,cle
TE,109,9.86%,0,0%,171,35.55%,GrayMa00,MarQueis Gray,cle
TE,7,.63%,0,0%,10,2.08%,SmitAn02,Andre Smith,cle
TE,14,1.27%,0,0%,59,12.27%,MiltKe00,Keavon Milton,cle
T,1106,100.00%,0,0%,61,12.68%,ThomJo28,Joe Thomas,cle
T,1106,100.00%,0,0%,62,12.89%,SchwMi00,Mitchell Schwartz,cle
T,8,.72%,0,0%,36,7.48%,ButlRa20,Rashad Butler,cle
T,0,0%,0,0%,1,.21%,WallMa00,Martin Wallace,cle
G,312,28.21%,0,0%,61,12.68%,CousOn00,Oniel Cousins,cle
G,920,83.18%,0,0%,50,10.40%,GrecJo20,John Greco,cle
G,741,67.00%,0,0%,37,7.69%,LauvSh20,Shawn Lauvao,cle
G,151,13.65%,0,0%,11,2.29%,PinkJa00,Jason Pinkston,cle
G,93,8.41%,0,0%,15,3.12%,GilkGa00,Garrett Gilkey,cle
C,1106,100.00%,0,0%,62,12.89%,MackAl20,Alex Mack,cle
DE,4,.36%,312,27.13%,105,21.83%,WinnBi00,Billy Winn,cle
DE,0,0%,625,54.35%,61,12.68%,RubiAh99,Ahtyba Rubin,cle
DE,0,0%,399,34.70%,28,5.82%,HughJo00,John Hughes,cle
DE,0,0%,187,16.26%,133,27.65%,BryaAr00,Armonty Bryant,cle
DT,0,0%,582,50.61%,70,14.55%,BryaDe00,Desmond Bryant,cle
DT,0,0%,18,1.57%,2,.42%,SanfBr00,Brian Sanford,cle
NT,0,0%,548,47.65%,72,14.97%,TaylPh00,Phil Taylor,cle
NT,0,0%,191,16.61%,6,1.25%,KitcIs00,Ishmaa'ily Kitchen,cle
LB,0,0%,1149,99.91%,98,20.37%,JackDQ20,D'Qwell Jackson,cle
LB,0,0%,845,73.48%,128,26.61%,RobeCr00,Craig Robertson,cle
LB,0,0%,878,76.35%,92,19.13%,KrugPa99,Paul Kruger,cle
LB,0,0%,653,56.78%,79,16.42%,SheaJa00,Jabaal Sheard,cle
LB,0,0%,53,4.61%,50,10.40%,GrovQu99,Quentin Groves,cle
LB,0,0%,666,57.91%,134,27.86%,MingBa00,Barkevious Mingo,cle
LB,0,0%,77,6.70%,282,58.63%,CardTa00,Tank Carder,cle
LB,0,0%,0,0%,148,30.77%,MageBr00,Brandon Magee,cle
LB,0,0%,13,1.13%,156,32.43%,HazePa00,Paul Hazel,cle
LB,0,0%,51,4.43%,252,52.39%,MartEr02,Eric Martin,cle
LB,0,0%,87,7.57%,148,30.77%,EubaDa00,Darius Eubanks,cle
CB,0,0%,540,46.96%,143,29.73%,OwenCh99,Chris Owens,cle
CB,0,0%,1053,91.57%,150,31.19%,HadeJo99,Joe Haden,cle
CB,0,0%,1053,91.57%,119,24.74%,SkriBu00,Buster Skrine,cle
CB,0,0%,245,21.30%,176,36.59%,McFaLe00,Leon McFadden,cle
CB,0,0%,112,9.74%,166,34.51%,PoyeJo00,Jordan Poyer,cle
SS,0,0%,1114,96.87%,80,16.63%,WardT.99,T.J. Ward,cle
SS,0,0%,4,.35%,127,26.40%,AubrJo00,Josh Aubrey,cle
FS,0,0%,1101,95.74%,82,17.05%,GipsTa00,Tashaun Gipson,cle
FS,0,0%,5,.43%,321,66.74%,BadeJo00,Johnson Bademosi,cle
DB,0,0%,89,7.74%,78,16.22%,PoseJu00,Julian Posey,cle
LS,0,0%,0,0%,152,31.60%,YounCh02,Christian Yount,cle
K,0,0%,0,0%,127,26.40%,cundibil01,Billy Cundiff,cle
P,0,0%,0,0%,160,33.26%,LannSp00,Spencer Lanning,cle
QB,920,92.18%,0,0%,0,0%,RomoTo00,Tony Romo,dal
QB,78,7.82%,0,0%,0,0%,OrtoKy00,Kyle Orton,dal
RB,672,67.33%,0,0%,0,0%,MurrDe00,DeMarco Murray,dal
RB,39,3.91%,0,0%,242,50.73%,TannPh00,Phillip Tanner,dal
RB,51,5.11%,0,0%,153,32.08%,DunbLa00,Lance Dunbar,dal
RB,119,11.92%,0,0%,51,10.69%,RandJo01,Joseph Randle,dal
FB,48,4.81%,0,0%,17,3.56%,ClutTy00,Tyler Clutts,dal
WR,935,93.69%,3,.26%,3,.63%,BryaDe01,Dez Bryant,dal
WR,525,52.61%,0,0%,3,.63%,AustMi00,Miles Austin,dal
WR,679,68.04%,0,0%,39,8.18%,WillTe01,Terrance Williams,dal
WR,148,14.83%,0,0%,206,43.19%,HarrDw00,Dwayne Harris,dal
WR,0,0%,0,0%,16,3.35%,SpurMi00,Micheal Spurlock,dal
WR,243,24.35%,0,0%,26,5.45%,BeasCo00,Cole Beasley,dal
TE,985,98.70%,0,0%,79,16.56%,WittJa00,Jason Witten,dal
TE,311,31.16%,0,0%,169,35.43%,HannJa00,James Hanna,dal
TE,197,19.74%,0,0%,127,26.62%,EscoGa00,Gavin Escobar,dal
TE,8,.80%,0,0%,8,1.68%,SmitAn02,Andre Smith,dal
T,998,100.00%,0,0%,77,16.14%,FreeDo20,Doug Free,dal
T,996,99.80%,0,0%,78,16.35%,SmitTy00,Tyron Smith,dal
T,20,2.00%,0,0%,78,16.35%,ParnJe00,Jermey Parnell,dal
G,676,67.74%,0,0%,61,12.79%,BernMa20,Mackenzy Bernadeau,dal
G,991,99.30%,0,0%,61,12.79%,LearRo00,Ronald Leary,dal
G,329,32.97%,0,0%,29,6.08%,WateBr55,Brian Waters,dal
C,998,100.00%,0,0%,58,12.16%,FredTr00,Travis Frederick,dal
C,1,.10%,0,0%,16,3.35%,CostPh00,Phil Costa,dal
DE,0,0%,629,55.13%,32,6.71%,WareDe99,DeMarcus Ware,dal
DE,0,0%,745,65.29%,72,15.09%,SelvGe99,George Selvie,dal
DE,0,0%,154,13.50%,46,9.64%,BrowEv99,Everette Brown,dal
DE,0,0%,34,2.98%,2,.42%,SpenAn99,Anthony Spencer,dal
DE,0,0%,46,4.03%,1,.21%,VegaJa00,Jason Vega,dal
DE,0,0%,500,43.82%,251,52.62%,WilbKy00,Kyle Wilber,dal
DE,0,0%,274,24.01%,34,7.13%,WynnJa99,Jarius Wynn,dal
DE,0,0%,73,6.40%,131,27.46%,JoneEd22,Edgar Jones,dal
DE,0,0%,32,2.80%,0,0%,WilsMa01,Martez Wilson,dal
DT,0,0%,747,65.47%,86,18.03%,HatcJa20,Jason Hatcher,dal
DT,0,0%,821,71.95%,91,19.08%,HaydNi99,Nick Hayden,dal
"DE,DT",0,0%,145,12.71%,6,1.26%,RayfCa00,Caesar Rayford,dal
DT,0,0%,38,3.33%,1,.21%,CoheLa99,Landon Cohen,dal
DT,0,0%,20,1.75%,0,0%,DawkEv00,Everett Dawkins,dal
DT,0,0%,255,22.35%,11,2.31%,NeviDr00,Drake Nevis,dal
DT,0,0%,15,1.31%,0,0%,AustMa00,Marvin Austin,dal
DT,0,0%,117,10.25%,2,.42%,IrviCo99,Corvey Irvin,dal
DT,0,0%,46,4.03%,0,0%,LongJe00,Jerome Long,dal
DT,0,0%,34,2.98%,0,0%,KearFr00,Frank Kearse,dal
NT,0,0%,49,4.29%,3,.63%,CartDa01,David Carter,dal
LB,0,0%,702,61.52%,53,11.11%,LeexSe99,Sean Lee,dal
LB,0,0%,875,76.69%,78,16.35%,CartBr00,Bruce Carter,dal
LB,0,0%,383,33.57%,135,28.30%,SimsEr20,Ernie Sims,dal
LB,0,0%,199,17.44%,22,4.61%,DuraJu99,Justin Durant,dal
LB,11,1.10%,23,2.02%,247,51.78%,BoswKy00,Kyle Bosworth,dal
LB,0,0%,208,18.23%,141,29.56%,HollDe01,DeVonte Holloman,dal
LB,0,0%,63,5.52%,229,48.01%,LawrCa01,Cameron Lawrence,dal
LB,0,0%,6,.53%,8,1.68%,LemoOr00,Orie Lemon,dal
CB,0,0%,1117,97.90%,141,29.56%,CarrBr99,Brandon Carr,dal
CB,0,0%,1089,95.44%,148,31.03%,ScanOr99,Orlando Scandrick,dal
CB,0,0%,508,44.52%,38,7.97%,ClaiMo00,Morris Claiborne,dal
CB,0,0%,82,7.19%,32,6.71%,MoorSt00,Sterling Moore,dal
CB,0,0%,179,15.69%,143,29.98%,WebbBW00,B.W. Webb,dal
SS,0,0%,165,14.46%,37,7.76%,AlleWi21,Will Allen,dal
SS,0,0%,515,45.14%,162,33.96%,WilcJ.00,J.J. Wilcox,dal
FS,0,0%,1018,89.22%,160,33.54%,ChurBa99,Barry Church,dal
FS,0,0%,597,52.32%,321,67.30%,HeatJe00,Jeff Heath,dal
FS,0,0%,8,.70%,289,60.59%,McCrDa00,Danny McCray,dal
DB,0,0%,16,1.40%,10,2.10%,HamiJa00,Jakar Hamilton,dal
DB,0,0%,22,1.93%,6,1.26%,PellMi00,Micah Pellerin,dal
LS,0,0%,0,0%,154,32.29%,LadoL.20,L.P. Ladouceur,dal
K,0,0%,0,0%,171,35.85%,BailDa00,Dan Bailey,dal
P,0,0%,0,0%,154,32.29%,JoneCh02,Chris Jones,dal
QB,1156,95.77%,0,0%,0,0%,MannPe00,Peyton Manning,den
QB,51,4.23%,0,0%,1,.19%,OsweBr00,Brock Osweiler,den
RB,704,58.33%,0,0%,3,.56%,MoreKn00,Knowshon Moreno,den
RB,312,25.85%,0,0%,128,23.84%,BallMo00,Montee Ball,den
RB,21,1.74%,0,0%,37,6.89%,AndeC.00,C.J. Anderson,den
RB,157,13.01%,0,0%,6,1.12%,HillRo00,Ronnie Hillman,den
WR,1106,91.63%,0,0%,6,1.12%,ThomDe03,Demaryius Thomas,den
WR,1050,86.99%,0,0%,9,1.68%,DeckEr00,Eric Decker,den
WR,770,63.79%,0,0%,16,2.98%,WelkWe00,Wes Welker,den
WR,260,21.54%,0,0%,229,42.64%,CaldAn00,Andre Caldwell,den
WR,4,.33%,0,0%,151,28.12%,HollTr00,Trindon Holliday,den
TE,901,74.65%,0,0%,13,2.42%,ThomJu00,Julius Thomas,den
TE,318,26.35%,0,0%,298,55.49%,GreeVi00,Virgil Green,den
TE,159,13.17%,0,0%,219,40.78%,DreeJo00,Joel Dreessen,den
TE,264,21.87%,0,0%,328,61.08%,TammJa00,Jacob Tamme,den
T,141,11.68%,0,0%,13,2.42%,CladRy20,Ryan Clady,den
T,1092,90.47%,0,0%,69,12.85%,FranOr00,Orlando Franklin,den
T,18,1.49%,0,0%,17,3.17%,JustWi20,Winston Justice,den
T,1057,87.57%,0,0%,101,18.81%,ClarCh21,Chris Clark,den
G,1198,99.25%,0,0%,101,18.81%,BeadZa20,Zane Beadles,den
G,1207,100.00%,0,0%,101,18.81%,VasqLo20,Louis Vasquez,den
G,0,0%,12,1.06%,1,.19%,FuaxSi00,Sione Fua,den
G,106,8.78%,0,0%,25,4.66%,KupeCh20,Chris Kuper,den
G,9,.75%,0,0%,15,2.79%,MoffJo00,John Moffitt,den
C,1198,99.25%,0,0%,7,1.30%,RamiMa20,Manuel Ramirez,den
C,9,.75%,0,0%,106,19.74%,VallSt00,Steve Vallos,den
DE,0,0%,505,44.81%,51,9.50%,AyerRo99,Robert Ayers,den
DE,0,0%,551,48.89%,38,7.08%,WolfDe00,Derek Wolfe,den
DE,0,0%,591,52.44%,118,21.97%,JackMa02,Malik Jackson,den
DE,0,0%,60,5.32%,0,0%,MincJe99,Jeremy Mincey,den
DT,9,.75%,354,31.41%,147,27.37%,UnreMi00,Mitch Unrein,den
DT,0,0%,391,34.69%,42,7.82%,VickKe99,Kevin Vickerson,den
NT,0,0%,596,52.88%,149,27.75%,KnigTe99,Terrance Knighton,den
NT,0,0%,296,26.26%,8,1.49%,WillSy00,Sylvester Williams,den
LB,0,0%,751,66.64%,110,20.48%,WoodWe20,Wesley Woodyard,den
LB,0,0%,947,84.03%,99,18.44%,TrevDa00,Danny Trevathan,den
LB,0,0%,539,47.83%,0,0%,MillVo00,Von Miller,den
LB,0,0%,768,68.15%,13,2.42%,PhilSh20,Shaun Phillips,den
LB,0,0%,276,24.49%,330,61.45%,IrviNa00,Nate Irving,den
LB,0,0%,9,.80%,429,79.89%,JohnSt02,Steven Johnson,den
LB,0,0%,15,1.33%,13,2.42%,MarsBr01,Brandon Marshall,den
LB,0,0%,21,1.86%,105,19.55%,RobiAd01,Adrian Robinson,den
LB,0,0%,236,20.94%,136,25.33%,LenoPa20,Paris Lenon,den
CB,0,0%,266,23.60%,124,23.09%,CartTo99,Tony Carter,den
CB,0,0%,1040,92.28%,5,.93%,HarrCh01,Chris Harris Jr.,den
CB,0,0%,775,68.77%,83,15.46%,RodgDo99,Dominique Rodgers-Cromartie,den
CB,0,0%,188,16.68%,0,0%,BailCh00,Champ Bailey,den
CB,0,0%,479,42.50%,211,39.29%,WebsKa00,Kayvon Webster,den
CB,0,0%,216,19.17%,144,26.82%,JammQu20,Quentin Jammer,den
SS,0,0%,773,68.59%,43,8.01%,IhenDu00,Duke Ihenacho,den
SS,0,0%,690,61.22%,252,46.93%,AdamMi21,Mike Adams,den
FS,0,0%,659,58.47%,1,.19%,MoorRa00,Rahim Moore,den
FS,0,0%,146,12.95%,428,79.70%,BrutDa99,David Bruton,den
FS,0,0%,207,18.37%,265,49.35%,BoldOm00,Omar Bolden,den
FS,0,0%,40,3.55%,2,.37%,HuffMi20,Michael Huff,den
LS,0,0%,0,0%,170,31.66%,BrewAa00,Aaron Brewer,den
K,0,0%,0,0%,215,40.04%,PratMa20,Matt Prater,den
P,0,0%,0,0%,171,31.84%,ColqBr00,Britton Colquitt,den
QB,1133,99.82%,0,0%,0,0%,StafMa00,Matthew Stafford,det
QB,2,.18%,0,0%,0,0%,HillSh00,Shaun Hill,det
RB,611,53.83%,0,0%,0,0%,BushRe00,Reggie Bush,det
RB,554,48.81%,0,0%,69,14.59%,BellJo01,Joique Bell,det
RB,48,4.23%,0,0%,249,52.64%,RiddTh00,Theo Riddick,det
RB,2,.18%,0,0%,31,6.55%,LeshMi00,Mikel Leshoure,det
FB,2,.18%,0,0%,3,.63%,OwenMo01,Montell Owens,det
WR,892,78.59%,1,.10%,4,.85%,JohnCa00,Calvin Johnson,det
WR,146,12.86%,0,0%,0,0%,EdwaPa00,Patrick Edwards,det
WR,502,44.23%,0,0%,1,.21%,BurlNa00,Nate Burleson,det
WR,951,83.79%,0,0%,35,7.40%,DurhKr00,Kris Durham,det
WR,5,.44%,0,0%,184,38.90%,SpurMi00,Micheal Spurlock,det
WR,188,16.56%,0,0%,5,1.06%,BroyRy00,Ryan Broyles,det
WR,178,15.68%,0,0%,123,26.00%,RossJe01,Jeremy Ross,det
WR,215,18.94%,0,0%,25,5.29%,OgleKe00,Kevin Ogletree,det
TE,903,79.56%,0,0%,70,14.80%,PettBr00,Brandon Pettigrew,det
TE,86,7.58%,0,0%,10,2.11%,ScheTo00,Tony Scheffler,det
TE,307,27.05%,0,0%,23,4.86%,FaurJo00,Joseph Fauria,det
TE,45,3.96%,0,0%,58,12.26%,DickDo00,Dorin Dickerson,det
TE,0,0%,0,0%,1,.21%,VeldMa00,Matt Veldman,det
T,1104,97.27%,0,0%,63,13.32%,ReifRi00,Riley Reiff,det
T,454,40.00%,0,0%,39,8.25%,HillCo21,Corey Hilliard,det
T,201,17.71%,0,0%,7,1.48%,FoxxJa20,Jason Fox,det
T,0,0%,0,0%,5,1.06%,RichBa20,Barry Richardson,det
T,539,47.49%,0,0%,52,10.99%,WaddLa01,LaAdrian Waddle,det
G,1135,100.00%,0,0%,62,13.11%,SimsRo20,Rob Sims,det
G,1135,100.00%,0,0%,71,15.01%,WarfLa00,Larry Warford,det
G,15,1.32%,0,0%,148,31.29%,GandDy20,Dylan Gandy,det
G,0,0%,0,0%,3,.63%,HarrLe21,Leroy Harris,det
G,0,0%,0,0%,3,.63%,AustRo00,Rodney Austin,det
C,1133,99.82%,0,0%,61,12.90%,RaioDo20,Dominic Raiola,det
DE,0,0%,773,74.90%,82,17.34%,YounWi99,Willie Young,det
DE,0,0%,333,32.27%,150,31.71%,IdonIs20,Israel Idonije,det
DE,0,0%,85,8.24%,0,0%,JoneJa99,Jason Jones,det
DE,0,0%,554,53.68%,8,1.69%,AnsaEz00,Ezekiel Ansah,det
DE,0,0%,28,2.71%,0,0%,LaneAu99,Austen Lane,det
DE,0,0%,301,29.17%,56,11.84%,TaylDe00,Devin Taylor,det
DT,0,0%,878,85.08%,69,14.59%,SuhxNd99,Ndamukong Suh,det
DT,0,0%,670,64.92%,55,11.63%,FairNi00,Nick Fairley,det
DT,0,0%,166,16.09%,41,8.67%,FlueAn99,Andre Fluellen,det
DT,0,0%,319,30.91%,72,15.22%,MoslC.20,C.J. Mosley,det
DT,0,0%,29,2.81%,7,1.48%,BannJu20,Justin Bannan,det
LB,0,0%,1018,98.64%,83,17.55%,LevyDe99,DeAndre Levy,det
LB,0,0%,1028,99.61%,84,17.76%,TullSt20,Stephen Tulloch,det
LB,0,0%,357,34.59%,218,46.09%,PalmAs99,Ashlee Palmer,det
LB,0,0%,40,3.88%,321,67.86%,McInRo20,Rocky McIntosh,det
LB,0,0%,0,0%,233,49.26%,LewiTr00,Travis Lewis,det
LB,0,0%,0,0%,319,67.44%,WhitTa00,Tahir Whitehead,det
LB,0,0%,0,0%,83,17.55%,StanJu00,Julian Stanford,det
CB,0,0%,729,70.64%,8,1.69%,HousCh99,Chris Houston,det
CB,0,0%,478,46.32%,130,27.48%,BentBi00,Bill Bentley,det
CB,0,0%,338,32.75%,170,35.94%,SlayDa00,Darius Slay,det
CB,0,0%,771,74.71%,12,2.54%,MathRa99,Rashean Mathis,det
CB,0,0%,149,14.44%,43,9.09%,GreeJo03,Jonte Green,det
"FS,SS",0,0%,991,96.03%,16,3.38%,QuinGl99,Glover Quin,det
SS,0,0%,1,.10%,391,82.66%,WendJo99,John Wendling,det
SS,0,0%,34,3.29%,383,80.97%,GomeDe00,DeJon Gomes,det
FS,0,0%,1018,98.64%,0,0%,DelmLo99,Louis Delmas,det
FS,0,0%,198,19.19%,276,58.35%,CareDo00,Don Carey,det
FS,0,0%,0,0%,13,2.75%,OwusAk99,Akwasi Owusu-Ansah,det
DB,0,0%,65,6.30%,25,5.29%,GreeCh01,Chris Greenwood,det
LS,0,0%,0,0%,145,30.66%,MuhlDo20,Don Muhlbach,det
K,0,0%,0,0%,85,17.97%,akersdav01,David Akers,det
P,0,0%,0,0%,217,45.88%,MartSa01,Sam Martin,det
QB,158,14.08%,0,0%,0,0%,TolzSc00,Scott Tolzien,gnb
QB,582,51.87%,0,0%,0,0%,RodgAa00,Aaron Rodgers,gnb
QB,324,28.88%,0,0%,0,0%,FlynMa00,Matt Flynn,gnb
QB,58,5.17%,0,0%,0,0%,WallSe00,Seneca Wallace,gnb
RB,679,60.52%,0,0%,0,0%,LacyEd00,Eddie Lacy,gnb
RB,0,0%,0,0%,20,4.12%,HillMi00,Michael Hill,gnb
RB,220,19.61%,0,0%,11,2.27%,StarJa00,James Starks,gnb
RB,0,0%,0,0%,43,8.87%,BellKa00,Kahlil Bell,gnb
RB,62,5.53%,0,0%,71,14.64%,FranJo01,Johnathan Franklin,gnb
FB,319,28.43%,0,0%,217,44.74%,KuhnJo00,John Kuhn,gnb
WR,847,75.49%,0,0%,2,.41%,JoneJa04,James Jones,gnb
WR,1083,96.52%,0,0%,6,1.24%,NelsJo00,Jordy Nelson,gnb
WR,332,29.59%,0,0%,17,3.51%,CobbRa00,Randall Cobb,gnb
WR,123,10.96%,0,0%,5,1.03%,WhitMy00,Myles White,gnb
WR,7,.62%,0,0%,36,7.42%,RossJe01,Jeremy Ross,gnb
WR,663,59.09%,0,0%,91,18.76%,BoykJa00,Jarrett Boykin,gnb
WR,2,.18%,0,0%,18,3.71%,HarpCh00,Chris Harper,gnb
TE,252,22.46%,0,0%,0,0%,FinlJe00,Jermichael Finley,gnb
TE,9,.80%,0,0%,142,29.28%,StonJa01,Jake Stoneburner,gnb
TE,163,14.53%,0,0%,314,64.74%,TaylRy00,Ryan Taylor,gnb
TE,693,61.76%,0,0%,85,17.53%,QuarAn00,Andrew Quarless,gnb
TE,143,12.75%,0,0%,166,34.23%,BostBr00,Brandon Bostick,gnb
T,1119,99.73%,0,0%,80,16.49%,BakhDa00,David Bakhtiari,gnb
T,964,85.92%,0,0%,71,14.64%,BarcDo00,Don Barclay,gnb
T,245,21.84%,0,0%,76,15.67%,NewhMa20,Marshall Newhouse,gnb
T,6,.53%,0,0%,29,5.98%,SherDe00,Derek Sherrod,gnb
G,1094,97.50%,0,0%,78,16.08%,LangT.20,T.J. Lang,gnb
G,1122,100.00%,0,0%,80,16.49%,SittJo20,Josh Sitton,gnb
G,0,0%,0,0%,31,6.39%,VanRGr00,Greg Van Roten,gnb
G,14,1.25%,0,0%,48,9.90%,TaylLa01,Lane Taylor,gnb
C,1055,94.03%,0,0%,2,.41%,DietEv00,Evan Dietrich-Smith,gnb
DE,0,0%,728,69.40%,81,16.70%,NealMi99,Mike Neal,gnb
DE,0,0%,286,27.26%,63,12.99%,JollJo20,Johnny Jolly,gnb
DE,2,.18%,506,48.24%,158,32.58%,DaniMi00,Mike Daniels,gnb
DE,0,0%,256,24.40%,105,21.65%,JoneDa03,Datone Jones,gnb
DE,0,0%,108,10.30%,1,.21%,WilsC.98,C.J. Wilson,gnb
DE,0,0%,12,1.14%,7,1.44%,WortJe00,Jerel Worthy,gnb
DT,2,.18%,605,57.67%,9,1.86%,RajiBJ99,B.J. Raji,gnb
NT,0,0%,487,46.43%,6,1.24%,PickRy20,Ryan Pickett,gnb
NT,0,0%,102,9.72%,28,5.77%,BoydJo00,Josh Boyd,gnb
LB,0,0%,584,55.67%,11,2.27%,JoneBr99,Brad Jones,gnb
LB,0,0%,559,53.29%,24,4.95%,MattCl99,Clay Matthews,gnb
LB,0,0%,367,34.99%,45,9.28%,PerrNi00,Nick Perry,gnb
LB,0,0%,993,94.66%,22,4.54%,HawkA.20,A.J. Hawk,gnb
LB,0,0%,265,25.26%,271,55.88%,LattJa00,Jamari Lattimore,gnb
LB,0,0%,12,1.14%,87,17.94%,FranRo99,Rob Francois,gnb
LB,0,0%,298,28.41%,209,43.09%,MuluAn00,Andy Mulumba,gnb
LB,0,0%,0,0%,78,16.08%,AiyeVi00,Victor Aiyewa,gnb
LB,0,0%,0,0%,90,18.56%,BarrSa00,Sam Barrington,gnb
LB,0,0%,196,18.68%,86,17.73%,PalmNa01,Nate Palmer,gnb
CB,0,0%,1037,98.86%,6,1.24%,WillTr99,Tramon Williams,gnb
CB,0,0%,878,83.70%,1,.21%,ShieSa00,Sam Shields,gnb
CB,0,0%,114,10.87%,290,59.79%,BushJa20,Jarrett Bush,gnb
CB,0,0%,417,39.75%,238,49.07%,HydeMi00,Micah Hyde,gnb
CB,0,0%,463,44.14%,331,68.25%,HousDa00,Davon House,gnb
CB,0,0%,87,8.29%,0,0%,HaywCa00,Casey Hayward,gnb
SS,0,0%,190,18.11%,179,36.91%,McMiJe00,Jerron McMillian,gnb
SS,0,0%,787,75.02%,186,38.35%,JennM.00,M.D. Jennings,gnb
SS,0,0%,154,14.68%,124,25.57%,RichSe00,Sean Richardson,gnb
FS,0,0%,855,81.51%,88,18.14%,BurnMo99,Morgan Burnett,gnb
FS,0,0%,191,18.21%,266,54.85%,BanjCh00,Chris Banjo,gnb
DB,0,0%,1,.10%,34,7.01%,NixoJa00,James Nixon,gnb
LS,0,0%,0,0%,148,30.52%,GoodBr99,Brett Goode,gnb
K,0,0%,0,0%,137,28.25%,CrosMa20,Mason Crosby,gnb
P,0,0%,0,0%,184,37.94%,MastTi99,Tim Masthay,gnb
QB,610,54.42%,0,0%,0,0%,SchaMa00,Matt Schaub,htx
QB,461,41.12%,0,0%,0,0%,KeenCa00,Case Keenum,htx
QB,50,4.46%,0,0%,0,0%,YateT.00,T.J. Yates,htx
RB,327,29.17%,0,0%,0,0%,FostAr00,Arian Foster,htx
RB,22,1.96%,0,0%,9,1.84%,SmelBr00,Brad Smelley,htx
RB,481,42.91%,0,0%,0,0%,TateBe00,Ben Tate,htx
RB,120,10.70%,0,0%,21,4.29%,JohnDe02,Dennis Johnson,htx
RB,58,5.17%,0,0%,7,1.43%,GrimJo01,Jonathan Grimes,htx
RB,36,3.21%,0,0%,80,16.33%,KariDe00,Deji Karim,htx
RB,9,.80%,0,0%,0,0%,GrahRa00,Ray Graham,htx
RB,0,0%,0,0%,4,.82%,SpanCh00,Chad Spann,htx
RB,3,.27%,0,0%,8,1.63%,WoodCi00,Cierre Wood,htx
FB,329,29.35%,0,0%,119,24.29%,JoneGr01,Greg Jones,htx
WR,994,88.67%,0,0%,0,0%,JohnAn02,Andre Johnson,htx
WR,995,88.76%,0,0%,0,0%,HopkDe00,DeAndre Hopkins,htx
WR,373,33.27%,0,0%,159,32.45%,MartKe01,Keshawn Martin,htx
WR,102,9.10%,0,0%,46,9.39%,JeanLe01,Lestar Jean,htx
WR,241,21.50%,0,0%,35,7.14%,PoseDe00,DeVier Posey,htx
TE,352,31.40%,0,0%,22,4.49%,DaniOw00,Owen Daniels,htx
TE,772,68.87%,0,0%,74,15.10%,GrahGa00,Garrett Graham,htx
TE,3,.27%,0,0%,11,2.24%,SupePh00,Phillip Supernaw,htx
TE,362,32.29%,0,0%,262,53.47%,GrifRy00,Ryan Griffin,htx
TE,5,.45%,0,0%,34,6.94%,ByrnJa00,Jake Byrne,htx
T,953,85.01%,0,0%,56,11.43%,BrowDu20,Duane Brown,htx
T,830,74.04%,0,0%,64,13.06%,NewtDe00,Derek Newton,htx
T,479,42.73%,0,0%,62,12.65%,HarrRy20,Ryan Harris,htx
T,0,0%,0,0%,9,1.84%,GardAn20,Andrew Gardner,htx
G,972,86.71%,0,0%,64,13.06%,SmitWa21,Wade Smith,htx
G,1043,93.04%,0,0%,62,12.65%,BrooBr00,Brandon Brooks,htx
G,0,0%,0,0%,6,1.22%,WhitCo02,Cody White,htx
C,1121,100.00%,0,0%,0,0%,MyerCh20,Chris Myers,htx
C,228,20.34%,0,0%,149,30.41%,JoneBe01,Ben Jones,htx
DE,0,0%,739,72.45%,77,15.71%,SmitAn22,Antonio Smith,htx
DE,0,0%,960,94.12%,87,17.76%,WattJ.00,J.J. Watt,htx
DE,0,0%,267,26.18%,254,51.84%,CricJa00,Jared Crick,htx
DE,0,0%,43,4.22%,11,2.24%,JamiTi99,Tim Jamison,htx
DT,0,0%,176,17.25%,24,4.90%,McClTe00,Terrell McClain,htx
NT,0,0%,535,52.45%,78,15.92%,MitcEa99,Earl Mitchell,htx
LB,0,0%,999,97.94%,88,17.96%,ReedBr00,Brooks Reed,htx
LB,0,0%,330,32.35%,31,6.33%,CushBr99,Brian Cushing,htx
LB,0,0%,932,91.37%,88,17.96%,MercWh00,Whitney Mercilus,htx
LB,0,0%,0,0%,32,6.53%,SmitD.00,D.J. Smith,htx
LB,0,0%,180,17.65%,143,29.18%,TarpJe00,Jeff Tarpinian,htx
LB,0,0%,544,53.33%,49,10.00%,MaysJo99,Joe Mays,htx
LB,0,0%,718,70.39%,77,15.71%,SharDa01,Darryl Sharpton,htx
LB,0,0%,1,.10%,49,10.00%,DobbTi20,Tim Dobbins,htx
LB,0,0%,31,3.04%,296,60.41%,TuggJu00,Justin Tuggle,htx
LB,0,0%,17,1.67%,336,68.57%,BramBr00,Bryan Braman,htx
LB,0,0%,0,0%,18,3.67%,GoodTa99,Tavares Gooden,htx
LB,0,0%,12,1.18%,145,29.59%,MohaMi00,Mike Mohamed,htx
LB,0,0%,14,1.37%,54,11.02%,SappRi99,Ricky Sapp,htx
LB,0,0%,19,1.86%,41,8.37%,JeffWi00,Willie Jefferson,htx
CB,0,0%,760,74.51%,41,8.37%,JackKa99,Kareem Jackson,htx
CB,0,0%,832,81.57%,22,4.49%,JoseJo20,Johnathan Joseph,htx
CB,0,0%,605,59.31%,134,27.35%,McCaBr99,Brice McCain,htx
CB,0,0%,0,0%,117,23.88%,MackEl20,Elbert Mack,htx
CB,0,0%,1,.10%,71,14.49%,BouyA.00,A.J. Bouye,htx
CB,0,0%,205,20.10%,216,44.08%,HarrBr00,Brandon Harris,htx
CB,0,0%,0,0%,7,1.43%,RogeJu00,Justin Rogers,htx
SS,0,0%,321,31.47%,56,11.43%,MannDa21,Danieal Manning,htx
SS,0,0%,150,14.71%,311,63.47%,PleaEd00,Eddie Pleasant,htx
FS,0,0%,769,75.39%,220,44.90%,KeoxSh00,Shiloh Keo,htx
FS,0,0%,797,78.14%,197,40.20%,SweaDJ00,D.J. Swearinger,htx
FS,0,0%,261,25.59%,4,.82%,ReedEd00,Ed Reed,htx
DB,0,0%,0,0%,44,8.98%,StarJa01,Jawanza Starling,htx
DB,0,0%,2,.20%,162,33.06%,VictJo00,Josh Victorian,htx
LS,0,0%,0,0%,154,31.43%,WeekJo00,Jon Weeks,htx
K,0,0%,0,0%,131,26.73%,BullRa00,Randy Bullock,htx
P,0,0%,0,0%,155,31.63%,LechSh20,Shane Lechler,htx
QB,1048,97.85%,0,0%,0,0%,LuckAn00,Andrew Luck,clt
QB,23,2.15%,0,0%,0,0%,HassMa00,Matt Hasselbeck,clt
RB,39,3.64%,0,0%,0,0%,BallVi00,Vick Ballard,clt
RB,502,46.87%,0,0%,0,0%,RichTr00,Trent Richardson,clt
RB,19,1.77%,0,0%,41,8.86%,ChoiTa00,Tashard Choice,clt
RB,11,1.03%,0,0%,88,19.01%,HerrDa00,Dan Herron,clt
RB,103,9.62%,0,0%,0,0%,BradAh00,Ahmad Bradshaw,clt
RB,374,34.92%,0,0%,92,19.87%,BrowDo00,Donald Brown,clt
RB,5,.47%,0,0%,24,5.18%,RainCh00,Chris Rainey,clt
RB,7,.65%,0,0%,3,.65%,HughRo00,Robert Hughes,clt
RB,0,0%,0,0%,9,1.94%,WillKe05,Kerwynn Williams,clt
FB,328,30.63%,0,0%,184,39.74%,HaviSt00,Stanley Havili,clt
WR,429,40.06%,0,0%,2,.43%,WaynRe00,Reggie Wayne,clt
WR,603,56.30%,0,0%,29,6.26%,HeywDa00,Darrius Heyward-Bey,clt
WR,760,70.96%,0,0%,44,9.50%,HiltT.00,T.Y. Hilton,clt
WR,57,5.32%,0,0%,76,16.41%,ReedDa00,David Reed,clt
WR,205,19.14%,0,0%,1,.22%,RogeDa01,Da'Rick Rogers,clt
WR,236,22.04%,0,0%,110,23.76%,BrazLa00,LaVon Brazill,clt
WR,272,25.40%,0,0%,58,12.53%,WhalGr00,Griff Whalen,clt
TE,817,76.28%,0,0%,0,0%,FleeCo00,Coby Fleener,clt
TE,30,2.80%,0,0%,2,.43%,AlleDw00,Dwayne Allen,clt
TE,118,11.02%,0,0%,16,3.46%,SaunWe00,Weslye Saunders,clt
TE,14,1.31%,0,0%,0,0%,CunnJu00,Justice Cunningham,clt
TE,95,8.87%,0,0%,38,8.21%,JoneDo01,Dominique Jones,clt
TE,192,17.93%,0,0%,220,47.52%,DoylJa00,Jack Doyle,clt
T,1070,99.91%,0,0%,74,15.98%,CherGo20,Gosder Cherilus,clt
T,1067,99.63%,0,0%,72,15.55%,CastAn00,Anthony Castonzo,clt
T,152,14.19%,0,0%,21,4.54%,NixoXa00,Xavier Nixon,clt
"G,T",386,36.04%,0,0%,56,12.10%,LinkJe20,Jeff Linkenbach,clt
G,70,6.54%,0,0%,4,.86%,ThomDo26,Donald Thomas,clt
G,889,83.01%,0,0%,68,14.69%,McGlMi20,Mike McGlynn,clt
G,870,81.23%,0,0%,67,14.47%,ThorHu00,Hugh Thornton,clt
G,0,0%,0,0%,8,1.73%,AustTh00,Thomas Austin,clt
G,146,13.63%,0,0%,57,12.31%,ReitJo00,Joe Reitz,clt
C,822,76.75%,0,0%,5,1.08%,SateSa20,Samson Satele,clt
C,12,1.12%,0,0%,7,1.51%,HolmKh00,Khaled Holmes,clt
"DE,DT",0,0%,626,59.17%,65,14.04%,ReddCo20,Cory Redding,clt
DE,0,0%,45,4.25%,20,4.32%,GuyxLa00,Lawrence Guy,clt
DE,4,.37%,427,40.36%,163,35.21%,MathRi99,Ricardo Mathews,clt
"DE,DT",0,0%,395,37.33%,46,9.94%,JeanRi99,Ricky Jean-Francois,clt
DT,0,0%,40,3.78%,7,1.51%,PendJe00,Jeris Pendleton,clt
DT,0,0%,71,6.71%,26,5.62%,HughMo00,Montori Hughes,clt
"DE,DT",0,0%,506,47.83%,80,17.28%,MoalFi99,Fili Moala,clt
NT,0,0%,336,31.76%,11,2.38%,FranAu20,Aubrayo Franklin,clt
NT,0,0%,237,22.40%,65,14.04%,ChapJo00,Josh Chapman,clt
LB,0,0%,333,31.47%,176,38.01%,ShepKe00,Kelvin Sheppard,clt
LB,0,0%,958,90.55%,5,1.08%,FreeJe00,Jerrell Freeman,clt
LB,0,0%,493,46.60%,68,14.69%,AngePa99,Pat Angerer,clt
LB,0,0%,840,79.40%,1,.22%,MathRo20,Robert Mathis,clt
LB,0,0%,844,79.77%,5,1.08%,WaldEr99,Erik Walden,clt
LB,0,0%,305,28.83%,90,19.44%,WernBj00,Bjoern Werner,clt
LB,0,0%,112,10.59%,156,33.69%,ConnKa99,Kavell Conner,clt
LB,0,0%,64,6.05%,279,60.26%,StudAn99,Andy Studebaker,clt
LB,0,0%,0,0%,31,6.70%,AdonDa00,Daniel Adongo,clt
LB,0,0%,92,8.70%,96,20.73%,McNaJo00,Josh McNary,clt
LB,6,.56%,71,6.71%,277,59.83%,HarvMa00,Mario Harvey,clt
LB,0,0%,102,9.64%,246,53.13%,JohnCa01,Cam Johnson,clt
CB,0,0%,437,41.30%,23,4.97%,ToleGr99,Greg Toler,clt
CB,0,0%,931,88.00%,2,.43%,DaviVo99,Vontae Davis,clt
CB,0,0%,5,.47%,113,24.41%,BrowJa00,Jalil Brown,clt
CB,0,0%,693,65.50%,97,20.95%,ButlDa99,Darius Butler,clt
CB,0,0%,182,17.20%,210,45.36%,GordJo01,Josh Gordy,clt
CB,0,0%,404,38.19%,130,28.08%,VaugCa00,Cassius Vaughn,clt
SS,0,0%,1028,97.16%,10,2.16%,BethAn20,Antoine Bethea,clt
SS,0,0%,23,2.17%,117,25.27%,LyncCo99,Corey Lynch,clt
SS,0,0%,19,1.80%,77,16.63%,LefeJo00,Joe Lefeged,clt
FS,0,0%,786,74.29%,1,.22%,LandLa99,LaRon Landry,clt
FS,0,0%,206,19.47%,51,11.02%,HoweDe00,Delano Howell,clt
FS,0,0%,26,2.46%,314,67.82%,BrowSe00,Sergio Brown,clt
FS,0,0%,0,0%,80,17.28%,AsanLa99,Larry Asante,clt
LS,0,0%,0,0%,156,33.69%,OverMa00,Matt Overton,clt
K,0,0%,0,0%,74,15.98%,vinatada01,Adam Vinatieri,clt
P,0,0%,0,0%,244,52.70%,McAfPa44,Pat McAfee,clt
QB,159,15.04%,0,0%,0,0%,GabbBl00,Blaine Gabbert,jax
QB,898,84.96%,0,0%,0,0%,HennCh01,Chad Henne,jax
RB,648,61.31%,0,0%,0,0%,DrewMa00,Maurice Jones-Drew,jax
RB,263,24.88%,0,0%,161,34.48%,TodmJo00,Jordan Todman,jax
RB,99,9.37%,0,0%,7,1.50%,ForsJu00,Justin Forsett,jax
RB,1,.09%,0,0%,0,0%,CartDe01,Delone Carter,jax
FB,311,29.42%,0,0%,208,44.54%,TaufWi00,Will Ta'ufo'ou,jax
WR,758,71.71%,0,0%,3,.64%,ShorCe00,Cecil Shorts,jax
WR,601,56.86%,0,0%,62,13.28%,SandAc00,Ace Sanders,jax
WR,248,23.46%,0,0%,0,0%,BlacJu00,Justin Blackmon,jax
WR,286,27.06%,0,0%,20,4.28%,TaylKe00,Kerry Taylor,jax
WR,133,12.58%,0,0%,25,5.35%,BurtSt00,Stephen Burton,jax
WR,577,54.59%,0,0%,1,.21%,BrowMi00,Mike Brown,jax
WR,12,1.14%,0,0%,0,0%,WillSt01,Stephen Williams,jax
WR,49,4.64%,0,0%,5,1.07%,EberJe00,Jeremy Ebert,jax
WR,52,4.92%,0,0%,179,38.33%,RobiDe00,Denard Robinson,jax
WR,4,.38%,0,0%,0,0%,PalmTo00,Tobais Palmer,jax
WR,7,.66%,0,0%,0,0%,ThomLa02,Lamaar Thomas,jax
TE,215,20.34%,0,0%,23,4.93%,ReisAl00,Allen Reisner,jax
TE,357,33.77%,0,0%,280,59.96%,HarbCl00,Clay Harbor,jax
TE,46,4.35%,0,0%,97,20.77%,NoblDa00,Danny Noble,jax
TE,29,2.74%,0,0%,99,21.20%,WillD.00,D.J. Williams,jax
TE,582,55.06%,0,0%,0,0%,LewiMa00,Marcedes Lewis,jax
T,272,25.73%,0,0%,6,1.28%,JoecLu00,Luke Joeckel,jax
T,260,24.60%,0,0%,5,1.07%,MonrEu20,Eugene Monroe,jax
T,794,75.12%,0,0%,71,15.20%,BradCa00,Cameron Bradfield,jax
G,1057,100.00%,0,0%,50,10.71%,NwanUc20,Uche Nwaneri,jax
G,648,61.31%,0,0%,26,5.57%,RackWi01,Will Rackley,jax
G,186,17.60%,0,0%,17,3.64%,McClJa20,Jacques McClendon,jax
G,791,74.83%,0,0%,54,11.56%,PaszAu00,Austin Pasztor,jax
G,1,.09%,0,0%,11,2.36%,NowaDr00,Drew Nowak,jax
G,1,.09%,0,0%,43,9.21%,YounSa21,Sam Young,jax
C,1057,100.00%,0,0%,7,1.50%,MeesBr20,Brad Meester,jax
C,225,21.29%,0,0%,42,8.99%,BrewMi00,Mike Brewster,jax
DE,0,0%,764,68.15%,8,1.71%,BabiJa20,Jason Babin,jax
DE,0,0%,593,52.90%,79,16.92%,BranAn00,Andre Branch,jax
DE,0,0%,744,66.37%,88,18.84%,AluaTy99,Tyson Alualu,jax
DE,0,0%,240,21.41%,25,5.35%,MincJe99,Jeremy Mincey,jax
DE,0,0%,105,9.37%,33,7.07%,DaviRy00,Ryan Davis,jax
DT,0,0%,932,83.14%,89,19.06%,MarkSe99,Sen'Derrick Marks,jax
DT,0,0%,575,51.29%,24,5.14%,MillRo99,Roy Miller,jax
DT,0,0%,37,3.30%,0,0%,LoveKy00,Kyle Love,jax
DT,0,0%,54,4.82%,0,0%,MillJo01,Jordan Miller,jax
DT,0,0%,302,26.94%,142,30.41%,DeadBr99,Brandon Deaderick,jax
DT,0,0%,16,1.43%,0,0%,NeviDr00,Drake Nevis,jax
DT,0,0%,129,11.51%,50,10.71%,JoneAb00,Abry Jones,jax
LB,0,0%,1039,92.69%,83,17.77%,PoluPa99,Paul Posluszny,jax
LB,0,0%,921,82.16%,6,1.28%,HayeGe98,Geno Hayes,jax
LB,0,0%,597,53.26%,114,24.41%,AlleRu00,Russell Allen,jax
LB,0,0%,0,0%,114,24.41%,KnoxKy00,Kyle Knox,jax
LB,0,0%,2,.18%,141,30.19%,StupNa01,Nathan Stupar,jax
LB,0,0%,91,8.12%,212,45.40%,LotuJo00,John Lotulelei,jax
LB,0,0%,57,5.08%,216,46.25%,ReynLa00,LaRoy Reynolds,jax
LB,0,0%,190,16.95%,250,53.53%,ThomJ.02,J.T. Thomas,jax
CB,0,0%,1006,89.74%,19,4.07%,BallAl99,Alan Ball,jax
CB,0,0%,671,59.86%,99,21.20%,BlacWi20,Will Blackmon,jax
CB,0,0%,403,35.95%,182,38.97%,HarrMi00,Mike Harris,jax
CB,0,0%,1,.09%,59,12.63%,FlemJa00,Jamell Fleming,jax
SS,0,0%,1045,93.22%,62,13.28%,CyprJo00,Johnathan Cyprien,jax
SS,0,0%,82,7.31%,394,84.37%,ProsCh00,Chris Prosinski,jax
SS,0,0%,353,31.49%,205,43.90%,GuyxWi00,Winston Guy,jax
FS,0,0%,126,11.24%,1,.21%,LoweDw99,Dwight Lowery,jax
FS,0,0%,676,60.30%,141,30.19%,EvanJo00,Josh Evans,jax
DB,0,0%,485,43.26%,31,6.64%,GratDw00,Dwayne Gratz,jax
DB,0,0%,92,8.21%,363,77.73%,McCrDe00,Demetrius McCray,jax
LS,0,0%,0,0%,146,31.26%,TinkCa00,Carson Tinker,jax
K,0,0%,0,0%,113,24.20%,scobejos01,Josh Scobee,jax
P,0,0%,0,0%,146,31.26%,AngeBr00,Bryan Anger,jax
QB,978,90.64%,0,0%,0,0%,SmitAl03,Alex Smith,kan
QB,100,9.27%,0,0%,0,0%,DaniCh00,Chase Daniel,kan
RB,59,5.47%,0,0%,339,69.90%,GrayCy00,Cyrus Gray,kan
RB,845,78.31%,0,0%,0,0%,CharJa00,Jamaal Charles,kan
RB,170,15.76%,0,0%,30,6.19%,DaviKn00,Knile Davis,kan
FB,386,35.77%,0,0%,297,61.24%,SherAn00,Anthony Sherman,kan
WR,706,65.43%,0,0%,0,0%,AverDo00,Donnie Avery,kan
WR,837,77.57%,0,0%,0,0%,BoweDw00,Dwayne Bowe,kan
WR,581,53.85%,0,0%,90,18.56%,McClDe00,Dexter McCluster,kan
WR,311,28.82%,0,0%,304,62.68%,HemiJu00,Junior Hemingway,kan
WR,192,17.79%,0,0%,36,7.42%,JenkA.00,A.J. Jenkins,kan
WR,41,3.80%,0,0%,23,4.74%,HallCh00,Chad Hall,kan
WR,0,0%,0,0%,4,.82%,WillKy01,Kyle Williams,kan
TE,504,46.71%,0,0%,6,1.24%,FasaAn00,Anthony Fasano,kan
TE,43,3.99%,0,0%,0,0%,JoneDo01,Dominique Jones,kan
TE,75,6.95%,0,0%,0,0%,BrocKe00,Kevin Brock,kan
TE,610,56.53%,0,0%,8,1.65%,McGrSe00,Sean McGrath,kan
TE,17,1.58%,0,0%,15,3.09%,GordRi00,Richard Gordon,kan
TE,0,0%,0,0%,1,.21%,KelcTr00,Travis Kelce,kan
T,542,50.23%,0,0%,81,16.70%,SchwGe20,Geoff Schwartz,kan
T,789,73.12%,0,0%,61,12.58%,FishEr00,Eric Fisher,kan
T,775,71.83%,0,0%,52,10.72%,AlbeBr20,Branden Albert,kan
T,534,49.49%,0,0%,78,16.08%,StepDo00,Donald Stephenson,kan
G,652,60.43%,0,0%,70,14.43%,AsamJo20,Jon Asamoah,kan
G,880,81.56%,0,0%,73,15.05%,AlleJe01,Jeff Allen,kan
G,88,8.16%,0,0%,6,1.24%,WatkRo00,Rokevious Watkins,kan
G,75,6.95%,0,0%,6,1.24%,JohnRi02,Rishaw Johnson,kan
C,1006,93.23%,0,0%,78,16.08%,HudsRo00,Rodney Hudson,kan
C,73,6.77%,0,0%,5,1.03%,KushEr00,Eric Kush,kan
DE,0,0%,437,39.37%,44,9.07%,DeViMi99,Mike DeVito,kan
DE,0,0%,91,8.20%,133,27.42%,CataMi00,Mike Catapano,kan
DE,0,0%,499,44.95%,55,11.34%,JackTy98,Tyson Jackson,kan
DE,0,0%,439,39.55%,93,19.18%,BailAl00,Allen Bailey,kan
DE,0,0%,42,3.78%,1,.21%,ToriAn20,Anthony Toribio,kan
DT,0,0%,3,.27%,0,0%,LoveKy00,Kyle Love,kan
DT,0,0%,40,3.60%,6,1.24%,PoweJe00,Jerrell Powe,kan
NT,0,0%,976,87.93%,55,11.34%,PoexDo00,Dontari Poe,kan
NT,0,0%,48,4.32%,5,1.03%,HowaJa00,Jaye Howard,kan
LB,0,0%,697,62.79%,37,7.63%,HousJu00,Justin Houston,kan
LB,0,0%,1010,90.99%,57,11.75%,JohnDe25,Derrick Johnson,kan
LB,0,0%,943,84.95%,34,7.01%,HaliTa20,Tamba Hali,kan
LB,0,0%,469,42.25%,321,66.19%,JordAk99,Akeem Jordan,kan
LB,0,0%,58,5.23%,229,47.22%,MoseDe00,Dezman Moses,kan
LB,0,0%,421,37.93%,279,57.53%,ZombFr00,Frank Zombo,kan
LB,0,0%,67,6.04%,324,66.80%,JohnJa04,James-Michael Johnson,kan
LB,0,0%,101,9.10%,83,17.11%,MartJo02,Josh Martin,kan
LB,0,0%,17,1.53%,67,13.81%,JohnNi00,Nico Johnson,kan
CB,0,0%,867,78.11%,2,.41%,FlowBr99,Brandon Flowers,kan
CB,0,0%,1008,90.81%,2,.41%,SmitSe99,Sean Smith,kan
CB,0,0%,646,58.20%,215,44.33%,CoopMa00,Marcus Cooper,kan
CB,0,0%,264,23.78%,2,.41%,RobiDu20,Dunta Robinson,kan
SS,0,0%,1011,91.08%,12,2.47%,BerrEr99,Eric Berry,kan
SS,0,0%,638,57.48%,262,54.02%,DempQu99,Quintin Demps,kan
FS,0,0%,1043,93.96%,1,.21%,LewiKe00,Kendrick Lewis,kan
FS,0,0%,280,25.23%,398,82.06%,AbduHu99,Husain Abdullah,kan
FS,0,0%,0,0%,9,1.86%,McDoBr01,Bradley McDougald,kan
DB,0,0%,92,8.29%,385,79.38%,ParkRo01,Ron Parker,kan
DB,0,0%,3,.27%,44,9.07%,CommSa00,Sanders Commings,kan
LS,0,0%,0,0%,170,35.05%,GaffTh20,Thomas Gafford,kan
K,0,0%,0,0%,173,35.67%,SuccRy44,Ryan Succop,kan
P,0,0%,0,0%,171,35.26%,ColqDu20,Dustin Colquitt,kan
QB,588,56.76%,0,0%,0,0%,PryoTe00,Terrelle Pryor,rai
QB,378,36.49%,0,0%,0,0%,McGlMa01,Matt McGloin,rai
QB,70,6.76%,0,0%,0,0%,FlynMa00,Matt Flynn,rai
RB,336,32.43%,0,0%,0,0%,McFaDa00,Darren McFadden,rai
RB,548,52.90%,0,0%,98,20.12%,JennRa00,Rashad Jennings,rai
RB,12,1.16%,0,0%,269,55.24%,StewJe00,Jeremy Stewart,rai
FB,182,17.57%,0,0%,335,68.79%,OlawJa00,Jamize Olawale,rai
FB,505,48.75%,0,0%,19,3.90%,ReecMa00,Marcel Reece,rai
WR,63,6.08%,0,0%,5,1.03%,CrinJu00,Juron Criner,rai
WR,590,56.95%,0,0%,0,0%,MoorDe02,Denarius Moore,rai
WR,748,72.20%,0,0%,6,1.23%,StreRo00,Rod Streater,rai
WR,380,36.68%,0,0%,68,13.96%,HolmAn00,Andre Holmes,rai
WR,210,20.27%,0,0%,49,10.06%,ButlBr00,Brice Butler,rai
WR,278,26.83%,0,0%,75,15.40%,FordJa01,Jacoby Ford,rai
WR,1,.10%,0,0%,68,13.96%,JenkGr00,Greg Jenkins,rai
TE,592,57.14%,0,0%,180,36.96%,RiveMy00,Mychal Rivera,rai
TE,538,51.93%,0,0%,185,37.99%,MastJe20,Jeron Mastrud,rai
TE,75,7.24%,0,0%,59,12.11%,KasaNi00,Nick Kasa,rai
T,713,68.82%,0,0%,51,10.47%,PashTo20,Tony Pashos,rai
T,1034,99.81%,0,0%,67,13.76%,BarnKh20,Khalif Barnes,rai
T,173,16.70%,0,0%,6,1.23%,WatsMe00,Menelik Watson,rai
T,323,31.18%,0,0%,0,0%,VeldJa20,Jared Veldheer,rai
T,256,24.71%,0,0%,35,7.19%,McCaMa00,Matt McCants,rai
G,642,61.97%,0,0%,59,12.11%,NixxLu00,Lucas Nix,rai
G,871,84.07%,0,0%,57,11.70%,BrisMi20,Mike Brisiel,rai
G,275,26.54%,0,0%,43,8.83%,GuroAn20,Andre Gurode,rai
G,4,.39%,0,0%,0,0%,CornJa00,Jack Cornell,rai
G,95,9.17%,0,0%,19,3.90%,MadyLa00,Lamar Mady,rai
C,904,87.26%,0,0%,60,12.32%,WisnSt01,Stefen Wisniewski,rai
DE,0,0%,1020,94.97%,81,16.63%,HousLa99,Lamarr Houston,rai
DE,0,0%,615,57.26%,43,8.83%,HuntJa24,Jason Hunter,rai
DE,0,0%,0,0%,49,10.06%,WilsMa01,Martez Wilson,rai
DE,0,0%,65,6.05%,60,12.32%,RobiRy01,Ryan Robinson,rai
DE,0,0%,124,11.55%,200,41.07%,CrawJa00,Jack Crawford,rai
DT,0,0%,766,71.32%,67,13.76%,WalkVa99,Vance Walker,rai
DT,0,0%,212,19.74%,4,.82%,MuirDa20,Daniel Muir,rai
DT,0,0%,86,8.01%,2,.41%,SanfBr00,Brian Sanford,rai
DT,0,0%,70,6.52%,2,.41%,BiluCh00,Christo Bilukidi,rai
NT,0,0%,677,63.04%,68,13.96%,SimsPa99,Pat Sims,rai
NT,0,0%,350,32.59%,49,10.06%,McGeSt01,Stacy McGee,rai
NT,0,0%,2,.19%,0,0%,LumpRi00,Ricky Lumpkin,rai
LB,0,0%,1074,100.00%,84,17.25%,RoacNi99,Nick Roach,rai
LB,0,0%,977,90.97%,68,13.96%,BurnKe20,Kevin Burnett,rai
LB,0,0%,118,10.99%,148,30.39%,MaiaKa99,Kaluka Maiava,rai
LB,0,0%,41,3.82%,98,20.12%,BurrMi00,Miles Burris,rai
LB,0,0%,0,0%,62,12.73%,McFaMa00,Marshall McFadden,rai
LB,0,0%,5,.47%,318,65.30%,BurnKa00,Kaelin Burnett,rai
LB,0,0%,577,53.72%,113,23.20%,MoorSi00,Sio Moore,rai
CB,0,0%,986,91.81%,80,16.43%,PortTr99,Tracy Porter,rai
CB,0,0%,903,84.08%,69,14.17%,JenkMi99,Mike Jenkins,rai
CB,0,0%,337,31.38%,77,15.81%,HaydDJ00,D.J. Hayden,rai
CB,0,0%,164,15.27%,306,62.83%,ChekCh00,Chimdi Chekwa,rai
CB,0,0%,339,31.56%,158,32.44%,AdamPh00,Phillip Adams,rai
"CB,RB",12,1.16%,0,0%,313,64.27%,JoneTa00,Taiwan Jones,rai
SS,0,0%,64,5.96%,7,1.44%,BranTy99,Tyvon Branch,rai
SS,0,0%,955,88.92%,159,32.65%,RossBr00,Brandian Ross,rai
FS,0,0%,1067,99.35%,80,16.43%,WoodCh00,Charles Woodson,rai
FS,0,0%,196,18.25%,238,48.87%,YounUs99,Usama Young,rai
DB,0,0%,24,2.23%,75,15.40%,JohnSh00,Shelton Johnson,rai
DB,0,0%,0,0%,7,1.44%,CaseCh00,Chance Casey,rai
LS,0,0%,0,0%,158,32.44%,CondJo20,Jon Condo,rai
K,0,0%,0,0%,142,29.16%,janikseb01,Sebastian Janikowski,rai
P,0,0%,0,0%,158,32.44%,KingMa00,Marquette King,rai
QB,1098,98.92%,0,0%,0,0%,RivePh00,Philip Rivers,sdg
QB,12,1.08%,0,0%,0,0%,WhitCh02,Charlie Whitehurst,sdg
RB,149,13.42%,0,0%,48,10.74%,BrowRo05,Ronnie Brown,sdg
RB,471,42.43%,0,0%,0,0%,MathRy00,Ryan Mathews,sdg
RB,491,44.23%,0,0%,81,18.12%,WoodDa02,Danny Woodhead,sdg
RB,1,.09%,0,0%,17,3.80%,WhitFo00,Fozzy Whittaker,sdg
FB,133,11.98%,0,0%,124,27.74%,McClLe00,Le'Ron McClain,sdg
WR,88,7.93%,0,0%,0,0%,FloyMa00,Malcom Floyd,sdg
WR,917,82.61%,0,0%,1,.22%,BrowVi00,Vincent Brown,sdg
WR,944,85.05%,0,0%,43,9.62%,AlleKe00,Keenan Allen,sdg
WR,703,63.33%,0,0%,26,5.82%,RoyaEd00,Eddie Royal,sdg
WR,11,.99%,0,0%,15,3.36%,HawkLa00,Lavelle Hawkins,sdg
WR,72,6.49%,0,0%,178,39.82%,AjirSe00,Seyi Ajirotutu,sdg
TE,968,87.21%,0,0%,0,0%,GateAn00,Antonio Gates,sdg
TE,238,21.44%,0,0%,240,53.69%,PhilJo00,John Phillips,sdg
TE,364,32.79%,0,0%,326,72.93%,GreeLa00,Ladarius Green,sdg
TE,3,.27%,0,0%,0,0%,ByrnJa00,Jake Byrne,sdg
T,671,60.45%,0,0%,30,6.71%,DunlKi20,King Dunlap,sdg
T,1045,94.14%,0,0%,44,9.84%,FlukDJ00,D.J. Fluker,sdg
T,59,5.32%,0,0%,32,7.16%,SchiSt00,Stephen Schilling,sdg
T,13,1.17%,0,0%,1,.22%,BectNi00,Nick Becton,sdg
T,6,.54%,0,0%,0,0%,SmitWi00,Willie Smith,sdg
T,189,17.03%,0,0%,24,5.37%,HarrMi01,Mike Harris,sdg
T,4,.36%,0,0%,0,0%,RemmMi00,Mike Remmers,sdg
G,1037,93.42%,0,0%,40,8.95%,ClarJe20,Jeromey Clary,sdg
G,667,60.09%,0,0%,36,8.05%,RineCh20,Chad Rinehart,sdg
G,154,13.87%,0,0%,55,12.30%,OhrnRi20,Rich Ohrnberger,sdg
G,628,56.58%,0,0%,67,14.99%,TrouJo00,Johnnie Troutman,sdg
C,1074,96.76%,0,0%,8,1.79%,HardNi55,Nick Hardwick,sdg
DE,0,0%,709,71.40%,158,35.35%,ReyeKe00,Kendall Reyes,sdg
DE,0,0%,711,71.60%,15,3.36%,LiugCo00,Corey Liuget,sdg
DE,0,0%,88,8.86%,7,1.57%,WynnJa99,Jarius Wynn,sdg
DE,0,0%,125,12.59%,38,8.50%,GuyxLa00,Lawrence Guy,sdg
DE,0,0%,212,21.35%,20,4.47%,LissSe99,Sean Lissemore,sdg
DT,0,0%,472,47.53%,141,31.54%,ThomCa99,Cam Thomas,sdg
DT,0,0%,30,3.02%,29,6.49%,GeatKw00,Kwame Geathers,sdg
LB,0,0%,699,70.39%,70,15.66%,ButlDo99,Donald Butler,sdg
LB,0,0%,114,11.48%,305,68.23%,BirdBr00,Bront Bird,sdg
LB,0,0%,433,43.61%,50,11.19%,JohnJa23,Jarret Johnson,sdg
LB,0,0%,370,37.26%,116,25.95%,EnglLa99,Larry English,sdg
LB,0,0%,168,16.92%,2,.45%,FreeDw00,Dwight Freeney,sdg
LB,0,0%,394,39.68%,34,7.61%,KeisTh00,Thomas Keiser,sdg
LB,0,0%,166,16.72%,274,61.30%,GachAn00,Andrew Gachkar,sdg
LB,0,0%,472,47.53%,191,42.73%,WalkRe00,Reggie Walker,sdg
LB,0,0%,524,52.77%,107,23.94%,TeoxMa00,Manti Te'o,sdg
LB,0,0%,120,12.08%,0,0%,IngrMe00,Melvin Ingram,sdg
LB,0,0%,214,21.55%,93,20.81%,WillTo00,Tourek Williams,sdg
LB,0,0%,0,0%,6,1.34%,MannTe00,Terrell Manning,sdg
LB,0,0%,0,0%,8,1.79%,RobiAd01,Adrian Robinson,sdg
CB,0,0%,781,78.65%,45,10.07%,WrigSh00,Shareece Wright,sdg
CB,0,0%,556,55.99%,100,22.37%,CoxxDe99,Derek Cox,sdg
CB,0,0%,625,62.94%,151,33.78%,MarsRi20,Richard Marshall,sdg
CB,0,0%,474,47.73%,105,23.49%,PatrJo00,Johnny Patrick,sdg
CB,0,0%,24,2.42%,63,14.09%,ButlCr99,Crezdon Butler,sdg
SS,0,0%,987,99.40%,114,25.50%,GilcMa00,Marcus Gilchrist,sdg
SS,0,0%,93,9.37%,322,72.04%,StucDa20,Darrell Stuckey,sdg
FS,0,0%,993,100.00%,234,52.35%,WeddEr99,Eric Weddle,sdg
FS,0,0%,368,37.06%,231,51.68%,AddaJa00,Jahleel Addae,sdg
LS,0,0%,0,0%,139,31.10%,WindMi00,Mike Windt,sdg
K,0,0%,0,0%,172,38.48%,novaknic01,Nick Novak,sdg
P,0,0%,0,0%,139,31.10%,ScifMi20,Mike Scifres,sdg
QB,451,44.88%,0,0%,0,0%,BradSa00,Sam Bradford,ram
QB,554,55.12%,0,0%,0,0%,ClemKe00,Kellen Clemens,ram
RB,202,20.10%,0,0%,0,0%,RichDa00,Daryl Richardson,ram
RB,91,9.05%,0,0%,82,18.26%,PeadIs00,Isaiah Pead,ram
RB,0,0%,0,0%,301,67.04%,ReynCh00,Chase Reynolds,ram
RB,139,13.83%,0,0%,116,25.84%,CunnBe01,Benny Cunningham,ram
RB,566,56.32%,0,0%,0,0%,StacZa00,Zac Stacy,ram
WR,779,77.51%,0,0%,0,0%,GiveCh00,Chris Givens,ram
WR,580,57.71%,0,0%,7,1.56%,PettAu00,Austin Pettis,ram
WR,423,42.09%,0,0%,98,21.83%,AustTa00,Tavon Austin,ram
WR,354,35.22%,0,0%,11,2.45%,QuicBr00,Brian Quick,ram
WR,188,18.71%,0,0%,237,52.78%,BailSt01,Stedman Bailey,ram
WR,0,0%,0,0%,11,2.45%,VeltJu00,Justin Veltung,ram
TE,718,71.44%,1,.09%,3,.67%,CookJa02,Jared Cook,ram
TE,577,57.41%,0,0%,11,2.45%,KendLa00,Lance Kendricks,ram
TE,34,3.38%,0,0%,195,43.43%,McNeMi00,Mike McNeill,ram
TE,356,35.42%,0,0%,229,51.00%,HarkCo00,Cory Harkey,ram
T,852,84.78%,0,0%,36,8.02%,LongJa20,Jake Long,ram
T,543,54.03%,0,0%,39,8.69%,SaffRo20,Rodger Saffold,ram
T,823,81.89%,0,0%,62,13.81%,BarkJo00,Joe Barksdale,ram
T,8,.80%,0,0%,0,0%,StarMa21,Max Starks,ram
G,529,52.64%,0,0%,29,6.46%,DahlHa20,Harvey Dahl,ram
G,902,89.75%,0,0%,59,13.14%,WillCh03,Chris Williams,ram
G,17,1.69%,0,0%,0,0%,WashBr00,Brandon Washington,ram
G,363,36.12%,0,0%,54,12.03%,SmitSh22,Shelley Smith,ram
C,739,73.53%,0,0%,7,1.56%,WellSc20,Scott Wells,ram
C,266,26.47%,0,0%,118,26.28%,BarnTi01,Tim Barnes,ram
C,0,0%,0,0%,11,2.45%,JoneBa00,Barrett Jones,ram
DE,0,0%,839,78.78%,77,17.15%,LongCh99,Chris Long,ram
DE,0,0%,831,78.03%,83,18.49%,QuinRo00,Robert Quinn,ram
DE,0,0%,385,36.15%,95,21.16%,SimsEu99,Eugene Sims,ram
DE,0,0%,345,32.39%,60,13.36%,HayeWi99,William Hayes,ram
DE,0,0%,10,.94%,1,.22%,RiveGe00,Gerald Rivers,ram
DT,0,0%,743,69.77%,76,16.93%,LangKe98,Kendall Langford,ram
DT,0,0%,792,74.37%,78,17.37%,BrocMi00,Michael Brockers,ram
DT,0,0%,135,12.68%,51,11.36%,ConrMa00,Matt Conrath,ram
DT,0,0%,212,19.91%,64,14.25%,CudjJe00,Jermelle Cudjo,ram
LB,0,0%,1055,99.06%,81,18.04%,LaurJa99,James Laurinaitis,ram
LB,0,0%,1033,97.00%,82,18.26%,OgleAl00,Alec Ogletree,ram
LB,0,0%,136,12.77%,158,35.19%,WithWi20,Will Witherspoon,ram
LB,1,.10%,419,39.34%,10,2.23%,DunbJo20,Jo-Lonn Dunbar,ram
LB,0,0%,20,1.88%,303,67.48%,ArmsRa01,Ray-Ray Armstrong,ram
LB,0,0%,0,0%,279,62.14%,BateDa00,Daren Bates,ram
CB,0,0%,1045,98.12%,142,31.63%,JenkJa03,Jackrabbit Jenkins,ram
CB,0,0%,362,33.99%,20,4.45%,FinnCo20,Cortland Finnegan,ram
CB,0,0%,873,81.97%,79,17.59%,JohnTr05,Trumaine Johnson,ram
CB,0,0%,5,.47%,23,5.12%,PoinQu00,Quinton Pointer,ram
CB,0,0%,78,7.32%,235,52.34%,McGeBr00,Brandon McGee,ram
SS,0,0%,650,61.03%,84,18.71%,McDoTJ00,T.J. McDonald,ram
SS,0,0%,117,10.99%,284,63.25%,GiorMa20,Matt Giordano,ram
SS,0,0%,0,0%,16,3.56%,DaniMa00,Matt Daniels,ram
FS,0,0%,1060,99.53%,142,31.63%,McLeRo00,Rodney McLeod,ram
FS,0,0%,568,53.33%,87,19.38%,StewDa00,Darian Stewart,ram
DB,0,0%,0,0%,179,39.87%,DaviCo02,Cody Davis,ram
LS,0,0%,0,0%,144,32.07%,McQuJa00,Jake McQuaide,ram
K,0,0%,0,0%,140,31.18%,ZuerGr00,Greg Zuerlein,ram
P,0,0%,0,0%,147,32.74%,HekkJo00,Johnny Hekker,ram
QB,973,96.15%,0,0%,0,0%,WilsRu00,Russell Wilson,sea
QB,39,3.85%,0,0%,0,0%,JackTa00,Tarvaris Jackson,sea
RB,711,70.26%,0,0%,0,0%,LyncMa00,Marshawn Lynch,sea
RB,26,2.57%,0,0%,8,1.79%,MichCh00,Christine Michael,sea
RB,231,22.83%,0,0%,27,6.04%,TurbRo00,Robert Turbin,sea
FB,136,13.44%,0,0%,139,31.10%,RobiMi00,Michael Robinson,sea
FB,141,13.93%,0,0%,171,38.26%,ColeDe00,Derrick Coleman,sea
FB,7,.69%,0,0%,21,4.70%,WareSp00,Spencer Ware,sea
WR,762,75.30%,0,0%,93,20.81%,TateGo00,Golden Tate,sea
WR,748,73.91%,0,0%,113,25.28%,BaldDo00,Doug Baldwin,sea
WR,330,32.61%,0,0%,3,.67%,RiceSi01,Sidney Rice,sea
WR,470,46.44%,0,0%,152,34.00%,KearJe01,Jermaine Kearse,sea
WR,19,1.88%,0,0%,2,.45%,HarvPe00,Percy Harvin,sea
WR,51,5.04%,0,0%,0,0%,WillSt01,Stephen Williams,sea
WR,50,4.94%,0,0%,4,.89%,WaltBr00,Bryan Walters,sea
WR,87,8.60%,0,0%,19,4.25%,LockRi00,Ricardo Lockette,sea
TE,718,70.95%,0,0%,73,16.33%,MillZa01,Zach Miller,sea
TE,152,15.02%,0,0%,174,38.93%,DaviKe01,Kellen Davis,sea
TE,404,39.92%,0,0%,19,4.25%,WillLu00,Luke Willson,sea
T,534,52.77%,0,0%,11,2.46%,GiacBr20,Breno Giacomini,sea
T,425,42.00%,0,0%,32,7.16%,OkunRu20,Russell Okung,sea
T,523,51.68%,0,0%,38,8.50%,BowiMi00,Michael Bowie,sea
T,81,8.00%,0,0%,71,15.88%,BailAl01,Alvin Bailey,sea
T,2,.20%,0,0%,2,.45%,PersMi00,Michael Person,sea
G,952,94.07%,0,0%,130,29.08%,SweeJ.00,J.R. Sweezy,sea
G,760,75.10%,0,0%,80,17.90%,CarpJa00,James Carpenter,sea
G,773,76.38%,0,0%,81,18.12%,McQuPa21,Paul McQuistan,sea
C,753,74.41%,0,0%,16,3.58%,UngeMa20,Max Unger,sea
C,274,27.08%,0,0%,124,27.74%,JeanLe00,Lemuel Jeanpierre,sea
DE,0,0%,499,47.89%,9,2.01%,IrviBr00,Bruce Irvin,sea
DE,0,0%,144,13.82%,154,34.45%,SchoOB99,O'Brien Schofield,sea
DE,0,0%,481,46.16%,45,10.07%,BryaRe99,Red Bryant,sea
DE,0,0%,598,57.39%,42,9.40%,BennMi99,Michael Bennett,sea
DE,0,0%,555,53.26%,5,1.12%,AvriCl99,Cliff Avril,sea
DE,0,0%,568,54.51%,37,8.28%,ClemCh23,Chris Clemons,sea
DE,0,0%,24,2.30%,0,0%,MayoBe00,Benson Mayowa,sea
DT,0,0%,532,51.06%,28,6.26%,MebaBr99,Brandon Mebane,sea
DT,0,0%,527,50.58%,35,7.83%,McDaTo20,Tony McDaniel,sea
DT,0,0%,15,1.44%,1,.22%,BrooMi02,Michael Brooks,sea
DT,0,0%,64,6.14%,0,0%,HillJo01,Jordan Hill,sea
DT,0,0%,46,4.41%,0,0%,SmitDA99,D'Anthony Smith,sea
DT,0,0%,531,50.96%,23,5.15%,McDoCl99,Clinton McDonald,sea
LB,0,0%,739,70.92%,87,19.46%,WrigK.00,K.J. Wright,sea
LB,0,0%,860,82.53%,70,15.66%,WagnBo00,Bobby Wagner,sea
LB,0,0%,480,46.07%,228,51.01%,SmitMa02,Malcolm Smith,sea
LB,0,0%,83,7.97%,324,72.48%,MorgMi00,Mike Morgan,sea
LB,0,0%,42,4.03%,360,80.54%,FarwHe20,Heath Farwell,sea
LB,0,0%,0,0%,12,2.68%,BradAl00,Allen Bradford,sea
LB,0,0%,17,1.63%,29,6.49%,LotuJo00,John Lotulelei,sea
CB,0,0%,979,93.95%,50,11.19%,SherRi00,Richard Sherman,sea
CB,0,0%,469,45.01%,11,2.46%,ThurWa99,Walter Thurmond,sea
CB,0,0%,482,46.26%,235,52.57%,MaxwBy00,Byron Maxwell,sea
CB,0,0%,453,43.47%,10,2.24%,BrowBr00,Brandon Browner,sea
CB,0,0%,159,15.26%,288,64.43%,LaneJe00,Jeremy Lane,sea
CB,0,0%,11,1.06%,9,2.01%,CoxxPe99,Perrish Cox,sea
SS,0,0%,1006,96.55%,140,31.32%,ChanKa99,Kam Chancellor,sea
SS,0,0%,28,2.69%,63,14.09%,JohnJe02,Jeron Johnson,sea
FS,0,0%,1008,96.74%,89,19.91%,ThomEa99,Earl Thomas,sea
FS,0,0%,51,4.89%,357,79.87%,MaraCh99,Chris Maragos,sea
DB,0,0%,8,.77%,82,18.34%,SheaDe00,DeShawn Shead,sea
LS,0,0%,0,0%,158,35.35%,GresCl00,Clint Gresham,sea
K,0,0%,0,0%,174,38.93%,HausSt00,Stephen Hauschka,sea
P,0,0%,0,0%,158,35.35%,RyanJo21,Jon Ryan,sea
QB,969,97.78%,0,0%,0,0%,KaepCo00,Colin Kaepernick,sfo
QB,22,2.22%,0,0%,0,0%,McCoCo00,Colt McCoy,sfo
RB,744,75.08%,0,0%,0,0%,GoreFr00,Frank Gore,sfo
RB,80,8.07%,0,0%,292,63.34%,DixoAn00,Anthony Dixon,sfo
RB,24,2.42%,0,0%,0,0%,TukuWi00,Will Tukuafu,sfo
RB,190,19.17%,0,0%,53,11.50%,HuntKe00,Kendall Hunter,sfo
RB,28,2.83%,0,0%,76,16.49%,JameLa00,LaMichael James,sfo
FB,520,52.47%,0,0%,95,20.61%,MillBr02,Bruce Miller,sfo
WR,318,32.09%,0,0%,58,12.58%,WillKy01,Kyle Williams,sfo
WR,804,81.13%,0,0%,4,.87%,BoldAn00,Anquan Boldin,sfo
WR,148,14.93%,0,0%,0,0%,MannMa01,Mario Manningham,sfo
WR,237,23.92%,0,0%,0,0%,CrabMi00,Michael Crabtree,sfo
WR,78,7.87%,0,0%,11,2.39%,MoorMa02,Marlon Moore,sfo
WR,104,10.49%,0,0%,0,0%,BaldJo00,Jonathan Baldwin,sfo
WR,43,4.34%,0,0%,255,55.31%,OsgoKa00,Kassim Osgood,sfo
WR,60,6.05%,0,0%,8,1.74%,PattQu00,Quinton Patton,sfo
TE,811,81.84%,0,0%,0,0%,DaviVe00,Vernon Davis,sfo
TE,0,0%,302,28.38%,217,47.07%,DobbDe00,Demarcus Dobbs,sfo
TE,479,48.34%,0,0%,113,24.51%,McDoVa00,Vance McDonald,sfo
TE,123,12.41%,0,0%,79,17.14%,CeleGa00,Garrett Celek,sfo
TE,40,4.04%,0,0%,41,8.89%,CarrDe00,Derek Carrier,sfo
T,976,98.49%,0,0%,80,17.35%,DaviAn27,Anthony Davis,sfo
T,930,93.84%,0,0%,75,16.27%,StalJo20,Joe Staley,sfo
G,694,70.03%,0,0%,57,12.36%,IupaMi20,Mike Iupati,sfo
G,991,100.00%,0,0%,80,17.35%,BoonAl21,Alex Boone,sfo
G,363,36.63%,0,0%,80,17.35%,SnydAd20,Adam Snyder,sfo
G,69,6.96%,0,0%,22,4.77%,LoonJo01,Joe Looney,sfo
C,971,97.98%,0,0%,5,1.08%,GoodJo23,Jonathan Goodwin,sfo
C,84,8.48%,0,0%,137,29.72%,KilgDa00,Daniel Kilgore,sfo
DT,0,0%,642,60.34%,11,2.39%,McDoRa99,Ray McDonald,sfo
DT,0,0%,780,73.31%,69,14.97%,SmitJu20,Justin Smith,sfo
DT,0,0%,18,1.69%,8,1.74%,DialQu00,Quinton Dial,sfo
NT,1,.10%,13,1.22%,4,.87%,WillIa00,Ian Williams,sfo
NT,0,0%,435,40.88%,55,11.93%,DorsGl99,Glenn Dorsey,sfo
NT,0,0%,378,35.53%,86,18.66%,JeroTo00,Tony Jerod-Eddie,sfo
LB,0,0%,574,53.95%,44,9.54%,SmitAl04,Aldon Smith,sfo
LB,0,0%,965,90.70%,66,14.32%,BrooAh21,Ahmad Brooks,sfo
LB,0,0%,1040,97.74%,41,8.89%,BowmNa99,NaVorro Bowman,sfo
LB,0,0%,863,81.11%,54,11.71%,WillPa98,Patrick Willis,sfo
LB,0,0%,7,.66%,94,20.39%,StupNa01,Nathan Stupar,sfo
LB,0,0%,164,15.41%,293,63.56%,WilhMi00,Michael Wilhoite,sfo
LB,0,0%,10,.94%,55,11.93%,MoodNi00,Nick Moody,sfo
LB,0,0%,294,27.63%,172,37.31%,SkutDa00,Dan Skuta,sfo
LB,0,0%,276,25.94%,181,39.26%,LemoCo00,Corey Lemonier,sfo
CB,0,0%,755,70.96%,55,11.93%,BrowTa99,Tarell Brown,sfo
CB,0,0%,1046,98.31%,1,.22%,RogeCa20,Carlos Rogers,sfo
CB,0,0%,137,12.88%,0,0%,AsomNn20,Nnamdi Asomugha,sfo
CB,0,0%,117,11.00%,46,9.98%,WrigEr99,Eric Wright,sfo
CB,0,0%,68,6.39%,53,11.50%,CoxxPe99,Perrish Cox,sfo
CB,0,0%,663,62.31%,153,33.19%,BrocTr00,Tramaine Brock,sfo
SS,0,0%,1012,95.11%,1,.22%,WhitDo20,Donte Whitner,sfo
SS,0,0%,0,0%,301,65.29%,VentRa20,Raymond Ventrone,sfo
SS,0,0%,88,8.27%,299,64.86%,DahlCr99,Craig Dahl,sfo
FS,0,0%,982,92.29%,78,16.92%,ReidEr00,Eric Reid,sfo
FS,0,0%,68,6.39%,359,77.87%,SpilCJ99,C.J. Spillman,sfo
DB,0,0%,7,.66%,156,33.84%,MorrDa01,Darryl Morris,sfo
LS,0,0%,0,0%,160,34.71%,McDeKe00,Kevin McDermott,sfo
K,0,0%,0,0%,173,37.53%,dawsophi01,Phil Dawson,sfo
P,0,0%,0,0%,162,35.14%,LeexAn20,Andy Lee,sfo
QB,842,81.27%,0,0%,0,0%,GlenMi00,Mike Glennon,tam
QB,190,18.34%,0,0%,0,0%,FreeJo00,Josh Freeman,tam
QB,4,.39%,0,0%,0,0%,OrloDa00,Dan Orlovsky,tam
RB,304,29.34%,0,0%,1,.22%,MartDo00,Doug Martin,tam
RB,291,28.09%,0,0%,181,39.96%,LeonBr00,Brian Leonard,tam
RB,10,.97%,0,0%,10,2.21%,DempJe00,Jeff Demps,tam
RB,272,26.25%,0,0%,10,2.21%,RainBo00,Bobby Rainey,tam
RB,18,1.74%,0,0%,53,11.70%,HillMi00,Michael Hill,tam
RB,155,14.96%,0,0%,20,4.42%,JameMi00,Mike James,tam
FB,383,36.97%,0,0%,230,50.77%,LoriEr99,Erik Lorig,tam
FB,35,3.38%,0,0%,175,38.63%,LarsSp99,Spencer Larsen,tam
WR,563,54.34%,0,0%,21,4.64%,UndeTi00,Tiquan Underwood,tam
WR,969,93.53%,1,.09%,6,1.32%,JackVi00,Vincent Jackson,tam
WR,363,35.04%,0,0%,0,0%,WillMi04,Mike Williams,tam
WR,263,25.39%,0,0%,6,1.32%,OwusCh00,Chris Owusu,tam
WR,171,16.51%,0,0%,13,2.87%,OgleKe00,Kevin Ogletree,tam
WR,32,3.09%,0,0%,243,53.64%,ShepRu00,Russell Shepard,tam
WR,55,5.31%,0,0%,144,31.79%,PageEr00,Eric Page,tam
WR,99,9.56%,0,0%,8,1.77%,DawsSk00,Skye Dawson,tam
TE,105,10.14%,0,0%,15,3.31%,StocLu00,Luke Stocker,tam
TE,113,10.91%,0,0%,21,4.64%,ByhaNa00,Nate Byham,tam
TE,214,20.66%,0,0%,60,13.25%,CrabTo00,Tom Crabtree,tam
TE,53,5.12%,0,0%,51,11.26%,AdamKy00,Kyle Adams,tam
TE,608,58.69%,0,0%,59,13.02%,WrigTi01,Tim Wright,tam
T,1035,99.90%,0,0%,63,13.91%,DotsDe00,Demar Dotson,tam
T,1033,99.71%,0,0%,63,13.91%,PennDo20,Donald Penn,tam
T,475,45.85%,0,0%,61,13.47%,MereJa20,Jamon Meredith,tam
G,145,14.00%,0,0%,4,.88%,NickCa20,Carl Nicks,tam
G,210,20.27%,0,0%,58,12.80%,CariGa00,Gabe Carimi,tam
G,1010,97.49%,0,0%,62,13.69%,JoseDa20,Davin Joseph,tam
C,1015,97.97%,0,0%,3,.66%,ZuttJe20,Jeremy Zuttah,tam
C,361,34.85%,0,0%,83,18.32%,LarsTe20,Ted Larsen,tam
DE,0,0%,933,88.10%,84,18.54%,ClayAd00,Adrian Clayborn,tam
DE,0,0%,602,56.85%,61,13.47%,Teo-Da99,Daniel Te'o-Nesheim,tam
DE,0,0%,54,5.10%,23,5.08%,ScotTr99,Trevor Scott,tam
DE,0,0%,206,19.45%,11,2.43%,BoweDa00,Da'Quan Bowers,tam
DE,0,0%,312,29.46%,24,5.30%,GholWi00,William Gholston,tam
DE,0,0%,77,7.27%,47,10.38%,MeanSt00,Steven Means,tam
DT,0,0%,962,90.84%,85,18.76%,McCoGe99,Gerald McCoy,tam
DT,0,0%,694,65.53%,96,21.19%,SpenAk00,Akeem Spence,tam
DT,0,0%,123,11.61%,6,1.32%,LandDe99,Derek Landri,tam
DT,0,0%,164,15.49%,4,.88%,GibsGa99,Gary Gibson,tam
LB,0,0%,1022,96.51%,162,35.76%,DaviLa00,Lavonte David,tam
LB,0,0%,771,72.80%,72,15.89%,FostMa00,Mason Foster,tam
LB,0,0%,257,24.27%,311,68.65%,WatsDe99,Dekoda Watson,tam
LB,0,0%,197,18.60%,255,56.29%,CasiJo99,Jonathan Casillas,tam
LB,0,0%,187,17.66%,298,65.78%,HaywAd98,Adam Hayward,tam
LB,0,0%,4,.38%,15,3.31%,LansDa00,Danny Lansanah,tam
LB,0,0%,6,.57%,92,20.31%,GlauKa00,Ka'lial Glaud,tam
CB,0,0%,691,65.25%,152,33.55%,JohnLe03,Leonard Johnson,tam
CB,0,0%,939,88.67%,96,21.19%,BankJo00,Johnthan Banks,tam
CB,0,0%,948,89.52%,76,16.78%,ReviDa99,Darrelle Revis,tam
CB,0,0%,86,8.12%,73,16.11%,AdamMi98,Michael Adams,tam
SS,0,0%,834,78.75%,74,16.34%,BarrMa00,Mark Barron,tam
SS,0,0%,441,41.64%,210,46.36%,TandKe00,Keith Tandy,tam
FS,0,0%,807,76.20%,138,30.46%,GoldDa99,Dashon Goldson,tam
FS,0,0%,146,13.79%,45,9.93%,BlacAh00,Ahmad Black,tam
FS,0,0%,101,9.54%,118,26.05%,McCrKe00,Kelcie McCray,tam
FS,0,0%,0,0%,29,6.40%,McDoBr01,Bradley McDougald,tam
DB,0,0%,83,7.84%,78,17.22%,GorrDa00,Danny Gorrer,tam
DB,0,0%,0,0%,88,19.43%,CarrDe01,Deveron Carr,tam
LS,0,0%,0,0%,151,33.33%,EconAn20,Andrew Economos,tam
K,0,0%,0,0%,63,13.91%,linderia01,Rian Lindell,tam
P,0,0%,0,0%,221,48.79%,koenemic01,Michael Koenen,tam
QB,395,36.74%,0,0%,0,0%,LockJa00,Jake Locker,oti
QB,680,63.26%,0,0%,0,0%,FitzRy00,Ryan Fitzpatrick,oti
RB,798,74.23%,0,0%,0,0%,JohnCh04,Chris Johnson,oti
RB,112,10.42%,0,0%,275,57.89%,BattJa00,Jackie Battle,oti
RB,4,.37%,0,0%,105,22.11%,ReynDa00,Darius Reynaud,oti
RB,0,0%,0,0%,51,10.74%,WashLe00,Leon Washington,oti
RB,154,14.33%,0,0%,0,0%,GreeSh00,Shonn Greene,oti
FB,135,12.56%,0,0%,79,16.63%,MoonCo00,Collin Mooney,oti
FB,55,5.12%,0,0%,15,3.16%,JohnQu00,Quinn Johnson,oti
WR,299,27.81%,0,0%,0,0%,BritKe00,Kenny Britt,oti
WR,887,82.51%,0,0%,0,0%,WashNa00,Nate Washington,oti
WR,231,21.49%,0,0%,31,6.53%,WillDa04,Damian Williams,oti
WR,808,75.16%,0,0%,0,0%,WrigKe01,Kendall Wright,oti
WR,0,0%,0,0%,17,3.58%,WyliDe00,Devon Wylie,oti
WR,334,31.07%,0,0%,0,0%,HuntJu00,Justin Hunter,oti
WR,60,5.58%,0,0%,57,12.00%,PresMi00,Michael Preston,oti
TE,419,38.98%,0,0%,169,35.58%,StevCr00,Craig Stevens,oti
TE,763,70.98%,0,0%,19,4.00%,WalkHu00,Delanie Walker,oti
TE,271,25.21%,0,0%,355,74.74%,ThomTa00,Taylor Thompson,oti
TE,26,2.42%,0,0%,0,0%,ShiaVi00,Visanthe Shiancoe,oti
T,1075,100.00%,0,0%,70,14.74%,RoosMi20,Michael Roos,oti
T,800,74.42%,0,0%,53,11.16%,StewDa21,David Stewart,oti
T,140,13.02%,0,0%,22,4.63%,StinBy00,Byron Stingily,oti
T,154,14.33%,0,0%,65,13.68%,OttoMi20,Michael Otto,oti
G,1075,100.00%,0,0%,70,14.74%,WarmCh00,Chance Warmack,oti
G,1069,99.44%,0,0%,0,0%,LeviAn20,Andy Levitre,oti
C,394,36.65%,0,0%,27,5.68%,TurnRo22,Robert Turner,oti
C,567,52.74%,0,0%,0,0%,SchwBr00,Brian Schwenke,oti
C,120,11.16%,0,0%,70,14.74%,SpenCh21,Chris Spencer,oti
DE,0,0%,797,74.84%,75,15.79%,MorgDe99,Derrick Morgan,oti
DE,0,0%,149,13.99%,44,9.26%,EdwaLa00,Lavar Edwards,oti
DE,0,0%,352,33.05%,27,5.68%,WimbKa20,Kamerion Wimbley,oti
DE,0,0%,318,29.86%,130,27.37%,KlugKa00,Karl Klug,oti
DE,0,0%,575,53.99%,91,19.16%,PitoRo00,Ropati Pitoitua,oti
DE,0,0%,21,1.97%,23,4.84%,DawsKe99,Keyunta Dawson,oti
DT,0,0%,872,81.88%,95,20.00%,CaseJu00,Jurrell Casey,oti
DT,0,0%,233,21.88%,68,14.32%,MartMi01,Mike Martin,oti
DT,0,0%,384,36.06%,49,10.32%,HillSa99,Sammie Lee Hill,oti
DT,0,0%,378,35.49%,45,9.47%,JohnAn03,Antonio Johnson,oti
LB,0,0%,757,71.08%,99,20.84%,BrowZa00,Zach Brown,oti
LB,0,0%,719,67.51%,67,14.11%,FokoMo99,Moise Fokou,oti
LB,0,0%,722,67.79%,102,21.47%,AyerAk00,Akeem Ayers,oti
LB,0,0%,74,6.95%,175,36.84%,GoodZa00,Zaviar Gooden,oti
LB,0,0%,0,0%,37,7.79%,DileZa99,Zach Diles,oti
LB,0,0%,3,.28%,223,46.95%,BailPa99,Patrick Bailey,oti
LB,0,0%,331,31.08%,260,54.74%,McCaCo00,Colin McCarthy,oti
CB,0,0%,1000,93.90%,158,33.26%,VernAl99,Alterraun Verner,oti
CB,0,0%,1054,98.97%,107,22.53%,McCoJa99,Jason McCourty,oti
CB,0,0%,493,46.29%,141,29.68%,SensCo00,Coty Sensabaugh,oti
CB,0,0%,22,2.07%,153,32.21%,CampTo00,Tommie Campbell,oti
SS,0,0%,1054,98.97%,94,19.79%,PollBe20,Bernard Pollard,oti
SS,0,0%,0,0%,51,10.74%,LyncCo99,Corey Lynch,oti
SS,0,0%,9,.85%,302,63.58%,StafDa00,Daimion Stafford,oti
FS,0,0%,898,84.32%,98,20.63%,GrifMi99,Michael Griffin,oti
FS,0,0%,406,38.12%,196,41.26%,WilsGe01,George Wilson,oti
FS,0,0%,0,0%,10,2.11%,SchiSh99,Shann Schillinger,oti
DB,0,0%,92,8.64%,243,51.16%,WrehBl00,Blidi Wreh-Wilson,oti
DB,0,0%,0,0%,44,9.26%,PellMi00,Micah Pellerin,oti
LS,0,0%,0,0%,153,32.21%,BrinBe00,Beau Brinkley,oti
K,0,0%,0,0%,150,31.58%,bironrob01,Rob Bironas,oti
P,0,0%,0,0%,156,32.84%,KernBr20,Brett Kern,oti
QB,987,96.11%,0,0%,0,0%,MannEl00,Eli Manning,nyg
QB,40,3.89%,0,0%,0,0%,PainCu00,Curtis Painter,nyg
RB,202,19.67%,0,0%,0,0%,HillPe00,Peyton Hillis,nyg
RB,361,35.15%,0,0%,0,0%,BrowAn03,Andre Brown,nyg
RB,140,13.63%,0,0%,10,2.13%,ScotDa01,Da'Rel Scott,nyg
RB,142,13.83%,0,0%,36,7.66%,JacoBr00,Brandon Jacobs,nyg
RB,112,10.91%,0,0%,21,4.47%,WilsDa01,David Wilson,nyg
RB,38,3.70%,0,0%,183,38.94%,CoxxMi00,Michael Cox,nyg
FB,29,2.82%,0,0%,0,0%,HynoHe01,Henry Hynoski,nyg
FB,240,23.37%,0,0%,34,7.23%,ConnJo00,John Conner,nyg
WR,784,76.34%,0,0%,1,.21%,CruzVi00,Victor Cruz,nyg
WR,835,81.30%,0,0%,0,0%,NickHa01,Hakeem Nicks,nyg
WR,580,56.48%,0,0%,95,20.21%,RandRu00,Rueben Randle,nyg
WR,12,1.17%,0,0%,47,10.00%,TallJu00,Julian Talley,nyg
WR,100,9.74%,0,0%,47,10.00%,MurpLo00,Louis Murphy,nyg
WR,217,21.13%,0,0%,36,7.66%,JernJe00,Jerrel Jernigan,nyg
TE,850,82.77%,0,0%,58,12.34%,MyerBr00,Brandon Myers,nyg
TE,104,10.13%,0,0%,173,36.81%,DonnLa00,Larry Donnell,nyg
TE,334,32.52%,0,0%,113,24.04%,PascBe00,Bear Pascoe,nyg
TE,0,0%,0,0%,1,.21%,RobiAd00,Adrien Robinson,nyg
T,706,68.74%,0,0%,26,5.53%,DiehDa21,David Diehl,nyg
T,1027,100.00%,0,0%,57,12.13%,PughJu00,Justin Pugh,nyg
T,1004,97.76%,0,0%,38,8.09%,BeatWi20,Will Beatty,nyg
G,187,18.21%,0,0%,11,2.34%,SneeCh20,Chris Snee,nyg
G,434,42.26%,0,0%,46,9.79%,BrewJa00,James Brewer,nyg
G,1022,99.51%,0,0%,57,12.13%,BootKe20,Kevin Boothe,nyg
G,24,2.34%,0,0%,4,.85%,GoodSt00,Stephen Goodin,nyg
G,59,5.74%,0,0%,51,10.85%,MoslBr00,Brandon Mosley,nyg
C,143,13.92%,0,0%,0,0%,BaasDa20,David Baas,nyg
C,482,46.93%,0,0%,54,11.49%,CordJi00,Jim Cordle,nyg
C,102,9.93%,0,0%,2,.43%,ReynDa01,Dallas Reynolds,nyg
DE,0,0%,869,76.97%,111,23.62%,KiwaMa20,Mathias Kiwanuka,nyg
DE,0,0%,872,77.24%,86,18.30%,TuckJu20,Justin Tuck,nyg
DE,0,0%,567,50.22%,8,1.70%,PierJa99,Jason Pierre-Paul,nyg
DE,0,0%,3,.27%,98,20.85%,TratJu00,Justin Trattou,nyg
DE,0,0%,133,11.78%,242,51.49%,MoorDa01,Damontre Moore,nyg
DT,0,0%,696,61.65%,55,11.70%,JenkCu20,Cullen Jenkins,nyg
DT,0,0%,578,51.20%,25,5.32%,JoseLi99,Linval Joseph,nyg
DT,0,0%,401,35.52%,52,11.06%,PattMi20,Mike Patterson,nyg
DT,0,0%,223,19.75%,46,9.79%,RogeSh99,Shaun Rogers,nyg
DT,0,0%,191,16.92%,20,4.26%,HankJo00,Johnathan Hankins,nyg
DT,0,0%,10,.89%,65,13.83%,KuhnMa00,Markus Kuhn,nyg
LB,0,0%,689,61.03%,277,58.94%,PaysSp00,Spencer Paysinger,nyg
LB,0,0%,605,53.59%,205,43.62%,WillJa02,Jacquian Williams,nyg
LB,0,0%,418,37.02%,230,48.94%,RiveKe99,Keith Rivers,nyg
LB,0,0%,191,16.92%,382,81.28%,HerzMa00,Mark Herzlich,nyg
LB,0,0%,21,1.86%,3,.64%,ConnDa99,Dan Connor,nyg
LB,0,0%,0,0%,147,31.28%,BradAl00,Allen Bradford,nyg
LB,0,0%,0,0%,38,8.09%,DowtMa00,Marcus Dowtin,nyg
LB,0,0%,720,63.77%,7,1.49%,BeasJo99,Jon Beason,nyg
CB,0,0%,165,14.61%,1,.21%,WebsCo20,Corey Webster,nyg
CB,0,0%,155,13.73%,29,6.17%,RossAa99,Aaron Ross,nyg
CB,0,0%,1078,95.48%,147,31.28%,AmukPr00,Prince Amukamara,nyg
CB,0,0%,569,50.40%,27,5.74%,ThomTe99,Terrell Thomas,nyg
CB,0,0%,606,53.68%,148,31.49%,McBrTr99,Trumaine McBride,nyg
CB,0,0%,111,9.83%,107,22.77%,HoslJa00,Jayron Hosley,nyg
SS,0,0%,1124,99.56%,53,11.28%,RollAn20,Antrel Rolle,nyg
SS,0,0%,5,.44%,226,48.09%,TaylCo01,Cooper Taylor,nyg
FS,0,0%,764,67.67%,158,33.62%,HillWi01,Will Hill,nyg
FS,0,0%,653,57.84%,257,54.68%,MundRy00,Ryan Mundy,nyg
DB,0,0%,2,.18%,289,61.49%,JameCh00,Charles James,nyg
LS,0,0%,0,0%,150,31.91%,DeOsZa99,Zak DeOssie,nyg
K,0,0%,0,0%,127,27.02%,brownjos01,Josh Brown,nyg
P,0,0%,0,0%,151,32.13%,WeatSt20,Steve Weatherford,nyg
QB,985,93.72%,0,0%,0,0%,SmitGe00,Geno Smith,nyj
QB,66,6.28%,0,0%,0,0%,SimmMa00,Matt Simms,nyj
RB,618,58.80%,0,0%,0,0%,PoweBi00,Bilal Powell,nyj
RB,331,31.49%,0,0%,0,0%,IvorCh00,Chris Ivory,nyj
RB,30,2.85%,0,0%,1,.21%,GoodMi00,Mike Goodson,nyj
RB,0,0%,0,0%,16,3.33%,ReynDa00,Darius Reynaud,nyj
RB,42,4.00%,0,0%,129,26.88%,GreeAl00,Alex Green,nyj
FB,371,35.30%,0,0%,85,17.71%,BohaTo00,Tommy Bohanon,nyj
WR,594,56.52%,0,0%,0,0%,HillSt00,Stephen Hill,nyj
WR,500,47.57%,0,0%,0,0%,HolmSa00,Santonio Holmes,nyj
WR,567,53.95%,0,0%,33,6.88%,KerlJe00,Jeremy Kerley,nyj
WR,156,14.84%,0,0%,21,4.38%,SalaGr00,Greg Salas,nyj
WR,133,12.65%,0,0%,30,6.25%,GateCl00,Clyde Gates,nyj
WR,30,2.85%,0,0%,116,24.17%,CribJo01,Josh Cribbs,nyj
WR,24,2.28%,0,0%,21,4.38%,SpadRy00,Ryan Spadola,nyj
WR,570,54.23%,0,0%,2,.42%,NelsDa01,David Nelson,nyj
WR,41,3.90%,0,0%,42,8.75%,ObomBe00,Ben Obomanu,nyj
WR,32,3.04%,0,0%,54,11.25%,CampMi01,Michael Campbell,nyj
WR,9,.86%,0,0%,17,3.54%,HakiSa00,Saalim Hakim,nyj
TE,333,31.68%,0,0%,1,.21%,WinsKe01,Kellen Winslow,nyj
TE,675,64.22%,0,0%,53,11.04%,CumbJe00,Jeff Cumberland,nyj
TE,33,3.14%,0,0%,187,38.96%,ReulKo00,Konrad Reuland,nyj
TE,144,13.70%,0,0%,89,18.54%,SudfZa00,Zach Sudfeld,nyj
T,1049,99.81%,0,0%,69,14.38%,HowaAu20,Austin Howard,nyj
T,1051,100.00%,0,0%,65,13.54%,FergDB20,D'Brickashaw Ferguson,nyj
G,1038,98.76%,0,0%,63,13.13%,ColoWi20,Willie Colon,nyj
G,317,30.16%,0,0%,63,13.13%,DucaVl20,Vlad Ducasse,nyj
G,763,72.60%,0,0%,65,13.54%,WintBr00,Brian Winters,nyj
C,1049,99.81%,0,0%,0,0%,MangNi20,Nick Mangold,nyj
C,2,.19%,0,0%,17,3.54%,SchlCa00,Caleb Schlauderaff,nyj
DE,0,0%,1041,94.46%,75,15.63%,WilkMu00,Muhammad Wilkerson,nyj
DE,0,0%,237,21.51%,162,33.75%,DouzLe00,Leger Douzable,nyj
DE,0,0%,0,0%,16,3.33%,SoloSc00,Scott Solomon,nyj
DT,6,.57%,882,80.04%,74,15.42%,RichSh00,Sheldon Richardson,nyj
DT,1,.10%,208,18.87%,42,8.75%,ElliKe01,Kenrick Ellis,nyj
NT,1,.10%,499,45.28%,129,26.88%,HarrDa03,Damon Harrison,nyj
LB,0,0%,1048,95.10%,161,33.54%,DaviDe00,Demario Davis,nyj
LB,0,0%,1100,99.82%,84,17.50%,HarrDa99,David Harris,nyj
LB,0,0%,814,73.87%,70,14.58%,CoplQu00,Quinton Coples,nyj
LB,0,0%,871,79.04%,20,4.17%,PaceCa20,Calvin Pace,nyj
LB,0,0%,267,24.23%,228,47.50%,McInGa00,Garrett McIntyre,nyj
LB,0,0%,146,13.25%,18,3.75%,BarnAn99,Antwan Barnes,nyj
LB,0,0%,19,1.72%,90,18.75%,SappRi99,Ricky Sapp,nyj
LB,0,0%,15,1.36%,102,21.25%,DaviTr02,Troy Davis,nyj
LB,0,0%,2,.18%,334,69.58%,BellNi01,Nick Bellore,nyj
LB,0,0%,7,.64%,20,4.17%,CunnJe99,Jermaine Cunningham,nyj
CB,0,0%,723,65.61%,15,3.13%,MillDe00,Dee Milliner,nyj
CB,0,0%,1067,96.82%,8,1.67%,CromAn20,Antonio Cromartie,nyj
CB,0,0%,466,42.29%,189,39.38%,WilsKy99,Kyle Wilson,nyj
CB,0,0%,30,2.72%,383,79.79%,LankEl99,Ellis Lankster,nyj
CB,0,0%,68,6.17%,233,48.54%,TrufIs00,Isaiah Trufant,nyj
CB,0,0%,288,26.13%,194,40.42%,WallDa00,Darrin Walls,nyj
SS,0,0%,1083,98.28%,137,28.54%,LandDa21,Dawan Landry,nyj
SS,0,0%,62,5.63%,333,69.38%,BushJo00,Josh Bush,nyj
FS,0,0%,368,33.39%,0,0%,ReedEd00,Ed Reed,nyj
FS,0,0%,535,48.55%,127,26.46%,AlleAn02,Antonio Allen,nyj
FS,0,0%,276,25.05%,322,67.08%,JarrJa00,Jaiquawn Jarrett,nyj
DB,0,0%,0,0%,15,3.13%,MileRo00,Rontez Miles,nyj
LS,0,0%,0,0%,156,32.50%,PurdTa00,Tanner Purdum,nyj
K,0,0%,0,0%,138,28.75%,FolkNi20,Nick Folk,nyj
P,0,0%,0,0%,133,27.71%,QuigRy00,Ryan Quigley,nyj
P,0,0%,0,0%,23,4.79%,MaloRo00,Robert Malone,nyj
QB,325,29.47%,0,0%,0,0%,VickMi00,Michael Vick,phi
QB,76,6.89%,0,0%,0,0%,BarkMa00,Matt Barkley,phi
QB,702,63.64%,0,0%,0,0%,FoleNi00,Nick Foles,phi
RB,872,79.06%,0,0%,0,0%,McCoLe01,LeSean McCoy,phi
RB,194,17.59%,0,0%,29,6.02%,BrowBr02,Bryce Brown,phi
RB,46,4.17%,0,0%,271,56.22%,PolkCh00,Chris Polk,phi
RB,0,0%,0,0%,5,1.04%,TuckMa00,Matthew Tucker,phi
WR,987,89.48%,0,0%,41,8.51%,JackDe00,DeSean Jackson,phi
WR,980,88.85%,0,0%,2,.41%,CoopRi00,Riley Cooper,phi
WR,789,71.53%,0,0%,5,1.04%,AvanJa00,Jason Avant,phi
WR,20,1.81%,0,0%,94,19.50%,SmitBr01,Brad Smith,phi
WR,53,4.81%,0,0%,89,18.46%,JohnDa04,Damaris Johnson,phi
WR,0,0%,0,0%,9,1.87%,CunnB.00,B.J. Cunningham,phi
WR,127,11.51%,0,0%,65,13.49%,MaehJe00,Jeff Maehl,phi
TE,844,76.52%,0,0%,5,1.04%,CeleBr00,Brent Celek,phi
TE,450,40.80%,0,0%,167,34.65%,ErtzZa00,Zach Ertz,phi
TE,153,13.87%,0,0%,343,71.16%,CaseJa00,James Casey,phi
T,1102,99.91%,0,0%,76,15.77%,JohnLa01,Lane Johnson,phi
T,1018,92.29%,0,0%,0,0%,PeteJa21,Jason Peters,phi
T,0,0%,0,0%,4,.83%,TobiMa00,Matt Tobin,phi
G,1103,100.00%,0,0%,75,15.56%,HerrTo20,Todd Herremans,phi
G,1103,100.00%,0,0%,75,15.56%,MathEv20,Evan Mathis,phi
G,86,7.80%,0,0%,75,15.56%,BarbAl20,Allen Barbre,phi
G,8,.73%,0,0%,71,14.73%,VandJu00,Julian Vandervelde,phi
C,1095,99.27%,0,0%,0,0%,KelcJa00,Jason Kelce,phi
DE,0,0%,717,59.55%,72,14.94%,ThorCe00,Cedric Thornton,phi
DE,0,0%,885,73.50%,66,13.69%,CoxxFl00,Fletcher Cox,phi
DE,0,0%,254,21.10%,69,14.32%,GeatCl99,Clifton Geathers,phi
"DE,NT",0,0%,147,12.21%,14,2.90%,SquaDa00,Damion Square,phi
DE,0,0%,317,26.33%,6,1.24%,CurrVi00,Vinny Curry,phi
NT,0,0%,480,39.87%,131,27.18%,LogaBe00,Bennie Logan,phi
NT,0,0%,237,19.68%,0,0%,SopoIs20,Isaac Sopoaga,phi
LB,0,0%,1130,93.85%,79,16.39%,BarwCo99,Connor Barwin,phi
LB,0,0%,995,82.64%,13,2.70%,KendMy00,Mychal Kendricks,phi
LB,0,0%,1160,96.35%,6,1.24%,RyanDe20,DeMeco Ryans,phi
LB,0,0%,880,73.09%,75,15.56%,ColeTr20,Trent Cole,phi
LB,0,0%,323,26.83%,288,59.75%,GrahBr99,Brandon Graham,phi
LB,0,0%,26,2.16%,251,52.07%,KnotJa00,Jake Knott,phi
LB,0,0%,76,6.31%,284,58.92%,MattCa00,Casey Matthews,phi
LB,0,0%,190,15.78%,228,47.30%,GoodNa00,Najee Goode,phi
LB,0,0%,23,1.91%,66,13.69%,AchoEm00,Emmanuel Acho,phi
CB,0,0%,922,76.58%,123,25.52%,FletBr99,Bradley Fletcher,phi
CB,0,0%,1138,94.52%,41,8.51%,WillCa99,Cary Williams,phi
CB,0,0%,617,51.25%,283,58.71%,BoykBr00,Brandon Boykin,phi
CB,0,0%,22,1.83%,13,2.70%,HughBr99,Brandon Hughes,phi
CB,0,0%,17,1.41%,16,3.32%,PoyeJo00,Jordan Poyer,phi
CB,0,0%,218,18.11%,206,42.74%,CarmRo00,Roc Carmichael,phi
CB,0,0%,0,0%,4,.83%,PratSh00,Shaun Prater,phi
CB,0,0%,0,0%,8,1.66%,MarsCu01,Curtis Marsh,phi
SS,0,0%,1099,91.28%,149,30.91%,AlleNa99,Nate Allen,phi
SS,0,0%,524,43.52%,79,16.39%,WolfEa00,Earl Wolff,phi
FS,0,0%,724,60.13%,94,19.50%,ChunPa99,Patrick Chung,phi
"FS,SS",0,0%,38,3.16%,344,71.37%,AndeCo01,Colt Anderson,phi
FS,0,0%,73,6.06%,295,61.20%,ColeKu99,Kurt Coleman,phi
DB,0,0%,12,1.00%,11,2.28%,JohnKe03,Keelan Johnson,phi
LS,0,0%,0,0%,160,33.20%,DoreJo20,Jon Dorenbos,phi
K,0,0%,0,0%,165,34.23%,HeneAl00,Alex Henery,phi
P,0,0%,0,0%,160,33.20%,JoneDo21,Donnie Jones,phi
QB,1052,100.00%,0,0%,0,0%,RoetBe00,Ben Roethlisberger,pit
RB,677,64.35%,0,0%,0,0%,BellLe00,Le'Veon Bell,pit
RB,55,5.23%,0,0%,1,.21%,RedmIs20,Isaac Redman,pit
RB,15,1.43%,0,0%,4,.84%,StepLa00,LaRod Stephens-Howling,pit
RB,150,14.26%,0,0%,71,14.98%,JoneFe00,Felix Jones,pit
RB,139,13.21%,0,0%,120,25.32%,DwyeJo00,Jonathan Dwyer,pit
FB,172,16.35%,0,0%,197,41.56%,JohnWi00,Will Johnson,pit
WR,954,90.68%,0,0%,84,17.72%,BrowAn04,Antonio Brown,pit
WR,797,75.76%,0,0%,21,4.43%,SandEm00,Emmanuel Sanders,pit
WR,637,60.55%,0,0%,5,1.05%,CotcJe00,Jerricho Cotchery,pit
WR,159,15.11%,0,0%,126,26.58%,WheaMa00,Markus Wheaton,pit
WR,53,5.04%,0,0%,4,.84%,MoyeDe00,Derek Moye,pit
TE,188,17.87%,0,0%,257,54.22%,PaulDa01,David Paulson,pit
TE,902,85.74%,0,0%,0,0%,MillHe00,Heath Miller,pit
TE,75,7.13%,0,0%,0,0%,JohnDa05,David Johnson,pit
TE,47,4.47%,0,0%,238,50.21%,PalmMi00,Michael Palmer,pit
TE,131,12.45%,0,0%,1,.21%,SpaeMa00,Matt Spaeth,pit
T,480,45.63%,0,0%,67,14.14%,AdamMi02,Mike Adams,pit
T,951,90.40%,0,0%,61,12.87%,GilbMa00,Marcus Gilbert,pit
T,829,78.80%,0,0%,51,10.76%,BeacKe00,Kelvin Beachum,pit
G,843,80.13%,0,0%,54,11.39%,FostRa21,Ramon Foster,pit
G,949,90.21%,0,0%,66,13.92%,DeCaDa00,David DeCastro,pit
G,265,25.19%,0,0%,42,8.86%,WhimGu20,Guy Whimper,pit
C,749,71.20%,0,0%,2,.42%,VelaFe20,Fernando Velasco,pit
C,288,27.38%,0,0%,13,2.74%,WallCo20,Cody Wallace,pit
C,8,.76%,0,0%,0,0%,PounMa20,Maurkice Pouncey,pit
DE,0,0%,564,52.71%,42,8.86%,KeisBr20,Brett Keisel,pit
DE,0,0%,633,59.16%,68,14.35%,HoodEv99,Evander Hood,pit
DE,0,0%,828,77.38%,188,39.66%,HeywCa01,Cameron Heyward,pit
DE,0,0%,216,20.19%,111,23.42%,WoodAl99,Al Woods,pit
DE,0,0%,2,.19%,9,1.90%,ArnfBr00,Brian Arnfelt,pit
NT,0,0%,348,32.52%,62,13.08%,McLeSt00,Steve McLendon,pit
NT,0,0%,13,1.21%,15,3.16%,FangHe00,Hebron Fangupo,pit
LB,0,0%,1070,100.00%,73,15.40%,TimmLa99,Lawrence Timmons,pit
LB,0,0%,574,53.64%,23,4.85%,WoodLa99,LaMarr Woodley,pit
LB,0,0%,772,72.15%,153,32.28%,WoriJa99,Jason Worilds,pit
LB,0,0%,58,5.42%,2,.42%,FootLa20,Larry Foote,pit
LB,0,0%,630,58.88%,121,25.53%,JoneJa05,Jarvis Jones,pit
LB,0,0%,399,37.29%,153,32.28%,WillVi01,Vince Williams,pit
LB,0,0%,41,3.83%,132,27.85%,WilsKi00,Kion Wilson,pit
LB,0,0%,84,7.85%,150,31.65%,CartCh00,Chris Carter,pit
LB,0,0%,31,2.90%,277,58.44%,GarvTe00,Terence Garvin,pit
LB,0,0%,99,9.25%,139,29.32%,SylvSt99,Stevenson Sylvester,pit
LB,0,0%,0,0%,1,.21%,WestJa99,Jamaal Westerman,pit
CB,0,0%,1046,97.76%,95,20.04%,TaylIk20,Ike Taylor,pit
CB,0,0%,910,85.05%,120,25.32%,GayxWi99,William Gay,pit
CB,0,0%,701,65.51%,133,28.06%,AlleCo00,Cortez Allen,pit
CB,0,0%,4,.37%,259,54.64%,BlakAn00,Antwon Blake,pit
CB,0,0%,1,.09%,104,21.94%,BrowCu01,Curtis Brown,pit
SS,7,.67%,1070,100.00%,76,16.03%,PolaTr99,Troy Polamalu,pit
SS,0,0%,190,17.76%,237,50.00%,ThomSh00,Shamarko Thomas,pit
SS,0,0%,369,34.49%,152,32.07%,AlleWi21,Will Allen,pit
SS,0,0%,4,.37%,38,8.02%,CromDa00,Da'Mon Cromartie-Smith,pit
FS,0,0%,1061,99.16%,71,14.98%,ClarRy20,Ryan Clark,pit
FS,0,0%,50,4.67%,236,49.79%,GoldRo00,Robert Golden,pit
FS,0,0%,0,0%,11,2.32%,VanDDe00,DeMarcus Van Dyke,pit
DB,0,0%,0,0%,18,3.80%,GreeIs00,Isaiah Green,pit
LS,0,0%,0,0%,150,31.65%,WarrGr20,Greg Warren,pit
K,0,0%,0,0%,158,33.33%,suishsha01,Shaun Suisham,pit
P,0,0%,0,0%,62,13.08%,MeskZo99,Zoltan Mesko,pit
P,0,0%,0,0%,88,18.57%,McBrMa20,Mat McBriar,pit
QB,1197,100.00%,0,0%,0,0%,BradTo00,Tom Brady,nwe
RB,294,24.56%,0,0%,31,6.34%,VereSh00,Shane Vereen,nwe
RB,322,26.90%,0,0%,122,24.95%,DeveJa00,James Develin,nwe
RB,269,22.47%,0,0%,152,31.08%,BoldBr00,Brandon Bolden,nwe
RB,286,23.89%,0,0%,37,7.57%,BlouLe00,LeGarrette Blount,nwe
RB,14,1.17%,0,0%,1,.20%,WashLe00,Leon Washington,nwe
RB,333,27.82%,0,0%,0,0%,RidlSt00,Stevan Ridley,nwe
WR,1021,85.30%,0,0%,97,19.84%,EdelJu00,Julian Edelman,nwe
WR,575,48.04%,0,0%,2,.41%,ThomKe02,Kenbrell Thompkins,nwe
WR,572,47.79%,0,0%,5,1.02%,AmenDa00,Danny Amendola,nwe
WR,547,45.70%,0,0%,0,0%,DobsAa00,Aaron Dobson,nwe
WR,21,1.75%,0,0%,254,51.94%,SlatMa00,Matthew Slater,nwe
WR,179,14.95%,0,0%,21,4.29%,BoycJo00,Josh Boyce,nwe
WR,110,9.19%,0,0%,0,0%,CollAu00,Austin Collie,nwe
TE,688,57.48%,0,0%,113,23.11%,HoomMi00,Michael Hoomanawanui,nwe
TE,384,32.08%,0,0%,1,.20%,GronRo00,Rob Gronkowski,nwe
TE,45,3.76%,0,0%,5,1.02%,SudfZa00,Zach Sudfeld,nwe
TE,289,24.14%,0,0%,87,17.79%,MullMa00,Matthew Mulligan,nwe
TE,15,1.25%,0,0%,15,3.07%,WillD.00,D.J. Williams,nwe
T,501,41.85%,0,0%,17,3.48%,VollSe20,Sebastian Vollmer,nwe
T,1086,90.73%,0,0%,81,16.56%,SoldNa00,Nate Solder,nwe
T,571,47.70%,0,0%,69,14.11%,CannMa00,Marcus Cannon,nwe
T,239,19.97%,0,0%,68,13.91%,SvitWi20,Will Svitek,nwe
T,112,9.36%,0,0%,21,4.29%,KlinJo01,Josh Kline,nwe
G,1116,93.23%,0,0%,80,16.36%,ConnDa21,Dan Connolly,nwe
G,1184,98.91%,0,0%,81,16.56%,MankLo20,Logan Mankins,nwe
G,0,0%,0,0%,19,3.89%,BarkCh00,Chris Barker,nwe
C,1197,100.00%,0,0%,84,17.18%,WendRy20,Ryan Wendell,nwe
DE,0,0%,1124,97.91%,159,32.52%,JoneCh03,Chandler Jones,nwe
DE,0,0%,1096,95.47%,73,14.93%,NinkRo20,Rob Ninkovich,nwe
DE,0,0%,155,13.50%,45,9.20%,CartAn20,Andre Carter,nwe
DE,0,0%,119,10.37%,202,41.31%,BuchMi00,Michael Buchanan,nwe
DE,0,0%,14,1.22%,36,7.36%,BequJa00,Jake Bequette,nwe
DT,0,0%,172,14.98%,8,1.64%,WilfVi20,Vince Wilfork,nwe
DT,0,0%,663,57.75%,78,15.95%,VellJo00,Joe Vellano,nwe
DT,0,0%,218,18.99%,14,2.86%,KellTo21,Tommy Kelly,nwe
DT,0,0%,780,67.94%,66,13.50%,JoneCh04,Chris Jones,nwe
DT,0,0%,5,.44%,5,1.02%,NeblAn00,Andre Neblett,nwe
DT,0,0%,35,3.05%,1,.20%,ForsMa00,Marcus Forston,nwe
NT,0,0%,119,10.37%,0,0%,SopoIs20,Isaac Sopoaga,nwe
NT,0,0%,217,18.90%,0,0%,SiliSe00,Sealver Siliga,nwe
LB,0,0%,399,34.76%,22,4.50%,MayoJe99,Jerod Mayo,nwe
LB,0,0%,856,74.56%,90,18.40%,HighDo01,Dont'a Hightower,nwe
LB,0,0%,296,25.78%,364,74.44%,CollJa00,Jamie Collins,nwe
LB,0,0%,208,18.12%,285,58.28%,FletDa00,Dane Fletcher,nwe
LB,0,0%,1,.09%,328,67.08%,WhitCh03,Chris White,nwe
LB,0,0%,685,59.67%,59,12.07%,SpikBr99,Brandon Spikes,nwe
LB,0,0%,0,0%,6,1.23%,DaviJa02,Ja'Gared Davis,nwe
LB,0,0%,1,.09%,10,2.04%,BeauSt00,Steve Beauharnais,nwe
CB,0,0%,828,72.13%,185,37.83%,ArriKy00,Kyle Arrington,nwe
CB,0,0%,844,73.52%,18,3.68%,TaliAq99,Aqib Talib,nwe
CB,0,0%,716,62.37%,1,.20%,DennAl00,Alfonzo Dennard,nwe
CB,0,0%,599,52.18%,123,25.15%,RyanLo00,Logan Ryan,nwe
CB,0,0%,161,14.02%,207,42.33%,ColeMa01,Marquice Cole,nwe
SS,0,0%,1023,89.11%,186,38.04%,McCoDe99,Devin McCourty,nwe
SS,0,0%,17,1.48%,253,51.74%,WilsTa00,Tavon Wilson,nwe
SS,0,0%,5,.44%,325,66.46%,EbneNa00,Nate Ebner,nwe
FS,0,0%,835,72.74%,87,17.79%,GregSt20,Steve Gregory,nwe
FS,0,0%,427,37.20%,105,21.47%,HarmDu00,Duron Harmon,nwe
DB,0,0%,0,0%,53,10.84%,DaviKa00,Kanorris Davis,nwe
DB,0,0%,9,.78%,14,2.86%,GreeJu01,Justin Green,nwe
LS,0,0%,0,0%,162,33.13%,AikeDa00,Danny Aiken,nwe
K,0,0%,0,0%,184,37.63%,GostSt20,Stephen Gostkowski,nwe
P,0,0%,0,0%,162,33.13%,AlleRy01,Ryan Allen,nwe
QB,906,79.20%,0,0%,0,0%,GrifRo01,Robert Griffin III,was
QB,238,20.80%,0,0%,0,0%,CousKi00,Kirk Cousins,was
RB,526,45.98%,0,0%,66,13.87%,HeluRo00,Roy Helu,was
RB,604,52.80%,0,0%,0,0%,MorrAl00,Alfred Morris,was
RB,0,0%,0,0%,37,7.77%,ThomCh03,Chris Thompson,was
RB,10,.87%,0,0%,100,21.01%,RoysEv00,Evan Royster,was
FB,227,19.84%,0,0%,175,36.76%,YounDa01,Darrel Young,was
WR,979,85.58%,0,0%,2,.42%,GarcPi00,Pierre Garcon,was
WR,551,48.16%,0,0%,33,6.93%,MossSa00,Santana Moss,was
WR,390,34.09%,0,0%,1,.21%,HankLe00,Leonard Hankerson,was
WR,385,33.65%,0,0%,108,22.69%,MorgJo00,Josh Morgan,was
WR,407,35.58%,0,0%,49,10.29%,RobiAl00,Aldrick Robinson,was
WR,54,4.72%,0,0%,25,5.25%,WillNi02,Nick Williams,was
WR,5,.44%,0,0%,19,3.99%,LewiLa00,Lance Lewis,was
WR,0,0%,0,0%,68,14.29%,BellJo02,Josh Bellamy,was
TE,237,20.72%,0,0%,12,2.52%,DaviFr01,Fred Davis,was
TE,378,33.04%,0,0%,32,6.72%,ReedJo02,Jordan Reed,was
TE,809,70.72%,0,0%,185,38.87%,PaulLo00,Logan Paulsen,was
TE,150,13.11%,0,0%,287,60.29%,PaulNi00,Niles Paul,was
T,1144,100.00%,0,0%,59,12.39%,PoluTy20,Tyler Polumbus,was
T,1142,99.83%,0,0%,49,10.29%,WillTr21,Trent Williams,was
T,10,.87%,0,0%,59,12.39%,CompTo00,Tom Compton,was
G,1144,100.00%,0,0%,59,12.39%,ChesCh21,Chris Chester,was
G,1127,98.51%,0,0%,0,0%,LichKo20,Kory Lichtensteiger,was
G,17,1.49%,0,0%,93,19.54%,GettAd00,Adam Gettis,was
C,1144,100.00%,0,0%,28,5.88%,MontWi20,Will Montgomery,was
DE,0,0%,416,40.66%,32,6.72%,BoweSt20,Stephen Bowen,was
DE,0,0%,467,45.65%,122,25.63%,GolsKe20,Kedric Golston,was
DE,0,0%,411,40.18%,73,15.34%,BakeCh99,Chris Baker,was
DE,0,0%,331,32.36%,40,8.40%,JenkJa01,Jarvis Jenkins,was
DE,0,0%,41,4.01%,6,1.26%,MerlPh99,Phillip Merling,was
NT,0,0%,729,71.26%,7,1.47%,CofiBa20,Barry Cofield,was
NT,0,0%,96,9.38%,38,7.98%,NeilCh00,Chris Neild,was
LB,0,0%,989,96.68%,236,49.58%,RilePe00,Perry Riley,was
LB,0,0%,917,89.64%,89,18.70%,FletLo20,London Fletcher,was
LB,0,0%,974,95.21%,88,18.49%,KerrRy00,Ryan Kerrigan,was
LB,0,0%,814,79.57%,12,2.52%,OrakBr99,Brian Orakpo,was
LB,0,0%,184,17.99%,189,39.71%,JackRo99,Rob Jackson,was
LB,0,0%,4,.39%,93,19.54%,KehlBr99,Bryan Kehl,was
LB,0,0%,83,8.11%,100,21.01%,TappDa20,Darryl Tapp,was
LB,0,0%,0,0%,21,4.41%,CompWi00,William Compton,was
LB,0,0%,1,.10%,213,44.75%,HullJo99,Josh Hull,was
LB,0,0%,39,3.81%,42,8.82%,JenkBr00,Brandon Jenkins,was
LB,0,0%,68,6.65%,186,39.08%,BarnNi20,Nick Barnett,was
CB,0,0%,685,66.96%,98,20.59%,AmerDa00,David Amerson,was
CB,0,0%,425,41.54%,244,51.26%,BiggE.99,E.J. Biggers,was
CB,0,0%,998,97.56%,78,16.39%,HallDe99,DeAngelo Hall,was
CB,0,0%,967,94.53%,131,27.52%,WilsJo99,Josh Wilson,was
CB,0,0%,0,0%,217,45.59%,MurpJe99,Jerome Murphy,was
SS,0,0%,408,39.88%,337,70.80%,DougRe20,Reed Doughty,was
SS,0,0%,738,72.14%,58,12.18%,MeriBr99,Brandon Meriweather,was
SS,0,0%,83,8.11%,145,30.46%,GumbJo00,Jose Gumbs,was
FS,0,0%,334,32.65%,118,24.79%,RambBa00,Bacarri Rambo,was
FS,0,0%,16,1.56%,59,12.39%,PughJo99,Jordan Pugh,was
DB,0,0%,34,3.32%,193,40.55%,RobiTr02,Trent Robinson,was
LS,0,0%,0,0%,100,21.01%,NelsKy00,Kyle Nelson,was
LS,0,0%,0,0%,43,9.03%,SundNi00,Nick Sundberg,was
K,0,0%,0,0%,105,22.06%,ForbKa00,Kai Forbath,was
K,0,0%,0,0%,25,5.25%,PottJo00,John Potter,was
P,0,0%,0,0%,146,30.67%,RoccSa20,Saverio Rocca,was
QB,1021,99.42%,0,0%,0,0%,TannRy00,Ryan Tannehill,mia
QB,6,.58%,0,0%,0,0%,MoorMa01,Matt Moore,mia
RB,348,33.89%,0,0%,89,19.10%,ThomDa03,Daniel Thomas,mia
RB,623,60.66%,0,0%,1,.21%,MillLa01,Lamar Miller,mia
RB,9,.88%,0,0%,30,6.44%,GillMi00,Mike Gillislee,mia
RB,33,3.21%,0,0%,165,35.41%,ThigMa00,Marcus Thigpen,mia
FB,32,3.12%,0,0%,22,4.72%,ClutTy00,Tyler Clutts,mia
WR,951,92.60%,0,0%,0,0%,WallMi00,Mike Wallace,mia
WR,908,88.41%,0,0%,0,0%,HartBr00,Brian Hartline,mia
WR,252,24.54%,0,0%,0,0%,GibsBr00,Brandon Gibson,mia
WR,520,50.63%,0,0%,114,24.46%,MattRi00,Rishard Matthews,mia
WR,74,7.21%,0,0%,122,26.18%,MoorMa02,Marlon Moore,mia
WR,0,0%,0,0%,7,1.50%,SpadRy00,Ryan Spadola,mia
TE,855,83.25%,0,0%,60,12.88%,ClayCh00,Charles Clay,mia
TE,225,21.91%,0,0%,16,3.43%,EgneMi00,Michael Egnew,mia
TE,279,27.17%,0,0%,14,3.00%,SimsDi00,Dion Sims,mia
T,653,63.58%,0,0%,36,7.73%,McKiBr21,Bryant McKinnie,mia
T,453,44.11%,0,0%,33,7.08%,MartJo01,Jonathan Martin,mia
T,948,92.31%,0,0%,46,9.87%,ClabTy20,Tyson Clabo,mia
T,413,40.21%,0,0%,105,22.53%,GarnNa20,Nate Garner,mia
T,18,1.75%,0,0%,70,15.02%,YeatWi00,Will Yeatman,mia
G,467,45.47%,0,0%,34,7.30%,IncoRi20,Richie Incognito,mia
G,1013,98.64%,0,0%,68,14.59%,JerrJo20,John Jerry,mia
G,2,.19%,0,0%,36,7.73%,ThomDa04,Dallas Thomas,mia
G,6,.58%,0,0%,0,0%,WatkDa00,Danny Watkins,mia
G,4,.39%,0,0%,0,0%,ArkiDa00,David Arkin,mia
C,900,87.63%,0,0%,6,1.29%,PounMi00,Mike Pouncey,mia
C,284,27.65%,0,0%,15,3.22%,BrenSa01,Sam Brenner,mia
DE,0,0%,911,79.56%,82,17.60%,VernOl00,Olivier Vernon,mia
DE,0,0%,682,59.56%,8,1.72%,WakeCa00,Cameron Wake,mia
DE,0,0%,330,28.82%,296,63.52%,JordDi00,Dion Jordan,mia
DE,0,0%,437,38.17%,158,33.91%,ShelDe00,Derrick Shelby,mia
DE,0,0%,32,2.79%,7,1.50%,MartVa99,Vaughn Martin,mia
DT,0,0%,856,74.76%,84,18.03%,OdriJa99,Jared Odrick,mia
DT,0,0%,521,45.50%,93,19.96%,SoliPa99,Paul Soliai,mia
DT,0,0%,728,63.58%,82,17.60%,StarRa20,Randy Starks,mia
DT,0,0%,27,2.36%,13,2.79%,AustMa00,Marvin Austin,mia
NT,0,0%,35,3.06%,10,2.15%,AaitIs00,Isaako Aaitui,mia
LB,0,0%,1010,88.21%,12,2.58%,ElleDa99,Dannell Ellerbe,mia
LB,0,0%,1033,90.22%,12,2.58%,WheePh99,Philip Wheeler,mia
LB,0,0%,473,41.31%,51,10.94%,MisiKo99,Koa Misi,mia
LB,0,0%,182,15.90%,437,93.78%,TrusJa99,Jason Trusnik,mia
LB,0,0%,1,.09%,200,42.92%,SpitAu99,Austin Spitler,mia
LB,0,0%,25,2.18%,366,78.54%,FreeJo01,Jonathan Freeny,mia
LB,0,0%,125,10.92%,209,44.85%,JenkJe00,Jelani Jenkins,mia
LB,0,0%,0,0%,1,.21%,KaddJo00,Josh Kaddu,mia
CB,0,0%,1109,96.86%,52,11.16%,GrimBr20,Brent Grimes,mia
CB,0,0%,794,69.34%,160,34.33%,CarrNo00,Nolan Carroll,mia
CB,0,0%,237,20.70%,2,.43%,PattDi20,Dimitri Patterson,mia
CB,0,0%,42,3.67%,53,11.37%,TaylJa01,Jamar Taylor,mia
CB,0,0%,25,2.18%,222,47.64%,StanR.00,R.J. Stanford,mia
CB,0,0%,0,0%,5,1.07%,OwenCh99,Chris Owens,mia
CB,0,0%,64,5.59%,11,2.36%,DaviWi02,Will Davis,mia
SS,0,0%,3,.26%,52,11.16%,CampD.00,D.J. Campbell,mia
FS,0,0%,1137,99.30%,173,37.12%,ClemCh97,Chris Clemons,mia
FS,0,0%,1145,100.00%,38,8.15%,JoneRe99,Reshad Jones,mia
FS,0,0%,614,53.62%,244,52.36%,WilsJi00,Jimmy Wilson,mia
FS,0,0%,0,0%,251,53.86%,JoneDo02,Don Jones,mia
FS,0,0%,0,0%,17,3.65%,McCrKe00,Kelcie McCray,mia
DB,0,0%,16,1.40%,34,7.30%,ThomMi02,Michael Thomas,mia
DB,0,0%,0,0%,145,31.12%,KovaJo00,Jordan Kovacs,mia
LS,0,0%,0,0%,156,33.48%,DennJo20,John Denney,mia
K,0,0%,0,0%,143,30.69%,SturCa00,Caleb Sturgis,mia
P,0,0%,0,0%,157,33.69%,FielBr20,Brandon Fields,mia
QB,71,6.82%,0,0%,0,0%,FreeJo00,Josh Freeman,min
QB,511,49.09%,0,0%,0,0%,PondCh00,Christian Ponder,min
QB,459,44.09%,0,0%,0,0%,CassMa00,Matt Cassel,min
RB,674,64.75%,0,0%,0,0%,PeteAd01,Adrian Peterson,min
RB,30,2.88%,0,0%,44,8.76%,BanyJo00,Joe Banyard,min
RB,118,11.34%,0,0%,141,28.09%,AsiaMa00,Matt Asiata,min
RB,196,18.83%,0,0%,104,20.72%,GerhTo00,Toby Gerhart,min
FB,301,28.91%,0,0%,61,12.15%,FeltJe00,Jerome Felton,min
FB,68,6.53%,0,0%,25,4.98%,LineZa01,Zach Line,min
WR,742,71.28%,0,0%,0,0%,JennGr00,Greg Jennings,min
WR,643,61.77%,0,0%,14,2.79%,SimpJe00,Jerome Simpson,min
WR,417,40.06%,0,0%,7,1.39%,WrigJa02,Jarius Wright,min
WR,187,17.96%,0,0%,142,28.29%,WebbJo00,Joe Webb,min
WR,436,41.88%,0,0%,100,19.92%,PattCo00,Cordarrelle Patterson,min
WR,3,.29%,0,0%,26,5.18%,SmitRo05,Rodney Smith,min
TE,424,40.73%,0,0%,21,4.18%,RudoKy00,Kyle Rudolph,min
TE,294,28.24%,0,0%,141,28.09%,ElliRh00,Rhett Ellison,min
TE,497,47.74%,0,0%,87,17.33%,CarlJo00,John Carlson,min
TE,149,14.31%,0,0%,19,3.78%,FordCh00,Chase Ford,min
T,954,91.64%,0,0%,66,13.15%,LoadPh20,Phil Loadholt,min
T,1041,100.00%,0,0%,73,14.54%,KaliMa00,Matt Kalil,min
T,106,10.18%,0,0%,25,4.98%,WebbJM20,J'Marcus Webb,min
G,904,86.84%,0,0%,60,11.95%,FuscBr00,Brandon Fusco,min
G,986,94.72%,0,0%,57,11.35%,JohnCh23,Charlie Johnson,min
G,4,.38%,0,0%,26,5.18%,BacaJe00,Jeff Baca,min
C,1020,97.98%,0,0%,39,7.77%,SullJo24,John Sullivan,min
C,214,20.56%,0,0%,151,30.08%,BergJo20,Joe Berger,min
DE,1,.10%,1060,90.75%,99,19.72%,AlleJa22,Jared Allen,min
DE,0,0%,970,83.05%,100,19.92%,RobiBr98,Brian Robison,min
DE,0,0%,699,59.85%,53,10.56%,GrifEv99,Everson Griffen,min
DE,0,0%,0,0%,8,1.59%,TratJu00,Justin Trattou,min
DT,0,0%,720,61.64%,78,15.54%,WillKe98,Kevin Williams,min
DT,0,0%,462,39.55%,115,22.91%,FloySh00,Sharrif Floyd,min
"DT,NT",1,.10%,388,33.22%,55,10.96%,GuioLe99,Letroy Guion,min
NT,0,0%,349,29.88%,44,8.76%,EvanFr21,Fred Evans,min
NT,0,0%,57,4.88%,12,2.39%,BakeCh01,Chase Baker,min
LB,0,0%,1154,98.80%,99,19.72%,GreeCh99,Chad Greenway,min
LB,0,0%,849,72.69%,76,15.14%,HendEr99,Erin Henderson,min
LB,0,0%,305,26.11%,229,45.62%,MitcMa99,Marvin Mitchell,min
LB,0,0%,12,1.03%,321,63.94%,DeanLa00,Larry Dean,min
LB,0,0%,11,.94%,265,52.79%,MautMi00,Michael Mauti,min
LB,0,0%,324,27.74%,173,34.46%,ColeAu00,Audie Cole,min
LB,0,0%,2,.17%,181,36.06%,HodgGe00,Gerald Hodges,min
LB,0,0%,45,3.85%,21,4.18%,BishDe99,Desmond Bishop,min
CB,0,0%,653,55.91%,133,26.49%,RobiJo01,Josh Robinson,min
CB,0,0%,736,63.01%,99,19.72%,CookCh99,Chris Cook,min
CB,0,0%,675,57.79%,63,12.55%,RhodXa00,Xavier Rhodes,min
CB,0,0%,527,45.12%,248,49.40%,SherMa20,Marcus Sherels,min
CB,0,0%,51,4.37%,86,17.13%,JeffA.00,A.J. Jefferson,min
CB,0,0%,158,13.53%,105,20.92%,PratSh00,Shaun Prater,min
SS,0,0%,791,67.72%,113,22.51%,SanfJa99,Jamarca Sanford,min
SS,0,0%,203,17.38%,212,42.23%,RaymMi00,Mistral Raymond,min
SS,0,0%,394,33.73%,281,55.98%,BlanRo00,Robert Blanton,min
FS,0,0%,527,45.12%,89,17.73%,SmitHa00,Harrison Smith,min
FS,0,0%,727,62.24%,253,50.40%,SendAn00,Andrew Sendejo,min
DB,0,0%,0,0%,12,2.39%,SteeRo00,Robert Steeples,min
LS,0,0%,0,0%,152,30.28%,LoefCu20,Cullen Loeffler,min
K,0,0%,0,0%,159,31.67%,WalsBl00,Blair Walsh,min
P,0,0%,0,0%,157,31.27%,LockJe00,Jeff Locke,min
QB,1111,98.58%,0,0%,0,0%,BreeDr00,Drew Brees,nor
QB,16,1.42%,0,0%,82,18.14%,McCoLu00,Luke McCown,nor
RB,357,31.68%,0,0%,119,26.33%,SproDa00,Darren Sproles,nor
RB,169,15.00%,0,0%,7,1.55%,IngrMa01,Mark Ingram,nor
RB,564,50.04%,0,0%,65,14.38%,ThomPi00,Pierre Thomas,nor
RB,73,6.48%,0,0%,85,18.81%,RobiKh00,Khiry Robinson,nor
RB,11,.98%,0,0%,189,41.81%,CadeTr00,Travaris Cadet,nor
FB,442,39.22%,0,0%,121,26.77%,CollJe01,Jed Collins,nor
WR,441,39.13%,0,0%,11,2.43%,MoorLa00,Lance Moore,nor
WR,750,66.55%,0,0%,6,1.33%,ColsMa00,Marques Colston,nor
WR,690,61.22%,0,0%,0,0%,StilKe00,Kenny Stills,nor
WR,389,34.52%,0,0%,1,.22%,MeacRo00,Robert Meachem,nor
WR,196,17.39%,0,0%,0,0%,ToonNi00,Nick Toon,nor
TE,754,66.90%,3,.31%,16,3.54%,GrahJi00,Jimmy Graham,nor
TE,497,44.10%,0,0%,78,17.26%,WatsBe00,Ben Watson,nor
TE,176,15.62%,0,0%,312,69.03%,HillJo02,Josh Hill,nor
T,1036,91.93%,0,0%,77,17.04%,StriZa20,Zach Strief,nor
T,952,84.47%,0,0%,75,16.59%,BrowCh28,Charles Brown,nor
T,239,21.21%,0,0%,143,31.64%,HarrBr01,Bryce Harris,nor
T,137,12.16%,0,0%,27,5.97%,ArmsTe00,Terron Armstead,nor
G,1127,100.00%,0,0%,82,18.14%,GrubBe20,Ben Grubbs,nor
G,975,86.51%,0,0%,74,16.37%,EvanJa21,Jahri Evans,nor
G,159,14.11%,0,0%,95,21.02%,LeliTi00,Tim Lelito,nor
C,1127,100.00%,0,0%,17,3.76%,DeLaBr00,Brian De La Puente,nor
DE,0,0%,898,92.10%,59,13.05%,JordCa00,Cameron Jordan,nor
DE,0,0%,646,66.26%,64,14.16%,HickAk00,Akiem Hicks,nor
DE,0,0%,224,22.97%,0,0%,JohnTo01,Tom Johnson,nor
DE,0,0%,55,5.64%,126,27.88%,DawsKe99,Keyunta Dawson,nor
DE,0,0%,207,21.23%,34,7.52%,FostGl00,Glenn Foster,nor
DE,0,0%,41,4.21%,29,6.42%,WilsMa01,Martez Wilson,nor
DT,0,0%,119,12.21%,12,2.65%,WalkTy00,Tyrunn Walker,nor
NT,0,0%,432,44.31%,61,13.50%,JenkJo00,John Jenkins,nor
NT,0,0%,248,25.44%,0,0%,BunkBr20,Brodrick Bunkley,nor
LB,0,0%,934,95.79%,60,13.27%,LoftCu99,Curtis Lofton,nor
LB,0,0%,836,85.74%,3,.66%,GaleJu00,Junior Galette,nor
LB,0,0%,680,69.74%,94,20.80%,HawtDa20,David Hawthorne,nor
LB,0,0%,360,36.92%,83,18.36%,HaraPa20,Parys Haralson,nor
LB,0,0%,15,1.54%,303,67.04%,ReddKe00,Kevin Reddick,nor
LB,0,0%,40,4.10%,370,81.86%,HerrWi99,Will Herring,nor
LB,0,0%,155,15.90%,336,74.34%,HumbRa00,Ramon Humber,nor
LB,0,0%,12,1.23%,1,.22%,VilmJo99,Jonathan Vilma,nor
LB,0,0%,15,1.54%,8,1.77%,RichJa99,Jay Richardson,nor
CB,0,0%,541,55.49%,3,.66%,GreeJa22,Jabari Greer,nor
CB,0,0%,892,91.49%,0,0%,LewiKe96,Keenan Lewis,nor
CB,0,0%,146,14.97%,121,26.77%,CarrCh22,Chris Carr,nor
CB,0,0%,552,56.62%,242,53.54%,WhitCo01,Corey White,nor
CB,0,0%,22,2.26%,7,1.55%,RobiPa99,Patrick Robinson,nor
CB,0,0%,35,3.59%,24,5.31%,WadeTr00,Trevin Wade,nor
CB,0,0%,15,1.54%,142,31.42%,SweeRo01,Rod Sweeting,nor
SS,0,0%,792,81.23%,46,10.18%,VaccKe00,Kenny Vaccaro,nor
SS,2,.18%,370,37.95%,103,22.79%,HarpRo21,Roman Harper,nor
SS,0,0%,5,.51%,45,9.96%,FramEr99,Eric Frampton,nor
FS,7,.62%,819,84.00%,114,25.22%,JenkMa99,Malcolm Jenkins,nor
FS,0,0%,514,52.72%,198,43.81%,BushRa00,Rafael Bush,nor
FS,0,0%,98,10.05%,222,49.12%,AbduIs00,Isa Abdul-Quddus,nor
LS,0,0%,0,0%,145,32.08%,DresJu20,Justin Drescher,nor
K,0,0%,0,0%,73,16.15%,HartGa00,Garrett Hartley,nor
K,0,0%,0,0%,10,2.21%,grahasha01,Shayne Graham,nor
P,0,0%,0,0%,149,32.96%,MorsTh00,Thomas Morstead,nor
