pos,offense,off_pct,defense,def_pct,special_teams,st_pct,player_id,player_name,team
QB,409,38.69%,0,0%,0,0%,PalmCa00,Carson Palmer,crd
QB,468,44.28%,0,0%,0,0%,StanDr00,Drew Stanton,crd
QB,163,15.42%,0,0%,0,0%,LindRy00,Ryan Lindley,crd
QB,17,1.61%,0,0%,0,0%,ThomLo00,Logan Thomas,crd
RB,528,49.95%,0,0%,0,0%,ElliAn00,Andre Ellington,crd
RB,47,4.45%,0,0%,7,1.57%,DwyeJo00,Jonathan Dwyer,crd
RB,137,12.96%,0,0%,299,67.19%,HughRo00,Robert Hughes,crd
RB,208,19.68%,0,0%,130,29.21%,TaylSt00,Stepfan Taylor,crd
RB,1,.09%,0,0%,7,1.57%,ParmJa00,Jalen Parmele,crd
RB,89,8.42%,0,0%,3,.67%,WillKe05,Kerwynn Williams,crd
RB,94,8.89%,0,0%,43,9.66%,GricMa00,Marion Grice,crd
WR,942,89.12%,0,0%,2,.45%,FloyMi00,Michael Floyd,crd
WR,855,80.89%,0,0%,2,.45%,FitzLa00,Larry Fitzgerald,crd
WR,657,62.16%,0,0%,0,0%,BrowJo02,John Brown,crd
WR,150,14.19%,0,0%,155,34.83%,GinnTe00,Ted Ginn Jr.,crd
WR,205,19.39%,0,0%,283,63.60%,BrowJa03,Jaron Brown,crd
TE,733,69.35%,0,0%,47,10.56%,CarlJo00,John Carlson,crd
TE,319,30.18%,0,0%,160,35.96%,HousRo01,Rob Housler,crd
TE,89,8.42%,0,0%,66,14.83%,NiklTr00,Troy Niklas,crd
TE,225,21.29%,0,0%,55,12.36%,FellDa01,Darren Fells,crd
T,1057,100.00%,0,0%,60,13.48%,MassBo00,Bobby Massie,crd
T,1057,100.00%,0,0%,60,13.48%,VeldJa20,Jared Veldheer,crd
T,0,0%,0,0%,60,13.48%,SoweBr00,Bradley Sowell,crd
G,1038,98.20%,0,0%,42,9.44%,LarsTe20,Ted Larsen,crd
G,889,84.11%,0,0%,45,10.11%,FanaPa20,Paul Fanaika,crd
G,9,.85%,0,0%,52,11.69%,WatfEa00,Earl Watford,crd
G,184,17.41%,0,0%,25,5.62%,CoopJo01,Jonathan Cooper,crd
C,1057,100.00%,0,0%,0,0%,SendLy20,Lyle Sendlein,crd
DE,0,0%,781,73.82%,112,25.17%,CampCa99,Calais Campbell,crd
DE,0,0%,82,7.75%,15,3.37%,MaurJo00,Josh Mauro,crd
DE,0,0%,182,17.20%,27,6.07%,MartKa00,Kareem Martin,crd
DT,0,0%,707,66.82%,66,14.83%,KellTo21,Tommy Kelly,crd
DT,0,0%,204,19.28%,26,5.84%,StinEd00,Ed Stinson,crd
DT,0,0%,477,45.09%,72,16.18%,RuckFr99,Frostee Rucker,crd
NT,0,0%,415,39.22%,63,14.16%,WillDa99,Dan Williams,crd
NT,0,0%,24,2.27%,5,1.12%,Ta'aAl00,Alameda Ta'amu,crd
LB,0,0%,994,93.95%,74,16.63%,FootLa20,Larry Foote,crd
LB,0,0%,469,44.33%,223,50.11%,AchoSa00,Sam Acho,crd
LB,0,0%,334,31.57%,34,7.64%,ShauMa99,Matt Shaughnessy,crd
LB,0,0%,36,3.40%,2,.45%,AbraJo00,John Abraham,crd
LB,0,0%,317,29.96%,20,4.49%,MintKe00,Kevin Minter,crd
LB,0,0%,79,7.47%,56,12.58%,CarsGl01,Glenn Carson,crd
LB,0,0%,78,7.37%,8,1.80%,KeisTh00,Thomas Keiser,crd
LB,0,0%,50,4.73%,337,75.73%,AlexLo99,Lorenzo Alexander,crd
LB,0,0%,698,65.97%,59,13.26%,OkafAl00,Alex Okafor,crd
LB,0,0%,70,6.62%,162,36.40%,BenaMa00,Marcus Benard,crd
LB,0,0%,0,0%,252,56.63%,DemeKe00,Kenny Demens,crd
CB,0,0%,987,93.29%,59,13.26%,CromAn20,Antonio Cromartie,crd
CB,0,0%,969,91.59%,83,18.65%,PetePa00,Patrick Peterson,crd
CB,0,0%,743,70.23%,118,26.52%,PoweJe99,Jerraud Powers,crd
CB,0,0%,96,9.07%,332,74.61%,BethJu00,Justin Bethel,crd
SS,0,0%,680,64.27%,241,54.16%,JeffTo00,Tony Jefferson,crd
SS,0,0%,688,65.03%,112,25.17%,BucaDe00,Deone Bucannon,crd
FS,0,0%,1051,99.34%,243,54.61%,JohnRa98,Rashad Johnson,crd
FS,0,0%,0,0%,16,3.60%,ClemCh97,Chris Clemons,crd
FS,0,0%,426,40.26%,24,5.39%,MathTy00,Tyrann Mathieu,crd
LS,0,0%,0,0%,153,34.38%,LeacMi00,Mike Leach,crd
K,0,0%,0,0%,136,30.56%,CataCh00,Chandler Catanzaro,crd
P,0,0%,0,0%,135,30.34%,ButlDr00,Drew Butler,crd
P,0,0%,0,0%,18,4.04%,ZastDa20,Dave Zastudil,crd
QB,1064,98.43%,0,0%,0,0%,RyanMa00,Matt Ryan,atl
QB,17,1.57%,0,0%,0,0%,YateT.00,T.J. Yates,atl
RB,350,32.38%,0,0%,157,34.73%,RodgJa00,Jacquizz Rodgers,atl
RB,420,38.85%,0,0%,2,.44%,JackSt00,Steven Jackson,atl
RB,93,8.60%,0,0%,170,37.61%,SmitAn01,Antone Smith,atl
RB,0,0%,0,0%,8,1.77%,SmitJe02,Jerome Smith,atl
RB,234,21.65%,0,0%,84,18.58%,FreeDe00,Devonta Freeman,atl
FB,209,19.33%,0,0%,218,48.23%,DiMaPa00,Patrick DiMarco,atl
WR,870,80.48%,0,0%,1,.22%,WhitRo00,Roddy White,atl
WR,868,80.30%,1,.09%,2,.44%,JoneJu02,Julio Jones,atl
WR,557,51.53%,0,0%,1,.22%,DougHa00,Harry Douglas,atl
WR,389,35.99%,0,0%,144,31.86%,HestDe99,Devin Hester,atl
WR,198,18.32%,0,0%,294,65.04%,WeemEr00,Eric Weems,atl
WR,17,1.57%,0,0%,46,10.18%,RobyCo00,Courtney Roby,atl
WR,6,.56%,0,0%,82,18.14%,DaviDr00,Drew Davis,atl
WR,2,.19%,0,0%,0,0%,MartFr00,Freddie Martino,atl
TE,940,86.96%,0,0%,93,20.58%,ToilLe00,Levine Toilolo,atl
TE,147,13.60%,0,0%,82,18.14%,PascBe00,Bear Pascoe,atl
T,585,54.12%,0,0%,90,19.91%,CariGa00,Gabe Carimi,atl
T,226,20.91%,0,0%,20,4.42%,HolmLa00,Lamar Holmes,atl
T,944,87.33%,0,0%,65,14.38%,MattJa00,Jake Matthews,atl
T,646,59.76%,0,0%,74,16.37%,SchrRy00,Ryan Schraeder,atl
T,3,.28%,0,0%,0,0%,ScotJo22,Jonathan Scott,atl
G,945,87.42%,0,0%,61,13.50%,AsamJo20,Jon Asamoah,atl
G,970,89.73%,0,0%,31,6.86%,BlalJu20,Justin Blalock,atl
G,93,8.60%,0,0%,92,20.35%,GunnHa00,Harland Gunn,atl
G,672,62.16%,0,0%,19,4.20%,StonJa02,James Stone,atl
C,243,22.48%,0,0%,1,.22%,HawlJo20,Joe Hawley,atl
C,183,16.93%,0,0%,34,7.52%,KonzPe00,Peter Konz,atl
DE,0,0%,848,78.30%,90,19.91%,BierKr99,Kroy Biermann,atl
DE,0,0%,695,64.17%,76,16.81%,BabiJo20,Jonathan Babineaux,atl
DE,0,0%,582,53.74%,100,22.12%,GoodMa01,Malliciah Goodman,atl
DE,0,0%,339,31.30%,8,1.77%,UmenOs99,Osi Umenyiora,atl
DE,0,0%,327,30.19%,40,8.85%,MassJo00,Jonathan Massaquoi,atl
DE,0,0%,87,8.03%,52,11.50%,MapoSt00,Stansly Maponga,atl
DT,0,0%,504,46.54%,90,19.91%,SoliPa99,Paul Soliai,atl
DT,0,0%,511,47.18%,153,33.85%,JackTy98,Tyson Jackson,atl
DT,0,0%,527,48.66%,57,12.61%,PeteCo00,Corey Peters,atl
DT,0,0%,220,20.31%,83,18.36%,HageRa00,Ra'Shede Hageman,atl
DT,0,0%,116,10.71%,92,20.35%,MattCl01,Cliff Matthews,atl
LB,0,0%,1079,99.63%,86,19.03%,WorrPa00,Paul Worrilow,atl
LB,0,0%,485,44.78%,100,22.12%,BartJo01,Joplo Bartu,atl
LB,0,0%,340,31.39%,168,37.17%,ShemPr00,Prince Shembo,atl
LB,0,0%,3,.28%,293,64.82%,StupNa01,Nathan Stupar,atl
CB,0,0%,617,56.97%,72,15.93%,AlfoRo00,Robert Alford,atl
CB,0,0%,1076,99.35%,60,13.27%,TrufDe00,Desmond Trufant,atl
CB,0,0%,628,57.99%,217,48.01%,McClRo98,Robert McClain,atl
CB,0,0%,54,4.99%,113,25.00%,ArenJa99,Javier Arenas,atl
CB,0,0%,449,41.46%,193,42.70%,WilsJo99,Josh Wilson,atl
CB,0,0%,0,0%,30,6.64%,GodfCh99,Charles Godfrey,atl
SS,0,0%,322,29.73%,16,3.54%,MoorWi99,William Moore,atl
SS,0,0%,805,74.33%,178,39.38%,IshmKe00,Kemal Ishmael,atl
SS,0,0%,17,1.57%,11,2.43%,BakeSe00,Sean Baker,atl
SS,0,0%,0,0%,77,17.04%,BakeSa21,Sam Baker,atl
FS,0,0%,1029,95.01%,8,1.77%,LoweDw99,Dwight Lowery,atl
FS,0,0%,252,23.27%,196,43.36%,SoutDe00,Dezmen Southward,atl
LS,0,0%,0,0%,142,31.42%,HarrJo02,Josh Harris,atl
K,0,0%,0,0%,73,16.15%,bryanmat01,Matt Bryant,atl
P,0,0%,0,0%,225,49.78%,BoshMa00,Matthew Bosher,atl
QB,1068,99.44%,0,0%,0,0%,FlacJo00,Joe Flacco,rav
QB,6,.56%,0,0%,0,0%,TaylTy00,Tyrod Taylor,rav
RB,707,65.83%,0,0%,4,.89%,ForsJu00,Justin Forsett,rav
RB,134,12.48%,0,0%,163,36.30%,TaliLo00,Lorenzo Taliaferro,rav
RB,159,14.80%,0,0%,2,.45%,PierBe00,Bernard Pierce,rav
RB,24,2.23%,0,0%,33,7.35%,TousFi00,Fitzgerald Toussaint,rav
FB,452,42.09%,0,0%,221,49.22%,JuszKy00,Kyle Juszczyk,rav
WR,788,73.37%,0,0%,0,0%,SmitTo02,Torrey Smith,rav
WR,822,76.54%,0,0%,2,.45%,SmitSt01,Steve Smith Sr.,rav
WR,194,18.06%,0,0%,141,31.40%,JoneJa03,Jacoby Jones,rav
WR,373,34.73%,0,0%,76,16.93%,BrowMa00,Marlon Brown,rav
WR,273,25.42%,0,0%,261,58.13%,AikeKa00,Kamar Aiken,rav
WR,65,6.05%,0,0%,5,1.11%,CampMi02,Michael Campanaro,rav
TE,166,15.46%,0,0%,0,0%,PittDe00,Dennis Pitta,rav
TE,816,75.98%,0,0%,2,.45%,DaniOw00,Owen Daniels,rav
TE,14,1.30%,0,0%,49,10.91%,SupePh00,Phillip Supernaw,rav
TE,370,34.45%,0,0%,120,26.73%,GillCr00,Crockett Gillmore,rav
T,969,90.22%,0,0%,73,16.26%,WagnRi00,Ricky Wagner,rav
T,728,67.78%,0,0%,49,10.91%,MonrEu20,Eugene Monroe,rav
T,10,.93%,0,0%,24,5.35%,ReidJa00,Jah Reid,rav
T,380,35.38%,0,0%,77,17.15%,HursJa00,James Hurst,rav
G,1062,98.88%,0,0%,74,16.48%,YandMa20,Marshal Yanda,rav
G,934,86.96%,0,0%,62,13.81%,OsemKe00,Kelechi Osemele,rav
G,223,20.76%,0,0%,53,11.80%,UrscJo00,John Urschel,rav
C,1067,99.35%,0,0%,1,.22%,ZuttJe20,Jeremy Zuttah,rav
C,10,.93%,0,0%,65,14.48%,GradGi00,Gino Gradkowski,rav
C,0,0%,0,0%,4,.89%,JensRy00,Ryan Jensen,rav
DE,0,0%,346,32.01%,43,9.58%,CantCh21,Chris Canty,rav
DE,0,0%,275,25.44%,44,9.80%,TysoDe00,DeAngelo Tyson,rav
DE,0,0%,206,19.06%,48,10.69%,GuyxLa00,Lawrence Guy,rav
DT,0,0%,529,48.94%,46,10.24%,NgatHa20,Haloti Ngata,rav
DT,0,0%,304,28.12%,0,0%,JernTi00,Timmy Jernigan,rav
DT,0,0%,46,4.26%,0,0%,BiluCh00,Christo Bilukidi,rav
DT,0,0%,9,.83%,0,0%,CodyTe99,Terrence Cody,rav
DT,0,0%,9,.83%,0,0%,WalkCa00,Casey Walker,rav
NT,0,0%,549,50.79%,52,11.58%,WillBr02,Brandon Williams,rav
LB,0,0%,1066,98.61%,61,13.59%,MoslC.00,C.J. Mosley,rav
LB,0,0%,1043,96.48%,0,0%,SmitDa24,Daryl Smith,rav
LB,0,0%,851,78.72%,0,0%,SuggTe99,Terrell Suggs,rav
LB,0,0%,523,48.38%,77,17.15%,UpshCo00,Courtney Upshaw,rav
LB,0,0%,517,47.83%,181,40.31%,McPhPe00,Pernell McPhee,rav
LB,0,0%,608,56.24%,0,0%,DumeEl20,Elvis Dumervil,rav
LB,0,0%,40,3.70%,372,82.85%,McClAl00,Albert McClellan,rav
LB,0,0%,4,.37%,332,73.94%,OrrxZa00,Zach Orr,rav
LB,0,0%,0,0%,51,11.36%,BrowAr00,Arthur Brown,rav
CB,0,0%,138,12.77%,93,20.71%,BrowCh05,Chykie Brown,rav
CB,0,0%,461,42.65%,1,.22%,SmitJi03,Jimmy Smith,rav
CB,0,0%,323,29.88%,55,12.25%,JackAs00,Asa Jackson,rav
CB,0,0%,172,15.91%,35,7.80%,MelvRa00,Rashaan Melvin,rav
CB,0,0%,194,17.95%,22,4.90%,FranDo99,Dominique Franks,rav
CB,0,0%,0,0%,14,3.12%,CasoAn99,Antoine Cason,rav
CB,0,0%,773,71.51%,10,2.23%,WebbLa99,Lardarius Webb,rav
SS,0,0%,636,58.83%,122,27.17%,ElamMa00,Matt Elam,rav
SS,0,0%,180,16.65%,320,71.27%,LeviAn00,Anthony Levine,rav
SS,0,0%,53,4.90%,323,71.94%,TrawBr00,Brynden Trawick,rav
FS,0,0%,756,69.94%,79,17.59%,StewDa00,Darian Stewart,rav
FS,0,0%,563,52.08%,69,15.37%,HillWi01,Will Hill,rav
FS,0,0%,326,30.16%,321,71.49%,MileJe00,Jeromy Miles,rav
FS,0,0%,234,21.65%,120,26.73%,BrooTe00,Terrence Brooks,rav
DB,0,0%,155,14.34%,7,1.56%,GorrDa00,Danny Gorrer,rav
DB,0,0%,0,0%,35,7.80%,JacoTr00,Tramain Jacobs,rav
LS,0,0%,0,0%,19,4.23%,ScalPa00,Patrick Scales,rav
LS,0,0%,0,0%,59,13.14%,CoxxMo00,Morgan Cox,rav
LS,0,0%,0,0%,60,13.36%,McDeKe00,Kevin McDermott,rav
K,0,0%,0,0%,166,36.97%,TuckJu00,Justin Tucker,rav
P,0,0%,0,0%,139,30.96%,KochSa20,Sam Koch,rav
QB,802,75.59%,0,0%,0,0%,OrtoKy00,Kyle Orton,buf
QB,259,24.41%,0,0%,0,0%,ManuEJ00,EJ Manuel,buf
RB,186,17.53%,0,0%,31,6.61%,SpilC.00,C.J. Spiller,buf
RB,548,51.65%,0,0%,22,4.69%,JackFr02,Fred Jackson,buf
RB,219,20.64%,0,0%,261,55.65%,DixoAn00,Anthony Dixon,buf
RB,118,11.12%,0,0%,23,4.90%,BrowBr02,Bryce Brown,buf
FB,128,12.06%,0,0%,64,13.65%,SummFr00,Frank Summers,buf
WR,899,84.73%,0,0%,89,18.98%,WoodRo02,Robert Woods,buf
WR,1026,96.70%,0,0%,2,.43%,WatkSa00,Sammy Watkins,buf
WR,188,17.72%,0,0%,24,5.12%,WillMi04,Mike Williams,buf
WR,3,.28%,0,0%,184,39.23%,EaslMa00,Marcus Easley,buf
WR,90,8.48%,0,0%,80,17.06%,GoodMa00,Marquise Goodwin,buf
WR,461,43.45%,0,0%,230,49.04%,HogaCh00,Chris Hogan,buf
WR,0,0%,0,0%,50,10.66%,ThigMa00,Marcus Thigpen,buf
WR,2,.19%,0,0%,4,.85%,ThomDe04,Deonte Thompson,buf
TE,748,70.50%,0,0%,76,16.20%,ChanSc00,Scott Chandler,buf
TE,121,11.40%,0,0%,54,11.51%,GrayMa00,MarQueis Gray,buf
TE,213,20.08%,0,0%,20,4.26%,GragCh00,Chris Gragg,buf
TE,334,31.48%,0,0%,111,23.67%,SmitLe00,Lee Smith,buf
T,1061,100.00%,0,0%,70,14.93%,HendSe00,Seantrel Henderson,buf
T,1045,98.49%,0,0%,70,14.93%,GlenCo00,Cordy Glenn,buf
T,37,3.49%,0,0%,70,14.93%,HairCh00,Chris Hairston,buf
T,0,0%,0,0%,3,.64%,KouaCy00,Cyrus Kouandjio,buf
G,312,29.41%,0,0%,51,10.87%,RichCy00,Cyril Richardson,buf
G,1061,100.00%,0,0%,70,14.93%,PearEr20,Erik Pears,buf
G,131,12.35%,0,0%,13,2.77%,WillCh03,Chris Williams,buf
G,621,58.53%,0,0%,69,14.71%,UrbiKr20,Kraig Urbik,buf
C,1058,99.72%,0,0%,0,0%,WoodEr20,Eric Wood,buf
DE,0,0%,782,72.01%,44,9.38%,HughJe99,Jerry Hughes,buf
DE,0,0%,787,72.47%,68,14.50%,WillMa22,Mario Williams,buf
DE,0,0%,310,28.55%,35,7.46%,WynnJa99,Jarius Wynn,buf
DE,0,0%,339,31.22%,189,40.30%,LawsMa20,Manny Lawson,buf
DT,0,0%,677,62.34%,57,12.15%,DareMa00,Marcell Dareus,buf
DT,0,0%,716,65.93%,54,11.51%,WillKy20,Kyle Williams,buf
DT,0,0%,353,32.50%,79,16.84%,BryaCo00,Corbin Bryant,buf
DT,0,0%,336,30.94%,19,4.05%,CharSt00,Stefan Charles,buf
LB,0,0%,1019,93.83%,194,41.36%,BrowPr00,Preston Brown,buf
LB,0,0%,805,74.13%,116,24.73%,BradNi00,Nigel Bradham,buf
LB,0,0%,503,46.32%,95,20.26%,SpikBr99,Brandon Spikes,buf
LB,0,0%,185,17.03%,60,12.79%,RiveKe99,Keith Rivers,buf
LB,0,0%,45,4.14%,278,59.28%,PoweTy00,Ty Powell,buf
LB,0,0%,8,.74%,259,55.22%,DeanLa00,Larry Dean,buf
LB,0,0%,0,0%,80,17.06%,JohnRa01,Randell Johnson,buf
CB,0,0%,534,49.17%,89,18.98%,McKeLe99,Leodis McKelvin,buf
CB,0,0%,778,71.64%,187,39.87%,GrahCo99,Corey Graham,buf
CB,0,0%,641,59.02%,164,34.97%,RobeNi00,Nickell Robey-Coleman,buf
CB,0,0%,837,77.07%,53,11.30%,GilmSt00,Stephon Gilmore,buf
CB,0,0%,145,13.35%,255,54.37%,BrooRo01,Ron Brooks,buf
CB,0,0%,11,1.01%,60,12.79%,CockRo00,Ross Cockrell,buf
SS,0,0%,902,83.06%,76,16.20%,WillAa00,Aaron Williams,buf
SS,0,0%,55,5.06%,48,10.23%,RambBa00,Bacarri Rambo,buf
FS,0,0%,648,59.67%,135,28.78%,SearDa00,Da'Norris Searcy,buf
FS,0,0%,527,48.53%,216,46.06%,WillDu00,Duke Williams,buf
S,0,0%,0,0%,32,6.82%,LadlKe00,Kenny Ladler,buf
LS,0,0%,0,0%,157,33.48%,SanbGa00,Garrison Sanborn,buf
K,0,0%,0,0%,83,17.70%,GayxJo00,Jordan Gay,buf
K,0,0%,0,0%,70,14.93%,CarpDa44,Dan Carpenter,buf
P,0,0%,0,0%,159,33.90%,SchmCo00,Colton Schmidt,buf
QB,178,16.11%,0,0%,0,0%,AndeDe00,Derek Anderson,car
QB,927,83.89%,0,0%,0,0%,NewtCa00,Cam Newton,car
QB,22,1.99%,0,0%,56,12.42%,WebbJo00,Joe Webb,car
RB,135,12.22%,0,0%,0,0%,WillDe02,DeAngelo Williams,car
RB,546,49.41%,0,0%,0,0%,StewJo00,Jonathan Stewart,car
RB,84,7.60%,0,0%,106,23.50%,WhitFo00,Fozzy Whittaker,car
RB,152,13.76%,0,0%,1,.22%,ReavDa00,Darrin Reaves,car
RB,2,.18%,0,0%,1,.22%,PoolTa00,Tauren Poole,car
FB,220,19.91%,0,0%,39,8.65%,TolbMi00,Mike Tolbert,car
FB,43,3.89%,0,0%,23,5.10%,OgboCh00,Chris Ogbonnaya,car
WR,926,83.80%,0,0%,1,.22%,BenjKe00,Kelvin Benjamin,car
WR,784,70.95%,0,0%,1,.22%,CotcJe00,Jerricho Cotchery,car
WR,409,37.01%,0,0%,0,0%,AvanJa00,Jason Avant,car
WR,307,27.78%,0,0%,84,18.63%,BrowPh00,Corey Brown,car
WR,12,1.09%,0,0%,35,7.76%,PresDe00,De'Andre Presley,car
WR,150,13.57%,0,0%,113,25.06%,BersBr00,Brenton Bersin,car
TE,1067,96.56%,0,0%,1,.22%,OlseGr00,Greg Olsen,car
TE,523,47.33%,0,0%,249,55.21%,DickEd00,Ed Dickson,car
TE,34,3.08%,0,0%,71,15.74%,BrocRi00,Richie Brockel,car
TE,90,8.14%,0,0%,228,50.55%,WillBr04,Brandon Williams,car
T,357,32.31%,0,0%,0,0%,RemmMi00,Mike Remmers,car
T,1009,91.31%,0,0%,67,14.86%,BellBy00,Byron Bell,car
T,691,62.53%,0,0%,40,8.87%,ChanNa00,Nate Chandler,car
T,26,2.35%,0,0%,0,0%,WillGa23,Garry Williams,car
T,128,11.58%,0,0%,17,3.77%,FoucDa00,David Foucault,car
G,680,61.54%,0,0%,42,9.31%,NorwAn01,Andrew Norwell,car
G,404,36.56%,0,0%,22,4.88%,SilaAm00,Amini Silatolu,car
G,398,36.02%,0,0%,31,6.87%,VelaFe20,Fernando Velasco,car
G,660,59.73%,0,0%,29,6.43%,TurnTr01,Trai Turner,car
G,74,6.70%,0,0%,36,7.98%,ScotCh23,Chris Scott,car
C,1077,97.47%,0,0%,0,0%,KaliRy20,Ryan Kalil,car
C,41,3.71%,0,0%,150,33.26%,FolkBr00,Brian Folkerts,car
DE,0,0%,51,4.96%,2,.44%,HardGr99,Greg Hardy,car
DE,0,0%,784,76.26%,5,1.11%,JohnCh98,Charles Johnson,car
DE,0,0%,361,35.12%,2,.44%,EalyKo00,Kony Ealy,car
DE,0,0%,22,2.14%,0,0%,AlexFr00,Frank Alexander,car
DE,0,0%,434,42.22%,139,30.82%,AddiMa00,Mario Addison,car
DE,0,0%,462,44.94%,79,17.52%,HortWe00,Wes Horton,car
DT,0,0%,577,56.13%,149,33.04%,EdwaDw20,Dwan Edwards,car
DT,0,0%,478,46.50%,61,13.53%,LotuSt00,Star Lotulelei,car
DT,0,0%,586,57.00%,73,16.19%,ShorKa00,Kawann Short,car
DT,0,0%,369,35.89%,13,2.88%,ColeCo20,Colin Cole,car
LB,0,0%,989,96.21%,77,17.07%,KuecLu00,Luke Kuechly,car
LB,0,0%,923,89.79%,46,10.20%,DaviTh20,Thomas Davis,car
LB,0,0%,282,27.43%,269,59.65%,KleiAJ00,A.J. Klein,car
LB,0,0%,68,6.61%,148,32.82%,GlanAd00,Adarius Taylor,car
LB,0,0%,30,2.92%,295,65.41%,JacoBe00,Ben Jacobs,car
LB,0,0%,7,.68%,215,47.67%,WillJa95,Jason Williams,car
LB,0,0%,0,0%,49,10.86%,ReddKe00,Kevin Reddick,car
LB,0,0%,0,0%,14,3.10%,SmitD.00,D.J. Smith,car
LB,0,0%,79,7.68%,133,29.49%,BlacCh21,Chase Blackburn,car
CB,0,0%,505,49.12%,149,33.04%,WhitMe00,Melvin White,car
CB,0,0%,673,65.47%,64,14.19%,CasoAn99,Antoine Cason,car
CB,0,0%,205,19.94%,58,12.86%,GodfCh99,Charles Godfrey,car
CB,0,0%,449,43.68%,53,11.75%,BenwBe00,Bene Benwikere,car
CB,0,0%,85,8.27%,127,28.16%,DockJa00,James Dockery,car
CB,0,0%,8,.78%,43,9.53%,ByndCa00,Carrington Byndom,car
CB,0,0%,632,61.48%,147,32.59%,NormJo01,Josh Norman,car
SS,0,0%,924,89.88%,149,33.04%,HarpRo21,Roman Harper,car
SS,0,0%,360,35.02%,76,16.85%,BostTr00,Tre Boston,car
FS,0,0%,665,64.69%,128,28.38%,DeCoTh99,Thomas DeCoud,car
FS,0,0%,284,27.63%,310,68.74%,JoneCo01,Colin Jones,car
S,0,0%,16,1.56%,0,0%,LestRo01,Robert Lester,car
LS,0,0%,0,0%,146,32.37%,JansJ.00,J.J. Jansen,car
K,0,0%,0,0%,150,33.26%,GanoGr44,Graham Gano,car
P,0,0%,0,0%,146,32.37%,NortBr00,Brad Nortman,car
QB,969,91.59%,0,0%,0,0%,CutlJa00,Jay Cutler,chi
QB,89,8.41%,0,0%,0,0%,ClauJi00,Jimmy Clausen,chi
RB,974,92.06%,0,0%,0,0%,FortMa00,Matt Forte,chi
RB,1,.09%,0,0%,259,59.40%,PerrSe00,Senorise Perry,chi
RB,0,0%,0,0%,36,8.26%,DrauSh00,Shaun Draughn,chi
RB,99,9.36%,0,0%,9,2.06%,CareKa00,Ka'Deem Carey,chi
FB,0,0%,0,0%,49,11.24%,OwenMo01,Montell Owens,chi
FB,6,.57%,0,0%,4,.92%,FiamTo00,Tony Fiammetta,chi
WR,753,71.17%,0,0%,1,.23%,MarsBr00,Brandon Marshall,chi
WR,373,35.26%,0,0%,1,.23%,WilsMa02,Marquess Wilson,chi
WR,422,39.89%,0,0%,0,0%,MorgJo00,Josh Morgan,chi
WR,957,90.45%,0,0%,1,.23%,JeffAl00,Alshon Jeffery,chi
WR,249,23.53%,0,0%,22,5.05%,HolmSa00,Santonio Holmes,chi
WR,15,1.42%,0,0%,9,2.06%,SpurMi00,Micheal Spurlock,chi
WR,11,1.04%,0,0%,41,9.40%,BellJo02,Josh Bellamy,chi
WR,3,.28%,0,0%,54,12.39%,MariMa00,Marc Mariani,chi
WR,10,.95%,0,0%,13,2.98%,RossRa00,Rashad Ross,chi
WR,15,1.42%,0,0%,47,10.78%,WillCh06,Chris Williams,chi
TE,954,90.17%,0,0%,48,11.01%,BennMa00,Martellus Bennett,chi
TE,314,29.68%,0,0%,274,62.84%,RosaDa00,Dante Rosario,chi
TE,25,2.36%,0,0%,11,2.52%,MullMa00,Matthew Mulligan,chi
TE,1,.09%,0,0%,39,8.94%,AnneBl01,Blake Annen,chi
T,921,87.05%,0,0%,43,9.86%,BushJe20,Jermon Bushrod,chi
T,813,76.84%,0,0%,40,9.17%,MillJo02,Jordan Mills,chi
T,29,2.74%,0,0%,5,1.15%,LenoCh00,Charles Leno Jr.,chi
T,94,8.88%,0,0%,29,6.65%,BritEb20,Eben Britton,chi
G,994,93.95%,0,0%,57,13.07%,LongKy00,Kyle Long,chi
G,822,77.69%,0,0%,39,8.94%,OlaxMi00,Michael Ola,chi
G,226,21.36%,0,0%,6,1.38%,GroyRy00,Ryan Groy,chi
G,264,24.95%,0,0%,13,2.98%,SlauMa20,Matt Slauson,chi
C,488,46.12%,0,0%,18,4.13%,DeLaBr00,Brian De La Puente,chi
C,746,70.51%,0,0%,31,7.11%,GarzRo20,Roberto Garza,chi
C,0,0%,0,0%,13,2.98%,BoggTa00,Taylor Boggs,chi
DE,0,0%,888,85.14%,86,19.72%,AlleJa22,Jared Allen,chi
DE,0,0%,397,38.06%,45,10.32%,HousLa99,Lamarr Houston,chi
DE,0,0%,664,63.66%,75,17.20%,YounWi99,Willie Young,chi
DE,0,0%,77,7.38%,155,35.55%,WashCo00,Cornelius Washington,chi
DE,0,0%,23,2.21%,88,20.18%,ScotTr99,Trevor Scott,chi
DE,0,0%,143,13.71%,12,2.75%,BassDa00,David Bass,chi
DT,0,0%,461,44.20%,80,18.35%,RatlJa20,Jay Ratliff,chi
DT,0,0%,60,5.75%,3,.69%,DunnBr00,Brandon Dunn,chi
DT,0,0%,458,43.91%,41,9.40%,SuttWi00,Will Sutton,chi
NT,0,0%,700,67.11%,79,18.12%,PaeaSt00,Stephen Paea,chi
NT,0,0%,312,29.91%,9,2.06%,FergEg00,Ego Ferguson,chi
LB,0,0%,453,43.43%,46,10.55%,BrigLa99,Lance Briggs,chi
LB,0,0%,679,65.10%,154,35.32%,BostJo00,Jonathan Bostic,chi
LB,0,0%,425,40.75%,80,18.35%,McClSh00,Shea McClellin,chi
LB,0,0%,413,39.60%,12,2.75%,WillD.20,D.J. Williams,chi
LB,0,0%,434,41.61%,281,64.45%,JoneCh05,Christian Jones,chi
LB,0,0%,117,11.22%,108,24.77%,GreeKh00,Khaseem Greene,chi
LB,0,0%,0,0%,134,30.73%,LattDe01,DeDe Lattimore,chi
LB,0,0%,0,0%,36,8.26%,MannTe00,Terrell Manning,chi
LB,0,0%,104,9.97%,52,11.93%,SharDa01,Darryl Sharpton,chi
CB,0,0%,96,9.20%,14,3.21%,TillCh20,Charles Tillman,chi
CB,0,0%,1006,96.45%,94,21.56%,JennTi20,Tim Jennings,chi
CB,0,0%,94,9.01%,29,6.65%,FreyIs00,Isaiah Frey,chi
CB,0,0%,858,82.26%,115,26.38%,FullKy00,Kyle Fuller,chi
CB,0,0%,46,4.41%,207,47.48%,McMaSh99,Sherrick McManis,chi
CB,0,0%,0,0%,92,21.10%,WillTe00,Teddy Williams,chi
CB,0,0%,365,35.00%,151,34.63%,HursDe00,Demontre Hurst,chi
CB,0,0%,119,11.41%,42,9.63%,LouiAl00,Al Louis-Jean,chi
SS,0,0%,947,90.80%,175,40.14%,MundRy00,Ryan Mundy,chi
SS,0,0%,463,44.39%,56,12.84%,ContCh00,Chris Conte,chi
FS,0,0%,168,16.11%,277,63.53%,McCrDa00,Danny McCray,chi
FS,0,0%,502,48.13%,249,57.11%,VereBr00,Brock Vereen,chi
S,0,0%,0,0%,67,15.37%,WaltAn01,Anthony Walters,chi
S,0,0%,1,.10%,63,14.45%,DixoAh00,Ahmad Dixon,chi
LS,0,0%,0,0%,128,29.36%,CainJe20,Jeremy Cain,chi
K,0,0%,0,0%,94,21.56%,gouldrob01,Robbie Gould,chi
K,0,0%,0,0%,24,5.50%,feelyjay01,Jay Feely,chi
P,0,0%,0,0%,129,29.59%,ODonPa00,Pat O'Donnell,chi
QB,1033,97.09%,0,0%,0,0%,DaltAn00,Andy Dalton,cin
QB,31,2.91%,0,0%,0,0%,CampJa00,Jason Campbell,cin
RB,510,47.93%,0,0%,1,.22%,BernGi00,Giovani Bernard,cin
RB,44,4.14%,0,0%,293,64.54%,PeerCe00,Cedric Peerman,cin
RB,501,47.09%,0,0%,4,.88%,HillJe01,Jeremy Hill,cin
RB,34,3.20%,0,0%,133,29.30%,BurkRe00,Rex Burkhead,cin
WR,649,61.00%,0,0%,0,0%,GreeA.00,A.J. Green,cin
WR,988,92.86%,0,0%,2,.44%,SanuMo00,Mohamed Sanu,cin
WR,485,45.58%,0,0%,92,20.26%,TateBr00,Brandon Tate,cin
WR,184,17.29%,0,0%,173,38.11%,WrigJa03,James Wright,cin
WR,196,18.42%,0,0%,7,1.54%,SanzDa00,Dane Sanzenbacher,cin
WR,138,12.97%,0,0%,13,2.86%,LittGr00,Greg Little,cin
TE,877,82.42%,0,0%,63,13.88%,GresJe00,Jermaine Gresham,cin
TE,16,1.50%,0,0%,14,3.08%,SmitAl02,Alex Smith,cin
TE,156,14.66%,0,0%,137,30.18%,BrocKe00,Kevin Brock,cin
TE,466,43.80%,0,0%,209,46.04%,HewiRy00,Ryan Hewitt,cin
TE,8,.75%,0,0%,0,0%,EifeTy00,Tyler Eifert,cin
T,1031,96.90%,0,0%,72,15.86%,WhitAn20,Andrew Whitworth,cin
T,483,45.39%,0,0%,36,7.93%,SmitAn23,Andre Smith,cin
T,366,34.40%,0,0%,72,15.86%,NewhMa20,Marshall Newhouse,cin
T,175,16.45%,0,0%,0,0%,WinsEr20,Eric Winston,cin
T,5,.47%,0,0%,5,1.10%,HawkTa00,Tanner Hawkinson,cin
G,738,69.36%,0,0%,45,9.91%,ZeitKe00,Kevin Zeitler,cin
G,1064,100.00%,0,0%,37,8.15%,BoliCl00,Clint Boling,cin
G,442,41.54%,0,0%,66,14.54%,PollMi20,Mike Pollak,cin
G,6,.56%,0,0%,5,1.10%,JohnTJ00,T.J. Johnson,cin
C,1063,99.91%,0,0%,27,5.95%,BodiRu00,Russell Bodine,cin
DE,0,0%,944,83.99%,72,15.86%,DunlCa99,Carlos Dunlap,cin
DE,0,0%,826,73.49%,26,5.73%,GilbWa00,Wallace Gilberry,cin
DE,0,0%,592,52.67%,11,2.42%,GeatRo21,Robert Geathers,cin
DE,0,0%,186,16.55%,175,38.55%,HuntMa00,Margus Hunt,cin
DE,0,0%,62,5.52%,26,5.73%,ClarWi00,Will Clarke,cin
DT,0,0%,741,65.93%,6,1.32%,AtkiGe99,Geno Atkins,cin
DT,0,0%,227,20.20%,15,3.30%,ThomBr01,Brandon Thompson,cin
DT,0,0%,231,20.55%,39,8.59%,StilDe00,Devon Still,cin
NT,15,1.41%,686,61.03%,134,29.52%,PekoDo20,Domata Peko,cin
LB,0,0%,888,79.00%,67,14.76%,LamuEm00,Emmanuel Lamur,cin
LB,0,0%,934,83.10%,143,31.50%,ReyxVi00,Vincent Rey,cin
LB,0,0%,444,39.50%,8,1.76%,MauaRe99,Rey Maualuga,cin
LB,0,0%,217,19.31%,4,.88%,BurfVo00,Vontaze Burfict,cin
LB,0,0%,58,5.16%,262,57.71%,DiMaJa00,Jayson DiManche,cin
LB,0,0%,70,6.23%,310,68.28%,FlowMa00,Marquis Flowers,cin
LB,0,0%,0,0%,58,12.78%,CartCh00,Chris Carter,cin
LB,0,0%,93,8.27%,191,42.07%,JohnNi00,Nico Johnson,cin
LB,0,0%,0,0%,1,.22%,PortSe00,Sean Porter,cin
CB,0,0%,865,76.96%,52,11.45%,NewmTe20,Terence Newman,cin
CB,0,0%,914,81.32%,58,12.78%,HallLe98,Leon Hall,cin
CB,0,0%,778,69.22%,85,18.72%,JonePa20,Adam Jones,cin
CB,0,0%,243,21.62%,224,49.34%,KirkDr00,Dre Kirkpatrick,cin
CB,0,0%,62,5.52%,207,45.59%,DennDa00,Darqueze Dennard,cin
CB,0,0%,1,.09%,29,6.39%,LewiCh01,Chris Lewis-Harris,cin
CB,0,0%,0,0%,5,1.10%,McCaOn00,Onterio McCalebb,cin
SS,0,0%,1116,99.29%,5,1.10%,IlokGe00,George Iloka,cin
SS,0,0%,27,2.40%,372,81.94%,WillSh02,Shawn Williams,cin
FS,0,0%,1098,97.69%,146,32.16%,NelsRe99,Reggie Nelson,cin
FS,0,0%,60,5.34%,307,67.62%,MaysTa99,Taylor Mays,cin
LS,0,0%,0,0%,146,32.16%,HarrCl20,Clark Harris,cin
K,0,0%,0,0%,153,33.70%,nugenmik01,Mike Nugent,cin
P,0,0%,0,0%,146,32.16%,HubeKe20,Kevin Huber,cin
QB,912,86.69%,0,0%,0,0%,HoyeBr00,Brian Hoyer,cle
QB,65,6.18%,0,0%,0,0%,ShawCo00,Connor Shaw,cle
QB,76,7.22%,0,0%,0,0%,ManzJo00,Johnny Manziel,cle
RB,402,38.21%,0,0%,0,0%,WestTe00,Terrance West,cle
RB,382,36.31%,0,0%,12,2.57%,CrowIs00,Isaiah Crowell,cle
RB,8,.76%,0,0%,50,10.71%,DrauSh00,Shaun Draughn,cle
RB,253,24.05%,0,0%,0,0%,TateBe00,Ben Tate,cle
RB,0,0%,0,0%,63,13.49%,WinsGl00,Glenn Winston,cle
FB,87,8.27%,0,0%,12,2.57%,SmalKi00,Kiero Small,cle
FB,229,21.77%,0,0%,11,2.36%,AgneRa00,Ray Agnew,cle
WR,233,22.15%,0,0%,0,0%,GordJo02,Josh Gordon,cle
WR,649,61.69%,0,0%,6,1.28%,HawkAn00,Andrew Hawkins,cle
WR,536,50.95%,0,0%,2,.43%,AustMi00,Miles Austin,cle
WR,383,36.41%,0,0%,56,11.99%,BenjTr00,Travis Benjamin,cle
WR,612,58.17%,0,0%,29,6.21%,GabrTa00,Taylor Gabriel,cle
WR,12,1.14%,0,0%,209,44.75%,MoorMa02,Marlon Moore,cle
WR,14,1.33%,0,0%,8,1.71%,SmitRo05,Rodney Smith,cle
WR,0,0%,0,0%,7,1.50%,ByrdLa00,LaRon Byrd,cle
TE,358,34.03%,0,0%,136,29.12%,BarnGa01,Gary Barnidge,cle
TE,599,56.94%,0,0%,92,19.70%,DrayJi00,Jim Dray,cle
TE,476,45.25%,0,0%,1,.21%,CameJo00,Jordan Cameron,cle
TE,21,2.00%,0,0%,70,14.99%,TaylRy00,Ryan Taylor,cle
TE,1,.10%,0,0%,0,0%,RobiGe00,Gerell Robinson,cle
T,1052,100.00%,0,0%,65,13.92%,SchwMi00,Mitchell Schwartz,cle
T,1052,100.00%,0,0%,65,13.92%,ThomJo28,Joe Thomas,cle
T,170,16.16%,0,0%,40,8.57%,SeymRy00,Ryan Seymour,cle
G,1052,100.00%,0,0%,65,13.92%,GrecJo20,John Greco,cle
G,1052,100.00%,0,0%,65,13.92%,BitoJo00,Joel Bitonio,cle
G,119,11.31%,0,0%,60,12.85%,McQuPa21,Paul McQuistan,cle
G,0,0%,0,0%,9,1.93%,PainVi00,Vinston Painter,cle
C,297,28.23%,0,0%,23,4.93%,MackAl20,Alex Mack,cle
C,469,44.58%,0,0%,0,0%,McDoNi00,Nick McDonald,cle
DE,0,0%,132,11.35%,62,13.28%,BryaAr00,Armonty Bryant,cle
DE,0,0%,499,42.91%,163,34.90%,WinnBi00,Billy Winn,cle
DE,0,0%,732,62.94%,70,14.99%,BryaDe00,Desmond Bryant,cle
DE,0,0%,130,11.18%,18,3.85%,TaylPh00,Phil Taylor,cle
DE,0,0%,62,5.33%,18,3.85%,SoloSc00,Scott Solomon,cle
DE,0,0%,207,17.80%,15,3.21%,HughJo00,John Hughes,cle
DT,0,0%,26,2.24%,0,0%,MedeJa00,Jamie Meder,cle
DT,0,0%,21,1.81%,1,.21%,McDaJa00,Jacobbi McDaniel,cle
DT,0,0%,252,21.67%,13,2.78%,FuaxSi00,Sione Fua,cle
NT,0,0%,449,38.61%,58,12.42%,RubiAh99,Ahtyba Rubin,cle
NT,0,0%,302,25.97%,16,3.43%,KitcIs00,Ishmaa'ily Kitchen,cle
LB,0,0%,814,69.99%,65,13.92%,DansKa20,Karlos Dansby,cle
LB,0,0%,681,58.56%,257,55.03%,KirkCh00,Christian Kirksey,cle
LB,0,0%,667,57.35%,213,45.61%,MingBa00,Barkevious Mingo,cle
LB,0,0%,898,77.21%,55,11.78%,KrugPa99,Paul Kruger,cle
LB,0,0%,661,56.84%,312,66.81%,RobeCr00,Craig Robertson,cle
LB,0,0%,674,57.95%,35,7.49%,SheaJa00,Jabaal Sheard,cle
LB,0,0%,12,1.03%,374,80.09%,CardTa00,Tank Carder,cle
LB,0,0%,45,3.87%,204,43.68%,MartEr02,Eric Martin,cle
LB,0,0%,0,0%,77,16.49%,DileZa99,Zach Diles,cle
CB,0,0%,1021,87.79%,139,29.76%,HadeJo99,Joe Haden,cle
CB,0,0%,1129,97.08%,148,31.69%,SkriBu00,Buster Skrine,cle
CB,0,0%,361,31.04%,49,10.49%,GilbJu00,Justin Gilbert,cle
CB,0,0%,0,0%,18,3.85%,BerrAa00,Aaron Berry,cle
CB,0,0%,348,29.92%,112,23.98%,WillKW00,K'Waun Williams,cle
CB,0,0%,9,.77%,63,13.49%,NelsRo00,Robert Nelson,cle
CB,0,0%,118,10.15%,24,5.14%,DesiPi00,Pierre Desir,cle
SS,1,.10%,1152,99.05%,22,4.71%,WhitDo20,Donte Whitner,cle
SS,0,0%,503,43.25%,206,44.11%,LeonJi23,Jim Leonhard,cle
SS,0,0%,1,.09%,314,67.24%,BadeJo00,Johnson Bademosi,cle
FS,0,0%,771,66.29%,27,5.78%,GipsTa00,Tashaun Gipson,cle
FS,0,0%,115,9.89%,367,78.59%,PoyeJo00,Jordan Poyer,cle
LS,0,0%,0,0%,160,34.26%,YounCh02,Christian Yount,cle
K,0,0%,0,0%,123,26.34%,cundibil01,Billy Cundiff,cle
K,0,0%,0,0%,7,1.50%,HartGa00,Garrett Hartley,cle
P,0,0%,0,0%,166,35.55%,LannSp00,Spencer Lanning,cle
QB,968,91.32%,0,0%,0,0%,RomoTo00,Tony Romo,dal
QB,92,8.68%,0,0%,0,0%,WeedBr00,Brandon Weeden,dal
RB,783,73.87%,0,0%,1,.22%,MurrDe00,DeMarco Murray,dal
RB,136,12.83%,0,0%,190,42.51%,DunbLa00,Lance Dunbar,dal
RB,94,8.87%,0,0%,111,24.83%,RandJo01,Joseph Randle,dal
FB,161,15.19%,0,0%,69,15.44%,ClutTy00,Tyler Clutts,dal
WR,811,76.51%,0,0%,4,.89%,WillTe01,Terrance Williams,dal
WR,898,84.72%,0,0%,6,1.34%,BryaDe01,Dez Bryant,dal
WR,431,40.66%,0,0%,3,.67%,BeasCo00,Cole Beasley,dal
WR,158,14.91%,0,0%,299,66.89%,HarrDw00,Dwayne Harris,dal
WR,148,13.96%,0,0%,0,0%,StreDe00,Devin Street,dal
TE,1049,98.96%,0,0%,88,19.69%,WittJa00,Jason Witten,dal
TE,329,31.04%,0,0%,232,51.90%,HannJa00,James Hanna,dal
TE,261,24.62%,0,0%,156,34.90%,EscoGa00,Gavin Escobar,dal
T,1060,100.00%,0,0%,85,19.02%,SmitTy00,Tyron Smith,dal
T,700,66.04%,0,0%,53,11.86%,FreeDo20,Doug Free,dal
T,380,35.85%,0,0%,85,19.02%,ParnJe00,Jermey Parnell,dal
T,5,.47%,0,0%,11,2.46%,HillTo21,Tony Hills,dal
T,0,0%,0,0%,1,.22%,HawkDo01,Donald Hawkins,dal
G,1054,99.43%,0,0%,78,17.45%,MartZa00,Zack Martin,dal
G,992,93.58%,0,0%,81,18.12%,LearRo00,Ronald Leary,dal
G,74,6.98%,0,0%,85,19.02%,BernMa20,Mackenzy Bernadeau,dal
C,1060,100.00%,0,0%,85,19.02%,FredTr00,Travis Frederick,dal
DE,0,0%,706,68.81%,58,12.98%,MincJe99,Jeremy Mincey,dal
DE,0,0%,624,60.82%,119,26.62%,CrawTy00,Tyrone Crawford,dal
DE,0,0%,499,48.64%,28,6.26%,SelvGe99,George Selvie,dal
DE,0,0%,217,21.15%,7,1.57%,LawrDe00,DeMarcus Lawrence,dal
DE,0,0%,372,36.26%,1,.22%,SpenAn99,Anthony Spencer,dal
DE,0,0%,16,1.56%,1,.22%,BoatKe00,Kenneth Boatright,dal
DE,0,0%,142,13.84%,29,6.49%,CrawJa00,Jack Crawford,dal
DE,0,0%,48,4.68%,4,.89%,EdwaLa00,Lavar Edwards,dal
DT,0,0%,570,55.56%,78,17.45%,HaydNi99,Nick Hayden,dal
DT,0,0%,52,5.07%,4,.89%,ColeDa00,Davon Coleman,dal
DT,0,0%,424,41.33%,11,2.46%,MeltHe99,Henry Melton,dal
DT,0,0%,22,2.14%,3,.67%,BrenJo00,Josh Brent,dal
DT,0,0%,65,6.34%,3,.67%,BishKe01,Ken Bishop,dal
DT,0,0%,321,31.29%,109,24.38%,McClTe00,Terrell McClain,dal
LB,0,0%,519,50.58%,147,32.89%,CartBr00,Bruce Carter,dal
LB,0,0%,324,31.58%,21,4.70%,DuraJu99,Justin Durant,dal
LB,0,0%,633,61.70%,9,2.01%,McClRo00,Rolando McClain,dal
LB,0,0%,529,51.56%,139,31.10%,HitcAn00,Anthony Hitchens,dal
LB,0,0%,211,20.57%,324,72.48%,WilbKy00,Kyle Wilber,dal
LB,0,0%,76,7.41%,265,59.28%,LawrCa01,Cameron Lawrence,dal
LB,0,0%,40,3.90%,68,15.21%,SmitKe03,Keith Smith,dal
LB,0,0%,0,0%,8,1.79%,WatsDe99,Dekoda Watson,dal
LB,0,0%,0,0%,3,.67%,ToomKo00,Korey Toomer,dal
CB,0,0%,1001,97.56%,81,18.12%,CarrBr99,Brandon Carr,dal
CB,0,0%,862,84.02%,105,23.49%,ScanOr99,Orlando Scandrick,dal
CB,0,0%,150,14.62%,9,2.01%,ClaiMo00,Morris Claiborne,dal
CB,0,0%,728,70.96%,9,2.01%,MoorSt00,Sterling Moore,dal
CB,0,0%,71,6.92%,90,20.13%,PatmTy00,Tyler Patmon,dal
CB,0,0%,2,.19%,18,4.03%,PellMi00,Micah Pellerin,dal
SS,0,0%,889,86.65%,212,47.43%,ChurBa99,Barry Church,dal
SS,0,0%,75,7.31%,288,64.43%,SpilCJ99,C.J. Spillman,dal
FS,16,1.51%,971,94.64%,211,47.20%,WilcJ.00,J.J. Wilcox,dal
FS,0,0%,125,12.18%,255,57.05%,HeatJe00,Jeff Heath,dal
S,0,0%,1,.10%,2,.45%,HamiJa00,Jakar Hamilton,dal
LS,0,0%,0,0%,144,32.21%,LadoL.20,L.P. Ladouceur,dal
K,0,0%,0,0%,183,40.94%,BailDa00,Dan Bailey,dal
P,0,0%,0,0%,145,32.44%,JoneCh02,Chris Jones,dal
QB,1094,96.81%,0,0%,0,0%,MannPe00,Peyton Manning,den
QB,36,3.19%,0,0%,0,0%,OsweBr00,Brock Osweiler,den
RB,191,16.90%,0,0%,0,0%,BallMo00,Montee Ball,den
RB,496,43.89%,0,0%,31,6.31%,AndeC.00,C.J. Anderson,den
RB,312,27.61%,0,0%,0,0%,HillRo00,Ronnie Hillman,den
RB,123,10.88%,0,0%,124,25.25%,ThomJu01,Juwan Thompson,den
RB,11,.97%,0,0%,81,16.50%,StewJe00,Jeremy Stewart,den
WR,1003,88.76%,0,0%,11,2.24%,SandEm00,Emmanuel Sanders,den
WR,1023,90.53%,0,0%,5,1.02%,ThomDe03,Demaryius Thomas,den
WR,744,65.84%,0,0%,19,3.87%,WelkWe00,Wes Welker,den
WR,181,16.02%,0,0%,213,43.38%,CaldAn00,Andre Caldwell,den
WR,37,3.27%,0,0%,70,14.26%,LatiCo00,Cody Latimer,den
WR,18,1.59%,0,0%,75,15.27%,BursIs01,Isaiah Burse,den
TE,692,61.24%,0,0%,3,.61%,ThomJu00,Julius Thomas,den
TE,394,34.87%,0,0%,178,36.25%,GreeVi00,Virgil Green,den
TE,276,24.42%,0,0%,250,50.92%,TammJa00,Jacob Tamme,den
TE,4,.35%,0,0%,0,0%,JoneDo01,Dominique Jones,den
T,474,41.95%,0,0%,86,17.52%,ClarCh21,Chris Clark,den
T,1054,93.27%,0,0%,75,15.27%,CladRy20,Ryan Clady,den
T,300,26.55%,0,0%,79,16.09%,CornPa00,Paul Cornick,den
G,1092,96.64%,0,0%,78,15.89%,FranOr00,Orlando Franklin,den
G,1122,99.29%,0,0%,58,11.81%,VasqLo20,Louis Vasquez,den
G,47,4.16%,0,0%,81,16.50%,GarlBe00,Ben Garland,den
C,1125,99.56%,0,0%,44,8.96%,RamiMa20,Manuel Ramirez,den
C,581,51.42%,0,0%,85,17.31%,MontWi20,Will Montgomery,den
DE,0,0%,737,68.24%,2,.41%,WareDe99,DeMarcus Ware,den
DE,0,0%,718,66.48%,58,11.81%,WolfDe00,Derek Wolfe,den
DE,0,0%,565,52.31%,71,14.46%,JackMa02,Malik Jackson,den
DE,0,0%,304,28.15%,3,.61%,SmitQu00,Quanterus Smith,den
DT,0,0%,426,39.44%,30,6.11%,WillSy00,Sylvester Williams,den
DT,0,0%,46,4.26%,84,17.11%,UnreMi00,Mitch Unrein,den
NT,0,0%,519,48.06%,139,28.31%,KnigTe99,Terrance Knighton,den
NT,0,0%,274,25.37%,52,10.59%,AustMa00,Marvin Austin,den
LB,0,0%,869,80.46%,62,12.63%,MarsBr01,Brandon Marshall,den
LB,0,0%,910,84.26%,0,0%,MillVo00,Von Miller,den
LB,0,0%,98,9.07%,0,0%,TrevDa00,Danny Trevathan,den
LB,0,0%,349,32.31%,100,20.37%,IrviNa00,Nate Irving,den
LB,0,0%,210,19.44%,281,57.23%,JohnSt02,Steven Johnson,den
LB,0,0%,121,11.20%,200,40.73%,McCrLe01,Lerentee McCray,den
LB,0,0%,48,4.44%,366,74.54%,BarrLa00,Lamin Barrow,den
LB,0,0%,136,12.59%,80,16.29%,DaviTo01,Todd Davis,den
LB,0,0%,108,10.00%,320,65.17%,NelsCo00,Corey Nelson,den
CB,0,0%,916,84.81%,2,.41%,TaliAq99,Aqib Talib,den
CB,0,0%,805,74.54%,83,16.90%,RobyBr00,Bradley Roby,den
CB,0,0%,986,91.30%,15,3.05%,HarrCh01,Chris Harris Jr.,den
CB,0,0%,83,7.69%,47,9.57%,CartTo99,Tony Carter,den
CB,0,0%,130,12.04%,272,55.40%,WebsKa00,Kayvon Webster,den
CB,0,0%,49,4.54%,323,65.78%,BoldOm00,Omar Bolden,den
SS,0,0%,1002,92.78%,4,.81%,WardT.99,T.J. Ward,den
SS,0,0%,218,20.19%,267,54.38%,CartQu01,Quinton Carter,den
SS,0,0%,13,1.20%,30,6.11%,BushJo00,Josh Bush,den
FS,0,0%,1053,97.50%,51,10.39%,MoorRa00,Rahim Moore,den
FS,0,0%,187,17.31%,312,63.54%,BrutDa99,David Bruton,den
LS,0,0%,0,0%,157,31.98%,BrewAa00,Aaron Brewer,den
K,0,0%,0,0%,39,7.94%,barthco01,Connor Barth,den
K,0,0%,0,0%,145,29.53%,McMaBr01,Brandon McManus,den
P,0,0%,0,0%,157,31.98%,ColqBr00,Britton Colquitt,den
QB,1093,100.00%,0,0%,0,0%,StafMa00,Matthew Stafford,det
RB,55,5.03%,0,0%,154,36.41%,WinnGe00,George Winn,det
RB,615,56.27%,0,0%,2,.47%,BellJo01,Joique Bell,det
RB,277,25.34%,0,0%,0,0%,BushRe00,Reggie Bush,det
RB,172,15.74%,0,0%,101,23.88%,RiddTh00,Theo Riddick,det
FB,246,22.51%,0,0%,203,47.99%,CollJe01,Jed Collins,det
FB,1,.09%,0,0%,42,9.93%,OwenMo01,Montell Owens,det
WR,925,84.63%,0,0%,4,.95%,TateGo00,Golden Tate,det
WR,695,63.59%,1,.10%,1,.24%,JohnCa00,Calvin Johnson,det
WR,709,64.87%,0,0%,167,39.48%,RossJe01,Jeremy Ross,det
WR,410,37.51%,0,0%,88,20.80%,FullCo00,Corey Fuller,det
WR,34,3.11%,0,0%,2,.47%,BroyRy00,Ryan Broyles,det
TE,137,12.53%,0,0%,29,6.86%,DaviKe01,Kellen Davis,det
TE,587,53.71%,0,0%,62,14.66%,PettBr00,Brandon Pettigrew,det
TE,117,10.70%,0,0%,37,8.75%,FaurJo00,Joseph Fauria,det
TE,445,40.71%,0,0%,104,24.59%,EbroEr00,Eric Ebron,det
TE,19,1.74%,0,0%,16,3.78%,ThomJo03,Jordan Thompson,det
T,941,86.09%,0,0%,54,12.77%,ReifRi00,Riley Reiff,det
T,62,5.67%,0,0%,6,1.42%,HillCo21,Corey Hilliard,det
T,448,40.99%,0,0%,65,15.37%,LucaCo01,Cornelius Lucas,det
T,550,50.32%,0,0%,33,7.80%,WaddLa01,LaAdrian Waddle,det
T,0,0%,0,0%,1,.24%,HarrMi00,Mike Harris,det
G,1093,100.00%,0,0%,56,13.24%,SimsRo20,Rob Sims,det
G,784,71.73%,0,0%,52,12.29%,WarfLa00,Larry Warford,det
G,224,20.49%,0,0%,40,9.46%,ReynGa20,Garrett Reynolds,det
C,1024,93.69%,0,0%,8,1.89%,RaioDo20,Dominic Raiola,det
C,360,32.94%,0,0%,105,24.82%,SwanTr00,Travis Swanson,det
DE,0,0%,646,61.82%,55,13.00%,JoneJa99,Jason Jones,det
DE,0,0%,663,63.44%,4,.95%,AnsaEz00,Ezekiel Ansah,det
DE,0,0%,491,46.99%,115,27.19%,JohnGe00,George Johnson,det
DE,0,0%,223,21.34%,52,12.29%,TaylDe00,Devin Taylor,det
DE,0,0%,283,27.08%,70,16.55%,TappDa20,Darryl Tapp,det
DT,0,0%,853,81.63%,58,13.71%,SuhxNd99,Ndamukong Suh,det
DT,0,0%,287,27.46%,9,2.13%,FairNi00,Nick Fairley,det
DT,0,0%,489,46.79%,88,20.80%,MoslC.20,C.J. Mosley,det
DT,0,0%,158,15.12%,31,7.33%,FlueAn99,Andre Fluellen,det
DT,0,0%,111,10.62%,8,1.89%,ReidCa00,Caraun Reid,det
LB,0,0%,1045,100.00%,55,13.00%,LevyDe99,DeAndre Levy,det
LB,0,0%,138,13.21%,6,1.42%,TullSt20,Stephen Tulloch,det
LB,0,0%,722,69.09%,178,42.08%,WhitTa00,Tahir Whitehead,det
LB,0,0%,183,17.51%,283,66.90%,PalmAs99,Ashlee Palmer,det
LB,0,0%,209,20.00%,234,55.32%,ByneJo00,Josh Bynes,det
LB,0,0%,51,4.88%,124,29.31%,VanNKy00,Kyle Van Noy,det
LB,0,0%,0,0%,36,8.51%,LewiTr00,Travis Lewis,det
LB,0,0%,9,.86%,265,62.65%,StanJu00,Julian Stanford,det
CB,0,0%,61,5.84%,25,5.91%,LawsNe00,Nevin Lawson,det
CB,0,0%,1023,97.89%,60,14.18%,MathRa99,Rashean Mathis,det
CB,0,0%,1012,96.84%,30,7.09%,SlayDa00,Darius Slay,det
CB,0,0%,18,1.72%,158,37.35%,SeisMo00,Mohammed Seisay,det
CB,0,0%,382,36.56%,100,23.64%,VaugCa00,Cassius Vaughn,det
CB,0,0%,0,0%,6,1.42%,ThomJo01,Josh Thomas,det
CB,0,0%,3,.29%,2,.47%,BentBi00,Bill Bentley,det
SS,0,0%,294,28.13%,285,67.38%,AbduIs00,Isa Abdul-Quddus,det
SS,0,0%,824,78.85%,0,0%,IhedJa00,James Ihedigbo,det
SS,0,0%,11,1.05%,93,21.99%,CoupJe00,Jerome Couplin,det
FS,0,0%,1038,99.33%,63,14.89%,QuinGl99,Glover Quin,det
FS,0,0%,101,9.67%,241,56.97%,CareDo00,Don Carey,det
DB,0,0%,166,15.89%,43,10.17%,GorrDa00,Danny Gorrer,det
S,0,0%,0,0%,10,2.36%,NessNa00,Nate Ness,det
LS,0,0%,0,0%,142,33.57%,MuhlDo20,Don Muhlbach,det
K,0,0%,0,0%,13,3.07%,FreeNa00,Nate Freese,det
K,0,0%,0,0%,10,2.36%,HeneAl00,Alex Henery,det
K,0,0%,0,0%,49,11.58%,PratMa20,Matt Prater,det
P,0,0%,0,0%,219,51.77%,MartSa01,Sam Martin,det
QB,983,93.62%,0,0%,0,0%,RodgAa00,Aaron Rodgers,gnb
QB,67,6.38%,0,0%,0,0%,FlynMa00,Matt Flynn,gnb
RB,687,65.43%,0,0%,0,0%,LacyEd00,Eddie Lacy,gnb
RB,260,24.76%,0,0%,20,4.45%,StarJa00,James Starks,gnb
RB,51,4.86%,0,0%,133,29.62%,HarrDu01,DuJuan Harris,gnb
FB,192,18.29%,0,0%,101,22.49%,KuhnJo00,John Kuhn,gnb
WR,959,91.33%,0,0%,4,.89%,NelsJo00,Jordy Nelson,gnb
WR,922,87.81%,0,0%,34,7.57%,CobbRa00,Randall Cobb,gnb
WR,225,21.43%,0,0%,160,35.63%,BoykJa00,Jarrett Boykin,gnb
WR,738,70.29%,0,0%,48,10.69%,AdamDa01,Davante Adams,gnb
WR,12,1.14%,0,0%,53,11.80%,DorsKe01,Kevin Dorsey,gnb
WR,15,1.43%,0,0%,15,3.34%,JaniJe00,Jeff Janis,gnb
TE,630,60.00%,0,0%,103,22.94%,QuarAn00,Andrew Quarless,gnb
TE,480,45.71%,0,0%,5,1.11%,RodgRi00,Richard Rodgers,gnb
TE,11,1.05%,0,0%,16,3.56%,PeriJu00,Justin Perillo,gnb
TE,10,.95%,0,0%,55,12.25%,TaylRy00,Ryan Taylor,gnb
TE,32,3.05%,0,0%,210,46.77%,BostBr00,Brandon Bostick,gnb
T,1006,95.81%,0,0%,91,20.27%,BakhDa00,David Bakhtiari,gnb
T,140,13.33%,0,0%,38,8.46%,SherDe00,Derek Sherrod,gnb
T,926,88.19%,0,0%,83,18.49%,BulaBr20,Bryan Bulaga,gnb
G,995,94.76%,0,0%,28,6.24%,SittJo20,Josh Sitton,gnb
G,947,90.19%,0,0%,45,10.02%,LangT.20,T.J. Lang,gnb
G,126,12.00%,0,0%,118,26.28%,TaylLa01,Lane Taylor,gnb
C,1050,100.00%,0,0%,24,5.35%,LinsCo00,Corey Linsley,gnb
C,58,5.52%,0,0%,52,11.58%,TretJC00,J.C. Tretter,gnb
C,25,2.38%,0,0%,19,4.23%,GerhGa00,Garth Gerhart,gnb
DE,2,.19%,684,62.52%,72,16.04%,DaniMi00,Mike Daniels,gnb
DE,0,0%,313,28.61%,68,15.14%,JoneDa03,Datone Jones,gnb
DE,0,0%,65,5.94%,4,.89%,RobiLu00,Luther Robinson,gnb
DE,0,0%,386,35.28%,163,36.30%,BoydJo00,Josh Boyd,gnb
NT,0,0%,544,49.73%,14,3.12%,GuioLe99,Letroy Guion,gnb
NT,0,0%,172,15.72%,81,18.04%,PennMi00,Mike Pennel,gnb
LB,0,0%,209,19.10%,248,55.23%,JoneBr99,Brad Jones,gnb
LB,0,0%,899,82.18%,67,14.92%,MattCl99,Clay Matthews,gnb
LB,1,.10%,809,73.95%,68,15.14%,PeppJu99,Julius Peppers,gnb
LB,0,0%,837,76.51%,34,7.57%,HawkA.20,A.J. Hawk,gnb
LB,0,0%,647,59.14%,68,15.14%,NealMi99,Mike Neal,gnb
LB,0,0%,281,25.69%,135,30.07%,LattJa00,Jamari Lattimore,gnb
LB,0,0%,357,32.63%,119,26.50%,BarrSa00,Sam Barrington,gnb
LB,0,0%,53,4.84%,209,46.55%,ElliJa02,Jayrone Elliott,gnb
LB,0,0%,358,32.72%,75,16.70%,PerrNi00,Nick Perry,gnb
LB,0,0%,0,0%,28,6.24%,MuluAn00,Andy Mulumba,gnb
CB,0,0%,820,74.95%,67,14.92%,ShieSa00,Sam Shields,gnb
CB,0,0%,1013,92.60%,4,.89%,WillTr99,Tramon Williams,gnb
CB,0,0%,426,38.94%,115,25.61%,HaywCa00,Casey Hayward,gnb
CB,0,0%,42,3.84%,318,70.82%,BushJa20,Jarrett Bush,gnb
CB,0,0%,405,37.02%,178,39.64%,HousDa00,Davon House,gnb
CB,0,0%,0,0%,75,16.70%,GoodDe00,Demetri Goodson,gnb
SS,0,0%,943,86.20%,114,25.39%,BurnMo99,Morgan Burnett,gnb
SS,0,0%,119,10.88%,321,71.49%,RichSe00,Sean Richardson,gnb
FS,0,0%,708,64.72%,192,42.76%,HydeMi00,Micah Hyde,gnb
FS,0,0%,942,86.11%,113,25.17%,ClinHa00,Ha Ha Clinton-Dix,gnb
FS,0,0%,0,0%,49,10.91%,BanjCh00,Chris Banjo,gnb
LS,0,0%,0,0%,144,32.07%,GoodBr99,Brett Goode,gnb
K,0,0%,0,0%,193,42.98%,CrosMa20,Mason Crosby,gnb
P,0,0%,0,0%,146,32.52%,MastTi99,Tim Masthay,gnb
QB,165,14.86%,0,0%,0,0%,KeenCa00,Case Keenum,htx
QB,728,65.59%,0,0%,0,0%,FitzRy00,Ryan Fitzpatrick,htx
QB,60,5.41%,0,0%,0,0%,SavaTo00,Tom Savage,htx
QB,157,14.14%,0,0%,0,0%,MallRy00,Ryan Mallett,htx
RB,622,56.04%,0,0%,0,0%,FostAr00,Arian Foster,htx
RB,335,30.18%,0,0%,206,44.49%,BlueAl00,Alfred Blue,htx
RB,164,14.77%,0,0%,241,52.05%,GrimJo01,Jonathan Grimes,htx
RB,9,.81%,0,0%,17,3.67%,BrowRo05,Ronnie Brown,htx
FB,169,15.23%,0,0%,109,23.54%,ProsJa00,Jay Prosch,htx
WR,66,5.95%,0,0%,4,.86%,PoseDe00,DeVier Posey,htx
WR,927,83.51%,0,0%,1,.22%,JohnAn02,Andre Johnson,htx
WR,1055,95.05%,1,.09%,3,.65%,HopkDe00,DeAndre Hopkins,htx
WR,576,51.89%,0,0%,36,7.78%,JohnDa04,Damaris Johnson,htx
WR,233,20.99%,0,0%,77,16.63%,MartKe01,Keshawn Martin,htx
TE,472,42.52%,0,0%,97,20.95%,FiedC.00,C.J. Fiedorowicz,htx
TE,552,49.73%,0,0%,25,5.40%,GrahGa00,Garrett Graham,htx
TE,335,30.18%,0,0%,146,31.53%,GrifRy00,Ryan Griffin,htx
TE,3,.27%,0,0%,56,12.10%,DenhAn00,Anthony Denham,htx
T,1100,99.10%,0,0%,76,16.41%,BrowDu20,Duane Brown,htx
T,1108,99.82%,0,0%,76,16.41%,NewtDe00,Derek Newton,htx
T,2,.18%,0,0%,10,2.16%,AdamJe00,Jeff Adams,htx
T,99,8.92%,0,0%,76,16.41%,ClabTy20,Tyson Clabo,htx
G,1049,94.50%,0,0%,49,10.58%,JoneBe01,Ben Jones,htx
G,985,88.74%,0,0%,61,13.17%,BrooBr00,Brandon Brooks,htx
G,128,11.53%,0,0%,64,13.82%,Sua-Xa00,Xavier Su'a-Filo,htx
C,1102,99.28%,0,0%,7,1.51%,MyerCh20,Chris Myers,htx
DE,9,.81%,1049,93.00%,74,15.98%,WattJ.00,J.J. Watt,htx
DE,0,0%,411,36.44%,70,15.12%,JamiTi99,Tim Jamison,htx
DE,0,0%,713,63.21%,100,21.60%,CricJa00,Jared Crick,htx
DE,0,0%,15,1.33%,10,2.16%,BrowKe01,Keith Browner,htx
DE,0,0%,189,16.76%,13,2.81%,PagaJe00,Jeoffrey Pagan,htx
DT,0,0%,287,25.44%,28,6.05%,PickRy20,Ryan Pickett,htx
NT,0,0%,271,24.02%,72,15.55%,PoweJe00,Jerrell Powe,htx
LB,0,0%,786,69.68%,81,17.49%,ReedBr00,Brooks Reed,htx
LB,0,0%,724,64.18%,29,6.26%,CushBr99,Brian Cushing,htx
LB,0,0%,510,45.21%,206,44.49%,MohaMi00,Mike Mohamed,htx
LB,0,0%,269,23.85%,256,55.29%,TuggJu00,Justin Tuggle,htx
LB,0,0%,233,20.66%,137,29.59%,SimoJo01,John Simon,htx
LB,0,0%,803,71.19%,138,29.81%,MercWh00,Whitney Mercilus,htx
LB,0,0%,143,12.68%,6,1.30%,ClowJa00,Jadeveon Clowney,htx
LB,0,0%,42,3.72%,278,60.04%,TarpJe00,Jeff Tarpinian,htx
LB,0,0%,18,1.60%,3,.65%,AnkrJa00,Jason Ankrah,htx
LB,0,0%,0,0%,17,3.67%,DileZa99,Zach Diles,htx
LB,0,0%,0,0%,17,3.67%,BullMa00,Max Bullough,htx
LB,0,0%,223,19.77%,260,56.16%,DentAk00,Akeem Dent,htx
LB,0,0%,22,1.95%,22,4.75%,SappRi99,Ricky Sapp,htx
CB,0,0%,773,68.53%,31,6.70%,JackKa99,Kareem Jackson,htx
CB,0,0%,859,76.15%,1,.22%,JoseJo20,Johnathan Joseph,htx
CB,0,0%,633,56.12%,90,19.44%,BouyA.00,A.J. Bouye,htx
CB,0,0%,223,19.77%,184,39.74%,HalxAn00,Andre Hal,htx
CB,0,0%,15,1.33%,142,30.67%,MackEl20,Elbert Mack,htx
CB,0,0%,202,17.91%,183,39.52%,RollJu00,Jumal Rolle,htx
CB,0,0%,259,22.96%,117,25.27%,MorrDa01,Darryl Morris,htx
SS,0,0%,1017,90.16%,28,6.05%,SweaDJ00,D.J. Swearinger,htx
SS,0,0%,60,5.32%,262,56.59%,PleaEd00,Eddie Pleasant,htx
SS,0,0%,0,0%,18,3.89%,AubrJo00,Josh Aubrey,htx
FS,0,0%,1076,95.39%,74,15.98%,LewiKe00,Kendrick Lewis,htx
FS,0,0%,579,51.33%,214,46.22%,MannDa21,Danieal Manning,htx
LS,0,0%,0,0%,163,35.21%,WeekJo00,Jon Weeks,htx
K,0,0%,0,0%,162,34.99%,BullRa00,Randy Bullock,htx
P,0,0%,0,0%,164,35.42%,LechSh20,Shane Lechler,htx
QB,1073,92.82%,0,0%,0,0%,LuckAn00,Andrew Luck,clt
QB,82,7.09%,0,0%,0,0%,HassMa00,Matt Hasselbeck,clt
RB,383,33.13%,0,0%,0,0%,BradAh00,Ahmad Bradshaw,clt
RB,483,41.78%,0,0%,0,0%,RichTr00,Trent Richardson,clt
RB,245,21.19%,0,0%,222,45.96%,HerrDa00,Dan Herron,clt
RB,45,3.89%,0,0%,115,23.81%,TiptZu01,Zurlon Tipton,clt
WR,860,74.39%,0,0%,0,0%,WaynRe00,Reggie Wayne,clt
WR,831,71.89%,0,0%,4,.83%,HiltT.00,T.Y. Hilton,clt
WR,577,49.91%,0,0%,0,0%,NickHa01,Hakeem Nicks,clt
WR,411,35.55%,0,0%,193,39.96%,MoncDo00,Donte Moncrief,clt
WR,42,3.63%,0,0%,161,33.33%,WhalGr00,Griff Whalen,clt
WR,4,.35%,0,0%,97,20.08%,CribJo01,Josh Cribbs,clt
TE,787,68.08%,2,.19%,0,0%,FleeCo00,Coby Fleener,clt
TE,620,53.63%,0,0%,44,9.11%,AlleDw00,Dwayne Allen,clt
TE,399,34.52%,0,0%,274,56.73%,DoylJa00,Jack Doyle,clt
TE,5,.43%,0,0%,4,.83%,SaunWe00,Weslye Saunders,clt
T,951,82.27%,0,0%,70,14.49%,CherGo20,Gosder Cherilus,clt
T,1156,100.00%,0,0%,14,2.90%,CastAn00,Anthony Castonzo,clt
T,96,8.30%,0,0%,12,2.48%,NixoXa00,Xavier Nixon,clt
T,16,1.38%,0,0%,25,5.18%,MereJa20,Jamon Meredith,clt
G,987,85.38%,0,0%,72,14.91%,MewhJa00,Jack Mewhort,clt
G,566,48.96%,0,0%,51,10.56%,ThorHu00,Hugh Thornton,clt
G,270,23.36%,0,0%,53,10.97%,ReitJo00,Joe Reitz,clt
G,527,45.59%,0,0%,36,7.45%,LouiLa20,Lance Louis,clt
C,424,36.68%,0,0%,61,12.63%,ShipA.20,A.Q. Shipley,clt
C,171,14.79%,0,0%,1,.21%,HolmKh00,Khaled Holmes,clt
C,693,59.95%,0,0%,31,6.42%,HarrJo03,Jonotthan Harrison,clt
DE,0,0%,745,70.88%,65,13.46%,ReddCo20,Cory Redding,clt
DE,0,0%,637,60.61%,72,14.91%,JeanRi99,Ricky Jean-Francois,clt
DT,0,0%,362,34.44%,22,4.55%,JoneAr22,Arthur Jones,clt
DT,0,0%,287,27.31%,95,19.67%,KerrZa00,Zach Kerr,clt
DT,0,0%,22,2.09%,3,.62%,QuarKe01,Kelcy Quarles,clt
NT,0,0%,378,35.97%,58,12.01%,ChapJo00,Josh Chapman,clt
NT,0,0%,196,18.65%,55,11.39%,HughMo00,Montori Hughes,clt
LB,0,0%,990,94.20%,64,13.25%,JackDQ20,D'Qwell Jackson,clt
LB,0,0%,746,70.98%,72,14.91%,WernBj00,Bjoern Werner,clt
LB,0,0%,657,62.51%,0,0%,WaldEr99,Erik Walden,clt
LB,0,0%,766,72.88%,0,0%,FreeJe00,Jerrell Freeman,clt
LB,0,0%,260,24.74%,303,62.73%,McNaJo00,Josh McNary,clt
LB,0,0%,186,17.70%,291,60.25%,StudAn99,Andy Studebaker,clt
LB,5,.43%,0,0%,72,14.91%,HarvMa00,Mario Harvey,clt
LB,0,0%,20,1.90%,29,6.00%,ButlVi99,Victor Butler,clt
LB,0,0%,2,.19%,20,4.14%,CartCh00,Chris Carter,clt
LB,0,0%,392,37.30%,75,15.53%,NewsJo00,Jonathan Newsome,clt
LB,7,.61%,51,4.85%,287,59.42%,JackAn02,Andrew Jackson,clt
LB,0,0%,96,9.13%,1,.21%,PhilSh20,Shaun Phillips,clt
LB,0,0%,20,1.90%,237,49.07%,MuamHe00,Henoc Muamba,clt
LB,0,0%,5,.48%,2,.41%,JohnCa01,Cam Johnson,clt
CB,0,0%,967,92.01%,33,6.83%,ToleGr99,Greg Toler,clt
CB,0,0%,826,78.59%,1,.21%,DaviVo99,Vontae Davis,clt
CB,0,0%,615,58.52%,8,1.66%,ButlDa99,Darius Butler,clt
CB,0,0%,278,26.45%,285,59.01%,GordJo01,Josh Gordy,clt
CB,0,0%,48,4.57%,213,44.10%,PuriLo01,Loucheiz Purifoy,clt
CB,0,0%,6,.57%,59,12.22%,BrowJa00,Jalil Brown,clt
SS,0,0%,1016,96.67%,29,6.00%,AdamMi21,Mike Adams,clt
SS,0,0%,38,3.62%,376,77.85%,AndeCo01,Colt Anderson,clt
FS,0,0%,408,38.82%,39,8.07%,LandLa99,LaRon Landry,clt
FS,0,0%,531,50.52%,123,25.47%,BrowSe00,Sergio Brown,clt
DB,0,0%,8,.76%,296,61.28%,McDoDe01,Dewey McDonald,clt
LS,0,0%,0,0%,152,31.47%,OverMa00,Matt Overton,clt
K,0,0%,0,0%,82,16.98%,vinatada01,Adam Vinatieri,clt
P,0,0%,0,0%,250,51.76%,McAfPa44,Pat McAfee,clt
QB,141,13.60%,0,0%,0,0%,HennCh01,Chad Henne,jax
QB,896,86.40%,0,0%,0,0%,BortBl00,Blake Bortles,jax
RB,303,29.22%,0,0%,47,10.06%,GerhTo00,Toby Gerhart,jax
RB,307,29.60%,0,0%,276,59.10%,TodmJo00,Jordan Todman,jax
RB,391,37.70%,0,0%,78,16.70%,RobiDe00,Denard Robinson,jax
RB,63,6.08%,0,0%,1,.21%,JohnSt03,Storm Johnson,jax
FB,229,22.08%,0,0%,223,47.75%,TaufWi00,Will Ta'ufo'ou,jax
WR,788,75.99%,0,0%,2,.43%,HurnAl01,Allen Hurns,jax
WR,492,47.44%,0,0%,1,.21%,LeexMa00,Marqise Lee,jax
WR,743,71.65%,0,0%,0,0%,ShorCe00,Cecil Shorts,jax
WR,101,9.74%,0,0%,25,5.35%,BrowMi00,Mike Brown,jax
WR,516,49.76%,0,0%,3,.64%,RobiAl02,Allen Robinson,jax
WR,59,5.69%,0,0%,63,13.49%,SandAc00,Ace Sanders,jax
WR,6,.58%,0,0%,0,0%,StreTo00,Tommy Streeter,jax
TE,432,41.66%,0,0%,0,0%,LewiMa00,Marcedes Lewis,jax
TE,483,46.58%,0,0%,130,27.84%,HarbCl00,Clay Harbor,jax
TE,96,9.26%,0,0%,2,.43%,ShulMi01,Mickey Shuler,jax
TE,24,2.31%,0,0%,0,0%,JensMa01,Marcel Jensen,jax
TE,146,14.08%,0,0%,46,9.85%,JacoNi00,Nic Jacobs,jax
T,108,10.41%,0,0%,7,1.50%,BradCa00,Cameron Bradfield,jax
T,982,94.70%,0,0%,47,10.06%,JoecLu00,Luke Joeckel,jax
T,492,47.44%,0,0%,22,4.71%,PaszAu00,Austin Pasztor,jax
T,396,38.19%,0,0%,30,6.42%,YounSa21,Sam Young,jax
T,102,9.84%,0,0%,28,6.00%,WellJo02,Josh Wells,jax
G,1037,100.00%,0,0%,51,10.92%,BeadZa20,Zane Beadles,jax
G,901,86.89%,0,0%,45,9.64%,LindBr00,Brandon Linder,jax
G,44,4.24%,0,0%,0,0%,ShatTy00,Tyler Shatley,jax
C,207,19.96%,0,0%,29,6.21%,McClJa20,Jacques McClendon,jax
C,922,88.91%,0,0%,22,4.71%,BowaLu00,Luke Bowanko,jax
DE,0,0%,790,70.35%,82,17.56%,ClemCh23,Chris Clemons,jax
DE,0,0%,330,29.39%,4,.86%,BranAn00,Andre Branch,jax
DE,0,0%,303,26.98%,309,66.17%,DaviRy00,Ryan Davis,jax
DE,0,0%,522,46.48%,83,17.77%,BryaRe99,Red Bryant,jax
DE,0,0%,464,41.32%,241,51.61%,AluaTy99,Tyson Alualu,jax
DE,0,0%,89,7.93%,60,12.85%,SmitCh03,Chris Smith,jax
DT,0,0%,718,63.94%,65,13.92%,MarkSe99,Sen'Derrick Marks,jax
DT,0,0%,480,42.74%,8,1.71%,MillRo99,Roy Miller,jax
DT,0,0%,376,33.48%,127,27.19%,JoneAb00,Abry Jones,jax
DT,0,0%,419,37.31%,89,19.06%,HoodEv99,Evander Hood,jax
LB,0,0%,488,43.46%,39,8.35%,PoluPa99,Paul Posluszny,jax
LB,0,0%,573,51.02%,4,.86%,HayeGe98,Geno Hayes,jax
LB,0,0%,116,10.33%,352,75.37%,ReynLa00,LaRoy Reynolds,jax
LB,0,0%,708,63.05%,171,36.62%,SmitTe01,Telvin Smith,jax
LB,0,0%,100,8.90%,202,43.25%,WatsDe99,Dekoda Watson,jax
LB,0,0%,713,63.49%,200,42.83%,ThomJ.02,J.T. Thomas,jax
LB,0,0%,10,.89%,76,16.27%,GeorJe01,Jeremiah George,jax
LB,0,0%,0,0%,54,11.56%,FortKh00,Khairi Fortt,jax
LB,0,0%,0,0%,20,4.28%,EddsA.99,A.J. Edds,jax
CB,0,0%,855,76.14%,95,20.34%,GratDw00,Dwayne Gratz,jax
CB,0,0%,499,44.43%,26,5.57%,BallAl99,Alan Ball,jax
CB,0,0%,355,31.61%,42,8.99%,BlacWi20,Will Blackmon,jax
CB,0,0%,277,24.67%,54,11.56%,ColvAa00,Aaron Colvin,jax
CB,0,0%,815,72.57%,223,47.75%,McCrDe00,Demetrius McCray,jax
CB,0,0%,1,.09%,132,28.27%,CampTo00,Tommie Campbell,jax
CB,0,0%,0,0%,20,4.28%,WillTe00,Teddy Williams,jax
CB,0,0%,10,.89%,71,15.20%,HarrJe02,Jeremy Harris,jax
CB,0,0%,0,0%,17,3.64%,ThomPe00,Peyton Thompson,jax
SS,0,0%,971,86.46%,91,19.49%,EvanJo00,Josh Evans,jax
SS,0,0%,985,87.71%,96,20.56%,CyprJo00,Johnathan Cyprien,jax
SS,0,0%,0,0%,221,47.32%,LostCr00,Craig Loston,jax
FS,0,0%,234,20.84%,23,4.93%,GuyxWi00,Winston Guy,jax
FS,0,0%,16,1.42%,88,18.84%,ProsCh00,Chris Prosinski,jax
FS,0,0%,135,12.02%,159,34.05%,MartSh99,Sherrod Martin,jax
LS,0,0%,0,0%,148,31.69%,TinkCa00,Carson Tinker,jax
K,0,0%,0,0%,114,24.41%,scobejos01,Josh Scobee,jax
P,0,0%,0,0%,150,32.12%,AngeBr00,Bryan Anger,jax
QB,940,93.35%,0,0%,0,0%,SmitAl03,Alex Smith,kan
QB,67,6.65%,0,0%,0,0%,DaniCh00,Chase Daniel,kan
RB,649,64.45%,0,0%,0,0%,CharJa00,Jamaal Charles,kan
RB,28,2.78%,0,0%,164,37.44%,GrayCy00,Cyrus Gray,kan
RB,306,30.39%,0,0%,49,11.19%,DaviKn00,Knile Davis,kan
RB,188,18.67%,0,0%,72,16.44%,ThomDe05,De'Anthony Thomas,kan
RB,4,.40%,0,0%,60,13.70%,WestCh01,Charcandrick West,kan
RB,15,1.49%,0,0%,13,2.97%,McKnJo00,Joe McKnight,kan
FB,249,24.73%,0,0%,233,53.20%,SherAn00,Anthony Sherman,kan
WR,790,78.45%,0,0%,2,.46%,BoweDw00,Dwayne Bowe,kan
WR,246,24.43%,0,0%,45,10.27%,HammFr00,Frankie Hammond,kan
WR,232,23.04%,0,0%,0,0%,AverDo00,Donnie Avery,kan
WR,255,25.32%,0,0%,225,51.37%,HemiJu00,Junior Hemingway,kan
WR,145,14.40%,0,0%,5,1.14%,AvanJa00,Jason Avant,kan
WR,247,24.53%,0,0%,16,3.65%,JenkA.00,A.J. Jenkins,kan
WR,216,21.45%,0,0%,98,22.37%,WilsAl02,Albert Wilson,kan
TE,671,66.63%,0,0%,0,0%,FasaAn00,Anthony Fasano,kan
TE,668,66.34%,0,0%,69,15.75%,KelcTr00,Travis Kelce,kan
TE,60,5.96%,0,0%,69,15.75%,HarrDe03,Demetrius Harris,kan
TE,17,1.69%,0,0%,0,0%,SupePh00,Phillip Supernaw,kan
TE,17,1.69%,0,0%,10,2.28%,GordRi00,Richard Gordon,kan
T,1006,99.90%,0,0%,69,15.75%,FishEr00,Eric Fisher,kan
T,958,95.13%,0,0%,21,4.79%,HarrRy20,Ryan Harris,kan
T,30,2.98%,0,0%,48,10.96%,StepDo00,Donald Stephenson,kan
G,997,99.01%,0,0%,68,15.53%,FultZa00,Zach Fulton,kan
G,807,80.14%,0,0%,1,.23%,McGlMi20,Mike McGlynn,kan
G,39,3.87%,0,0%,2,.46%,AlleJe01,Jeff Allen,kan
G,219,21.75%,0,0%,69,15.75%,LinkJe20,Jeff Linkenbach,kan
C,1007,100.00%,0,0%,69,15.75%,HudsRo00,Rodney Hudson,kan
DE,0,0%,750,70.62%,112,25.57%,BailAl00,Allen Bailey,kan
DE,0,0%,437,41.15%,8,1.83%,HowaJa00,Jaye Howard,kan
DE,0,0%,26,2.45%,2,.46%,DeViMi99,Mike DeVito,kan
DE,0,0%,1,.09%,8,1.83%,WillNi01,Nick Williams,kan
DE,0,0%,229,21.56%,5,1.14%,WalkVa99,Vance Walker,kan
DT,0,0%,168,15.82%,119,27.17%,VickKe99,Kevin Vickerson,kan
NT,4,.40%,946,89.08%,59,13.47%,PoexDo00,Dontari Poe,kan
LB,0,0%,1033,97.27%,1,.23%,HousJu00,Justin Houston,kan
LB,0,0%,975,91.81%,1,.23%,HaliTa20,Tamba Hali,kan
LB,0,0%,437,41.15%,263,60.05%,JohnJa04,James-Michael Johnson,kan
LB,0,0%,1005,94.63%,81,18.49%,MaugJo00,Josh Mauga,kan
LB,0,0%,37,3.48%,366,83.56%,ZombFr00,Frank Zombo,kan
LB,0,0%,30,2.82%,1,.23%,JohnDe25,Derrick Johnson,kan
LB,0,0%,52,4.90%,325,74.20%,MartJo02,Josh Martin,kan
LB,0,0%,116,10.92%,86,19.63%,MaysJo99,Joe Mays,kan
LB,0,0%,0,0%,110,25.11%,FranJe00,Jerry Franklin,kan
LB,0,0%,122,11.49%,88,20.09%,FordDe00,Dee Ford,kan
CB,0,0%,1014,95.48%,66,15.07%,ParkRo01,Ron Parker,kan
CB,0,0%,1037,97.65%,1,.23%,SmitSe99,Sean Smith,kan
CB,0,0%,491,46.23%,151,34.47%,OwenCh99,Chris Owens,kan
CB,0,0%,287,27.02%,164,37.44%,CoopMa00,Marcus Cooper,kan
CB,0,0%,370,34.84%,153,34.93%,GainPh00,Phillip Gaines,kan
CB,0,0%,252,23.73%,25,5.71%,FlemJa00,Jamell Fleming,kan
SS,0,0%,361,33.99%,0,0%,BerrEr99,Eric Berry,kan
SS,0,0%,31,2.92%,141,32.19%,SoreDa01,Daniel Sorensen,kan
FS,0,0%,1025,96.52%,134,30.59%,AbduHu99,Husain Abdullah,kan
FS,0,0%,57,5.37%,303,69.18%,McCrKe00,Kelcie McCray,kan
FS,0,0%,392,36.91%,132,30.14%,ColeKu99,Kurt Coleman,kan
LS,0,0%,0,0%,142,32.42%,GaffTh20,Thomas Gafford,kan
K,0,0%,0,0%,149,34.02%,SantCa01,Cairo Santos,kan
P,0,0%,0,0%,143,32.65%,ColqDu20,Dustin Colquitt,kan
QB,989,95.83%,0,0%,0,0%,CarrDe02,Derek Carr,rai
QB,24,2.33%,0,0%,0,0%,McGlMa01,Matt McGloin,rai
QB,19,1.84%,0,0%,37,7.44%,SchaMa00,Matt Schaub,rai
RB,205,19.86%,0,0%,0,0%,DrewMa00,Maurice Jones-Drew,rai
RB,514,49.81%,0,0%,4,.80%,McFaDa00,Darren McFadden,rai
RB,0,0%,0,0%,103,20.72%,AtkiGe01,George Atkinson,rai
RB,277,26.84%,0,0%,136,27.36%,MurrLa00,Latavius Murray,rai
FB,112,10.85%,0,0%,338,68.01%,OlawJa00,Jamize Olawale,rai
FB,386,37.40%,0,0%,91,18.31%,ReecMa00,Marcel Reece,rai
WR,86,8.33%,0,0%,0,0%,StreRo00,Rod Streater,rai
WR,230,22.29%,0,0%,24,4.83%,MoorDe02,Denarius Moore,rai
WR,720,69.77%,0,0%,1,.20%,JoneJa04,James Jones,rai
WR,718,69.57%,0,0%,106,21.33%,HolmAn00,Andre Holmes,rai
WR,271,26.26%,0,0%,122,24.55%,ButlBr00,Brice Butler,rai
WR,130,12.60%,0,0%,9,1.81%,BrowVi00,Vincent Brown,rai
WR,311,30.14%,0,0%,43,8.65%,ThomKe02,Kenbrell Thompkins,rai
TE,820,79.46%,0,0%,165,33.20%,RiveMy00,Mychal Rivera,rai
TE,223,21.61%,0,0%,194,39.03%,LeonBr01,Brian Leonhardt,rai
TE,21,2.03%,0,0%,71,14.29%,SimoSc00,Scott Simonson,rai
TE,36,3.49%,0,0%,81,16.30%,AusbDa00,David Ausberry,rai
T,1020,98.84%,0,0%,50,10.06%,PennDo20,Donald Penn,rai
T,112,10.85%,0,0%,29,5.84%,McCaMa00,Matt McCants,rai
T,486,47.09%,0,0%,34,6.84%,WatsMe00,Menelik Watson,rai
G,1032,100.00%,0,0%,51,10.26%,HowaAu20,Austin Howard,rai
G,812,78.68%,0,0%,41,8.25%,JackGa00,Gabe Jackson,rai
G,766,74.22%,0,0%,41,8.25%,BarnKh20,Khalif Barnes,rai
C,1013,98.16%,0,0%,32,6.44%,WisnSt01,Stefen Wisniewski,rai
C,19,1.84%,0,0%,26,5.23%,BootKe20,Kevin Boothe,rai
DE,0,0%,640,57.45%,80,16.10%,TuckJu20,Justin Tuck,rai
DE,0,0%,285,25.58%,15,3.02%,WoodLa99,LaMarr Woodley,rai
DE,0,0%,130,11.67%,152,30.58%,AutrDe00,Denico Autry,rai
DE,0,0%,8,.72%,4,.80%,HarrSh00,Shelby Harris,rai
DE,0,0%,362,32.50%,75,15.09%,WilsC.98,C.J. Wilson,rai
DE,0,0%,352,31.60%,151,30.38%,MayoBe00,Benson Mayowa,rai
DT,0,0%,756,67.86%,96,19.32%,SmitAn22,Antonio Smith,rai
DT,0,0%,622,55.83%,13,2.62%,ElliJu01,Justin Ellis,rai
DT,0,0%,84,7.54%,53,10.66%,LumpRi00,Ricky Lumpkin,rai
DT,0,0%,118,10.59%,47,9.46%,McGeSt01,Stacy McGee,rai
NT,0,0%,419,37.61%,10,2.01%,SimsPa99,Pat Sims,rai
LB,0,0%,1060,95.15%,122,24.55%,BurrMi00,Miles Burris,rai
LB,0,0%,697,62.57%,63,12.68%,MoorSi00,Sio Moore,rai
LB,0,0%,992,89.05%,101,20.32%,MackKh00,Khalil Mack,rai
LB,0,0%,237,21.27%,215,43.26%,ArmsRa01,Ray-Ray Armstrong,rai
LB,0,0%,0,0%,49,9.86%,HadlSp01,Spencer Hadley,rai
LB,0,0%,99,8.89%,50,10.06%,MaiaKa99,Kaluka Maiava,rai
LB,0,0%,65,5.83%,144,28.97%,FiliBo00,Bojay Filimoeatu,rai
LB,0,0%,13,1.17%,177,35.61%,ChanJa98,Jamar Chaney,rai
CB,0,0%,459,41.20%,47,9.46%,RogeCa20,Carlos Rogers,rai
CB,0,0%,959,86.09%,108,21.73%,BrowTa99,Tarell Brown,rai
CB,0,0%,542,48.65%,130,26.16%,CarrTr00,T.J. Carrie,rai
CB,0,0%,86,7.72%,183,36.82%,ChekCh00,Chimdi Chekwa,rai
CB,0,0%,61,5.48%,39,7.85%,CaseCh00,Chance Casey,rai
CB,0,0%,143,12.84%,205,41.25%,McGiKe00,Keith McGill,rai
CB,0,0%,581,52.15%,83,16.70%,HaydDJ00,D.J. Hayden,rai
CB,0,0%,57,5.12%,299,60.16%,ThorNe00,Neiko Thorpe,rai
CB,0,0%,36,3.23%,29,5.84%,DowlRa00,Ras-I Dowling,rai
CB,0,0%,0,0%,8,1.61%,JoneTa00,Taiwan Jones,rai
SS,0,0%,190,17.06%,13,2.62%,BranTy99,Tyvon Branch,rai
SS,0,0%,216,19.39%,80,16.10%,YounUs99,Usama Young,rai
SS,0,0%,706,63.38%,126,25.35%,RossBr00,Brandian Ross,rai
FS,0,0%,1100,98.74%,105,21.13%,WoodCh00,Charles Woodson,rai
FS,0,0%,161,14.45%,103,20.72%,AsanLa99,Larry Asante,rai
FS,0,0%,13,1.17%,63,12.68%,DowlJo00,Jonathan Dowling,rai
LS,0,0%,0,0%,160,32.19%,CondJo20,Jon Condo,rai
K,0,0%,0,0%,113,22.74%,janikseb01,Sebastian Janikowski,rai
P,0,0%,0,0%,123,24.75%,KingMa00,Marquette King,rai
QB,1052,98.59%,0,0%,0,0%,RivePh00,Philip Rivers,sdg
QB,15,1.41%,0,0%,0,0%,ClemKe00,Kellen Clemens,sdg
RB,68,6.37%,0,0%,10,2.24%,WoodDa02,Danny Woodhead,sdg
RB,358,33.55%,0,0%,121,27.07%,BrowDo00,Donald Brown,sdg
RB,165,15.46%,0,0%,0,0%,MathRy00,Ryan Mathews,sdg
RB,89,8.34%,0,0%,33,7.38%,BrowRo05,Ronnie Brown,sdg
RB,372,34.86%,0,0%,16,3.58%,OlivBr01,Branden Oliver,sdg
RB,11,1.03%,0,0%,16,3.58%,DrauSh00,Shaun Draughn,sdg
WR,836,78.35%,0,0%,41,9.17%,AlleKe00,Keenan Allen,sdg
WR,942,88.28%,0,0%,4,.89%,FloyMa00,Malcom Floyd,sdg
WR,760,71.23%,0,0%,35,7.83%,RoyaEd00,Eddie Royal,sdg
WR,169,15.84%,0,0%,277,61.97%,AjirSe00,Seyi Ajirotutu,sdg
WR,121,11.34%,0,0%,36,8.05%,InmaDo00,Dontrelle Inman,sdg
TE,769,72.07%,0,0%,0,0%,GateAn00,Antonio Gates,sdg
TE,290,27.18%,0,0%,252,56.38%,GreeLa00,Ladarius Green,sdg
TE,177,16.59%,0,0%,41,9.17%,JohnDa05,David Johnson,sdg
TE,196,18.37%,0,0%,243,54.36%,PhilJo00,John Phillips,sdg
T,1058,99.16%,0,0%,68,15.21%,DunlKi20,King Dunlap,sdg
T,1020,95.60%,0,0%,47,10.51%,FlukDJ00,D.J. Fluker,sdg
T,112,10.50%,0,0%,8,1.79%,SirlJe00,Jeremiah Sirles,sdg
T,68,6.37%,0,0%,48,10.74%,SmitWi00,Willie Smith,sdg
T,0,0%,0,0%,1,.22%,WiggKe00,Kenny Wiggins,sdg
G,1067,100.00%,0,0%,68,15.21%,RineCh20,Chad Rinehart,sdg
G,773,72.45%,0,0%,57,12.75%,TrouJo00,Johnnie Troutman,sdg
G,447,41.89%,0,0%,10,2.24%,OhrnRi20,Rich Ohrnberger,sdg
G,485,45.45%,0,0%,45,10.07%,WattCh00,Chris Watt,sdg
C,133,12.46%,0,0%,1,.22%,LeguDo00,Doug Legursky,sdg
C,169,15.84%,0,0%,0,0%,RobiTr01,Trevor Robinson,sdg
C,15,1.41%,0,0%,0,0%,HardNi55,Nick Hardwick,sdg
DE,0,0%,643,61.41%,140,31.32%,ReyeKe00,Kendall Reyes,sdg
DE,0,0%,296,28.27%,74,16.55%,MathRi99,Ricardo Mathews,sdg
DE,0,0%,48,4.58%,12,2.68%,GuyxLa00,Lawrence Guy,sdg
DT,0,0%,774,73.93%,26,5.82%,LiugCo00,Corey Liuget,sdg
DT,0,0%,278,26.55%,82,18.34%,PaleTe00,Tenny Palepoi,sdg
NT,0,0%,332,31.71%,38,8.50%,LissSe99,Sean Lissemore,sdg
NT,0,0%,72,6.88%,4,.89%,CarrRy00,Ryan Carrethers,sdg
LB,0,0%,704,67.24%,93,20.81%,ButlDo99,Donald Butler,sdg
LB,0,0%,457,43.65%,51,11.41%,TeoxMa00,Manti Te'o,sdg
LB,0,0%,497,47.47%,9,2.01%,IngrMe00,Melvin Ingram,sdg
LB,0,0%,572,54.63%,0,0%,FreeDw00,Dwight Freeney,sdg
LB,0,0%,74,7.07%,9,2.01%,LawxCo00,Cordarro Law,sdg
LB,0,0%,547,52.24%,69,15.44%,JohnJa23,Jarret Johnson,sdg
LB,0,0%,177,16.91%,77,17.23%,AttaJe00,Jeremiah Attaochu,sdg
LB,0,0%,143,13.66%,179,40.04%,WalkRe00,Reggie Walker,sdg
LB,0,0%,347,33.14%,317,70.92%,ConnKa99,Kavell Conner,sdg
LB,0,0%,384,36.68%,217,48.55%,GachAn00,Andrew Gachkar,sdg
LB,0,0%,131,12.51%,325,72.71%,WillTo00,Tourek Williams,sdg
LB,0,0%,0,0%,18,4.03%,ReddKe00,Kevin Reddick,sdg
CB,0,0%,830,79.27%,136,30.43%,WrigSh00,Shareece Wright,sdg
CB,0,0%,818,78.13%,65,14.54%,FlowBr99,Brandon Flowers,sdg
CB,0,0%,219,20.92%,26,5.82%,VerrJa00,Jason Verrett,sdg
CB,0,0%,279,26.65%,65,14.54%,MarsRi20,Richard Marshall,sdg
CB,0,0%,110,10.51%,149,33.33%,DaviCh05,Chris Davis,sdg
CB,0,0%,129,12.32%,57,12.75%,WillSt02,Steve Williams,sdg
SS,0,0%,987,94.27%,37,8.28%,GilcMa00,Marcus Gilchrist,sdg
SS,0,0%,176,16.81%,362,80.98%,StucDa20,Darrell Stuckey,sdg
SS,0,0%,427,40.78%,131,29.31%,AddaJa00,Jahleel Addae,sdg
FS,0,0%,1020,97.42%,227,50.78%,WeddEr99,Eric Weddle,sdg
S,0,0%,46,4.39%,8,1.79%,PhilAd00,Adrian Phillips,sdg
LS,0,0%,0,0%,144,32.21%,WindMi00,Mike Windt,sdg
K,0,0%,0,0%,153,34.23%,novaknic01,Nick Novak,sdg
P,0,0%,0,0%,113,25.28%,ScifMi20,Mike Scifres,sdg
P,0,0%,0,0%,25,5.59%,McBrMa20,Mat McBriar,sdg
QB,551,55.04%,0,0%,0,0%,DaviAu00,Austin Davis,ram
QB,450,44.96%,0,0%,0,0%,HillSh00,Shaun Hill,ram
RB,399,39.86%,0,0%,215,47.46%,CunnBe01,Benny Cunningham,ram
RB,200,19.98%,0,0%,6,1.32%,StacZa00,Zac Stacy,ram
RB,0,0%,0,0%,284,62.69%,ReynCh00,Chase Reynolds,ram
RB,14,1.40%,0,0%,232,51.21%,WattTr00,Trey Watts,ram
RB,367,36.66%,0,0%,3,.66%,MasoTr00,Tre Mason,ram
WR,343,34.27%,0,0%,2,.44%,QuicBr00,Brian Quick,ram
WR,783,78.22%,0,0%,3,.66%,BritKe00,Kenny Britt,ram
WR,535,53.45%,0,0%,83,18.32%,AustTa00,Tavon Austin,ram
WR,197,19.68%,0,0%,24,5.30%,GiveCh00,Chris Givens,ram
WR,403,40.26%,0,0%,143,31.57%,BailSt01,Stedman Bailey,ram
WR,138,13.79%,0,0%,5,1.10%,PettAu00,Austin Pettis,ram
WR,0,0%,0,0%,15,3.31%,WillDa04,Damian Williams,ram
TE,592,59.14%,0,0%,56,12.36%,KendLa00,Lance Kendricks,ram
TE,331,33.07%,0,0%,205,45.25%,HarkCo00,Cory Harkey,ram
TE,684,68.33%,0,0%,2,.44%,CookJa02,Jared Cook,ram
TE,5,.50%,0,0%,79,17.44%,BayeAl00,Alex Bayer,ram
T,995,99.40%,0,0%,66,14.57%,BarkJo00,Joe Barksdale,ram
T,434,43.36%,0,0%,2,.44%,LongJa20,Jake Long,ram
T,917,91.61%,0,0%,42,9.27%,SaffRo20,Rodger Saffold,ram
G,875,87.41%,0,0%,66,14.57%,JoseDa20,Davin Joseph,ram
G,723,72.23%,0,0%,65,14.35%,RobiGr01,Greg Robinson,ram
G,66,6.59%,0,0%,141,31.13%,PersMi00,Michael Person,ram
C,978,97.70%,0,0%,3,.66%,WellSc20,Scott Wells,ram
C,8,.80%,0,0%,119,26.27%,BarnTi01,Tim Barnes,ram
C,23,2.30%,0,0%,33,7.28%,JoneBa00,Barrett Jones,ram
DE,0,0%,788,75.12%,82,18.10%,QuinRo00,Robert Quinn,ram
DE,0,0%,488,46.52%,126,27.81%,SimsEu99,Eugene Sims,ram
DE,0,0%,537,51.19%,74,16.34%,HayeWi99,William Hayes,ram
DE,0,0%,232,22.12%,0,0%,LongCh99,Chris Long,ram
DE,0,0%,114,10.87%,0,0%,WestEt00,Ethan Westbrooks,ram
DT,0,0%,707,67.40%,81,17.88%,DonaAa00,Aaron Donald,ram
DT,0,0%,622,59.29%,38,8.39%,BrocMi00,Michael Brockers,ram
DT,0,0%,481,45.85%,5,1.10%,LangKe98,Kendall Langford,ram
DT,0,0%,147,14.01%,45,9.93%,CarrAl99,Alex Carrington,ram
LB,0,0%,1045,99.62%,32,7.06%,OgleAl00,Alec Ogletree,ram
LB,0,0%,1042,99.33%,0,0%,LaurJa99,James Laurinaitis,ram
LB,0,0%,422,40.23%,6,1.32%,DunbJo20,Jo-Lonn Dunbar,ram
LB,0,0%,1,.10%,95,20.97%,ArmsRa01,Ray-Ray Armstrong,ram
LB,0,0%,0,0%,136,30.02%,ToomKo00,Korey Toomer,ram
LB,0,0%,11,1.05%,335,73.95%,BateDa00,Daren Bates,ram
LB,0,0%,0,0%,292,64.46%,HerrWi99,Will Herring,ram
LB,0,0%,0,0%,95,20.97%,McFaMa00,Marshall McFadden,ram
CB,0,0%,838,79.89%,97,21.41%,JenkJa03,Jackrabbit Jenkins,ram
CB,0,0%,937,89.32%,102,22.52%,GainE.00,E.J. Gaines,ram
CB,0,0%,433,41.28%,56,12.36%,JohnTr05,Trumaine Johnson,ram
CB,0,0%,26,2.48%,25,5.52%,McGeBr00,Brandon McGee,ram
CB,0,0%,130,12.39%,86,18.98%,RobeMa00,Marcus Roberson,ram
CB,0,0%,0,0%,6,1.32%,ThomJe03,Jemea Thomas,ram
SS,0,0%,1049,100.00%,143,31.57%,McDoTJ00,T.J. McDonald,ram
SS,0,0%,0,0%,147,32.45%,AlexMa00,Maurice Alexander,ram
SS,0,0%,171,16.30%,50,11.04%,BarrMa00,Mark Barron,ram
FS,0,0%,1025,97.71%,113,24.94%,McLeRo00,Rodney McLeod,ram
FS,0,0%,277,26.41%,93,20.53%,JoynLa00,Lamarcus Joyner,ram
FS,0,0%,16,1.53%,285,62.91%,DaviCo02,Cody Davis,ram
LS,0,0%,0,0%,149,32.89%,McQuJa00,Jake McQuaide,ram
K,0,0%,0,0%,139,30.68%,ZuerGr00,Greg Zuerlein,ram
P,0,0%,0,0%,151,33.33%,HekkJo00,Johnny Hekker,ram
QB,1055,99.72%,0,0%,0,0%,WilsRu00,Russell Wilson,sea
QB,3,.28%,0,0%,0,0%,JackTa00,Tarvaris Jackson,sea
RB,705,66.64%,0,0%,0,0%,LyncMa00,Marshawn Lynch,sea
RB,260,24.57%,0,0%,32,7.41%,TurbRo00,Robert Turbin,sea
RB,73,6.90%,0,0%,0,0%,MichCh00,Christine Michael,sea
FB,49,4.63%,0,0%,106,24.54%,ColeDe00,Derrick Coleman,sea
FB,140,13.23%,17,1.74%,39,9.03%,TukuWi00,Will Tukuafu,sea
WR,880,83.18%,0,0%,96,22.22%,BaldDo00,Doug Baldwin,sea
WR,791,74.76%,0,0%,109,25.23%,KearJe01,Jermaine Kearse,sea
WR,182,17.20%,0,0%,28,6.48%,HarvPe00,Percy Harvin,sea
WR,168,15.88%,0,0%,139,32.18%,LockRi00,Ricardo Lockette,sea
WR,19,1.80%,0,0%,32,7.41%,MattCh00,Chris Matthews,sea
WR,107,10.11%,0,0%,89,20.60%,WaltBr00,Bryan Walters,sea
WR,169,15.97%,0,0%,32,7.41%,NorwKe00,Kevin Norwood,sea
WR,498,47.07%,0,0%,29,6.71%,RichPa01,Paul Richardson,sea
WR,3,.28%,0,0%,3,.69%,BatePh00,Phil Bates,sea
TE,157,14.84%,0,0%,14,3.24%,MillZa01,Zach Miller,sea
TE,556,52.55%,0,0%,157,36.34%,WillLu00,Luke Willson,sea
TE,199,18.81%,0,0%,0,0%,MoeaTo00,Tony Moeaki,sea
TE,14,1.32%,0,0%,0,0%,AlleRa00,Rashaun Allen,sea
TE,243,22.97%,0,0%,104,24.07%,HelfCo00,Cooper Helfet,sea
TE,3,.28%,0,0%,0,0%,MiltKe00,Keavon Milton,sea
TE,1,.09%,0,0%,0,0%,BracBr00,Brett Brackett,sea
T,1058,100.00%,0,0%,79,18.29%,BritJu00,Justin Britt,sea
T,873,82.51%,0,0%,61,14.12%,OkunRu20,Russell Okung,sea
T,0,0%,0,0%,13,3.01%,McDoAn01,Andrew McDonald,sea
T,419,39.60%,0,0%,68,15.74%,BailAl01,Alvin Bailey,sea
T,80,7.56%,0,0%,68,15.74%,GillGa01,Garry Gilliam,sea
G,1054,99.62%,0,0%,136,31.48%,SweeJ.00,J.R. Sweezy,sea
G,817,77.22%,0,0%,60,13.89%,CarpJa00,James Carpenter,sea
G,197,18.62%,0,0%,47,10.88%,SchiSt00,Stephen Schilling,sea
C,376,35.54%,0,0%,9,2.08%,UngeMa20,Max Unger,sea
C,219,20.70%,0,0%,36,8.33%,JeanLe00,Lemuel Jeanpierre,sea
C,269,25.43%,0,0%,2,.46%,LewiPa00,Patrick Lewis,sea
DE,0,0%,829,84.68%,48,11.11%,BennMi99,Michael Bennett,sea
DE,0,0%,715,73.03%,51,11.81%,AvriCl99,Cliff Avril,sea
DE,0,0%,39,3.98%,30,6.94%,DobbDe00,Demarcus Dobbs,sea
DE,0,0%,337,34.42%,106,24.54%,SchoOB99,O'Brien Schofield,sea
DE,0,0%,71,7.25%,6,1.39%,MarsCa00,Cassius Marsh,sea
DE,0,0%,65,6.64%,7,1.62%,ScruGr00,Greg Scruggs,sea
DT,0,0%,359,36.67%,2,.46%,HillJo01,Jordan Hill,sea
DT,0,0%,438,44.74%,50,11.57%,WillKe98,Kevin Williams,sea
DT,0,0%,280,28.60%,2,.46%,MebaBr99,Brandon Mebane,sea
DT,0,0%,401,40.96%,49,11.34%,McDaTo20,Tony McDaniel,sea
DT,0,0%,4,.41%,0,0%,RobeTr00,Travian Robertson,sea
DT,0,0%,20,2.04%,1,.23%,KingDa00,David King,sea
LB,0,0%,659,67.31%,20,4.63%,WagnBo00,Bobby Wagner,sea
LB,0,0%,918,93.77%,26,6.02%,WrigK.00,K.J. Wright,sea
LB,0,0%,273,27.89%,255,59.03%,SmitMa02,Malcolm Smith,sea
LB,0,0%,27,2.76%,333,77.08%,MorgMi00,Mike Morgan,sea
LB,0,0%,65,6.64%,293,67.82%,CoylBr00,Brock Coyle,sea
LB,0,0%,693,70.79%,3,.69%,IrviBr00,Bruce Irvin,sea
LB,0,0%,0,0%,17,3.94%,FortL.00,L.J. Fort,sea
LB,0,0%,2,.20%,11,2.55%,BradAl00,Allen Bradford,sea
LB,0,0%,81,8.27%,117,27.08%,PierKe00,Kevin Pierre-Louis,sea
CB,0,0%,966,98.67%,94,21.76%,SherRi00,Richard Sherman,sea
CB,0,0%,700,71.50%,50,11.57%,MaxwBy00,Byron Maxwell,sea
CB,0,0%,180,18.39%,92,21.30%,LaneJe00,Jeremy Lane,sea
CB,0,0%,322,32.89%,143,33.10%,BurlMa00,Marcus Burley,sea
CB,0,0%,300,30.64%,71,16.44%,SimoTh00,Tharold Simon,sea
CB,0,0%,7,.72%,29,6.71%,ThomJo01,Josh Thomas,sea
SS,0,0%,833,85.09%,80,18.52%,ChanKa99,Kam Chancellor,sea
SS,0,0%,97,9.91%,277,64.12%,JohnJe02,Jeron Johnson,sea
FS,0,0%,958,97.85%,67,15.51%,ThomEa99,Earl Thomas,sea
FS,0,0%,23,2.35%,40,9.26%,TerrSt00,Steven Terrell,sea
FS,0,0%,89,9.09%,323,74.77%,SheaDe00,DeShawn Shead,sea
DB,0,0%,0,0%,13,3.01%,ParkTe00,Terrance Parks,sea
LS,0,0%,0,0%,144,33.33%,GresCl00,Clint Gresham,sea
K,0,0%,0,0%,167,38.66%,HausSt00,Stephen Hauschka,sea
P,0,0%,0,0%,145,33.56%,RyanJo21,Jon Ryan,sea
QB,1050,99.15%,0,0%,0,0%,KaepCo00,Colin Kaepernick,sfo
QB,9,.85%,0,0%,0,0%,GabbBl00,Blaine Gabbert,sfo
RB,648,61.19%,0,0%,0,0%,GoreFr00,Frank Gore,sfo
RB,292,27.57%,0,0%,24,5.59%,HydeCa00,Carlos Hyde,sfo
RB,0,0%,0,0%,20,4.66%,TannPh00,Phillip Tanner,sfo
RB,34,3.21%,0,0%,75,17.48%,SmitAl22,Alfonso Smith,sfo
RB,2,.19%,0,0%,2,.47%,JameLa00,LaMichael James,sfo
FB,462,43.63%,0,0%,134,31.24%,MillBr02,Bruce Miller,sfo
WR,953,89.99%,0,0%,4,.93%,BoldAn00,Anquan Boldin,sfo
WR,722,68.18%,0,0%,0,0%,CrabMi00,Michael Crabtree,sfo
WR,335,31.63%,0,0%,0,0%,LloyBr00,Brandon Lloyd,sfo
WR,292,27.57%,0,0%,3,.70%,JohnSt00,Stevie Johnson,sfo
WR,16,1.51%,0,0%,238,55.48%,OsgoKa00,Kassim Osgood,sfo
WR,86,8.12%,0,0%,22,5.13%,PattQu00,Quinton Patton,sfo
WR,95,8.97%,0,0%,108,25.17%,ElliBr00,Bruce Ellington,sfo
WR,0,0%,0,0%,4,.93%,HollTr00,Trindon Holliday,sfo
TE,831,78.47%,0,0%,0,0%,DaviVe00,Vernon Davis,sfo
TE,214,20.21%,0,0%,67,15.62%,McDoVa00,Vance McDonald,sfo
TE,35,3.31%,0,0%,19,4.43%,CeleGa00,Garrett Celek,sfo
TE,188,17.75%,0,0%,166,38.69%,CarrDe00,Derek Carrier,sfo
TE,40,3.78%,0,0%,37,8.62%,ClevAs00,Asante Cleveland,sfo
T,646,61.00%,0,0%,39,9.09%,MartJo01,Jonathan Martin,sfo
T,1055,99.62%,0,0%,66,15.38%,StalJo20,Joe Staley,sfo
T,428,40.42%,0,0%,28,6.53%,DaviAn27,Anthony Davis,sfo
G,329,31.07%,0,0%,72,16.78%,LoonJo01,Joe Looney,sfo
G,945,89.24%,0,0%,58,13.52%,IupaMi20,Mike Iupati,sfo
G,942,88.95%,0,0%,63,14.69%,BoonAl21,Alex Boone,sfo
G,37,3.49%,0,0%,21,4.90%,FarrDi00,Dillon Farrell,sfo
G,1,.09%,0,0%,0,0%,TillAn01,Andrew Tiller,sfo
C,512,48.35%,0,0%,32,7.46%,MartMa01,Marcus Martin,sfo
C,450,42.49%,0,0%,32,7.46%,KilgDa00,Daniel Kilgore,sfo
DE,0,0%,693,66.19%,31,7.23%,McDoRa99,Ray McDonald,sfo
DE,0,0%,694,66.28%,6,1.40%,SmitJu20,Justin Smith,sfo
DE,0,0%,77,7.35%,98,22.84%,DobbDe00,Demarcus Dobbs,sfo
DE,0,0%,420,40.11%,144,33.57%,JeroTo00,Tony Jerod-Eddie,sfo
DE,0,0%,145,13.85%,37,8.62%,CarrCo00,Tank Carradine,sfo
NT,0,0%,212,20.25%,38,8.86%,WillIa00,Ian Williams,sfo
NT,0,0%,28,2.67%,11,2.56%,PurcMi00,Mike Purcell,sfo
NT,0,0%,326,31.14%,76,17.72%,DialQu00,Quinton Dial,sfo
LB,0,0%,1015,96.94%,131,30.54%,WilhMi00,Michael Wilhoite,sfo
LB,0,0%,342,32.66%,24,5.59%,WillPa98,Patrick Willis,sfo
LB,0,0%,418,39.92%,27,6.29%,SmitAl04,Aldon Smith,sfo
LB,0,0%,603,57.59%,4,.93%,BrooAh21,Ahmad Brooks,sfo
LB,0,0%,143,13.66%,249,58.04%,LemoCo00,Corey Lemonier,sfo
LB,0,0%,384,36.68%,187,43.59%,SkutDa00,Dan Skuta,sfo
LB,0,0%,515,49.19%,125,29.14%,LyncAa00,Aaron Lynch,sfo
LB,0,0%,476,45.46%,132,30.77%,BorlCh00,Chris Borland,sfo
LB,0,0%,3,.29%,25,5.83%,BishDe99,Desmond Bishop,sfo
LB,0,0%,164,15.66%,233,54.31%,MoodNi00,Nick Moody,sfo
LB,0,0%,0,0%,53,12.35%,ThomCh04,Chase Thomas,sfo
CB,0,0%,941,89.88%,62,14.45%,CoxxPe99,Perrish Cox,sfo
CB,0,0%,490,46.80%,215,50.12%,JohnDo02,Dontae Johnson,sfo
CB,0,0%,822,78.51%,0,0%,CullCh00,Chris Culliver,sfo
CB,0,0%,48,4.58%,80,18.65%,CookCh99,Chris Cook,sfo
CB,0,0%,81,7.74%,8,1.86%,BrocTr00,Tramaine Brock,sfo
CB,0,0%,81,7.74%,67,15.62%,McFaLe00,Leon McFadden,sfo
CB,0,0%,25,2.39%,23,5.36%,CromMa01,Marcus Cromartie,sfo
SS,0,0%,1040,99.33%,0,0%,BethAn20,Antoine Bethea,sfo
SS,0,0%,0,0%,139,32.40%,VentRa20,Raymond Ventrone,sfo
SS,0,0%,182,17.38%,352,82.05%,DahlCr99,Craig Dahl,sfo
FS,0,0%,879,83.95%,64,14.92%,ReidEr00,Eric Reid,sfo
FS,0,0%,262,25.02%,80,18.65%,WardJi01,Jimmie Ward,sfo
FS,0,0%,7,.67%,231,53.85%,McCrL.00,L.J. McCray,sfo
LS,0,0%,0,0%,145,33.80%,NelsKy00,Kyle Nelson,sfo
K,0,0%,0,0%,141,32.87%,dawsophi01,Phil Dawson,sfo
P,0,0%,0,0%,144,33.57%,LeexAn20,Andy Lee,sfo
QB,630,63.38%,0,0%,0,0%,McCoJo01,Josh McCown,tam
QB,364,36.62%,0,0%,0,0%,GlenMi00,Mike Glennon,tam
RB,382,38.43%,0,0%,134,30.73%,RainBo00,Bobby Rainey,tam
RB,345,34.71%,0,0%,0,0%,MartDo00,Doug Martin,tam
RB,231,23.24%,0,0%,0,0%,SimsCh00,Charles Sims,tam
RB,49,4.93%,0,0%,73,16.74%,JameMi00,Mike James,tam
FB,5,.50%,0,0%,6,1.38%,RodrEv00,Evan Rodriguez,tam
FB,100,10.06%,0,0%,51,11.70%,LaneJo00,Jorvorskie Lane,tam
WR,904,90.95%,0,0%,0,0%,JackVi00,Vincent Jackson,tam
WR,769,77.36%,0,0%,0,0%,EvanMi00,Mike Evans,tam
WR,456,45.88%,0,0%,1,.23%,MurpLo00,Louis Murphy,tam
WR,38,3.82%,0,0%,34,7.80%,OwusCh00,Chris Owusu,tam
WR,154,15.49%,0,0%,284,65.14%,ShepRu00,Russell Shepard,tam
WR,0,0%,0,0%,11,2.52%,HollTr00,Trindon Holliday,tam
WR,1,.10%,0,0%,39,8.94%,ThigMa00,Marcus Thigpen,tam
WR,2,.20%,0,0%,75,17.20%,PattSo01,Solomon Patton,tam
WR,55,5.53%,0,0%,2,.46%,KingTa00,Tavarres King,tam
WR,116,11.67%,0,0%,14,3.21%,HerrRo00,Robert Herron,tam
TE,465,46.78%,0,0%,62,14.22%,MyerBr00,Brandon Myers,tam
TE,44,4.43%,0,0%,25,5.73%,BratCa00,Cameron Brate,tam
TE,449,45.17%,0,0%,0,0%,SefeAu00,Austin Seferian-Jenkins,tam
TE,325,32.70%,0,0%,166,38.07%,StocLu00,Luke Stocker,tam
T,622,62.58%,0,0%,36,8.26%,CollAn21,Anthony Collins,tam
T,980,98.59%,0,0%,111,25.46%,DotsDe00,Demar Dotson,tam
T,119,11.97%,0,0%,22,5.05%,PampKe00,Kevin Pamphile,tam
T,335,33.70%,0,0%,55,12.61%,CousOn00,Oniel Cousins,tam
G,903,90.85%,0,0%,55,12.61%,OmamPa00,Patrick Omameh,tam
G,911,91.65%,0,0%,47,10.78%,MankLo20,Logan Mankins,tam
C,929,93.46%,0,0%,2,.46%,DietEv00,Evan Dietrich-Smith,tam
C,206,20.72%,0,0%,55,12.61%,GilkGa00,Garrett Gilkey,tam
C,45,4.53%,0,0%,0,0%,AlleJo00,Josh Allen,tam
DE,0,0%,628,56.68%,40,9.17%,JohnMi98,Michael Johnson,tam
DE,0,0%,50,4.51%,4,.92%,ClayAd00,Adrian Clayborn,tam
DE,0,0%,570,51.44%,74,16.97%,GholWi00,William Gholston,tam
DE,0,0%,172,15.52%,61,13.99%,SoloSc00,Scott Solomon,tam
DE,0,0%,151,13.63%,134,30.73%,FatiT.00,T.J. Fatinikun,tam
DE,0,0%,254,22.92%,108,24.77%,EnglLa99,Larry English,tam
DE,0,0%,4,.36%,19,4.36%,MeanSt00,Steven Means,tam
DE,0,0%,455,41.06%,26,5.96%,SmitJa01,Jacquies Smith,tam
DE,0,0%,7,.63%,0,0%,UkoxGe00,George Uko,tam
DT,0,0%,665,60.02%,39,8.94%,McCoGe99,Gerald McCoy,tam
DT,0,0%,619,55.87%,65,14.91%,McDoCl99,Clinton McDonald,tam
DT,0,0%,344,31.05%,51,11.70%,BoweDa00,Da'Quan Bowers,tam
DT,0,0%,492,44.40%,70,16.06%,SpenAk00,Akeem Spence,tam
DT,0,0%,0,0%,4,.92%,MasiMa00,Matthew Masifilo,tam
LB,0,0%,919,82.94%,75,17.20%,DaviLa00,Lavonte David,tam
LB,0,0%,556,50.18%,11,2.52%,FostMa00,Mason Foster,tam
LB,0,0%,103,9.30%,93,21.33%,CasiJo99,Jonathan Casillas,tam
LB,0,0%,16,1.44%,170,38.99%,MageBr00,Brandon Magee,tam
LB,0,0%,21,1.90%,8,1.83%,SidbLa99,Lawrence Sidbury,tam
LB,0,0%,190,17.15%,181,41.51%,LemoOr00,Orie Lemon,tam
LB,0,0%,351,31.68%,273,62.61%,FletDa00,Dane Fletcher,tam
LB,0,0%,630,56.86%,161,36.93%,LansDa00,Danny Lansanah,tam
LB,0,0%,29,2.62%,50,11.47%,WillJa95,Jason Williams,tam
CB,0,0%,859,77.53%,80,18.35%,VernAl99,Alterraun Verner,tam
CB,0,0%,910,82.13%,59,13.53%,BankJo00,Johnthan Banks,tam
CB,0,0%,387,34.93%,263,60.32%,JohnLe03,Leonard Johnson,tam
CB,0,0%,133,12.00%,66,15.14%,FreyIs00,Isaiah Frey,tam
CB,0,0%,31,2.80%,0,0%,JenkMi99,Mike Jenkins,tam
CB,0,0%,187,16.88%,98,22.48%,ButlCr99,Crezdon Butler,tam
CB,0,0%,27,2.44%,19,4.36%,WilsC.00,C.J. Wilson,tam
CB,0,0%,163,14.71%,120,27.52%,DixoBr00,Brandon Dixon,tam
SS,0,0%,468,42.24%,13,2.98%,BarrMa00,Mark Barron,tam
SS,1,.10%,505,45.58%,80,18.35%,WrigMa99,Major Wright,tam
SS,0,0%,445,40.16%,197,45.18%,McDoBr01,Bradley McDougald,tam
FS,0,0%,780,70.40%,57,13.07%,GoldDa99,Dashon Goldson,tam
FS,0,0%,67,6.05%,268,61.47%,TandKe00,Keith Tandy,tam
LS,0,0%,0,0%,136,31.19%,DePaAn00,Andrew DePaola,tam
K,0,0%,0,0%,55,12.61%,MurrPa01,Patrick Murray,tam
P,0,0%,0,0%,205,47.02%,koenemic01,Michael Koenen,tam
QB,299,30.92%,0,0%,0,0%,LockJa00,Jake Locker,oti
QB,357,36.92%,0,0%,0,0%,WhitCh02,Charlie Whitehurst,oti
QB,5,.52%,0,0%,0,0%,PalmJo20,Jordan Palmer,oti
QB,306,31.64%,0,0%,0,0%,MettZa00,Zach Mettenberger,oti
RB,164,16.96%,0,0%,0,0%,GreeSh00,Shonn Greene,oti
RB,231,23.89%,0,0%,56,11.94%,McClDe00,Dexter McCluster,oti
RB,236,24.41%,0,0%,87,18.55%,WashLe00,Leon Washington,oti
RB,354,36.61%,0,0%,18,3.84%,SankBi00,Bishop Sankey,oti
RB,13,1.34%,0,0%,31,6.61%,AndrAn00,Antonio Andrews,oti
WR,767,79.32%,0,0%,0,0%,WashNa00,Nate Washington,oti
WR,663,68.56%,0,0%,0,0%,WrigKe01,Kendall Wright,oti
WR,593,61.32%,0,0%,0,0%,HuntJu00,Justin Hunter,oti
WR,108,11.17%,0,0%,12,2.56%,DurhKr00,Kris Durham,oti
WR,311,32.16%,0,0%,216,46.06%,HagaDe00,Derek Hagan,oti
WR,2,.21%,0,0%,0,0%,RichRi00,Rico Richardson,oti
TE,772,79.83%,0,0%,5,1.07%,WalkHu00,Delanie Walker,oti
TE,51,5.27%,0,0%,66,14.07%,ThomTa00,Taylor Thompson,oti
TE,112,11.58%,0,0%,322,68.66%,BattJa00,Jackie Battle,oti
TE,33,3.41%,0,0%,22,4.69%,MullMa00,Matthew Mulligan,oti
TE,69,7.14%,0,0%,14,2.99%,StevCr00,Craig Stevens,oti
TE,160,16.55%,0,0%,119,25.37%,CoffCh00,Chase Coffman,oti
TE,44,4.55%,0,0%,17,3.62%,GordRi00,Richard Gordon,oti
TE,86,8.89%,0,0%,54,11.51%,BracBr00,Brett Brackett,oti
T,652,67.43%,0,0%,0,0%,OherMi20,Michael Oher,oti
T,290,29.99%,0,0%,18,3.84%,RoosMi20,Michael Roos,oti
T,194,20.06%,0,0%,0,0%,MereJa20,Jamon Meredith,oti
T,187,19.34%,0,0%,13,2.77%,SvitWi20,Will Svitek,oti
T,42,4.34%,0,0%,0,0%,JoneTe01,Terren Jones,oti
T,354,36.61%,0,0%,35,7.46%,LewaTa00,Taylor Lewan,oti
T,242,25.03%,0,0%,27,5.76%,StinBy00,Byron Stingily,oti
G,965,99.79%,0,0%,49,10.45%,WarmCh00,Chance Warmack,oti
G,966,99.90%,0,0%,0,0%,LeviAn20,Andy Levitre,oti
G,331,34.23%,0,0%,49,10.45%,SpenCh21,Chris Spencer,oti
G,16,1.65%,0,0%,5,1.07%,OlseEr20,Eric Olsen,oti
C,648,67.01%,0,0%,36,7.68%,SchwBr00,Brian Schwenke,oti
DE,0,0%,390,34.12%,50,10.66%,PitoRo00,Ropati Pitoitua,oti
DE,0,0%,137,11.99%,19,4.05%,JoneDa04,DaQuan Jones,oti
DT,0,0%,910,79.62%,80,17.06%,CaseJu00,Jurrell Casey,oti
DT,14,1.45%,330,28.87%,159,33.90%,KlugKa00,Karl Klug,oti
DT,0,0%,347,30.36%,80,17.06%,MartMi01,Mike Martin,oti
NT,0,0%,588,51.44%,66,14.07%,HillSa99,Sammie Lee Hill,oti
NT,0,0%,291,25.46%,57,12.15%,WoodAl99,Al Woods,oti
LB,0,0%,880,76.99%,125,26.65%,WoodWe20,Wesley Woodyard,oti
LB,0,0%,1006,88.01%,86,18.34%,MorgDe99,Derrick Morgan,oti
LB,0,0%,157,13.74%,280,59.70%,GoodZa00,Zaviar Gooden,oti
LB,0,0%,78,6.82%,28,5.97%,MochDo00,Dontay Moch,oti
LB,0,0%,540,47.24%,96,20.47%,WimbKa20,Kamerion Wimbley,oti
LB,0,0%,353,30.88%,14,2.99%,PhilSh20,Shaun Phillips,oti
LB,0,0%,242,21.17%,247,52.67%,GrovQu99,Quentin Groves,oti
LB,0,0%,812,71.04%,258,55.01%,WillAv00,Avery Williamson,oti
LB,0,0%,1,.09%,108,23.03%,StapJu00,Justin Staples,oti
LB,0,0%,0,0%,132,28.14%,AndeJa21,James Anderson,oti
LB,0,0%,10,.87%,33,7.04%,AyerAk00,Akeem Ayers,oti
LB,0,0%,2,.17%,59,12.58%,BurnKa00,Kaelin Burnett,oti
LB,0,0%,4,.35%,0,0%,BrowZa00,Zach Brown,oti
CB,0,0%,670,58.62%,113,24.09%,WrehBl00,Blidi Wreh-Wilson,oti
CB,0,0%,1078,94.31%,105,22.39%,McCoJa99,Jason McCourty,oti
CB,0,0%,721,63.08%,158,33.69%,SensCo00,Coty Sensabaugh,oti
CB,0,0%,0,0%,22,4.69%,ThomJe03,Jemea Thomas,oti
CB,0,0%,269,23.53%,295,62.90%,HuffMa00,Marqueston Huff,oti
CB,0,0%,81,7.09%,50,10.66%,GheeBr99,Brandon Ghee,oti
CB,0,0%,105,9.19%,138,29.42%,HarrBr00,Brandon Harris,oti
SS,0,0%,345,30.18%,30,6.40%,PollBe20,Bernard Pollard,oti
SS,0,0%,276,24.15%,291,62.05%,StafDa00,Daimion Stafford,oti
FS,0,0%,1133,99.13%,116,24.73%,GrifMi99,Michael Griffin,oti
FS,0,0%,813,71.13%,145,30.92%,WilsGe01,George Wilson,oti
DB,0,0%,0,0%,45,9.59%,WootKh00,Khalid Wooten,oti
LS,0,0%,0,0%,143,30.49%,BrinBe00,Beau Brinkley,oti
K,0,0%,0,0%,113,24.09%,SuccRy44,Ryan Succop,oti
P,0,0%,0,0%,145,30.92%,KernBr20,Brett Kern,oti
QB,1109,98.32%,0,0%,0,0%,MannEl00,Eli Manning,nyg
QB,19,1.68%,0,0%,0,0%,NassRy00,Ryan Nassib,nyg
RB,418,37.06%,0,0%,9,1.90%,JennRa00,Rashad Jennings,nyg
RB,519,46.01%,0,0%,10,2.11%,WillAn00,Andre Williams,nyg
RB,20,1.77%,0,0%,56,11.84%,CoxxMi00,Michael Cox,nyg
RB,109,9.66%,0,0%,86,18.18%,HillPe00,Peyton Hillis,nyg
RB,29,2.57%,0,0%,125,26.43%,DarkOr00,Orleans Darkwa,nyg
FB,205,18.17%,0,0%,66,13.95%,HynoHe01,Henry Hynoski,nyg
FB,0,0%,0,0%,30,6.34%,OgboCh00,Chris Ogbonnaya,nyg
WR,372,32.98%,0,0%,1,.21%,CruzVi00,Victor Cruz,nyg
WR,964,85.46%,0,0%,18,3.81%,RandRu00,Rueben Randle,nyg
WR,107,9.49%,0,0%,0,0%,JernJe00,Jerrel Jernigan,nyg
WR,771,68.35%,0,0%,45,9.51%,BeckOd00,Odell Beckham Jr.,nyg
WR,94,8.33%,0,0%,30,6.34%,OgleKe00,Kevin Ogletree,nyg
WR,593,52.57%,0,0%,88,18.60%,ParkPr00,Preston Parker,nyg
WR,7,.62%,0,0%,5,1.06%,TallJu00,Julian Talley,nyg
WR,56,4.96%,0,0%,98,20.72%,WashCo01,Corey Washington,nyg
TE,865,76.68%,0,0%,64,13.53%,DonnLa00,Larry Donnell,nyg
TE,427,37.85%,0,0%,183,38.69%,FellDa00,Daniel Fells,nyg
TE,77,6.83%,0,0%,207,43.76%,RobiAd00,Adrien Robinson,nyg
T,1114,98.76%,0,0%,19,4.02%,BeatWi20,Will Beatty,nyg
T,910,80.67%,0,0%,4,.85%,PughJu00,Justin Pugh,nyg
T,51,4.52%,0,0%,1,.21%,BrewJa00,James Brewer,nyg
T,62,5.50%,0,0%,3,.63%,BrowCh28,Charles Brown,nyg
G,89,7.89%,0,0%,0,0%,SchwGe20,Geoff Schwartz,nyg
G,1126,99.82%,0,0%,71,15.01%,JerrJo20,John Jerry,nyg
G,100,8.87%,0,0%,22,4.65%,SnydAd20,Adam Snyder,nyg
G,11,.98%,0,0%,47,9.94%,MoslBr00,Brandon Mosley,nyg
C,1035,91.76%,0,0%,60,12.68%,RichWe00,Weston Richburg,nyg
C,1118,99.11%,0,0%,0,0%,WaltJ.20,J.D. Walton,nyg
C,31,2.75%,0,0%,104,21.99%,ReynDa01,Dallas Reynolds,nyg
DE,0,0%,552,52.47%,45,9.51%,KiwaMa20,Mathias Kiwanuka,nyg
DE,0,0%,959,91.16%,87,18.39%,PierJa99,Jason Pierre-Paul,nyg
DE,0,0%,378,35.93%,30,6.34%,AyerRo99,Robert Ayers,nyg
DE,0,0%,184,17.49%,52,10.99%,WynnKe00,Kerry Wynn,nyg
DE,0,0%,318,30.23%,158,33.40%,MoorDa01,Damontre Moore,nyg
DT,0,0%,681,64.73%,73,15.43%,HankJo00,Johnathan Hankins,nyg
DT,0,0%,421,40.02%,75,15.86%,PattMi20,Mike Patterson,nyg
DT,0,0%,357,33.94%,32,6.77%,JenkCu20,Cullen Jenkins,nyg
DT,0,0%,247,23.48%,123,26.00%,KuhnMa00,Markus Kuhn,nyg
DT,0,0%,112,10.65%,31,6.55%,BromJa00,Jay Bromley,nyg
LB,0,0%,563,53.52%,55,11.63%,WillJa02,Jacquian Williams,nyg
LB,0,0%,970,92.21%,68,14.38%,McClJa01,Jameel McClain,nyg
LB,0,0%,159,15.11%,0,0%,BeasJo99,Jon Beason,nyg
LB,0,0%,312,29.66%,362,76.53%,HerzMa00,Mark Herzlich,nyg
LB,0,0%,75,7.13%,349,73.78%,PaysSp00,Spencer Paysinger,nyg
LB,0,0%,0,0%,33,6.98%,DaviJa05,James Davidson,nyg
LB,0,0%,0,0%,46,9.73%,HazePa00,Paul Hazel,nyg
LB,0,0%,330,31.37%,184,38.90%,KennDe00,Devon Kennard,nyg
LB,0,0%,0,0%,28,5.92%,FoxxDa00,Dan Fox,nyg
LB,0,0%,0,0%,17,3.59%,AndeJu01,Justin Anderson,nyg
LB,0,0%,1,.10%,10,2.11%,MannTe00,Terrell Manning,nyg
CB,0,0%,750,71.29%,43,9.09%,RodgDo99,Dominique Rodgers-Cromartie,nyg
CB,0,0%,458,43.54%,17,3.59%,AmukPr00,Prince Amukamara,nyg
CB,0,0%,66,6.27%,3,.63%,ThurWa99,Walter Thurmond,nyg
CB,0,0%,449,42.68%,189,39.96%,BowmZa20,Zackary Bowman,nyg
CB,0,0%,215,20.44%,45,9.51%,HarrMi00,Mike Harris,nyg
CB,0,0%,364,34.60%,45,9.51%,BrowCh05,Chykie Brown,nyg
CB,0,0%,5,.48%,272,57.51%,FennCh00,Chandler Fenner,nyg
CB,0,0%,212,20.15%,60,12.68%,McBrTr99,Trumaine McBride,nyg
CB,0,0%,150,14.26%,15,3.17%,HoslJa00,Jayron Hosley,nyg
SS,0,0%,1047,99.52%,9,1.90%,RollAn20,Antrel Rolle,nyg
SS,0,0%,31,2.95%,355,75.05%,BerhNa00,Nat Berhe,nyg
FS,0,0%,574,54.56%,179,37.84%,BrowSt99,Stevie Brown,nyg
FS,0,0%,628,59.70%,199,42.07%,DempQu99,Quintin Demps,nyg
LS,0,0%,0,0%,153,32.35%,DeOsZa99,Zak DeOssie,nyg
K,0,0%,0,0%,153,32.35%,brownjos01,Josh Brown,nyg
P,0,0%,0,0%,153,32.35%,WeatSt20,Steve Weatherford,nyg
QB,816,75.00%,0,0%,0,0%,SmitGe00,Geno Smith,nyj
QB,11,1.01%,0,0%,0,0%,SimmMa00,Matt Simms,nyj
QB,272,25.00%,0,0%,0,0%,VickMi00,Michael Vick,nyj
RB,238,21.88%,0,0%,267,57.30%,PoweBi00,Bilal Powell,nyj
RB,399,36.67%,0,0%,0,0%,JohnCh04,Chris Johnson,nyj
RB,444,40.81%,0,0%,0,0%,IvorCh00,Chris Ivory,nyj
FB,54,4.96%,0,0%,12,2.58%,BohaTo00,Tommy Bohanon,nyj
FB,154,14.15%,0,0%,69,14.81%,ConnJo00,John Conner,nyj
WR,812,74.63%,0,0%,3,.64%,DeckEr00,Eric Decker,nyj
WR,300,27.57%,0,0%,1,.21%,NelsDa01,David Nelson,nyj
WR,362,33.27%,0,0%,36,7.73%,HarvPe00,Percy Harvin,nyj
WR,734,67.46%,0,0%,48,10.30%,KerlJe00,Jeremy Kerley,nyj
WR,173,15.90%,0,0%,179,38.41%,GrahT.00,T.J. Graham,nyj
WR,3,.28%,0,0%,18,3.86%,EnunQu00,Quincy Enunwa,nyj
WR,78,7.17%,0,0%,14,3.00%,OwusCh00,Chris Owusu,nyj
WR,220,20.22%,0,0%,63,13.52%,SalaGr00,Greg Salas,nyj
WR,12,1.10%,3,.29%,301,64.59%,HakiSa00,Saalim Hakim,nyj
WR,6,.55%,0,0%,36,7.73%,PoweWa00,Walt Powell,nyj
WR,6,.55%,0,0%,14,3.00%,SaunJa00,Jalen Saunders,nyj
TE,910,83.64%,0,0%,82,17.60%,CumbJe00,Jeff Cumberland,nyj
TE,372,34.19%,0,0%,45,9.66%,AmarJa00,Jace Amaro,nyj
TE,141,12.96%,0,0%,326,69.96%,SudfZa00,Zach Sudfeld,nyj
TE,2,.18%,0,0%,57,12.23%,PantCh00,Chris Pantale,nyj
T,371,34.10%,0,0%,4,.86%,WintBr00,Brian Winters,nyj
T,1088,100.00%,0,0%,63,13.52%,GiacBr20,Breno Giacomini,nyj
T,1088,100.00%,0,0%,63,13.52%,FergDB20,D'Brickashaw Ferguson,nyj
T,722,66.36%,0,0%,59,12.66%,AbouOd00,Oday Aboushi,nyj
T,6,.55%,0,0%,0,0%,IjalBe00,Ben Ijalana,nyj
G,1080,99.26%,0,0%,63,13.52%,ColoWi20,Willie Colon,nyj
C,979,89.98%,0,0%,0,0%,MangNi20,Nick Mangold,nyj
C,110,10.11%,0,0%,65,13.95%,FreeDa00,Dalton Freeman,nyj
DE,0,0%,718,70.60%,56,12.02%,WilkMu00,Muhammad Wilkerson,nyj
DE,0,0%,318,31.27%,113,24.25%,DouzLe00,Leger Douzable,nyj
DT,3,.28%,809,79.55%,76,16.31%,RichSh00,Sheldon Richardson,nyj
DT,0,0%,72,7.08%,5,1.07%,BarnT.00,T.J. Barnes,nyj
NT,0,0%,485,47.69%,119,25.54%,HarrDa03,Damon Harrison,nyj
NT,0,0%,154,15.14%,31,6.65%,ElliKe01,Kenrick Ellis,nyj
LB,0,0%,1006,98.92%,135,28.97%,DaviDe00,Demario Davis,nyj
LB,0,0%,1011,99.41%,91,19.53%,HarrDa99,David Harris,nyj
LB,0,0%,822,80.83%,84,18.03%,PaceCa20,Calvin Pace,nyj
LB,0,0%,690,67.85%,89,19.10%,CoplQu00,Quinton Coples,nyj
LB,0,0%,60,5.90%,246,52.79%,ReilTr00,Trevor Reilly,nyj
LB,0,0%,7,.69%,314,67.38%,BellNi01,Nick Bellore,nyj
LB,0,0%,55,5.41%,9,1.93%,BarnAn99,Antwan Barnes,nyj
LB,0,0%,0,0%,79,16.95%,EddsA.99,A.J. Edds,nyj
LB,0,0%,458,45.03%,27,5.79%,BabiJa20,Jason Babin,nyj
LB,0,0%,40,3.93%,40,8.58%,EnemIK00,IK Enemkpali,nyj
CB,0,0%,515,50.64%,139,29.83%,AlleAn02,Antonio Allen,nyj
CB,0,0%,446,43.85%,47,10.09%,WillMa03,Marcus Williams,nyj
CB,0,0%,752,73.94%,70,15.02%,WallDa00,Darrin Walls,nyj
CB,0,0%,116,11.41%,10,2.15%,MillDe00,Dee Milliner,nyj
CB,0,0%,308,30.29%,155,33.26%,WilsKy99,Kyle Wilson,nyj
CB,0,0%,28,2.75%,1,.21%,ThomJo01,Josh Thomas,nyj
CB,0,0%,306,30.09%,96,20.60%,AdamPh00,Phillip Adams,nyj
CB,0,0%,1,.10%,30,6.44%,LankEl99,Ellis Lankster,nyj
SS,0,0%,943,92.72%,198,42.49%,LandDa21,Dawan Landry,nyj
SS,0,0%,0,0%,33,7.08%,BushJo00,Josh Bush,nyj
FS,0,0%,680,66.86%,227,48.71%,PryoCa00,Calvin Pryor,nyj
FS,0,0%,382,37.56%,273,58.58%,JarrJa00,Jaiquawn Jarrett,nyj
DB,0,0%,0,0%,16,3.43%,LewiLe01,LeQuan Lewis,nyj
LS,0,0%,0,0%,144,30.90%,PurdTa00,Tanner Purdum,nyj
K,0,0%,0,0%,133,28.54%,FolkNi20,Nick Folk,nyj
P,0,0%,0,0%,149,31.97%,QuigRy00,Ryan Quigley,nyj
QB,545,46.30%,0,0%,0,0%,FoleNi00,Nick Foles,phi
QB,626,53.19%,0,0%,0,0%,SancMa00,Mark Sanchez,phi
QB,6,.51%,0,0%,0,0%,BarkMa00,Matt Barkley,phi
RB,774,65.76%,0,0%,0,0%,McCoLe01,LeSean McCoy,phi
RB,338,28.72%,0,0%,89,17.15%,SproDa00,Darren Sproles,phi
RB,97,8.24%,0,0%,214,41.23%,PolkCh00,Chris Polk,phi
WR,1023,86.92%,0,0%,9,1.73%,MaclJe00,Jeremy Maclin,phi
WR,958,81.39%,0,0%,1,.19%,CoopRi00,Riley Cooper,phi
WR,765,65.00%,0,0%,5,.96%,MattJo00,Jordan Matthews,phi
WR,61,5.18%,0,0%,214,41.23%,SmitBr01,Brad Smith,phi
WR,209,17.76%,0,0%,165,31.79%,HuffJo00,Josh Huff,phi
WR,80,6.80%,0,0%,15,2.89%,MaehJe00,Jeff Maehl,phi
TE,588,49.96%,0,0%,210,40.46%,ErtzZa00,Zach Ertz,phi
TE,816,69.33%,0,0%,6,1.16%,CeleBr00,Brent Celek,phi
TE,170,14.44%,0,0%,440,84.78%,CaseJa00,James Casey,phi
TE,6,.51%,0,0%,289,55.68%,BurtTr01,Trey Burton,phi
T,1146,97.37%,0,0%,0,0%,PeteJa21,Jason Peters,phi
T,889,75.53%,0,0%,67,12.91%,JohnLa01,Lane Johnson,phi
T,201,17.08%,0,0%,17,3.28%,KellDe00,Dennis Kelly,phi
T,670,56.92%,0,0%,90,17.34%,GardAn20,Andrew Gardner,phi
T,523,44.44%,0,0%,52,10.02%,TobiMa00,Matt Tobin,phi
T,33,2.80%,0,0%,0,0%,BarbAl20,Allen Barbre,phi
G,577,49.02%,0,0%,38,7.32%,HerrTo20,Todd Herremans,phi
G,597,50.72%,0,0%,3,.58%,MathEv20,Evan Mathis,phi
G,18,1.53%,0,0%,28,5.39%,SmitWa21,Wade Smith,phi
G,0,0%,0,0%,4,.77%,VandJu00,Julian Vandervelde,phi
C,828,70.35%,0,0%,6,1.16%,KelcJa00,Jason Kelce,phi
C,403,34.24%,0,0%,6,1.16%,MolkDa00,David Molk,phi
DE,0,0%,926,79.62%,12,2.31%,CoxxFl00,Fletcher Cox,phi
DE,0,0%,641,55.12%,75,14.45%,ThorCe00,Cedric Thornton,phi
DE,0,0%,377,32.42%,1,.19%,CurrVi00,Vinny Curry,phi
DE,0,0%,196,16.85%,127,24.47%,BairBr00,Brandon Bair,phi
NT,0,0%,638,54.86%,161,31.02%,LogaBe00,Bennie Logan,phi
NT,0,0%,195,16.77%,91,17.53%,AlleBe00,Beau Allen,phi
LB,0,0%,513,44.11%,33,6.36%,RyanDe20,DeMeco Ryans,phi
LB,0,0%,762,65.52%,0,0%,KendMy00,Mychal Kendricks,phi
LB,0,0%,1008,86.67%,16,3.08%,BarwCo99,Connor Barwin,phi
LB,0,0%,806,69.30%,65,12.52%,ColeTr20,Trent Cole,phi
LB,0,0%,503,43.25%,238,45.86%,GrahBr99,Brandon Graham,phi
LB,0,0%,9,.77%,426,82.08%,BramBr00,Bryan Braman,phi
LB,0,0%,432,37.15%,180,34.68%,MattCa00,Casey Matthews,phi
LB,0,0%,68,5.85%,37,7.13%,SmitMa03,Marcus Smith,phi
LB,0,0%,265,22.79%,103,19.85%,AchoEm00,Emmanuel Acho,phi
LB,0,0%,0,0%,9,1.73%,GoodNa00,Najee Goode,phi
CB,0,0%,1155,99.31%,35,6.74%,WillCa99,Cary Williams,phi
CB,0,0%,1053,90.54%,154,29.67%,FletBr99,Bradley Fletcher,phi
CB,0,0%,373,32.07%,277,53.37%,CarrNo00,Nolan Carroll,phi
CB,0,0%,499,42.91%,133,25.63%,BoykBr00,Brandon Boykin,phi
CB,0,0%,30,2.58%,42,8.09%,WatkJa01,Jaylen Watkins,phi
SS,0,0%,1081,92.95%,72,13.87%,AlleNa99,Nate Allen,phi
SS,0,0%,76,6.53%,131,25.24%,WolfEa00,Earl Wolff,phi
FS,0,0%,1158,99.57%,197,37.96%,JenkMa99,Malcolm Jenkins,phi
FS,0,0%,15,1.29%,428,82.47%,MaraCh99,Chris Maragos,phi
FS,0,0%,14,1.20%,176,33.91%,ProsCh00,Chris Prosinski,phi
LS,0,0%,0,0%,167,32.18%,DoreJo20,Jon Dorenbos,phi
K,0,0%,0,0%,188,36.22%,ParkCo03,Cody Parkey,phi
P,0,0%,0,0%,167,32.18%,JoneDo21,Donnie Jones,phi
QB,1104,99.37%,0,0%,0,0%,RoetBe00,Ben Roethlisberger,pit
QB,7,.63%,0,0%,0,0%,GradBr00,Bruce Gradkowski,pit
RB,927,83.44%,0,0%,4,.86%,BellLe00,Le'Veon Bell,pit
RB,50,4.50%,0,0%,52,11.21%,ArchDr00,Dri Archer,pit
RB,128,11.52%,0,0%,51,10.99%,BlouLe00,LeGarrette Blount,pit
RB,19,1.71%,0,0%,26,5.60%,HarrJo04,Josh Harris,pit
FB,205,18.45%,0,0%,253,54.53%,JohnWi00,Will Johnson,pit
WR,1061,95.50%,0,0%,74,15.95%,BrowAn04,Antonio Brown,pit
WR,746,67.15%,0,0%,47,10.13%,WheaMa00,Markus Wheaton,pit
WR,260,23.40%,0,0%,20,4.31%,BrowJu00,Justin Brown,pit
WR,295,26.55%,0,0%,3,.65%,BryaMa00,Martavis Bryant,pit
WR,123,11.07%,0,0%,174,37.50%,HeywDa00,Darrius Heyward-Bey,pit
WR,263,23.67%,0,0%,2,.43%,MoorLa00,Lance Moore,pit
TE,1081,97.30%,0,0%,4,.86%,MillHe00,Heath Miller,pit
TE,340,30.60%,0,0%,164,35.34%,SpaeMa00,Matt Spaeth,pit
TE,29,2.61%,0,0%,146,31.47%,PalmMi00,Michael Palmer,pit
T,761,68.50%,0,0%,48,10.34%,GilbMa00,Marcus Gilbert,pit
T,1111,100.00%,0,0%,80,17.24%,BeacKe00,Kelvin Beachum,pit
T,365,32.85%,0,0%,80,17.24%,AdamMi02,Mike Adams,pit
G,963,86.68%,0,0%,68,14.66%,FostRa21,Ramon Foster,pit
G,1111,100.00%,0,0%,78,16.81%,DeCaDa00,David DeCastro,pit
G,7,.63%,0,0%,0,0%,HubbCh00,Chris Hubbard,pit
C,1104,99.37%,0,0%,0,0%,PounMa20,Maurkice Pouncey,pit
C,148,13.32%,0,0%,98,21.12%,WallCo20,Cody Wallace,pit
DE,0,0%,859,86.77%,151,32.54%,HeywCa01,Cameron Heyward,pit
DE,0,0%,437,44.14%,56,12.07%,ThomCa99,Cam Thomas,pit
DE,0,0%,438,44.24%,10,2.16%,KeisBr20,Brett Keisel,pit
DE,0,0%,397,40.10%,133,28.66%,TuitSt00,Stephon Tuitt,pit
NT,0,0%,303,30.61%,45,9.70%,McLeSt00,Steve McLendon,pit
NT,0,0%,63,6.36%,20,4.31%,McCuDa00,Daniel McCullers,pit
LB,0,0%,258,26.06%,58,12.50%,ShazRy00,Ryan Shazier,pit
LB,0,0%,977,98.69%,68,14.66%,TimmLa99,Lawrence Timmons,pit
LB,0,0%,978,98.79%,65,14.01%,WoriJa99,Jason Worilds,pit
LB,0,0%,231,23.33%,35,7.54%,JoneJa05,Jarvis Jones,pit
LB,0,0%,498,50.30%,243,52.37%,SpenSe00,Sean Spence,pit
LB,2,.18%,432,43.64%,38,8.19%,HarrJa23,James Harrison,pit
LB,0,0%,11,1.11%,307,66.16%,GarvTe00,Terence Garvin,pit
LB,0,0%,246,24.85%,269,57.97%,WillVi01,Vince Williams,pit
LB,0,0%,337,34.04%,145,31.25%,MoatAr00,Arthur Moats,pit
CB,0,0%,452,45.66%,86,18.53%,AlleCo00,Cortez Allen,pit
CB,0,0%,258,26.06%,20,4.31%,TaylIk20,Ike Taylor,pit
CB,0,0%,860,86.87%,129,27.80%,GayxWi99,William Gay,pit
CB,0,0%,272,27.47%,288,62.07%,BlakAn00,Antwon Blake,pit
CB,0,0%,601,60.71%,92,19.83%,McCaBr99,Brice McCain,pit
CB,0,0%,4,.40%,35,7.54%,WebbBW00,B.W. Webb,pit
SS,11,.99%,699,70.61%,48,10.34%,PolaTr99,Troy Polamalu,pit
SS,0,0%,2,.20%,165,35.56%,ThomSh00,Shamarko Thomas,pit
FS,0,0%,958,96.77%,69,14.87%,MitcMi99,Mike Mitchell,pit
FS,0,0%,5,.51%,292,62.93%,GoldRo00,Robert Golden,pit
FS,0,0%,313,31.62%,177,38.15%,AlleWi21,Will Allen,pit
S,0,0%,0,0%,124,26.72%,VentRo00,Ross Ventrone,pit
LS,0,0%,0,0%,143,30.82%,WarrGr20,Greg Warren,pit
K,0,0%,0,0%,172,37.07%,suishsha01,Shaun Suisham,pit
P,0,0%,0,0%,143,30.82%,WingBr00,Brad Wing,pit
QB,1063,93.90%,0,0%,0,0%,BradTo00,Tom Brady,nwe
QB,69,6.10%,0,0%,0,0%,GaroJi00,Jimmy Garoppolo,nwe
RB,594,52.47%,0,0%,0,0%,VereSh00,Shane Vereen,nwe
RB,73,6.45%,0,0%,285,61.16%,BoldBr00,Brandon Bolden,nwe
RB,187,16.52%,0,0%,0,0%,RidlSt00,Stevan Ridley,nwe
RB,159,14.05%,0,0%,46,9.87%,GrayJo00,Jonas Gray,nwe
RB,103,9.10%,0,0%,0,0%,BlouLe00,LeGarrette Blount,nwe
RB,31,2.74%,0,0%,0,0%,WhitJa02,James White,nwe
FB,256,22.61%,0,0%,124,26.61%,DeveJa00,James Develin,nwe
WR,805,71.11%,0,0%,48,10.30%,EdelJu00,Julian Edelman,nwe
WR,456,40.28%,0,0%,82,17.60%,AmenDa00,Danny Amendola,nwe
WR,82,7.24%,0,0%,0,0%,ThomKe02,Kenbrell Thompkins,nwe
WR,913,80.65%,0,0%,44,9.44%,LaFeBr00,Brandon LaFell,nwe
WR,56,4.95%,0,0%,0,0%,DobsAa00,Aaron Dobson,nwe
WR,13,1.15%,0,0%,286,61.37%,SlatMa00,Matthew Slater,nwe
WR,10,.88%,0,0%,0,0%,BoycJo00,Josh Boyce,nwe
WR,126,11.13%,0,0%,8,1.72%,TymsBr00,Brian Tyms,nwe
TE,474,41.87%,0,0%,143,30.69%,HoomMi00,Michael Hoomanawanui,nwe
TE,826,72.97%,0,0%,1,.21%,GronRo00,Rob Gronkowski,nwe
TE,22,1.94%,0,0%,1,.21%,ManeSt00,Steve Maneri,nwe
TE,352,31.10%,0,0%,62,13.30%,WrigTi01,Tim Wright,nwe
T,434,38.34%,0,0%,115,24.68%,CannMa00,Marcus Cannon,nwe
T,1039,91.78%,0,0%,90,19.31%,SoldNa00,Nate Solder,nwe
T,1006,88.87%,0,0%,87,18.67%,VollSe20,Sebastian Vollmer,nwe
T,296,26.15%,0,0%,39,8.37%,DeveJo00,Jordan Devey,nwe
T,207,18.29%,0,0%,6,1.29%,FlemCa00,Cameron Fleming,nwe
G,833,73.59%,0,0%,69,14.81%,ConnDa21,Dan Connolly,nwe
G,289,25.53%,0,0%,78,16.74%,KlinJo01,Josh Kline,nwe
G,0,0%,0,0%,5,1.07%,BarkCh00,Chris Barker,nwe
C,881,77.83%,0,0%,80,17.17%,WendRy20,Ryan Wendell,nwe
C,797,70.41%,0,0%,56,12.02%,StorBr00,Bryan Stork,nwe
DE,0,0%,569,52.20%,66,14.16%,JoneCh03,Chandler Jones,nwe
DE,0,0%,1022,93.76%,78,16.74%,NinkRo20,Rob Ninkovich,nwe
DE,0,0%,262,24.04%,21,4.51%,EaslDo00,Dominique Easley,nwe
DE,0,0%,25,2.29%,43,9.23%,BuchMi00,Michael Buchanan,nwe
DE,0,0%,93,8.53%,7,1.50%,MoorZa00,Zach Moore,nwe
DT,0,0%,802,73.58%,74,15.88%,WilfVi20,Vince Wilfork,nwe
DT,0,0%,236,21.65%,17,3.65%,SiliSe00,Sealver Siliga,nwe
DT,0,0%,77,7.06%,23,4.94%,VellJo00,Joe Vellano,nwe
DT,0,0%,161,14.77%,36,7.73%,BranAl99,Alan Branch,nwe
DT,0,0%,503,46.15%,97,20.82%,JoneCh04,Chris Jones,nwe
DT,0,0%,159,14.59%,9,1.93%,WalkCa00,Casey Walker,nwe
LB,0,0%,925,84.86%,79,16.95%,CollJa00,Jamie Collins,nwe
LB,0,0%,334,30.64%,23,4.94%,MayoJe99,Jerod Mayo,nwe
LB,0,0%,835,76.61%,59,12.66%,HighDo01,Dont'a Hightower,nwe
LB,0,0%,382,35.05%,57,12.23%,AyerAk00,Akeem Ayers,nwe
LB,0,0%,103,9.45%,110,23.61%,SkinDe00,Deontae Skinner,nwe
LB,0,0%,158,14.50%,145,31.12%,CasiJo99,Jonathan Casillas,nwe
LB,0,0%,7,.64%,257,55.15%,WhitCh03,Chris White,nwe
LB,0,0%,0,0%,56,12.02%,DaviJa02,Ja'Gared Davis,nwe
LB,0,0%,37,3.39%,67,14.38%,FlemDa00,Darius Fleming,nwe
CB,0,0%,1013,92.94%,12,2.58%,ReviDa99,Darrelle Revis,nwe
CB,0,0%,236,21.65%,0,0%,DennAl00,Alfonzo Dennard,nwe
CB,0,0%,442,40.55%,170,36.48%,ArriKy00,Kyle Arrington,nwe
CB,0,0%,580,53.21%,0,0%,BrowBr00,Brandon Browner,nwe
CB,0,0%,510,46.79%,215,46.14%,RyanLo00,Logan Ryan,nwe
CB,0,0%,184,16.88%,52,11.16%,ButlMa01,Malcolm Butler,nwe
SS,0,0%,999,91.65%,154,33.05%,McCoDe99,Devin McCourty,nwe
SS,0,0%,183,16.79%,324,69.53%,WilsTa00,Tavon Wilson,nwe
SS,0,0%,0,0%,144,30.90%,JoneDo02,Don Jones,nwe
FS,0,0%,839,76.97%,183,39.27%,ChunPa99,Patrick Chung,nwe
FS,0,0%,34,3.12%,225,48.28%,EbneNa00,Nate Ebner,nwe
FS,0,0%,280,25.69%,69,14.81%,HarmDu00,Duron Harmon,nwe
LS,0,0%,0,0%,149,31.97%,AikeDa00,Danny Aiken,nwe
K,0,0%,0,0%,192,41.20%,GostSt20,Stephen Gostkowski,nwe
P,0,0%,0,0%,157,33.69%,AlleRy01,Ryan Allen,nwe
QB,357,33.87%,0,0%,0,0%,CousKi00,Kirk Cousins,was
QB,457,43.36%,0,0%,0,0%,GrifRo01,Robert Griffin III,was
QB,240,22.77%,0,0%,0,0%,McCoCo00,Colt McCoy,was
RB,593,56.26%,0,0%,0,0%,MorrAl00,Alfred Morris,was
RB,365,34.63%,0,0%,42,9.03%,HeluRo00,Roy Helu,was
RB,30,2.85%,0,0%,1,.22%,ThomCh03,Chris Thompson,was
RB,55,5.22%,0,0%,182,39.14%,ReddSi00,Silas Redd,was
FB,209,19.83%,0,0%,237,50.97%,YounDa01,Darrel Young,was
WR,755,71.63%,0,0%,3,.65%,JackDe00,DeSean Jackson,was
WR,696,66.03%,0,0%,170,36.56%,RobeAn00,Andre Roberts,was
WR,874,82.92%,0,0%,2,.43%,GarcPi00,Pierre Garcon,was
WR,21,1.99%,0,0%,0,0%,HankLe00,Leonard Hankerson,was
WR,178,16.89%,0,0%,78,16.77%,GranRy01,Ryan Grant,was
WR,25,2.37%,0,0%,10,2.15%,RobiAl00,Aldrick Robinson,was
WR,130,12.33%,0,0%,17,3.66%,MossSa00,Santana Moss,was
TE,388,36.81%,0,0%,209,44.95%,PaulLo00,Logan Paulsen,was
TE,562,53.32%,0,0%,213,45.81%,PaulNi00,Niles Paul,was
TE,364,34.54%,0,0%,0,0%,ReedJo02,Jordan Reed,was
T,471,44.69%,0,0%,26,5.59%,PoluTy20,Tyler Polumbus,was
T,877,83.21%,0,0%,35,7.53%,WillTr21,Trent Williams,was
T,126,11.95%,0,0%,32,6.88%,MoseMo00,Morgan Moses,was
T,650,61.67%,0,0%,58,12.47%,CompTo00,Tom Compton,was
G,951,90.23%,0,0%,53,11.40%,LauvSh20,Shawn Lauvao,was
G,1051,99.72%,0,0%,59,12.69%,ChesCh21,Chris Chester,was
G,16,1.52%,0,0%,26,5.59%,LongSp00,Spencer Long,was
G,100,9.49%,0,0%,28,6.02%,LeRiJo00,Josh LeRibeus,was
C,1052,99.81%,0,0%,1,.22%,LichKo20,Kory Lichtensteiger,was
DE,0,0%,503,48.60%,58,12.47%,HatcJa20,Jason Hatcher,was
DE,0,0%,541,52.27%,16,3.44%,JenkJa01,Jarvis Jenkins,was
DE,0,0%,503,48.60%,26,5.59%,BakeCh99,Chris Baker,was
DE,0,0%,259,25.02%,188,40.43%,KearFr00,Frank Kearse,was
DE,0,0%,178,17.20%,101,21.72%,GolsKe20,Kedric Golston,was
DE,0,0%,92,8.89%,35,7.53%,GeatCl99,Clifton Geathers,was
DE,0,0%,242,23.38%,32,6.88%,BoweSt20,Stephen Bowen,was
NT,0,0%,249,24.06%,40,8.60%,CofiBa20,Barry Cofield,was
LB,0,0%,812,78.45%,104,22.37%,RobiKe01,Keenan Robinson,was
LB,0,0%,888,85.80%,72,15.48%,RilePe00,Perry Riley,was
LB,0,0%,978,94.49%,77,16.56%,KerrRy00,Ryan Kerrigan,was
LB,0,0%,388,37.49%,16,3.44%,OrakBr99,Brian Orakpo,was
LB,0,0%,579,55.94%,230,49.46%,MurpTr00,Trent Murphy,was
LB,0,0%,0,0%,42,9.03%,JordAk99,Akeem Jordan,was
LB,0,0%,3,.29%,51,10.97%,BeauSt00,Steve Beauharnais,was
LB,0,0%,0,0%,47,10.11%,DaviJa02,Ja'Gared Davis,was
LB,0,0%,15,1.45%,50,10.75%,WillTr02,Trevardo Williams,was
LB,0,0%,13,1.26%,220,47.31%,HaywAd98,Adam Hayward,was
LB,0,0%,46,4.44%,95,20.43%,BrowEv99,Everette Brown,was
LB,0,0%,117,11.30%,30,6.45%,JeffJa00,Jackson Jeffcoat,was
LB,0,0%,29,2.80%,99,21.29%,MillGa00,Gabe Miller,was
LB,0,0%,359,34.69%,270,58.06%,CompWi00,William Compton,was
CB,0,0%,905,87.44%,121,26.02%,AmerDa00,David Amerson,was
CB,0,0%,145,14.01%,10,2.15%,HallDe99,DeAngelo Hall,was
CB,0,0%,451,43.57%,152,32.69%,BiggE.99,E.J. Biggers,was
CB,0,0%,88,8.50%,1,.22%,PortTr99,Tracy Porter,was
CB,0,0%,864,83.48%,132,28.39%,BreeBa00,Bashaud Breeland,was
CB,0,0%,36,3.48%,75,16.13%,MinnCh00,Chase Minnifield,was
CB,0,0%,9,.87%,28,6.02%,RogeJu00,Justin Rogers,was
CB,0,0%,26,2.51%,43,9.25%,DucrGr00,Greg Ducre,was
SS,0,0%,597,57.68%,81,17.42%,MeriBr99,Brandon Meriweather,was
SS,0,0%,72,6.96%,11,2.37%,RambBa00,Bacarri Rambo,was
SS,0,0%,0,0%,67,14.41%,SanfJa99,Jamarca Sanford,was
SS,0,0%,4,.39%,30,6.45%,IhenDu00,Duke Ihenacho,was
FS,0,0%,1013,97.87%,0,0%,ClarRy20,Ryan Clark,was
FS,0,0%,101,9.76%,287,61.72%,RobiTr02,Trent Robinson,was
DB,0,0%,3,.29%,15,3.23%,OkorKe00,Kenny Okoro,was
S,0,0%,5,.48%,192,41.29%,DaviAk00,Akeem Davis,was
S,0,0%,271,26.18%,73,15.70%,ThomPh00,Phillip Thomas,was
LS,0,0%,0,0%,139,29.89%,SundNi00,Nick Sundberg,was
K,0,0%,0,0%,113,24.30%,ForbKa00,Kai Forbath,was
P,0,0%,0,0%,159,34.19%,WayxTr00,Tress Way,was
QB,1065,97.26%,0,0%,0,0%,TannRy00,Ryan Tannehill,mia
QB,30,2.74%,0,0%,0,0%,MoorMa01,Matt Moore,mia
RB,68,6.21%,0,0%,0,0%,MoreKn00,Knowshon Moreno,mia
RB,642,58.63%,0,0%,1,.22%,MillLa01,Lamar Miller,mia
RB,209,19.09%,0,0%,23,5.09%,ThomDa03,Daniel Thomas,mia
RB,158,14.43%,0,0%,268,59.29%,WillDa05,Damien Williams,mia
RB,13,1.19%,0,0%,54,11.95%,DarkOr00,Orleans Darkwa,mia
RB,9,.82%,0,0%,2,.44%,JameLa00,LaMichael James,mia
WR,813,74.25%,0,0%,6,1.33%,HartBr00,Brian Hartline,mia
WR,819,74.79%,0,0%,0,0%,WallMi00,Mike Wallace,mia
WR,683,62.37%,0,0%,165,36.50%,LandJa00,Jarvis Landry,mia
WR,503,45.94%,0,0%,2,.44%,GibsBr00,Brandon Gibson,mia
WR,210,19.18%,0,0%,187,41.37%,MattRi00,Rishard Matthews,mia
"RB,WR",1,.09%,0,0%,19,4.20%,WillDa04,Damian Williams,mia
TE,745,68.04%,0,0%,0,0%,ClayCh00,Charles Clay,mia
TE,507,46.30%,0,0%,28,6.19%,SimsDi00,Dion Sims,mia
TE,82,7.49%,0,0%,34,7.52%,HoskHa00,Gator Hoskins,mia
TE,9,.82%,0,0%,9,1.99%,RobiGe00,Gerell Robinson,mia
T,543,49.59%,0,0%,43,9.51%,AlbeBr20,Branden Albert,mia
T,1038,94.79%,0,0%,75,16.59%,JameJa01,Ja'Wuan James,mia
T,49,4.47%,0,0%,67,14.82%,GarnNa20,Nate Garner,mia
T,214,19.54%,0,0%,41,9.07%,FoxxJa20,Jason Fox,mia
G,359,32.79%,0,0%,52,11.50%,SmitSh22,Shelley Smith,mia
G,740,67.58%,0,0%,59,13.05%,CollDa20,Daryn Colledge,mia
G,673,61.46%,0,0%,67,14.82%,ThomDa04,Dallas Thomas,mia
G,17,1.55%,0,0%,11,2.43%,TurnBi00,Billy Turner,mia
C,1075,98.17%,0,0%,7,1.55%,SateSa20,Samson Satele,mia
C,771,70.41%,0,0%,4,.88%,PounMi00,Mike Pouncey,mia
DE,0,0%,839,79.23%,82,18.14%,VernOl00,Olivier Vernon,mia
DE,0,0%,758,71.58%,7,1.55%,WakeCa00,Cameron Wake,mia
DE,0,0%,222,20.96%,184,40.71%,JordDi00,Dion Jordan,mia
DE,0,0%,417,39.38%,160,35.40%,ShelDe00,Derrick Shelby,mia
DE,0,0%,82,7.74%,114,25.22%,FedeTe00,Terrence Fede,mia
DT,0,0%,807,76.20%,81,17.92%,OdriJa99,Jared Odrick,mia
DT,0,0%,536,50.61%,138,30.53%,MitcEa99,Earl Mitchell,mia
DT,0,0%,541,51.09%,74,16.37%,StarRa20,Randy Starks,mia
DT,0,0%,82,7.74%,16,3.54%,JohnAn04,Anthony Johnson,mia
DT,0,0%,18,1.70%,0,0%,ColeDe01,Deandre Coleman,mia
LB,0,0%,394,37.20%,388,85.84%,TrusJa99,Jason Trusnik,mia
LB,0,0%,900,84.99%,77,17.04%,JenkJe00,Jelani Jenkins,mia
LB,0,0%,41,3.87%,274,60.62%,FreeJo01,Jonathan Freeny,mia
LB,0,0%,47,4.44%,76,16.81%,McCaCh00,Chris McCain,mia
LB,0,0%,379,35.79%,3,.66%,WheePh99,Philip Wheeler,mia
LB,0,0%,18,1.70%,0,0%,ElleDa99,Dannell Ellerbe,mia
LB,0,0%,573,54.11%,4,.88%,MisiKo99,Koa Misi,mia
LB,0,0%,12,1.13%,232,51.33%,TripJo00,Jordan Tripp,mia
LB,0,0%,121,11.43%,153,33.85%,ShepKe00,Kelvin Sheppard,mia
LB,0,0%,0,0%,8,1.77%,KnotJa00,Jake Knott,mia
CB,0,0%,704,66.48%,29,6.42%,FinnCo20,Cortland Finnegan,mia
CB,0,0%,1013,95.66%,63,13.94%,GrimBr20,Brent Grimes,mia
CB,0,0%,136,12.84%,95,21.02%,DaviWi02,Will Davis,mia
CB,0,0%,135,12.75%,61,13.50%,StanR.00,R.J. Stanford,mia
CB,0,0%,293,27.67%,103,22.79%,TaylJa01,Jamar Taylor,mia
CB,0,0%,0,0%,17,3.76%,SeamSa00,Sammy Seamster,mia
SS,0,0%,783,73.94%,124,27.43%,WilsJi00,Jimmy Wilson,mia
SS,0,0%,64,6.04%,228,50.44%,AikeWa00,Walt Aikens,mia
SS,0,0%,0,0%,51,11.28%,JoneDo02,Don Jones,mia
SS,0,0%,0,0%,7,1.55%,RossBr00,Brandian Ross,mia
FS,0,0%,834,78.75%,0,0%,DelmLo99,Louis Delmas,mia
FS,0,0%,757,71.48%,43,9.51%,JoneRe99,Reshad Jones,mia
FS,0,0%,96,9.07%,179,39.60%,ThomMi02,Michael Thomas,mia
DB,0,0%,33,3.12%,171,37.83%,KovaJo00,Jordan Kovacs,mia
DB,0,0%,13,1.23%,40,8.85%,RoseLo00,Lowell Rose,mia
DB,0,0%,0,0%,19,4.20%,HeatT.00,T.J. Heath,mia
LS,0,0%,0,0%,140,30.97%,DennJo20,John Denney,mia
K,0,0%,0,0%,163,36.06%,SturCa00,Caleb Sturgis,mia
P,0,0%,0,0%,141,31.19%,FielBr20,Brandon Fields,mia
QB,141,13.77%,0,0%,0,0%,CassMa00,Matt Cassel,min
QB,794,77.54%,0,0%,0,0%,BridTe00,Teddy Bridgewater,min
QB,89,8.69%,0,0%,0,0%,PondCh00,Christian Ponder,min
RB,43,4.20%,0,0%,0,0%,PeteAd01,Adrian Peterson,min
RB,525,51.27%,0,0%,84,18.92%,AsiaMa00,Matt Asiata,min
RB,99,9.67%,0,0%,166,37.39%,BanyJo00,Joe Banyard,min
RB,30,2.93%,0,0%,0,0%,TateBe00,Ben Tate,min
RB,331,32.32%,0,0%,18,4.05%,McKiJe00,Jerick McKinnon,min
FB,170,16.60%,0,0%,85,19.14%,FeltJe00,Jerome Felton,min
FB,0,0%,0,0%,9,2.03%,LineZa01,Zach Line,min
WR,566,55.27%,0,0%,75,16.89%,PattCo00,Cordarrelle Patterson,min
WR,874,85.35%,0,0%,0,0%,JennGr00,Greg Jennings,min
WR,150,14.65%,0,0%,259,58.33%,ThieAd00,Adam Thielen,min
WR,515,50.29%,0,0%,0,0%,WrigJa02,Jarius Wright,min
WR,440,42.97%,0,0%,0,0%,JohnCh08,Charles Johnson,min
WR,1,.10%,0,0%,2,.45%,SmitRo05,Rodney Smith,min
TE,434,42.38%,0,0%,1,.23%,RudoKy00,Kyle Rudolph,min
TE,551,53.81%,0,0%,191,43.02%,ElliRh00,Rhett Ellison,min
TE,338,33.01%,0,0%,5,1.13%,FordCh00,Chase Ford,min
TE,36,3.52%,0,0%,122,27.48%,GrayMa00,MarQueis Gray,min
T,715,69.82%,0,0%,40,9.01%,LoadPh20,Phil Loadholt,min
T,1024,100.00%,0,0%,64,14.41%,KaliMa00,Matt Kalil,min
T,0,0%,0,0%,4,.90%,WebbJM20,J'Marcus Webb,min
T,362,35.35%,0,0%,42,9.46%,HarrMi01,Mike Harris,min
G,863,84.28%,0,0%,21,4.73%,JohnCh23,Charlie Johnson,min
G,171,16.70%,0,0%,11,2.48%,FuscBr00,Brandon Fusco,min
G,407,39.75%,0,0%,45,10.14%,DucaVl20,Vlad Ducasse,min
G,7,.68%,0,0%,25,5.63%,WentAu01,Austin Wentworth,min
C,974,95.12%,0,0%,57,12.84%,SullJo24,John Sullivan,min
C,613,59.86%,0,0%,94,21.17%,BergJo20,Joe Berger,min
DE,0,0%,907,83.83%,76,17.12%,RobiBr98,Brian Robison,min
DE,0,0%,967,89.37%,80,18.02%,GrifEv99,Everson Griffen,min
DE,0,0%,271,25.05%,96,21.62%,WootCo99,Corey Wootton,min
DE,0,0%,16,1.48%,89,20.05%,CricSc00,Scott Crichton,min
DE,0,0%,9,.83%,71,15.99%,TratJu00,Justin Trattou,min
DT,0,0%,568,52.50%,50,11.26%,FloySh00,Sharrif Floyd,min
DT,0,0%,436,40.30%,12,2.70%,JohnTo01,Tom Johnson,min
NT,0,0%,729,67.38%,76,17.12%,JoseLi99,Linval Joseph,min
NT,0,0%,404,37.34%,14,3.15%,StepSh00,Shamar Stephen,min
LB,0,0%,776,71.72%,70,15.77%,BarrAn00,Anthony Barr,min
LB,0,0%,760,70.24%,56,12.61%,GreeCh99,Chad Greenway,min
LB,0,0%,461,42.61%,131,29.50%,BrinJa99,Jasper Brinkley,min
LB,0,0%,503,46.49%,136,30.63%,HodgGe00,Gerald Hodges,min
LB,0,0%,90,8.32%,271,61.04%,ColeAu00,Audie Cole,min
LB,0,0%,1,.09%,168,37.84%,MautMi00,Michael Mauti,min
LB,0,0%,6,.55%,26,5.86%,WattBr00,Brandon Watts,min
LB,0,0%,0,0%,9,2.03%,KaddJo00,Josh Kaddu,min
CB,0,0%,1062,98.15%,14,3.15%,MunnCa99,Captain Munnerlyn,min
CB,0,0%,671,62.01%,175,39.41%,RobiJo01,Josh Robinson,min
CB,0,0%,46,4.25%,191,43.02%,PricJa00,Jabari Price,min
CB,0,0%,1027,94.92%,93,20.95%,RhodXa00,Xavier Rhodes,min
CB,0,0%,12,1.11%,267,60.14%,SherMa20,Marcus Sherels,min
CB,0,0%,4,.37%,120,27.03%,PratSh00,Shaun Prater,min
SS,0,0%,948,87.62%,128,28.83%,BlanRo00,Robert Blanton,min
SS,0,0%,16,1.48%,243,54.73%,ExumAn00,Antone Exum,min
FS,0,0%,1070,98.89%,98,22.07%,SmitHa00,Harrison Smith,min
FS,0,0%,141,13.03%,274,61.71%,SendAn00,Andrew Sendejo,min
LS,0,0%,0,0%,142,31.98%,LoefCu20,Cullen Loeffler,min
K,0,0%,0,0%,140,31.53%,WalsBl00,Blair Walsh,min
P,0,0%,0,0%,143,32.21%,LockJe00,Jeff Locke,min
QB,1139,100.00%,0,0%,0,0%,BreeDr00,Drew Brees,nor
QB,0,0%,0,0%,70,15.77%,McCoLu00,Luke McCown,nor
RB,299,26.25%,0,0%,46,10.36%,ThomPi00,Pierre Thomas,nor
RB,470,41.26%,0,0%,0,0%,IngrMa01,Mark Ingram,nor
RB,156,13.70%,0,0%,17,3.83%,RobiKh00,Khiry Robinson,nor
RB,204,17.91%,0,0%,159,35.81%,CadeTr00,Travaris Cadet,nor
RB,1,.09%,0,0%,12,2.70%,LeonBr00,Brian Leonard,nor
RB,3,.26%,0,0%,20,4.50%,BakeEd01,Edwin Baker,nor
FB,154,13.52%,0,0%,92,20.72%,LoriEr99,Erik Lorig,nor
FB,106,9.31%,0,0%,124,27.93%,JohnAu00,Austin Johnson,nor
WR,876,76.91%,0,0%,8,1.80%,ColsMa00,Marques Colston,nor
WR,533,46.80%,0,0%,37,8.33%,CookBr00,Brandin Cooks,nor
WR,141,12.38%,0,0%,1,.23%,MorgJo01,Joe Morgan,nor
WR,617,54.17%,0,0%,2,.45%,StilKe00,Kenny Stills,nor
WR,249,21.86%,0,0%,0,0%,MeacRo00,Robert Meachem,nor
WR,240,21.07%,0,0%,22,4.95%,ToonNi00,Nick Toon,nor
WR,1,.09%,0,0%,36,8.11%,SaunJa00,Jalen Saunders,nor
TE,774,67.95%,0,0%,9,2.03%,GrahJi00,Jimmy Graham,nor
TE,288,25.29%,0,0%,343,77.25%,HillJo02,Josh Hill,nor
TE,571,50.13%,0,0%,76,17.12%,WatsBe00,Ben Watson,nor
T,836,73.40%,0,0%,35,7.88%,ArmsTe00,Terron Armstead,nor
T,1058,92.89%,0,0%,64,14.41%,StriZa20,Zach Strief,nor
T,387,33.98%,0,0%,126,28.38%,HarrBr01,Bryce Harris,nor
G,1133,99.47%,0,0%,70,15.77%,GrubBe20,Ben Grubbs,nor
G,1139,100.00%,0,0%,70,15.77%,EvanJa21,Jahri Evans,nor
G,6,.53%,0,0%,64,14.41%,KeleSe00,Senio Kelemete,nor
G,0,0%,0,0%,5,1.13%,OlseEr20,Eric Olsen,nor
C,853,74.89%,0,0%,3,.68%,GoodJo23,Jonathan Goodwin,nor
C,287,25.20%,0,0%,105,23.65%,LeliTi00,Tim Lelito,nor
DE,0,0%,999,93.28%,78,17.57%,JordCa00,Cameron Jordan,nor
DE,0,0%,717,66.95%,73,16.44%,HickAk00,Akiem Hicks,nor
DE,0,0%,303,28.29%,79,17.79%,WalkTy00,Tyrunn Walker,nor
DE,0,0%,69,6.44%,2,.45%,FostGl00,Glenn Foster,nor
NT,0,0%,274,25.58%,0,0%,BunkBr20,Brodrick Bunkley,nor
NT,0,0%,26,2.43%,0,0%,VirgLa00,Lawrence Virgil,nor
NT,0,0%,337,31.47%,5,1.13%,DeadBr99,Brandon Deaderick,nor
NT,0,0%,390,36.41%,0,0%,JenkJo00,John Jenkins,nor
LB,0,0%,1044,97.48%,76,17.12%,LoftCu99,Curtis Lofton,nor
LB,0,0%,742,69.28%,40,9.01%,HawtDa20,David Hawthorne,nor
LB,0,0%,794,74.14%,0,0%,GaleJu00,Junior Galette,nor
LB,0,0%,179,16.71%,372,83.78%,EdebKa00,Kasim Edebali,nor
LB,0,0%,445,41.55%,189,42.57%,HumbRa00,Ramon Humber,nor
LB,0,0%,3,.28%,313,70.50%,PoweRo01,Ronald Powell,nor
LB,2,.18%,488,45.56%,109,24.55%,HaraPa20,Parys Haralson,nor
LB,0,0%,5,.47%,60,13.51%,DaviTo01,Todd Davis,nor
LB,0,0%,2,.19%,219,49.32%,KnoxKy00,Kyle Knox,nor
LB,0,0%,0,0%,36,8.11%,FokoMo99,Moise Fokou,nor
CB,0,0%,758,70.77%,157,35.36%,WhitCo01,Corey White,nor
CB,0,0%,612,57.14%,154,34.68%,RobiPa99,Patrick Robinson,nor
CB,0,0%,899,83.94%,0,0%,LewiKe96,Keenan Lewis,nor
CB,0,0%,190,17.74%,11,2.48%,FredTe00,Terrence Frederick,nor
CB,0,0%,163,15.22%,205,46.17%,DixoBr01,Brian Dixon,nor
CB,0,0%,8,.75%,30,6.76%,JeanSt00,Stanley Jean-Baptiste,nor
SS,6,.53%,980,91.50%,89,20.05%,VaccKe00,Kenny Vaccaro,nor
SS,0,0%,11,1.03%,164,36.94%,SunsVi00,Vinnie Sunseri,nor
SS,0,0%,94,8.78%,221,49.77%,BallMa00,Marcus Ball,nor
SS,0,0%,109,10.18%,96,21.62%,SanfJa99,Jamarca Sanford,nor
FS,0,0%,267,24.93%,20,4.50%,ByrdJa99,Jairus Byrd,nor
FS,0,0%,468,43.70%,87,19.59%,BushRa00,Rafael Bush,nor
S,0,0%,405,37.82%,42,9.46%,WarrPi00,Pierre Warren,nor
LS,0,0%,0,0%,129,29.05%,DresJu20,Justin Drescher,nor
K,0,0%,0,0%,72,16.22%,grahasha01,Shayne Graham,nor
P,0,0%,0,0%,138,31.08%,MorsTh00,Thomas Morstead,nor
