pos,offense,off_pct,defense,def_pct,special_teams,st_pct,player_id,player_name,team
QB,1039,94.20%,0,0%,0,0%,PalmCa00,Carson Palmer,crd
QB,65,5.89%,0,0%,0,0%,StanDr00,Drew Stanton,crd
RB,213,19.31%,0,0%,0,0%,ElliAn00,Andre Ellington,crd
RB,51,4.62%,0,0%,51,10.99%,WillKe05,Kerwynn Williams,crd
RB,366,33.18%,0,0%,0,0%,JohnCh04,Chris Johnson,crd
RB,413,37.44%,0,0%,114,24.57%,JohnDa08,David Johnson,crd
RB,76,6.89%,0,0%,272,58.62%,TaylSt00,Stepfan Taylor,crd
WR,826,74.89%,0,0%,0,0%,BrowJo02,John Brown,crd
WR,984,89.21%,0,0%,4,.86%,FitzLa00,Larry Fitzgerald,crd
WR,272,24.66%,0,0%,240,51.72%,BrowJa03,Jaron Brown,crd
WR,148,13.42%,0,0%,15,3.23%,NelsJJ00,JJ Nelson,crd
WR,21,1.90%,0,0%,265,57.11%,GoldBr00,Brittan Golden,crd
WR,653,59.20%,0,0%,3,.65%,FloyMi00,Michael Floyd,crd
TE,672,60.92%,0,0%,92,19.83%,FellDa01,Darren Fells,crd
TE,596,54.03%,0,0%,0,0%,GresJe00,Jermaine Gresham,crd
TE,179,16.23%,0,0%,190,40.95%,NiklTr00,Troy Niklas,crd
T,979,88.76%,0,0%,78,16.81%,MassBo00,Bobby Massie,crd
"G,T",199,18.04%,0,0%,32,6.90%,WatfEa00,Earl Watford,crd
T,1071,97.10%,0,0%,89,19.18%,VeldJa20,Jared Veldheer,crd
T,33,2.99%,0,0%,89,19.18%,SoweBr00,Bradley Sowell,crd
G,814,73.80%,0,0%,58,12.50%,IupaMi20,Mike Iupati,crd
G,638,57.84%,0,0%,79,17.03%,CoopJo01,Jonathan Cooper,crd
G,679,61.56%,0,0%,23,4.96%,LarsTe20,Ted Larsen,crd
C,994,90.12%,0,0%,0,0%,SendLy20,Lyle Sendlein,crd
C,151,13.69%,0,0%,1,.22%,ShipA.20,A.Q. Shipley,crd
"DE,DT",0,0%,817,78.11%,150,32.33%,CampCa99,Calais Campbell,crd
"DE,DT",0,0%,183,17.50%,6,1.29%,ReddCo20,Cory Redding,crd
DE,0,0%,103,9.85%,18,3.88%,BryaRe99,Red Bryant,crd
DT,0,0%,510,48.76%,94,20.26%,RuckFr99,Frostee Rucker,crd
"DE,DT",0,0%,249,23.80%,166,35.78%,MaurJo00,Josh Mauro,crd
DT,0,0%,377,36.04%,53,11.42%,StinEd00,Ed Stinson,crd
NT,0,0%,413,39.48%,56,12.07%,GuntRo00,Rodney Gunter,crd
NT,0,0%,51,4.88%,3,.65%,WillXa00,Xavier Williams,crd
LB,0,0%,612,58.51%,46,9.91%,OkafAl00,Alex Okafor,crd
LB,0,0%,926,88.53%,67,14.44%,MintKe00,Kevin Minter,crd
LB,0,0%,278,26.58%,11,2.37%,WoodLa99,LaMarr Woodley,crd
LB,0,0%,517,49.43%,145,31.25%,GoldMa00,Markus Golden,crd
LB,0,0%,256,24.47%,0,0%,FreeDw00,Dwight Freeney,crd
LB,0,0%,0,0%,94,20.26%,DemeKe00,Kenny Demens,crd
LB,0,0%,145,13.86%,238,51.29%,MartKa00,Kareem Martin,crd
LB,0,0%,38,3.63%,305,65.73%,FuaxAl00,Alani Fua,crd
LB,0,0%,126,12.05%,111,23.92%,WeatSe99,Sean Weatherspoon,crd
CB,0,0%,989,94.55%,173,37.28%,PetePa00,Patrick Peterson,crd
CB,0,0%,784,74.95%,92,19.83%,PoweJe99,Jerraud Powers,crd
CB,0,0%,443,42.35%,349,75.22%,BethJu00,Justin Bethel,crd
CB,0,0%,8,.76%,37,7.97%,WhitCo01,Corey White,crd
CB,0,0%,0,0%,36,7.76%,BrooCa00,Cariel Brooks,crd
SS,0,0%,994,95.03%,81,17.46%,BucaDe00,Deone Bucannon,crd
SS,0,0%,755,72.18%,148,31.90%,JeffTo00,Tony Jefferson,crd
SS,0,0%,152,14.53%,47,10.13%,SweaDJ00,D.J. Swearinger,crd
FS,0,0%,885,84.61%,113,24.35%,MathTy00,Tyrann Mathieu,crd
FS,0,0%,845,80.78%,166,35.78%,JohnRa98,Rashad Johnson,crd
FS,0,0%,49,4.68%,110,23.71%,ClemCh97,Chris Clemons,crd
LS,0,0%,0,0%,152,32.76%,LeacMi00,Mike Leach,crd
K,0,0%,0,0%,188,40.52%,CataCh00,Chandler Catanzaro,crd
P,0,0%,0,0%,152,32.76%,ButlDr00,Drew Butler,crd
QB,1115,97.89%,0,0%,0,0%,RyanMa00,Matt Ryan,atl
QB,24,2.11%,0,0%,0,0%,RenfSe00,Sean Renfree,atl
RB,226,19.84%,0,0%,20,4.87%,ColeTe01,Tevin Coleman,atl
RB,767,67.34%,0,0%,0,0%,FreeDe00,Devonta Freeman,atl
RB,114,10.01%,0,0%,91,22.14%,WardTe00,Terron Ward,atl
FB,366,32.13%,0,0%,222,54.01%,DiMaPa00,Patrick DiMarco,atl
WR,935,82.09%,0,0%,3,.73%,WhitRo00,Roddy White,atl
WR,969,85.07%,0,0%,0,0%,JoneJu02,Julio Jones,atl
WR,337,29.59%,0,0%,64,15.57%,HardJu00,Justin Hardy,atl
WR,339,29.76%,0,0%,0,0%,HankLe00,Leonard Hankerson,atl
WR,34,2.99%,0,0%,247,60.10%,WeemEr00,Eric Weems,atl
WR,1,.09%,0,0%,42,10.22%,HestDe99,Devin Hester,atl
WR,200,17.56%,0,0%,94,22.87%,WillNi02,Nick Williams,atl
TE,771,67.69%,0,0%,13,3.16%,TammJa00,Jacob Tamme,atl
TE,522,45.83%,0,0%,206,50.12%,ToilLe00,Levine Toilolo,atl
TE,19,1.67%,0,0%,7,1.70%,ShulMi01,Mickey Shuler,atl
TE,89,7.81%,0,0%,68,16.55%,MoeaTo00,Tony Moeaki,atl
T,1129,99.12%,0,0%,66,16.06%,SchrRy00,Ryan Schraeder,atl
T,1126,98.86%,0,0%,66,16.06%,MattJa00,Jake Matthews,atl
T,13,1.14%,0,0%,0,0%,HarrBr01,Bryce Harris,atl
T,6,.53%,0,0%,16,3.89%,PoluTy20,Tyler Polumbus,atl
T,10,.88%,0,0%,9,2.19%,LongJa20,Jake Long,atl
G,1139,100.00%,0,0%,60,14.60%,ChesCh21,Chris Chester,atl
G,1126,98.86%,0,0%,41,9.98%,LeviAn20,Andy Levitre,atl
G,133,11.68%,0,0%,33,8.03%,StonJa02,James Stone,atl
C,951,83.49%,0,0%,25,6.08%,PersMi00,Michael Person,atl
C,67,5.88%,0,0%,2,.49%,GradGi00,Gino Gradkowski,atl
DE,0,0%,537,51.24%,19,4.62%,BeasVi00,Vic Beasley,atl
DE,0,0%,516,49.24%,333,81.02%,BierKr99,Kroy Biermann,atl
DE,0,0%,521,49.71%,73,17.76%,ClayAd00,Adrian Clayborn,atl
DE,0,0%,106,10.11%,0,0%,GoodMa01,Malliciah Goodman,atl
DE,0,0%,463,44.18%,103,25.06%,JackTy98,Tyson Jackson,atl
DE,0,0%,0,0%,15,3.65%,StarTy00,Tyler Starr,atl
DT,0,0%,419,39.98%,66,16.06%,HageRa00,Ra'Shede Hageman,atl
DT,0,0%,267,25.48%,61,14.84%,JarrGr00,Grady Jarrett,atl
NT,0,0%,548,52.29%,1,.24%,BabiJo20,Jonathan Babineaux,atl
NT,0,0%,55,5.25%,0,0%,MbuxJo01,Joey Mbu,atl
NT,0,0%,356,33.97%,57,13.87%,SoliPa99,Paul Soliai,atl
LB,0,0%,872,83.21%,64,15.57%,WorrPa00,Paul Worrilow,atl
LB,0,0%,655,62.50%,15,3.65%,DuraJu99,Justin Durant,atl
LB,0,0%,498,47.52%,69,16.79%,SchoOB99,O'Brien Schofield,atl
LB,0,0%,143,13.65%,75,18.25%,WheePh99,Philip Wheeler,atl
LB,0,0%,140,13.36%,47,11.44%,BartJo01,Joplo Bartu,atl
LB,0,0%,49,4.68%,113,27.49%,BradAl00,Allen Bradford,atl
LB,0,0%,257,24.52%,320,77.86%,StupNa01,Nathan Stupar,atl
LB,0,0%,345,32.92%,0,0%,ReedBr00,Brooks Reed,atl
CB,0,0%,966,92.18%,146,35.52%,TrufDe00,Desmond Trufant,atl
CB,0,0%,906,86.45%,148,36.01%,AlfoRo00,Robert Alford,atl
CB,0,0%,428,40.84%,106,25.79%,AdamPh00,Phillip Adams,atl
CB,0,0%,300,28.63%,187,45.50%,CollJa02,Jalen Collins,atl
CB,0,0%,14,1.34%,48,11.68%,KingAk00,Akeem King,atl
CB,0,0%,17,1.62%,22,5.35%,SoutDe00,Dezmen Southward,atl
SS,0,0%,503,48.00%,1,.24%,MoorWi99,William Moore,atl
SS,0,0%,375,35.78%,288,70.07%,IshmKe00,Kemal Ishmael,atl
S,0,0%,838,79.96%,118,28.71%,AlleRi00,Ricardo Allen,atl
S,0,0%,289,27.58%,140,34.06%,TherRo00,Robenson Therezie,atl
S,0,0%,144,13.74%,90,21.90%,GodfCh99,Charles Godfrey,atl
LS,0,0%,0,0%,127,30.90%,HarrJo02,Josh Harris,atl
K,0,0%,0,0%,45,10.95%,bryanmat01,Matt Bryant,atl
K,0,0%,0,0%,21,5.11%,grahasha01,Shayne Graham,atl
P,0,0%,0,0%,203,49.39%,BoshMa00,Matthew Bosher,atl
QB,155,13.67%,0,0%,0,0%,MallRy00,Ryan Mallett,rav
QB,137,12.08%,0,0%,0,0%,SchaMa00,Matt Schaub,rav
QB,716,63.14%,0,0%,0,0%,FlacJo00,Joe Flacco,rav
QB,126,11.11%,0,0%,0,0%,ClauJi00,Jimmy Clausen,rav
RB,52,4.59%,0,0%,21,4.45%,TaliLo00,Lorenzo Taliaferro,rav
RB,475,41.89%,0,0%,0,0%,ForsJu00,Justin Forsett,rav
RB,393,34.66%,0,0%,20,4.24%,AlleJa01,Javorius Allen,rav
RB,97,8.55%,0,0%,0,0%,WestTe00,Terrance West,rav
RB,2,.18%,0,0%,108,22.88%,MostRa00,Raheem Mostert,rav
RB,11,.97%,0,0%,12,2.54%,MageTe00,Terrence Magee,rav
FB,383,33.77%,0,0%,254,53.81%,JuszKy00,Kyle Juszczyk,rav
WR,347,30.60%,0,0%,6,1.27%,SmitSt01,Steve Smith Sr.,rav
WR,937,82.63%,0,0%,14,2.97%,AikeKa00,Kamar Aiken,rav
WR,404,35.63%,0,0%,54,11.44%,BrowMa00,Marlon Brown,rav
WR,91,8.02%,0,0%,72,15.25%,RossJe01,Jeremy Ross,rav
WR,440,38.80%,0,0%,0,0%,GiveCh00,Chris Givens,rav
WR,385,33.95%,0,0%,31,6.57%,ButlJe01,Jeremy Butler,rav
WR,109,9.61%,0,0%,55,11.65%,MattCh00,Chris Matthews,rav
WR,45,3.97%,0,0%,95,20.13%,WallDa01,Darren Waller,rav
WR,54,4.76%,0,0%,32,6.78%,CampMi02,Michael Campanaro,rav
WR,85,7.50%,0,0%,35,7.42%,BrowDa04,Daniel Brown,rav
WR,10,.88%,0,0%,54,11.44%,ClayKa00,Kaelin Clay,rav
TE,519,45.77%,0,0%,45,9.53%,GillCr00,Crockett Gillmore,rav
TE,295,26.01%,0,0%,135,28.60%,BoylNi00,Nick Boyle,rav
TE,476,41.98%,0,0%,70,14.83%,WillMa04,Maxx Williams,rav
TE,24,2.12%,0,0%,46,9.75%,ReulKo00,Konrad Reuland,rav
T,1128,99.47%,0,0%,69,14.62%,WagnRi00,Ricky Wagner,rav
T,571,50.35%,0,0%,71,15.04%,HursJa00,James Hurst,rav
T,316,27.87%,0,0%,17,3.60%,MonrEu20,Eugene Monroe,rav
T,6,.53%,0,0%,25,5.30%,WeslDe00,De'Ondre Wesley,rav
G,1132,99.82%,0,0%,71,15.04%,YandMa20,Marshal Yanda,rav
G,975,85.98%,0,0%,60,12.71%,OsemKe00,Kelechi Osemele,rav
G,547,48.24%,0,0%,103,21.82%,UrscJo00,John Urschel,rav
C,612,53.97%,0,0%,3,.64%,ZuttJe20,Jeremy Zuttah,rav
C,419,36.95%,0,0%,60,12.71%,JensRy00,Ryan Jensen,rav
DE,0,0%,281,26.61%,37,7.84%,CantCh21,Chris Canty,rav
DE,0,0%,480,45.45%,155,32.84%,GuyxLa00,Lawrence Guy,rav
DE,0,0%,90,8.52%,27,5.72%,UrbaBr00,Brent Urban,rav
DT,0,0%,531,50.28%,2,.42%,JernTi00,Timmy Jernigan,rav
DT,0,0%,51,4.83%,25,5.30%,LewiKa00,Kapron Lewis-Moore,rav
NT,0,0%,725,68.66%,26,5.51%,WillBr02,Brandon Williams,rav
NT,0,0%,237,22.44%,65,13.77%,DaviCa01,Carl Davis,rav
LB,0,0%,1046,99.05%,76,16.10%,MoslC.00,C.J. Mosley,rav
LB,0,0%,974,92.23%,0,0%,SmitDa24,Daryl Smith,rav
LB,0,0%,794,75.19%,82,17.37%,UpshCo00,Courtney Upshaw,rav
LB,0,0%,787,74.53%,0,0%,DumeEl20,Elvis Dumervil,rav
LB,0,0%,48,4.55%,0,0%,SuggTe99,Terrell Suggs,rav
LB,0,0%,406,38.45%,98,20.76%,SmitZa00,Za'Darius Smith,rav
LB,0,0%,159,15.06%,329,69.70%,McClAl00,Albert McClellan,rav
LB,0,0%,142,13.45%,401,84.96%,OrrxZa00,Zach Orr,rav
LB,0,0%,3,.28%,37,7.84%,CartCh00,Chris Carter,rav
LB,0,0%,10,.95%,258,54.66%,BrowAr00,Arthur Brown,rav
LB,0,0%,29,2.75%,0,0%,BabiJa20,Jason Babin,rav
CB,0,0%,994,94.13%,0,0%,SmitJi03,Jimmy Smith,rav
CB,0,0%,885,83.81%,12,2.54%,WebbLa99,Lardarius Webb,rav
CB,0,0%,485,45.93%,11,2.33%,WrigSh00,Shareece Wright,rav
CB,0,0%,333,31.53%,46,9.75%,ArriKy00,Kyle Arrington,rav
CB,0,0%,27,2.56%,11,2.33%,RollJu00,Jumal Rolle,rav
CB,0,0%,30,2.84%,12,2.54%,DaviWi02,Will Davis,rav
CB,0,0%,17,1.61%,7,1.48%,MelvRa00,Rashaan Melvin,rav
CB,0,0%,9,.85%,78,16.53%,JackAs00,Asa Jackson,rav
CB,0,0%,8,.76%,77,16.31%,WalkTr00,Tray Walker,rav
CB,0,0%,0,0%,6,1.27%,VaugCa00,Cassius Vaughn,rav
SS,0,0%,948,89.77%,121,25.64%,HillWi01,Will Hill,rav
SS,0,0%,87,8.24%,394,83.47%,TrawBr00,Brynden Trawick,rav
FS,0,0%,924,87.50%,44,9.32%,LewiKe00,Kendrick Lewis,rav
FS,0,0%,10,.95%,401,84.96%,LeviAn00,Anthony Levine,rav
FS,0,0%,65,6.16%,267,56.57%,BrooTe00,Terrence Brooks,rav
LS,0,0%,0,0%,150,31.78%,CoxxMo00,Morgan Cox,rav
K,0,0%,0,0%,145,30.72%,TuckJu00,Justin Tucker,rav
P,0,0%,0,0%,150,31.78%,KochSa20,Sam Koch,rav
QB,923,85.86%,0,0%,0,0%,TaylTy00,Tyrod Taylor,buf
QB,155,14.42%,0,0%,0,0%,ManuEJ00,EJ Manuel,buf
QB,1,.09%,0,0%,0,0%,CassMa00,Matt Cassel,buf
RB,599,55.72%,0,0%,0,0%,McCoLe01,LeSean McCoy,buf
RB,90,8.37%,0,0%,292,63.34%,DixoAn00,Anthony Dixon,buf
RB,112,10.42%,0,0%,14,3.04%,GillMi00,Mike Gillislee,buf
RB,35,3.26%,0,0%,18,3.90%,HerrDa00,Dan Herron,buf
RB,242,22.51%,0,0%,21,4.56%,WillKa01,Karlos Williams,buf
RB,10,.93%,0,0%,0,0%,WoodCi00,Cierre Wood,buf
FB,285,26.51%,0,0%,78,16.92%,FeltJe00,Jerome Felton,buf
WR,715,66.51%,3,.28%,1,.22%,WatkSa00,Sammy Watkins,buf
WR,239,22.23%,0,0%,21,4.56%,HarvPe00,Percy Harvin,buf
WR,774,72.00%,3,.28%,43,9.33%,WoodRo02,Robert Woods,buf
WR,30,2.79%,0,0%,12,2.60%,GoodMa00,Marquise Goodwin,buf
WR,59,5.49%,0,0%,15,3.25%,SalaGr00,Greg Salas,buf
WR,612,56.93%,0,0%,181,39.26%,HogaCh00,Chris Hogan,buf
WR,31,2.88%,3,.28%,229,49.67%,EaslMa00,Marcus Easley,buf
WR,9,.84%,0,0%,7,1.52%,LewiDe02,Dezmin Lewis,buf
WR,12,1.12%,0,0%,0,0%,HankLe00,Leonard Hankerson,buf
WR,4,.37%,0,0%,16,3.47%,PoweWa00,Walt Powell,buf
WR,12,1.12%,0,0%,71,15.40%,ThigMa00,Marcus Thigpen,buf
WR,10,.93%,0,0%,29,6.29%,MoorDe02,Denarius Moore,buf
TE,763,70.98%,0,0%,3,.65%,ClayCh00,Charles Clay,buf
TE,202,18.79%,0,0%,97,21.04%,MullMa00,Matthew Mulligan,buf
TE,26,2.42%,0,0%,74,16.05%,GrayMa00,MarQueis Gray,buf
TE,347,32.28%,0,0%,106,22.99%,GragCh00,Chris Gragg,buf
TE,41,3.81%,0,0%,12,2.60%,OLeaNi00,Nick O'Leary,buf
T,1059,98.51%,0,0%,65,14.10%,GlenCo00,Cordy Glenn,buf
T,592,55.07%,0,0%,39,8.46%,HendSe00,Seantrel Henderson,buf
T,355,33.02%,0,0%,43,9.33%,MillJo02,Jordan Mills,buf
T,227,21.12%,0,0%,49,10.63%,KouaCy00,Cyrus Kouandjio,buf
G,648,60.28%,0,0%,38,8.24%,MillJo04,John Miller,buf
G,1075,100.00%,0,0%,67,14.53%,IncoRi20,Richie Incognito,buf
G,24,2.23%,0,0%,8,1.74%,GroyRy00,Ryan Groy,buf
C,1075,100.00%,0,0%,0,0%,WoodEr20,Eric Wood,buf
"C,G",431,40.09%,0,0%,67,14.53%,UrbiKr20,Kraig Urbik,buf
C,0,0%,0,0%,10,2.17%,IkarGa00,Gabe Ikard,buf
DE,0,0%,1006,92.46%,18,3.90%,HughJe99,Jerry Hughes,buf
DE,0,0%,884,81.25%,66,14.32%,WillMa22,Mario Williams,buf
DE,0,0%,23,2.11%,3,.65%,WortJe00,Jerel Worthy,buf
DE,0,0%,174,15.99%,31,6.72%,CarrAl99,Alex Carrington,buf
DT,0,0%,755,69.39%,43,9.33%,DareMa00,Marcell Dareus,buf
DT,1,.09%,345,31.71%,28,6.07%,WillKy20,Kyle Williams,buf
DT,0,0%,632,58.09%,147,31.89%,BryaCo00,Corbin Bryant,buf
DT,0,0%,228,20.96%,32,6.94%,CharSt00,Stefan Charles,buf
NT,0,0%,26,2.39%,27,5.86%,BarnT.00,T.J. Barnes,buf
LB,0,0%,728,66.91%,109,23.64%,BradNi00,Nigel Bradham,buf
LB,0,0%,1068,98.16%,157,34.06%,BrowPr00,Preston Brown,buf
LB,0,0%,32,2.94%,116,25.16%,ReddKe00,Kevin Reddick,buf
LB,0,0%,701,64.43%,183,39.70%,LawsMa20,Manny Lawson,buf
LB,0,0%,13,1.19%,186,40.35%,JohnRa01,Randell Johnson,buf
LB,0,0%,83,7.63%,210,45.55%,TarpA.00,A.J. Tarpley,buf
LB,0,0%,146,13.42%,12,2.60%,EnemIK00,IK Enemkpali,buf
LB,0,0%,8,.74%,86,18.66%,StewTo01,Tony Steward,buf
CB,0,0%,792,72.79%,53,11.50%,GilmSt00,Stephon Gilmore,buf
CB,0,0%,672,61.76%,128,27.77%,RobeNi00,Nickell Robey-Coleman,buf
CB,0,0%,388,35.66%,40,8.68%,McKeLe99,Leodis McKelvin,buf
CB,0,0%,914,84.01%,67,14.53%,DarbRo00,Ronald Darby,buf
CB,0,0%,127,11.67%,138,29.93%,ButlMa00,Mario Butler,buf
CB,0,0%,52,4.78%,238,51.63%,BrooRo01,Ron Brooks,buf
CB,0,0%,0,0%,11,2.39%,SeamSa00,Sammy Seamster,buf
CB,0,0%,980,90.07%,157,34.06%,GrahCo99,Corey Graham,buf
SS,0,0%,686,63.05%,101,21.91%,RambBa00,Bacarri Rambo,buf
SS,0,0%,191,17.56%,10,2.17%,WillAa00,Aaron Williams,buf
SS,0,0%,16,1.47%,251,54.45%,MeekJo01,Jonathan Meeks,buf
FS,0,0%,283,26.01%,237,51.41%,WillDu00,Duke Williams,buf
LS,0,0%,0,0%,152,32.97%,SanbGa00,Garrison Sanborn,buf
K,0,0%,0,0%,77,16.70%,GayxJo00,Jordan Gay,buf
K,0,0%,0,0%,71,15.40%,CarpDa44,Dan Carpenter,buf
K,0,0%,0,0%,4,.87%,cundibil01,Billy Cundiff,buf
P,0,0%,0,0%,153,33.19%,SchmCo00,Colton Schmidt,buf
QB,1077,97.73%,0,0%,0,0%,NewtCa00,Cam Newton,car
QB,13,1.18%,0,0%,308,64.71%,WebbJo00,Joe Webb,car
QB,25,2.27%,0,0%,0,0%,AndeDe00,Derek Anderson,car
RB,607,55.08%,0,0%,0,0%,StewJo00,Jonathan Stewart,car
RB,155,14.07%,0,0%,217,45.59%,WhitFo00,Fozzy Whittaker,car
RB,2,.18%,0,0%,14,2.94%,WeghBr00,Brandon Wegher,car
RB,113,10.25%,0,0%,3,.63%,ArtiCa00,Cameron Artis-Payne,car
FB,422,38.29%,0,0%,108,22.69%,TolbMi00,Mike Tolbert,car
WR,753,68.33%,0,0%,0,0%,BrowPh00,Corey Brown,car
WR,670,60.80%,0,0%,76,15.97%,GinnTe00,Ted Ginn Jr.,car
WR,99,8.98%,0,0%,86,18.07%,BersBr00,Brenton Bersin,car
WR,419,38.02%,0,0%,0,0%,CotcJe00,Jerricho Cotchery,car
WR,493,44.74%,0,0%,1,.21%,FuncDe00,Devin Funchess,car
WR,13,1.18%,0,0%,6,1.26%,NorwKe00,Kevin Norwood,car
TE,1057,95.92%,0,0%,3,.63%,OlseGr00,Greg Olsen,car
TE,598,54.26%,0,0%,237,49.79%,DickEd00,Ed Dickson,car
TE,3,.27%,0,0%,43,9.03%,BrocRi00,Richie Brockel,car
TE,6,.54%,0,0%,42,8.82%,WillBr04,Brandon Williams,car
TE,31,2.81%,0,0%,50,10.50%,SimoSc00,Scott Simonson,car
T,1102,100.00%,0,0%,96,20.17%,RemmMi00,Mike Remmers,car
T,1084,98.37%,0,0%,96,20.17%,OherMi20,Michael Oher,car
T,58,5.26%,0,0%,36,7.56%,WillDa06,Daryl Williams,car
G,818,74.23%,0,0%,61,12.82%,NorwAn01,Andrew Norwell,car
G,1074,97.46%,0,0%,96,20.17%,TurnTr01,Trai Turner,car
G,90,8.17%,0,0%,65,13.66%,ScotCh23,Chris Scott,car
G,238,21.60%,0,0%,58,12.18%,SilaAm00,Amini Silatolu,car
C,1000,90.74%,0,0%,0,0%,KaliRy20,Ryan Kalil,car
C,102,9.26%,0,0%,37,7.77%,VelaFe20,Fernando Velasco,car
DE,0,0%,388,35.27%,5,1.05%,JohnCh98,Charles Johnson,car
DE,0,0%,648,58.91%,55,11.55%,EalyKo00,Kony Ealy,car
DE,0,0%,225,20.45%,10,2.10%,DelaRy00,Ryan Delaire,car
DE,0,0%,392,35.64%,108,22.69%,AddiMa00,Mario Addison,car
DE,0,0%,550,50.00%,7,1.47%,AlleJa22,Jared Allen,car
DE,0,0%,155,14.09%,20,4.20%,HortWe00,Wes Horton,car
DT,0,0%,375,34.09%,110,23.11%,EdwaDw20,Dwan Edwards,car
DT,0,0%,533,48.45%,52,10.92%,LotuSt00,Star Lotulelei,car
DT,0,0%,759,69.00%,64,13.45%,ShorKa00,Kawann Short,car
DT,0,0%,328,29.82%,33,6.93%,LoveKy00,Kyle Love,car
DT,0,0%,49,4.45%,0,0%,ColeCo20,Colin Cole,car
LB,0,0%,1003,91.18%,68,14.29%,DaviTh20,Thomas Davis,car
LB,0,0%,318,28.91%,283,59.45%,KleiAJ00,A.J. Klein,car
LB,0,0%,767,69.73%,49,10.29%,KuecLu00,Luke Kuechly,car
LB,0,0%,365,33.18%,166,34.87%,ThomSh01,Shaq Thompson,car
LB,0,0%,35,3.18%,392,82.35%,JacoBe00,Ben Jacobs,car
LB,0,0%,0,0%,224,47.06%,MayoDa00,David Mayo,car
CB,0,0%,1062,96.55%,81,17.02%,NormJo01,Josh Norman,car
CB,0,0%,788,71.64%,69,14.50%,BenwBe00,Bene Benwikere,car
CB,0,0%,711,64.64%,82,17.23%,TillCh20,Charles Tillman,car
CB,0,0%,213,19.36%,46,9.66%,FinnCo20,Cortland Finnegan,car
CB,0,0%,50,4.55%,325,68.28%,WillTe00,Teddy Williams,car
CB,0,0%,35,3.18%,16,3.36%,McClRo98,Robert McClain,car
SS,0,0%,951,86.45%,64,13.45%,HarpRo21,Roman Harper,car
SS,0,0%,9,.82%,53,11.13%,MarlDe00,Dean Marlowe,car
FS,0,0%,1018,92.55%,64,13.45%,ColeKu99,Kurt Coleman,car
FS,0,0%,151,13.73%,314,65.97%,JoneCo01,Colin Jones,car
FS,0,0%,222,20.18%,197,41.39%,BostTr00,Tre Boston,car
LS,0,0%,0,0%,168,35.29%,JansJ.00,J.J. Jansen,car
K,0,0%,0,0%,198,41.60%,GanoGr44,Graham Gano,car
P,0,0%,0,0%,169,35.50%,NortBr00,Brad Nortman,car
QB,990,91.58%,0,0%,0,0%,CutlJa00,Jay Cutler,chi
QB,91,8.42%,0,0%,0,0%,ClauJi00,Jimmy Clausen,chi
RB,597,55.23%,0,0%,0,0%,FortMa00,Matt Forte,chi
RB,392,36.26%,0,0%,88,19.26%,LangJe00,Jeremy Langford,chi
RB,41,3.79%,0,0%,71,15.54%,RodgJa00,Jacquizz Rodgers,chi
RB,4,.37%,0,0%,51,11.16%,SmitAn01,Antone Smith,chi
RB,77,7.12%,0,0%,64,14.00%,CareKa00,Ka'Deem Carey,chi
WR,474,43.85%,0,0%,1,.22%,RoyaEd00,Eddie Royal,chi
WR,638,59.02%,0,0%,1,.22%,WilsMa02,Marquess Wilson,chi
WR,502,46.44%,0,0%,0,0%,JeffAl00,Alshon Jeffery,chi
WR,437,40.43%,0,0%,239,52.30%,BellJo02,Josh Bellamy,chi
WR,136,12.58%,0,0%,30,6.56%,MereCa00,Cameron Meredith,chi
WR,521,48.20%,0,0%,134,29.32%,MariMa00,Marc Mariani,chi
WR,44,4.07%,0,0%,48,10.50%,ThomDe04,Deonte Thompson,chi
TE,726,67.16%,0,0%,23,5.03%,BennMa00,Martellus Bennett,chi
TE,127,11.75%,0,0%,148,32.39%,LeexKh00,Khari Lee,chi
TE,580,53.65%,0,0%,129,28.23%,MillZa02,Zach Miller,chi
TE,35,3.24%,0,0%,41,8.97%,HousRo01,Rob Housler,chi
T,231,21.37%,0,0%,51,11.16%,BushJe20,Jermon Bushrod,chi
T,916,84.74%,0,0%,87,19.04%,LenoCh00,Charles Leno Jr.,chi
T,2,.19%,0,0%,18,3.94%,FabuTa00,Tayo Fabuluje,chi
T,0,0%,0,0%,22,4.81%,BectNi00,Nick Becton,chi
"C,G",1081,100.00%,0,0%,49,10.72%,SlauMa20,Matt Slauson,chi
G,750,69.38%,0,0%,69,15.10%,DucaVl20,Vlad Ducasse,chi
"G,T",1080,99.91%,0,0%,68,14.88%,LongKy00,Kyle Long,chi
G,666,61.61%,0,0%,67,14.66%,OmamPa00,Patrick Omameh,chi
C,551,50.97%,0,0%,0,0%,GrasHr00,Hroniss Grasu,chi
C,195,18.04%,0,0%,0,0%,MontWi20,Will Montgomery,chi
DE,0,0%,418,40.50%,71,15.54%,SuttWi00,Will Sutton,chi
DE,0,0%,636,61.63%,17,3.72%,JenkJa01,Jarvis Jenkins,chi
DE,0,0%,105,10.17%,18,3.94%,FergEg00,Ego Ferguson,chi
DE,0,0%,17,1.65%,2,.44%,ScruGr00,Greg Scruggs,chi
DE,0,0%,1,.10%,7,1.53%,WashCo00,Cornelius Washington,chi
DE,0,0%,2,.19%,0,0%,EdwaLa00,Lavar Edwards,chi
DT,7,.65%,380,36.82%,142,31.07%,UnreMi00,Mitch Unrein,chi
DT,0,0%,49,4.75%,0,0%,SmitDA99,D'Anthony Smith,chi
DT,0,0%,37,3.59%,1,.22%,HoodEv99,Evander Hood,chi
DT,0,0%,20,1.94%,1,.22%,DunnBr00,Brandon Dunn,chi
DT,0,0%,163,15.79%,9,1.97%,GastBr00,Bruce Gaston,chi
NT,0,0%,78,7.56%,2,.44%,RatlJa20,Jay Ratliff,chi
NT,0,0%,515,49.90%,74,16.19%,GoldEd00,Eddie Goldman,chi
LB,0,0%,674,65.31%,74,16.19%,McClSh00,Shea McClellin,chi
LB,0,0%,743,72.00%,128,28.01%,JoneCh05,Christian Jones,chi
LB,0,0%,313,30.33%,145,31.73%,AndeJo01,Jonathan Anderson,chi
LB,0,0%,594,57.56%,34,7.44%,McPhPe00,Pernell McPhee,chi
LB,0,0%,104,10.08%,6,1.31%,AlleJa22,Jared Allen,chi
LB,0,0%,447,43.31%,284,62.14%,AchoSa00,Sam Acho,chi
LB,0,0%,523,50.68%,37,8.10%,YounWi99,Willie Young,chi
LB,0,0%,78,7.56%,207,45.30%,ReynLa00,LaRoy Reynolds,chi
LB,0,0%,159,15.41%,60,13.13%,TimuJo00,John Timu,chi
LB,0,0%,0,0%,309,67.61%,BarrLa00,Lamin Barrow,chi
LB,0,0%,418,40.50%,14,3.06%,HousLa99,Lamarr Houston,chi
CB,0,0%,297,28.78%,279,61.05%,McMaSh99,Sherrick McManis,chi
CB,0,0%,1022,99.03%,130,28.45%,FullKy00,Kyle Fuller,chi
CB,0,0%,248,24.03%,59,12.91%,BallAl99,Alan Ball,chi
CB,0,0%,17,1.65%,41,8.97%,MitcTe00,Terrance Mitchell,chi
CB,0,0%,322,31.20%,68,14.88%,CallBr00,Bryce Callahan,chi
CB,0,0%,844,81.78%,8,1.75%,PortTr99,Tracy Porter,chi
CB,0,0%,0,0%,3,.66%,GlenJa01,Jacoby Glenn,chi
FS,0,0%,23,2.23%,179,39.17%,MartSh99,Sherrod Martin,chi
FS,0,0%,337,32.66%,259,56.67%,ProsCh00,Chris Prosinski,chi
"DB,S",0,0%,1029,99.71%,167,36.54%,AmosAd00,Adrian Amos,chi
"S,SS",0,0%,388,37.60%,1,.22%,RollAn20,Antrel Rolle,chi
"FS,S",0,0%,4,.39%,61,13.35%,VereBr00,Brock Vereen,chi
S,0,0%,273,26.45%,114,24.95%,JoneHa02,Harold Jones-Quartey,chi
S,0,0%,73,7.07%,79,17.29%,HursDe00,Demontre Hurst,chi
LS,0,0%,0,0%,45,9.85%,ScalPa00,Patrick Scales,chi
LS,0,0%,0,0%,98,21.44%,GaffTh20,Thomas Gafford,chi
K,0,0%,0,0%,152,33.26%,gouldrob01,Robbie Gould,chi
P,0,0%,0,0%,8,1.75%,LannSp00,Spencer Lanning,chi
P,0,0%,0,0%,135,29.54%,ODonPa00,Pat O'Donnell,chi
QB,797,75.55%,0,0%,0,0%,DaltAn00,Andy Dalton,cin
QB,257,24.36%,0,0%,0,0%,McCaA.00,A.J. McCarron,cin
RB,457,43.32%,0,0%,0,0%,HillJe01,Jeremy Hill,cin
RB,580,54.98%,0,0%,2,.45%,BernGi00,Giovani Bernard,cin
RB,73,6.92%,0,0%,299,67.49%,BurkRe00,Rex Burkhead,cin
RB,0,0%,0,0%,286,64.56%,PeerCe00,Cedric Peerman,cin
WR,931,88.25%,0,0%,2,.45%,GreeA.00,A.J. Green,cin
WR,643,60.95%,0,0%,7,1.58%,SanuMo00,Mohamed Sanu,cin
WR,900,85.31%,0,0%,4,.90%,JoneMa02,Marvin Jones,cin
WR,9,.85%,0,0%,137,30.93%,TateBr00,Brandon Tate,cin
WR,5,.47%,0,0%,1,.23%,AlfoMa00,Mario Alford,cin
TE,750,71.09%,0,0%,0,0%,EifeTy00,Tyler Eifert,cin
TE,375,35.55%,0,0%,155,34.99%,HewiRy00,Ryan Hewitt,cin
TE,347,32.89%,0,0%,297,67.04%,KrofTy00,Tyler Kroft,cin
TE,48,4.55%,0,0%,79,17.83%,UzomC.00,C.J. Uzomah,cin
T,884,83.79%,0,0%,35,7.90%,SmitAn23,Andre Smith,cin
T,1023,96.97%,0,0%,77,17.38%,WhitAn20,Andrew Whitworth,cin
T,171,16.21%,0,0%,63,14.22%,WinsEr20,Eric Winston,cin
T,125,11.85%,0,0%,42,9.48%,FishJa00,Jake Fisher,cin
T,65,6.16%,0,0%,0,0%,OgbuCe00,Cedric Ogbuehi,cin
G,1040,98.58%,0,0%,75,16.93%,ZeitKe00,Kevin Zeitler,cin
G,1050,99.53%,0,0%,43,9.71%,BoliCl00,Clint Boling,cin
C,1055,100.00%,0,0%,32,7.22%,BodiRu00,Russell Bodine,cin
C,16,1.52%,0,0%,48,10.84%,JohnTJ00,T.J. Johnson,cin
DE,0,0%,880,81.11%,59,13.32%,DunlCa99,Carlos Dunlap,cin
DE,0,0%,630,58.06%,58,13.09%,GilbWa00,Wallace Gilberry,cin
DE,0,0%,846,77.97%,56,12.64%,JohnMi98,Michael Johnson,cin
DE,0,0%,57,5.25%,104,23.48%,HuntMa00,Margus Hunt,cin
DE,0,0%,134,12.35%,100,22.57%,ClarWi00,Will Clarke,cin
DT,0,0%,786,72.44%,6,1.35%,AtkiGe99,Geno Atkins,cin
DT,0,0%,183,16.87%,8,1.81%,ThomBr01,Brandon Thompson,cin
NT,4,.38%,542,49.95%,141,31.83%,PekoDo20,Domata Peko,cin
NT,0,0%,179,16.50%,1,.23%,SimsPa99,Pat Sims,cin
LB,0,0%,725,66.82%,162,36.57%,ReyxVi00,Vincent Rey,cin
LB,0,0%,113,10.41%,244,55.08%,CartCh00,Chris Carter,cin
LB,0,0%,619,57.05%,7,1.58%,MauaRe99,Rey Maualuga,cin
LB,0,0%,467,43.04%,6,1.35%,BurfVo00,Vontaze Burfict,cin
LB,0,0%,339,31.24%,267,60.27%,LamuEm00,Emmanuel Lamur,cin
LB,0,0%,284,26.18%,16,3.61%,HawkA.20,A.J. Hawk,cin
LB,0,0%,34,3.13%,195,44.02%,DawsPa00,Paul Dawson,cin
CB,0,0%,1048,96.59%,78,17.61%,KirkDr00,Dre Kirkpatrick,cin
CB,0,0%,853,78.62%,53,11.96%,JonePa20,Adam Jones,cin
CB,0,0%,665,61.29%,23,5.19%,HallLe98,Leon Hall,cin
CB,0,0%,187,17.24%,148,33.41%,DennDa00,Darqueze Dennard,cin
CB,0,0%,23,2.12%,47,10.61%,HillTr01,Troy Hill,cin
CB,0,0%,40,3.69%,90,20.32%,LewiCh01,Chris Lewis-Harris,cin
CB,0,0%,116,10.69%,250,56.43%,ShawJo00,Josh Shaw,cin
SS,0,0%,473,43.59%,270,60.95%,WillSh02,Shawn Williams,cin
SS,0,0%,643,59.26%,7,1.58%,IlokGe00,George Iloka,cin
FS,0,0%,1054,97.14%,142,32.05%,NelsRe99,Reggie Nelson,cin
FS,0,0%,13,1.20%,186,41.99%,SmitDe05,Derron Smith,cin
LS,0,0%,0,0%,148,33.41%,HarrCl20,Clark Harris,cin
K,0,0%,0,0%,167,37.70%,nugenmik01,Mike Nugent,cin
P,0,0%,0,0%,148,33.41%,HubeKe20,Kevin Huber,cin
QB,435,39.44%,0,0%,0,0%,ManzJo00,Johnny Manziel,cle
QB,509,46.15%,0,0%,0,0%,McCoJo01,Josh McCown,cle
QB,159,14.42%,0,0%,0,0%,DaviAu00,Austin Davis,cle
RB,474,42.97%,0,0%,12,2.75%,CrowIs00,Isaiah Crowell,cle
RB,560,50.77%,0,0%,5,1.15%,JohnDu00,Duke Johnson,cle
RB,64,5.80%,0,0%,6,1.38%,TurbRo00,Robert Turbin,cle
RB,10,.91%,0,0%,76,17.43%,DrauSh00,Shaun Draughn,cle
RB,0,0%,0,0%,32,7.34%,MostRa00,Raheem Mostert,cle
RB,8,.73%,0,0%,23,5.28%,WinsGl00,Glenn Winston,cle
FB,154,13.96%,0,0%,108,24.77%,JohnMa06,Malcolm Johnson,cle
WR,514,46.60%,0,0%,0,0%,HartBr00,Brian Hartline,cle
WR,203,18.40%,0,0%,22,5.05%,JennDa00,Darius Jennings,cle
WR,850,77.06%,0,0%,65,14.91%,BenjTr00,Travis Benjamin,cle
WR,412,37.35%,0,0%,2,.46%,HawkAn00,Andrew Hawkins,cle
WR,399,36.17%,0,0%,12,2.75%,GabrTa00,Taylor Gabriel,cle
WR,91,8.25%,0,0%,0,0%,PryoTe00,Terrelle Pryor,cle
WR,211,19.13%,0,0%,164,37.61%,MoorMa02,Marlon Moore,cle
WR,81,7.34%,0,0%,0,0%,BoweDw00,Dwayne Bowe,cle
WR,1,.09%,0,0%,0,0%,HallRa02,Rannell Hall,cle
TE,939,85.13%,0,0%,82,18.81%,BarnGa01,Gary Barnidge,cle
TE,448,40.62%,0,0%,156,35.78%,DrayJi00,Jim Dray,cle
TE,41,3.72%,0,0%,53,12.16%,HousRo01,Rob Housler,cle
TE,35,3.17%,0,0%,10,2.29%,BibbE.00,E.J. Bibbs,cle
T,1103,100.00%,0,0%,58,13.30%,SchwMi00,Mitchell Schwartz,cle
T,1103,100.00%,0,0%,12,2.75%,ThomJo28,Joe Thomas,cle
T,295,26.75%,0,0%,58,13.30%,PaszAu00,Austin Pasztor,cle
T,0,0%,0,0%,24,5.50%,MillDa00,Darrian Miller,cle
G,615,55.76%,0,0%,32,7.34%,BitoJo00,Joel Bitonio,cle
G,890,80.69%,0,0%,47,10.78%,GrecJo20,John Greco,cle
G,424,38.44%,0,0%,48,11.01%,ErviCa00,Cameron Erving,cle
C,1103,100.00%,0,0%,0,0%,MackAl20,Alex Mack,cle
DE,0,0%,480,45.85%,192,44.04%,BryaAr00,Armonty Bryant,cle
DE,0,0%,527,50.33%,29,6.65%,BryaDe00,Desmond Bryant,cle
DE,0,0%,430,41.07%,85,19.50%,HughJo00,John Hughes,cle
DE,0,0%,466,44.51%,6,1.38%,StarRa20,Randy Starks,cle
DE,0,0%,363,34.67%,3,.69%,CoopXa00,Xavier Cooper,cle
NT,0,0%,506,48.33%,132,30.28%,ShelDa01,Danny Shelton,cle
NT,0,0%,390,37.25%,94,21.56%,MedeJa00,Jamie Meder,cle
LB,0,0%,1031,98.47%,94,21.56%,DansKa20,Karlos Dansby,cle
LB,0,0%,680,64.95%,9,2.06%,KrugPa99,Paul Kruger,cle
LB,0,0%,567,54.15%,215,49.31%,KirkCh00,Christian Kirksey,cle
LB,0,0%,28,2.67%,7,1.61%,JohnCa01,Cam Johnson,cle
LB,0,0%,382,36.49%,177,40.60%,RobeCr00,Craig Robertson,cle
LB,0,0%,256,24.45%,368,84.40%,MingBa00,Barkevious Mingo,cle
LB,0,0%,86,8.21%,367,84.17%,CardTa00,Tank Carder,cle
LB,0,0%,0,0%,17,3.90%,DiMaJa00,Jayson DiManche,cle
LB,0,0%,472,45.08%,27,6.19%,OrchNa00,Nate Orchard,cle
LB,0,0%,33,3.15%,1,.23%,SoloSc00,Scott Solomon,cle
CB,0,0%,285,27.22%,26,5.96%,HadeJo99,Joe Haden,cle
CB,0,0%,963,91.98%,89,20.41%,WillTr99,Tramon Williams,cle
CB,0,0%,515,49.19%,86,19.72%,WillKW00,K'Waun Williams,cle
CB,0,0%,169,16.14%,358,82.11%,BadeJo00,Johnson Bademosi,cle
CB,0,0%,388,37.06%,59,13.53%,DesiPi00,Pierre Desir,cle
CB,0,0%,50,4.78%,151,34.63%,GilbJu00,Justin Gilbert,cle
SS,2,.18%,849,81.09%,1,.23%,WhitDo20,Donte Whitner,cle
SS,0,0%,0,0%,150,34.40%,JoneDo02,Don Jones,cle
SS,0,0%,102,9.74%,249,57.11%,CampIb00,Ibraheim Campbell,cle
FS,0,0%,798,76.22%,9,2.06%,GipsTa00,Tashaun Gipson,cle
FS,0,0%,424,40.50%,269,61.70%,PoyeJo00,Jordan Poyer,cle
DB,0,0%,264,25.21%,18,4.13%,GainCh00,Charles Gaines,cle
S,0,0%,9,.86%,12,2.75%,SaunDe00,De'Ante Saunders,cle
LS,0,0%,0,0%,129,29.59%,HughCh01,Charley Hughlett,cle
K,0,0%,0,0%,128,29.36%,CoonTr00,Travis Coons,cle
P,0,0%,0,0%,129,29.59%,LeexAn20,Andy Lee,cle
QB,417,40.52%,0,0%,0,0%,CassMa00,Matt Cassel,dal
QB,232,22.55%,0,0%,0,0%,RomoTo00,Tony Romo,dal
QB,167,16.23%,0,0%,0,0%,MoorKe02,Kellen Moore,dal
QB,213,20.70%,0,0%,0,0%,WeedBr00,Brandon Weeden,dal
RB,92,8.94%,0,0%,41,9.36%,DunbLa00,Lance Dunbar,dal
RB,143,13.90%,0,0%,0,0%,RandJo01,Joseph Randle,dal
RB,87,8.45%,0,0%,0,0%,TurbRo00,Robert Turbin,dal
RB,615,59.77%,0,0%,5,1.14%,McFaDa00,Darren McFadden,dal
RB,21,2.04%,0,0%,68,15.53%,SmitRo06,Rod Smith,dal
RB,26,2.53%,0,0%,0,0%,MichCh00,Christine Michael,dal
FB,133,12.93%,0,0%,79,18.04%,ClutTy00,Tyler Clutts,dal
WR,791,76.87%,0,0%,3,.68%,WillTe01,Terrance Williams,dal
WR,445,43.25%,0,0%,0,0%,BryaDe01,Dez Bryant,dal
WR,564,54.81%,0,0%,51,11.64%,BeasCo00,Cole Beasley,dal
WR,261,25.36%,0,0%,0,0%,ButlBr00,Brice Butler,dal
WR,276,26.82%,0,0%,28,6.39%,StreDe00,Devin Street,dal
WR,156,15.16%,0,0%,88,20.09%,WhitLu00,Lucky Whitehead,dal
WR,5,.49%,0,0%,0,0%,MaylVi00,Vince Mayle,dal
TE,1020,99.13%,0,0%,59,13.47%,WittJa00,Jason Witten,dal
TE,237,23.03%,0,0%,159,36.30%,EscoGa00,Gavin Escobar,dal
TE,223,21.67%,0,0%,126,28.77%,HannJa00,James Hanna,dal
TE,24,2.33%,0,0%,23,5.25%,SwaiGe00,Geoff Swaim,dal
T,1029,100.00%,0,0%,57,13.01%,FreeDo20,Doug Free,dal
T,1029,100.00%,0,0%,57,13.01%,SmitTy00,Tyron Smith,dal
T,21,2.04%,0,0%,51,11.64%,BrowCh28,Charles Brown,dal
G,1029,100.00%,0,0%,57,13.01%,MartZa00,Zack Martin,dal
G,218,21.19%,0,0%,11,2.51%,LearRo00,Ronald Leary,dal
G,715,69.48%,0,0%,43,9.82%,CollLa01,La'el Collins,dal
G,96,9.33%,0,0%,57,13.01%,BernMa20,Mackenzy Bernadeau,dal
C,1029,100.00%,0,0%,57,13.01%,FredTr00,Travis Frederick,dal
DE,0,0%,698,66.10%,87,19.86%,LawrDe00,DeMarcus Lawrence,dal
DE,0,0%,596,56.44%,67,15.30%,HardGr99,Greg Hardy,dal
DE,0,0%,380,35.98%,8,1.83%,MincJe99,Jeremy Mincey,dal
DE,0,0%,489,46.31%,118,26.94%,CrawJa00,Jack Crawford,dal
DE,0,0%,33,3.13%,0,0%,RussRy00,Ryan Russell,dal
DE,0,0%,199,18.84%,59,13.47%,IrviDa00,David Irving,dal
DE,0,0%,244,23.11%,23,5.25%,GregRa00,Randy Gregory,dal
DT,0,0%,706,66.86%,96,21.92%,CrawTy00,Tyrone Crawford,dal
DT,0,0%,580,54.92%,85,19.41%,HaydNi99,Nick Hayden,dal
DT,0,0%,35,3.31%,12,2.74%,BishKe01,Ken Bishop,dal
DT,0,0%,45,4.26%,8,1.83%,McClTe00,Terrell McClain,dal
DT,0,0%,57,5.40%,2,.46%,WalkCa00,Casey Walker,dal
DT,0,0%,44,4.17%,1,.23%,ColeDa00,Davon Coleman,dal
LB,0,0%,814,77.08%,71,16.21%,LeexSe99,Sean Lee,dal
LB,0,0%,638,60.42%,15,3.42%,McClRo00,Rolando McClain,dal
LB,0,0%,538,50.95%,118,26.94%,HitcAn00,Anthony Hitchens,dal
LB,0,0%,224,21.21%,354,80.82%,WilbKy00,Kyle Wilber,dal
LB,0,0%,115,10.89%,306,69.86%,GachAn00,Andrew Gachkar,dal
LB,0,0%,32,3.03%,280,63.93%,WilsDa02,Damien Wilson,dal
LB,0,0%,1,.09%,49,11.19%,SmitKe03,Keith Smith,dal
LB,0,0%,0,0%,14,3.20%,NzeoMa00,Mark Nzeocha,dal
CB,0,0%,1053,99.72%,106,24.20%,CarrBr99,Brandon Carr,dal
CB,0,0%,662,62.69%,19,4.34%,ClaiMo00,Morris Claiborne,dal
CB,0,0%,306,28.98%,153,34.93%,PatmTy00,Tyler Patmon,dal
CB,0,0%,114,10.80%,16,3.65%,MitcTe00,Terrance Mitchell,dal
CB,0,0%,871,82.48%,186,42.47%,JoneBy00,Byron Jones,dal
CB,0,0%,105,9.94%,83,18.95%,WhitCo01,Corey White,dal
CB,0,0%,138,13.07%,20,4.57%,OlatAy00,Ayodeji Olatoye,dal
SS,0,0%,863,81.72%,112,25.57%,ChurBa99,Barry Church,dal
SS,0,0%,5,.47%,292,66.67%,McCrDa00,Danny McCray,dal
FS,5,.49%,823,77.94%,254,57.99%,WilcJ.00,J.J. Wilcox,dal
FS,0,0%,206,19.51%,296,67.58%,HeatJe00,Jeff Heath,dal
LS,0,0%,0,0%,127,29.00%,LadoL.20,L.P. Ladouceur,dal
K,0,0%,0,0%,131,29.91%,BailDa00,Dan Bailey,dal
P,0,0%,0,0%,127,29.00%,JoneCh02,Chris Jones,dal
QB,586,53.22%,0,0%,0,0%,MannPe00,Peyton Manning,den
QB,514,46.68%,0,0%,0,0%,OsweBr00,Brock Osweiler,den
QB,1,.09%,0,0%,0,0%,SiemTr00,Trevor Siemian,den
RB,495,44.96%,0,0%,2,.43%,AndeC.00,C.J. Anderson,den
RB,66,5.99%,0,0%,214,45.73%,ThomJu01,Juwan Thompson,den
RB,0,0%,0,0%,19,4.06%,BibbKa00,Kapri Bibbs,den
RB,522,47.41%,0,0%,2,.43%,HillRo00,Ronnie Hillman,den
FB,20,1.82%,0,0%,47,10.04%,CaseJa00,James Casey,den
WR,852,77.38%,0,0%,53,11.32%,SandEm00,Emmanuel Sanders,den
WR,930,84.47%,0,0%,2,.43%,ThomDe03,Demaryius Thomas,den
WR,373,33.88%,0,0%,21,4.49%,NorwJo00,Jordan Norwood,den
WR,265,24.07%,0,0%,155,33.12%,CaldAn00,Andre Caldwell,den
WR,264,23.98%,0,0%,259,55.34%,FowlBe00,Bennie Fowler,den
WR,190,17.26%,0,0%,189,40.38%,LatiCo00,Cody Latimer,den
TE,821,74.57%,0,0%,5,1.07%,DaniOw00,Owen Daniels,den
TE,380,34.51%,0,0%,247,52.78%,GreeVi00,Virgil Green,den
TE,291,26.43%,0,0%,0,0%,DaviVe00,Vernon Davis,den
TE,1,.09%,0,0%,4,.85%,GordRi00,Richard Gordon,den
TE,1,.09%,0,0%,11,2.35%,HenrMi00,Mitchell Henry,den
T,998,90.64%,0,0%,73,15.60%,HarrRy20,Ryan Harris,den
T,207,18.80%,0,0%,15,3.21%,SambTy00,Ty Sambrailo,den
T,871,79.11%,0,0%,58,12.39%,SchoMi00,Michael Schofield,den
T,138,12.53%,0,0%,9,1.92%,PoluTy20,Tyler Polumbus,den
G,870,79.02%,0,0%,59,12.61%,VasqLo20,Louis Vasquez,den
G,802,72.84%,0,0%,73,15.60%,MathEv20,Evan Mathis,den
G,542,49.23%,0,0%,73,15.60%,GarcMa00,Max Garcia,den
C,1101,100.00%,0,0%,73,15.60%,ParaMa00,Matt Paradis,den
C,10,.91%,0,0%,55,11.75%,FereJa00,James Ferentz,den
DE,0,0%,649,59.22%,56,11.97%,WolfDe00,Derek Wolfe,den
DE,0,0%,381,34.76%,65,13.89%,WalkVa99,Vance Walker,den
DE,0,0%,363,33.12%,30,6.41%,SmitAn22,Antonio Smith,den
DE,0,0%,824,75.18%,75,16.03%,JackMa02,Malik Jackson,den
DE,0,0%,5,.46%,19,4.06%,AnunKe00,Kenny Anunike,den
NT,0,0%,534,48.72%,60,12.82%,WillSy00,Sylvester Williams,den
NT,0,0%,113,10.31%,6,1.28%,KilgDa01,Darius Kilgo,den
LB,0,0%,915,83.49%,86,18.38%,MarsBr01,Brandon Marshall,den
LB,0,0%,399,36.41%,14,2.99%,WareDe99,DeMarcus Ware,den
LB,0,0%,835,76.19%,8,1.71%,MillVo00,Von Miller,den
LB,0,0%,497,45.35%,307,65.60%,BarrSh00,Shaquil Barrett,den
LB,0,0%,736,67.15%,86,18.38%,TrevDa00,Danny Trevathan,den
LB,0,0%,129,11.77%,286,61.11%,DaviTo01,Todd Davis,den
LB,0,0%,64,5.84%,310,66.24%,NelsCo00,Corey Nelson,den
LB,0,0%,118,10.77%,234,50.00%,McCrLe01,Lerentee McCray,den
LB,0,0%,341,31.11%,38,8.12%,RayxSh00,Shane Ray,den
CB,0,0%,1063,96.99%,70,14.96%,HarrCh01,Chris Harris Jr.,den
CB,0,0%,977,89.14%,52,11.11%,TaliAq99,Aqib Talib,den
CB,0,0%,623,56.84%,125,26.71%,RobyBr00,Bradley Roby,den
CB,0,0%,69,6.30%,276,58.97%,WebsKa00,Kayvon Webster,den
CB,0,0%,3,.27%,38,8.12%,DossLo00,Lorenzo Doss,den
SS,0,0%,482,43.98%,271,57.91%,BrutDa99,David Bruton,den
SS,0,0%,703,64.14%,33,7.05%,WardT.99,T.J. Ward,den
SS,0,0%,87,7.94%,91,19.44%,KeoxSh00,Shiloh Keo,den
SS,0,0%,249,22.72%,105,22.44%,BushJo00,Josh Bush,den
FS,0,0%,848,77.37%,60,12.82%,StewDa00,Darian Stewart,den
FS,0,0%,48,4.38%,157,33.55%,BoldOm00,Omar Bolden,den
LS,0,0%,0,0%,157,33.55%,BrewAa00,Aaron Brewer,den
K,0,0%,0,0%,154,32.91%,McMaBr01,Brandon McManus,den
P,0,0%,0,0%,158,33.76%,ColqBr00,Britton Colquitt,den
QB,1033,95.74%,0,0%,0,0%,StafMa00,Matthew Stafford,det
QB,46,4.26%,0,0%,0,0%,OrloDa00,Dan Orlovsky,det
RB,355,32.90%,0,0%,72,15.75%,AbduAm00,Ameer Abdullah,det
RB,470,43.56%,0,0%,106,23.19%,RiddTh00,Theo Riddick,det
RB,7,.65%,0,0%,143,31.29%,WinnGe00,George Winn,det
RB,242,22.43%,0,0%,23,5.03%,BellJo01,Joique Bell,det
RB,46,4.26%,0,0%,37,8.10%,ZennZa00,Zach Zenner,det
FB,241,22.34%,0,0%,186,40.70%,BurtMi00,Michael Burton,det
WR,926,85.82%,0,0%,50,10.94%,TateGo00,Golden Tate,det
WR,1002,92.86%,2,.19%,2,.44%,JohnCa00,Calvin Johnson,det
WR,577,53.48%,0,0%,9,1.97%,MoorLa00,Lance Moore,det
WR,169,15.66%,0,0%,136,29.76%,FullCo00,Corey Fuller,det
WR,159,14.74%,0,0%,36,7.88%,JoneT.00,T.J. Jones,det
TE,613,56.81%,0,0%,9,1.97%,EbroEr00,Eric Ebron,det
TE,285,26.41%,0,0%,8,1.75%,PettBr00,Brandon Pettigrew,det
TE,49,4.54%,0,0%,13,2.84%,PascBe00,Bear Pascoe,det
TE,188,17.42%,0,0%,63,13.79%,WrigTi01,Tim Wright,det
T,372,34.48%,0,0%,26,5.69%,WaddLa01,LaAdrian Waddle,det
T,325,30.12%,0,0%,59,12.91%,LucaCo01,Cornelius Lucas,det
T,1075,99.63%,0,0%,63,13.79%,ReifRi00,Riley Reiff,det
T,448,41.52%,0,0%,33,7.22%,OlaxMi00,Michael Ola,det
T,0,0%,0,0%,4,.88%,RobiCo00,Corey Robinson,det
G,814,75.44%,0,0%,11,2.41%,WarfLa00,Larry Warford,det
G,490,45.41%,0,0%,55,12.04%,RamiMa20,Manuel Ramirez,det
G,986,91.38%,0,0%,63,13.79%,TomlLa01,Laken Tomlinson,det
G,2,.19%,0,0%,11,2.41%,BoggTa00,Taylor Boggs,det
C,949,87.95%,0,0%,53,11.60%,SwanTr00,Travis Swanson,det
C,0,0%,0,0%,5,1.09%,IkarGa00,Gabe Ikard,det
DE,0,0%,657,62.87%,67,14.66%,AnsaEz00,Ezekiel Ansah,det
DE,0,0%,541,51.77%,66,14.44%,JoneJa99,Jason Jones,det
DE,0,0%,410,39.23%,198,43.33%,TappDa20,Darryl Tapp,det
DE,0,0%,48,4.59%,4,.88%,HuntPh00,Phillip Hunt,det
DE,0,0%,550,52.63%,137,29.98%,TaylDe00,Devin Taylor,det
DE,0,0%,132,12.63%,12,2.63%,WilsC.98,C.J. Wilson,det
DT,0,0%,176,16.84%,22,4.81%,WalkTy00,Tyrunn Walker,det
DT,0,0%,596,57.03%,66,14.44%,NgatHa20,Haloti Ngata,det
DT,0,0%,533,51.00%,7,1.53%,ReidCa00,Caraun Reid,det
DT,0,0%,127,12.15%,0,0%,CudjJe00,Jermelle Cudjo,det
DT,0,0%,102,9.76%,1,.22%,ThorKh00,Khyri Thornton,det
DT,0,0%,15,1.44%,0,0%,KitcIs00,Ishmaa'ily Kitchen,det
DT,0,0%,112,10.72%,17,3.72%,FlueAn99,Andre Fluellen,det
DT,0,0%,134,12.82%,40,8.75%,WrigGa00,Gabe Wright,det
DT,0,0%,2,.19%,0,0%,HydeKe01,Kerry Hyder,det
LB,0,0%,723,69.19%,40,8.75%,TullSt20,Stephen Tulloch,det
LB,0,0%,816,78.09%,232,50.77%,ByneJo00,Josh Bynes,det
LB,0,0%,585,55.98%,276,60.39%,WhitTa00,Tahir Whitehead,det
LB,0,0%,138,13.21%,327,71.55%,LewiTr00,Travis Lewis,det
LB,0,0%,17,1.63%,2,.44%,LevyDe99,DeAndre Levy,det
LB,0,0%,71,6.79%,313,68.49%,CopeBr00,Brandon Copeland,det
LB,0,0%,80,7.66%,287,62.80%,VanNKy00,Kyle Van Noy,det
CB,0,0%,435,41.63%,38,8.32%,MathRa99,Rashean Mathis,det
CB,0,0%,994,95.12%,48,10.50%,SlayDa00,Darius Slay,det
CB,0,0%,275,26.32%,20,4.38%,WilsJo99,Josh Wilson,det
CB,0,0%,471,45.07%,112,24.51%,DiggQu00,Quandre Diggs,det
CB,0,0%,23,2.20%,61,13.35%,ButlCr99,Crezdon Butler,det
CB,0,0%,561,53.68%,95,20.79%,LawsNe00,Nevin Lawson,det
CB,0,0%,11,1.05%,4,.88%,BentBi00,Bill Bentley,det
SS,0,0%,593,56.75%,20,4.38%,IhedJa00,James Ihedigbo,det
SS,0,0%,39,3.73%,377,82.49%,CareDo00,Don Carey,det
FS,0,0%,953,91.20%,70,15.32%,QuinGl99,Glover Quin,det
FS,0,0%,569,54.45%,273,59.74%,AbduIs00,Isa Abdul-Quddus,det
DB,0,0%,3,.29%,85,18.60%,JohnIs01,Isaiah Johnson,det
LS,0,0%,0,0%,146,31.95%,MuhlDo20,Don Muhlbach,det
K,0,0%,0,0%,67,14.66%,PratMa20,Matt Prater,det
P,0,0%,0,0%,217,47.48%,MartSa01,Sam Martin,det
QB,1137,99.13%,0,0%,0,0%,RodgAa00,Aaron Rodgers,gnb
QB,10,.87%,0,0%,0,0%,TolzSc00,Scott Tolzien,gnb
RB,470,40.98%,0,0%,0,0%,LacyEd00,Eddie Lacy,gnb
RB,528,46.03%,0,0%,23,5.09%,StarJa00,James Starks,gnb
RB,7,.61%,0,0%,60,13.27%,HarrAl00,Alonzo Harris,gnb
RB,16,1.39%,0,0%,16,3.54%,CrocJo00,John Crockett,gnb
FB,305,26.59%,0,0%,157,34.73%,KuhnJo00,John Kuhn,gnb
FB,18,1.57%,0,0%,272,60.18%,RipkAa00,Aaron Ripkowski,gnb
WR,762,66.43%,0,0%,1,.22%,AdamDa01,Davante Adams,gnb
WR,1044,91.02%,0,0%,0,0%,JoneJa04,James Jones,gnb
WR,1049,91.46%,0,0%,13,2.88%,CobbRa00,Randall Cobb,gnb
WR,131,11.42%,0,0%,288,63.72%,JaniJe00,Jeff Janis,gnb
WR,242,21.10%,0,0%,20,4.42%,MontTy01,Ty Montgomery,gnb
WR,99,8.63%,0,0%,19,4.20%,AbbrJa00,Jared Abbrederis,gnb
TE,799,69.66%,0,0%,53,11.73%,RodgRi00,Richard Rodgers,gnb
TE,113,9.85%,0,0%,4,.88%,QuarAn00,Andrew Quarless,gnb
TE,115,10.03%,0,0%,43,9.51%,PeriJu00,Justin Perillo,gnb
TE,11,.96%,0,0%,37,8.19%,BackKe00,Kennard Backman,gnb
T,807,70.36%,0,0%,37,8.19%,BulaBr20,Bryan Bulaga,gnb
T,956,83.35%,0,0%,32,7.08%,BakhDa00,David Bakhtiari,gnb
T,423,36.88%,0,0%,108,23.89%,BarcDo00,Don Barclay,gnb
G,153,13.34%,0,0%,10,2.21%,TaylLa01,Lane Taylor,gnb
G,1139,99.30%,0,0%,66,14.60%,SittJo20,Josh Sitton,gnb
G,1032,89.97%,0,0%,36,7.96%,LangT.20,T.J. Lang,gnb
G,77,6.71%,0,0%,56,12.39%,WalkJo00,Josh Walker,gnb
C,801,69.83%,0,0%,0,0%,LinsCo00,Corey Linsley,gnb
C,373,32.52%,0,0%,123,27.21%,TretJC00,J.C. Tretter,gnb
DE,0,0%,364,34.80%,117,25.88%,JoneDa03,Datone Jones,gnb
DE,0,0%,287,27.44%,59,13.05%,PennMi00,Mike Pennel,gnb
DT,0,0%,703,67.21%,63,13.94%,DaniMi00,Mike Daniels,gnb
DT,0,0%,329,31.45%,46,10.18%,GuioLe99,Letroy Guion,gnb
DT,0,0%,16,1.53%,0,0%,GastBr00,Bruce Gaston,gnb
NT,0,0%,440,42.07%,28,6.19%,RajiBJ99,B.J. Raji,gnb
"DE,NT",0,0%,26,2.49%,7,1.55%,BoydJo00,Josh Boyd,gnb
LB,0,0%,1017,97.23%,63,13.94%,MattCl99,Clay Matthews,gnb
LB,0,0%,535,51.15%,194,42.92%,PalmNa01,Nate Palmer,gnb
LB,0,0%,249,23.80%,261,57.74%,ThomJo04,Joe Thomas,gnb
LB,0,0%,730,69.79%,88,19.47%,NealMi99,Mike Neal,gnb
LB,0,0%,695,66.44%,64,14.16%,PeppJu99,Julius Peppers,gnb
LB,0,0%,173,16.54%,324,71.68%,ElliJa02,Jayrone Elliott,gnb
LB,0,0%,349,33.37%,14,3.10%,PerrNi00,Nick Perry,gnb
LB,0,0%,15,1.43%,1,.22%,BarrSa00,Sam Barrington,gnb
LB,0,0%,260,24.86%,212,46.90%,RyanJa00,Jake Ryan,gnb
LB,0,0%,40,3.82%,45,9.96%,MuluAn00,Andy Mulumba,gnb
CB,0,0%,692,66.16%,57,12.61%,ShieSa00,Sam Shields,gnb
CB,0,0%,909,86.90%,106,23.45%,HaywCa00,Casey Hayward,gnb
CB,0,0%,752,71.89%,115,25.44%,RandDa00,Damarious Randall,gnb
CB,0,0%,72,6.88%,199,44.03%,GoodDe00,Demetri Goodson,gnb
CB,0,0%,8,.76%,46,10.18%,GuntLa00,Ladarius Gunter,gnb
CB,0,0%,322,30.78%,203,44.91%,RollQu00,Quinten Rollins,gnb
SS,0,0%,683,65.30%,51,11.28%,BurnMo99,Morgan Burnett,gnb
SS,0,0%,48,4.59%,50,11.06%,RichSe00,Sean Richardson,gnb
SS,0,0%,101,9.66%,335,74.12%,BanjCh00,Chris Banjo,gnb
FS,0,0%,1043,99.71%,88,19.47%,ClinHa00,Ha Ha Clinton-Dix,gnb
FS,0,0%,647,61.85%,215,47.57%,HydeMi00,Micah Hyde,gnb
LS,0,0%,0,0%,135,29.87%,GoodBr99,Brett Goode,gnb
LS,0,0%,0,0%,14,3.10%,LovaRi00,Rick Lovato,gnb
K,0,0%,0,0%,146,32.30%,CrosMa20,Mason Crosby,gnb
P,0,0%,0,0%,150,33.19%,MastTi99,Tim Masthay,gnb
QB,673,56.79%,0,0%,0,0%,HoyeBr00,Brian Hoyer,htx
QB,100,8.44%,0,0%,0,0%,WeedBr00,Brandon Weeden,htx
QB,132,11.14%,0,0%,0,0%,YateT.00,T.J. Yates,htx
QB,265,22.36%,0,0%,0,0%,MallRy00,Ryan Mallett,htx
RB,281,23.71%,0,0%,211,44.42%,GrimJo01,Jonathan Grimes,htx
RB,368,31.05%,0,0%,178,37.47%,BlueAl00,Alfred Blue,htx
RB,190,16.03%,0,0%,0,0%,FostAr00,Arian Foster,htx
RB,266,22.45%,0,0%,97,20.42%,PolkCh00,Chris Polk,htx
RB,51,4.30%,0,0%,47,9.89%,HuntAk01,Akeem Hunt,htx
FB,180,15.19%,0,0%,208,43.79%,ProsJa00,Jay Prosch,htx
WR,1148,96.88%,0,0%,2,.42%,HopkDe00,DeAndre Hopkins,htx
WR,793,66.92%,0,0%,0,0%,WashNa00,Nate Washington,htx
WR,565,47.68%,0,0%,23,4.84%,ShorCe00,Cecil Shorts,htx
WR,282,23.80%,0,0%,36,7.58%,StroJa01,Jaelen Strong,htx
WR,318,26.84%,0,0%,215,45.26%,MumpKe00,Keith Mumphery,htx
WR,18,1.52%,0,0%,5,1.05%,DaniB.00,B.J. Daniels,htx
WR,44,3.71%,0,0%,4,.84%,WortCh00,Chandler Worthy,htx
TE,351,29.62%,0,0%,28,5.89%,GrifRy00,Ryan Griffin,htx
TE,649,54.77%,0,0%,116,24.42%,FiedC.00,C.J. Fiedorowicz,htx
TE,290,24.47%,0,0%,30,6.32%,GrahGa00,Garrett Graham,htx
"G,T",398,33.59%,0,0%,26,5.47%,AbouOd00,Oday Aboushi,htx
T,431,36.37%,0,0%,32,6.74%,ClarCh21,Chris Clark,htx
T,1164,98.23%,0,0%,63,13.26%,NewtDe00,Derek Newton,htx
T,906,76.46%,0,0%,48,10.11%,BrowDu20,Duane Brown,htx
T,257,21.69%,0,0%,57,12.00%,LammKe00,Kendall Lamm,htx
"G,T",117,9.87%,0,0%,4,.84%,AdamJe00,Jeff Adams,htx
G,981,82.78%,0,0%,55,11.58%,BrooBr00,Brandon Brooks,htx
G,628,53.00%,0,0%,37,7.79%,Sua-Xa00,Xavier Su'a-Filo,htx
C,1184,99.92%,0,0%,64,13.47%,JoneBe01,Ben Jones,htx
C,1,.08%,0,0%,11,2.32%,MancGr00,Greg Mancz,htx
DE,0,0%,782,74.90%,71,14.95%,CricJa00,Jared Crick,htx
DE,4,.34%,1004,96.17%,70,14.74%,WattJ.00,J.J. Watt,htx
DE,0,0%,44,4.21%,25,5.26%,PagaJe00,Jeoffrey Pagan,htx
DE,0,0%,6,.57%,1,.21%,BrowKo00,Kourtnei Brown,htx
DT,0,0%,102,9.77%,5,1.05%,DunnBr00,Brandon Dunn,htx
NT,0,0%,561,53.74%,63,13.26%,WilfVi20,Vince Wilfork,htx
"DT,NT",0,0%,167,16.00%,57,12.00%,CoviCh00,Christian Covington,htx
LB,0,0%,985,94.35%,72,15.16%,CushBr99,Brian Cushing,htx
LB,0,0%,118,11.30%,210,44.21%,DentAk00,Akeem Dent,htx
LB,0,0%,740,70.88%,149,31.37%,MercWh00,Whitney Mercilus,htx
LB,0,0%,638,61.11%,170,35.79%,SimoJo01,John Simon,htx
LB,0,0%,562,53.83%,22,4.63%,ClowJa00,Jadeveon Clowney,htx
LB,0,0%,106,10.15%,223,46.95%,TuggJu00,Justin Tuggle,htx
LB,0,0%,410,39.27%,101,21.26%,McKiBe00,Benardrick McKinney,htx
LB,0,0%,114,10.92%,270,56.84%,BullMa00,Max Bullough,htx
LB,0,0%,1,.10%,242,50.95%,PeteBr00,Brian Peters,htx
LB,0,0%,0,0%,22,4.63%,ThomCa02,Carlos Thompson,htx
CB,0,0%,629,60.25%,9,1.89%,JackKa99,Kareem Jackson,htx
CB,0,0%,876,83.91%,3,.63%,JoseJo20,Johnathan Joseph,htx
CB,0,0%,800,76.63%,125,26.32%,JohnKe04,Kevin Johnson,htx
CB,0,0%,184,17.62%,176,37.05%,BouyA.00,A.J. Bouye,htx
CB,0,0%,35,3.35%,123,25.89%,RollJu00,Jumal Rolle,htx
CB,0,0%,89,8.52%,135,28.42%,MorrDa01,Darryl Morris,htx
SS,0,0%,724,69.35%,163,34.32%,HalxAn00,Andre Hal,htx
FS,0,0%,444,42.53%,36,7.58%,MoorRa00,Rahim Moore,htx
FS,0,0%,763,73.08%,67,14.11%,DempQu99,Quintin Demps,htx
FS,0,0%,382,36.59%,211,44.42%,PleaEd00,Eddie Pleasant,htx
FS,0,0%,26,2.49%,19,4.00%,BallLo00,Lonnie Ballentine,htx
DB,0,0%,152,14.56%,161,33.89%,JameCh00,Charles James,htx
S,0,0%,0,0%,18,3.79%,MoorCo00,Corey Moore,htx
S,0,0%,39,3.74%,144,30.32%,DrumKu01,Kurtis Drummond,htx
LS,0,0%,0,0%,160,33.68%,WeekJo00,Jon Weeks,htx
K,0,0%,0,0%,25,5.26%,BullRa00,Randy Bullock,htx
K,0,0%,0,0%,115,24.21%,novaknic01,Nick Novak,htx
P,0,0%,0,0%,161,33.89%,LechSh20,Shane Lechler,htx
QB,458,41.71%,0,0%,0,0%,HassMa00,Matt Hasselbeck,clt
QB,504,45.90%,0,0%,0,0%,LuckAn00,Andrew Luck,clt
QB,60,5.46%,0,0%,0,0%,FreeJo00,Josh Freeman,clt
QB,65,5.92%,0,0%,0,0%,WhitCh02,Charlie Whitehurst,clt
QB,12,1.09%,0,0%,0,0%,LindRy00,Ryan Lindley,clt
RB,36,3.28%,0,0%,51,10.58%,VargTy00,Tyler Varga,clt
RB,687,62.57%,0,0%,0,0%,GoreFr00,Frank Gore,clt
RB,57,5.19%,0,0%,16,3.32%,RobiJo02,Josh Robinson,clt
RB,57,5.19%,0,0%,196,40.66%,TiptZu01,Zurlon Tipton,clt
RB,60,5.46%,0,0%,60,12.45%,HerrDa00,Dan Herron,clt
RB,158,14.39%,0,0%,0,0%,BradAh00,Ahmad Bradshaw,clt
RB,2,.18%,0,0%,4,.83%,WillTr03,Trey Williams,clt
WR,830,75.59%,0,0%,36,7.47%,MoncDo00,Donte Moncrief,clt
WR,707,64.39%,0,0%,0,0%,JohnAn02,Andre Johnson,clt
WR,920,83.79%,0,0%,7,1.45%,HiltT.00,T.Y. Hilton,clt
WR,134,12.20%,0,0%,196,40.66%,WhalGr00,Griff Whalen,clt
WR,211,19.22%,0,0%,19,3.94%,DorsPh00,Phillip Dorsett,clt
WR,4,.36%,0,0%,89,18.46%,BrayQu00,Quan Bray,clt
TE,505,45.99%,0,0%,70,14.52%,AlleDw00,Dwayne Allen,clt
TE,731,66.58%,5,.44%,0,0%,FleeCo00,Coby Fleener,clt
TE,331,30.15%,0,0%,322,66.80%,DoylJa00,Jack Doyle,clt
TE,6,.55%,0,0%,15,3.11%,SwooEr00,Erik Swoope,clt
"G,T",1098,100.00%,0,0%,64,13.28%,MewhJa00,Jack Mewhort,clt
T,891,81.15%,0,0%,6,1.24%,CastAn00,Anthony Castonzo,clt
T,274,24.95%,0,0%,17,3.53%,GoodDe01,Denzelle Good,clt
"G,T",945,86.07%,0,0%,63,13.07%,ReitJo00,Joe Reitz,clt
G,236,21.49%,0,0%,45,9.34%,LouiLa20,Lance Louis,clt
G,138,12.57%,0,0%,28,5.81%,HerrTo20,Todd Herremans,clt
G,800,72.86%,0,0%,54,11.20%,ThorHu00,Hugh Thornton,clt
C,484,44.08%,0,0%,2,.41%,HolmKh00,Khaled Holmes,clt
C,669,60.93%,0,0%,91,18.88%,HarrJo03,Jonotthan Harrison,clt
DE,0,0%,851,74.85%,78,16.18%,LangKe98,Kendall Langford,clt
DE,0,0%,59,5.19%,28,5.81%,OkinEa00,Earl Okine,clt
"DE,DT",0,0%,449,39.49%,47,9.75%,AndeHe00,Henry Anderson,clt
DT,0,0%,327,28.76%,157,32.57%,WinnBi00,Billy Winn,clt
DT,0,0%,222,19.53%,118,24.48%,McGiT.00,T.Y. McGill,clt
NT,8,.73%,656,57.70%,83,17.22%,ParrDa00,David Parry,clt
NT,0,0%,320,28.14%,103,21.37%,KerrZa00,Zach Kerr,clt
LB,0,0%,753,66.23%,9,1.87%,FreeJe00,Jerrell Freeman,clt
LB,0,0%,786,69.13%,0,0%,WaldEr99,Erik Walden,clt
LB,0,0%,1089,95.78%,79,16.39%,JackDQ20,D'Qwell Jackson,clt
LB,0,0%,529,46.53%,71,14.73%,ColeTr20,Trent Cole,clt
LB,0,0%,345,30.34%,196,40.66%,NewsJo00,Jonathan Newsome,clt
LB,0,0%,1,.09%,69,14.32%,AdonDa00,Daniel Adongo,clt
LB,0,0%,153,13.46%,107,22.20%,WernBj00,Bjoern Werner,clt
LB,0,0%,1,.09%,68,14.11%,HerrAm00,Amarlo Herrera,clt
LB,0,0%,0,0%,73,15.15%,StudAn99,Andy Studebaker,clt
LB,0,0%,117,10.29%,327,67.84%,McNaJo00,Josh McNary,clt
LB,0,0%,69,6.07%,211,43.78%,MoorSi00,Sio Moore,clt
LB,0,0%,545,47.93%,1,.21%,MathRo20,Robert Mathis,clt
LB,0,0%,106,9.32%,77,15.98%,IrviNa00,Nate Irving,clt
CB,0,0%,684,60.16%,17,3.53%,ToleGr99,Greg Toler,clt
CB,0,0%,1047,92.08%,1,.21%,DaviVo99,Vontae Davis,clt
CB,0,0%,576,50.66%,29,6.02%,ButlDa99,Darius Butler,clt
CB,0,0%,19,1.67%,81,16.80%,SmitDJ00,D'Joun Smith,clt
CB,0,0%,66,5.80%,107,22.20%,ThomJo01,Josh Thomas,clt
CB,0,0%,311,27.35%,90,18.67%,BrowJa00,Jalil Brown,clt
CB,0,0%,14,1.23%,24,4.98%,PattEr00,Eric Patterson,clt
CB,0,0%,2,.18%,39,8.09%,CartTo99,Tony Carter,clt
CB,0,0%,0,0%,13,2.70%,PratSh00,Shaun Prater,clt
CB,0,0%,50,4.40%,33,6.85%,PricSh00,Sheldon Price,clt
SS,0,0%,830,73.00%,69,14.32%,AdamMi21,Mike Adams,clt
SS,0,0%,160,14.07%,338,70.12%,AndeCo01,Colt Anderson,clt
FS,0,0%,1087,95.60%,30,6.22%,LoweDw99,Dwight Lowery,clt
FS,0,0%,271,23.83%,304,63.07%,GeatCl00,Clayton Geathers,clt
FS,0,0%,2,.18%,219,45.44%,GuyxWi00,Winston Guy,clt
DB,0,0%,0,0%,36,7.47%,McDoDe01,Dewey McDonald,clt
DB,0,0%,4,.35%,16,3.32%,GlovTa00,Tay Glover-Wright,clt
S,0,0%,0,0%,49,10.17%,DaviAk00,Akeem Davis,clt
LS,0,0%,0,0%,154,31.95%,OverMa00,Matt Overton,clt
K,0,0%,0,0%,64,13.28%,vinatada01,Adam Vinatieri,clt
P,0,0%,0,0%,231,47.93%,McAfPa44,Pat McAfee,clt
QB,1058,100.00%,0,0%,0,0%,BortBl00,Blake Bortles,jax
RB,620,58.60%,0,0%,0,0%,YeldT.00,T.J. Yeldon,jax
RB,29,2.74%,0,0%,127,25.71%,PierBe00,Bernard Pierce,jax
RB,254,24.01%,0,0%,106,21.46%,RobiDe00,Denard Robinson,jax
RB,17,1.61%,0,0%,98,19.84%,GranCo00,Corey Grant,jax
RB,50,4.73%,0,0%,5,1.01%,GrayJo00,Jonas Gray,jax
RB,0,0%,0,0%,70,14.17%,BanyJo00,Joe Banyard,jax
RB,87,8.22%,0,0%,58,11.74%,GerhTo00,Toby Gerhart,jax
WR,865,81.76%,0,0%,4,.81%,HurnAl01,Allen Hurns,jax
WR,983,92.91%,0,0%,4,.81%,RobiAl02,Allen Robinson,jax
WR,168,15.88%,0,0%,39,7.89%,GreeRa00,Rashad Greene,jax
WR,240,22.68%,0,0%,0,0%,LeexMa00,Marqise Lee,jax
WR,22,2.08%,0,0%,45,9.11%,WashTo00,Tony Washington,jax
WR,313,29.58%,0,0%,42,8.50%,WaltBr00,Bryan Walters,jax
WR,0,0%,0,0%,112,22.67%,SterNe00,Neal Sterling,jax
TE,668,63.14%,0,0%,0,0%,LewiMa00,Marcedes Lewis,jax
TE,309,29.21%,0,0%,254,51.42%,HarbCl00,Clay Harbor,jax
TE,542,51.23%,0,0%,0,0%,ThomJu00,Julius Thomas,jax
TE,95,8.98%,0,0%,162,32.79%,JacoNi00,Nic Jacobs,jax
T,983,92.91%,0,0%,68,13.77%,ParnJe00,Jermey Parnell,jax
T,900,85.07%,0,0%,61,12.35%,JoecLu00,Luke Joeckel,jax
T,233,22.02%,0,0%,70,14.17%,YounSa21,Sam Young,jax
G,1058,100.00%,0,0%,70,14.17%,BeadZa20,Zane Beadles,jax
G,197,18.62%,0,0%,8,1.62%,LindBr00,Brandon Linder,jax
G,1,.09%,0,0%,70,14.17%,ShatTy00,Tyler Shatley,jax
G,861,81.38%,0,0%,61,12.35%,CannA.00,A.J. Cann,jax
C,1058,100.00%,0,0%,70,14.17%,WisnSt01,Stefen Wisniewski,jax
C,0,0%,0,0%,24,4.86%,BowaLu00,Luke Bowanko,jax
"DE,DT",0,0%,877,75.41%,80,16.19%,OdriJa99,Jared Odrick,jax
DE,0,0%,662,56.92%,86,17.41%,ClemCh23,Chris Clemons,jax
DE,0,0%,154,13.24%,45,9.11%,SmitCh03,Chris Smith,jax
DE,0,0%,597,51.33%,1,.20%,BranAn00,Andre Branch,jax
DE,0,0%,245,21.07%,176,35.63%,DaviRy00,Ryan Davis,jax
"DE,DT",27,2.55%,689,59.24%,134,27.13%,AluaTy99,Tyson Alualu,jax
DT,0,0%,364,31.30%,184,37.25%,JoneAb00,Abry Jones,jax
DT,0,0%,557,47.89%,1,.20%,MillRo99,Roy Miller,jax
DT,0,0%,144,12.38%,0,0%,MarkSe99,Sen'Derrick Marks,jax
DT,0,0%,296,25.45%,66,13.36%,BennMi01,Michael Bennett,jax
DT,0,0%,17,1.46%,0,0%,AshxRi00,Richard Ash,jax
LB,0,0%,979,84.18%,76,15.38%,PoluPa99,Paul Posluszny,jax
LB,0,0%,997,85.73%,61,12.35%,SmitTe01,Telvin Smith,jax
LB,0,0%,416,35.77%,163,33.00%,SkutDa00,Dan Skuta,jax
LB,0,0%,0,0%,106,21.46%,LotuJo00,John Lotulelei,jax
LB,0,0%,0,0%,22,4.45%,JohnJa04,James-Michael Johnson,jax
LB,0,0%,96,8.25%,233,47.17%,TripJo00,Jordan Tripp,jax
LB,0,0%,0,0%,37,7.49%,ReynLa00,LaRoy Reynolds,jax
LB,0,0%,150,12.90%,128,25.91%,PullHa00,Hayes Pullard,jax
LB,0,0%,0,0%,28,5.67%,BartJo01,Joplo Bartu,jax
LB,0,0%,206,17.71%,262,53.04%,ArmbTh00,Thurston Armbrister,jax
CB,0,0%,1036,89.08%,65,13.16%,HousDa00,Davon House,jax
CB,0,0%,1072,92.18%,9,1.82%,ColvAa00,Aaron Colvin,jax
CB,0,0%,455,39.12%,153,30.97%,GratDw00,Dwayne Gratz,jax
CB,0,0%,98,8.43%,199,40.28%,ThomPe00,Peyton Thompson,jax
CB,0,0%,225,19.35%,289,58.50%,McCrDe00,Demetrius McCray,jax
CB,0,0%,141,12.12%,186,37.65%,MarsNi00,Nick Marshall,jax
SS,0,0%,1014,87.19%,115,23.28%,CyprJo00,Johnathan Cyprien,jax
SS,0,0%,2,.17%,103,20.85%,LostCr00,Craig Loston,jax
SS,0,0%,621,53.40%,58,11.74%,EvanJo00,Josh Evans,jax
FS,0,0%,555,47.72%,248,50.20%,BrowSe00,Sergio Brown,jax
FS,0,0%,129,11.09%,29,5.87%,SampJa00,James Sample,jax
LS,0,0%,0,0%,152,30.77%,TinkCa00,Carson Tinker,jax
K,0,0%,0,0%,155,31.38%,MyerJa00,Jason Myers,jax
P,0,0%,0,0%,152,30.77%,AngeBr00,Bryan Anger,jax
QB,989,98.70%,0,0%,0,0%,SmitAl03,Alex Smith,kan
QB,13,1.30%,0,0%,0,0%,DaniCh00,Chase Daniel,kan
RB,263,26.25%,0,0%,0,0%,CharJa00,Jamaal Charles,kan
RB,497,49.60%,0,0%,90,20.18%,WestCh01,Charcandrick West,kan
RB,79,7.88%,0,0%,82,18.39%,DaviKn00,Knile Davis,kan
FB,188,18.76%,1,.09%,314,70.40%,SherAn00,Anthony Sherman,kan
FB,159,15.87%,0,0%,68,15.25%,WareSp00,Spencer Ware,kan
WR,828,82.63%,0,0%,10,2.24%,MaclJe00,Jeremy Maclin,kan
WR,655,65.37%,0,0%,28,6.28%,WilsAl02,Albert Wilson,kan
WR,172,17.17%,0,0%,66,14.80%,ThomDe05,De'Anthony Thomas,kan
WR,370,36.93%,0,0%,171,38.34%,ConlCh00,Chris Conley,kan
WR,343,34.23%,0,0%,62,13.90%,AvanJa00,Jason Avant,kan
WR,6,.60%,0,0%,61,13.68%,HammFr00,Frankie Hammond,kan
TE,923,92.12%,0,0%,78,17.49%,KelcTr00,Travis Kelce,kan
TE,338,33.73%,0,0%,193,43.27%,HarrDe03,Demetrius Harris,kan
TE,112,11.18%,0,0%,74,16.59%,O'ShJa00,James O'Shaughnessy,kan
TE,67,6.69%,0,0%,49,10.99%,ParkBr00,Brian Parker,kan
T,555,55.39%,0,0%,82,18.39%,StepDo00,Donald Stephenson,kan
T,608,60.68%,0,0%,45,10.09%,ReidJa00,Jah Reid,kan
T,826,82.44%,0,0%,77,17.26%,FishEr00,Eric Fisher,kan
G,463,46.21%,0,0%,32,7.17%,GrubBe20,Ben Grubbs,kan
G,807,80.54%,0,0%,82,18.39%,DuveLa00,Laurent Duvernay-Tardif,kan
G,5,.50%,0,0%,5,1.12%,PughJa00,Jarrod Pughsley,kan
G,429,42.81%,0,0%,60,13.45%,AlleJe01,Jeff Allen,kan
C,920,91.82%,0,0%,24,5.38%,MorsMi00,Mitch Morse,kan
"C,G",406,40.52%,0,0%,82,18.39%,FultZa00,Zach Fulton,kan
C,0,0%,0,0%,1,.22%,MunyDa00,Daniel Munyer,kan
DE,0,0%,581,53.50%,42,9.42%,BailAl00,Allen Bailey,kan
DE,0,0%,291,26.80%,41,9.19%,DeViMi99,Mike DeVito,kan
DE,0,0%,22,2.03%,25,5.61%,NuneRa00,Rakeem Nunez-Roches,kan
DE,0,0%,182,16.76%,13,2.91%,WillNi01,Nick Williams,kan
DT,0,0%,0,0%,5,1.12%,KingDa00,David King,kan
NT,0,0%,751,69.15%,49,10.99%,HowaJa00,Jaye Howard,kan
NT,1,.10%,757,69.71%,46,10.31%,PoexDo00,Dontari Poe,kan
LB,0,0%,1060,97.61%,1,.22%,JohnDe25,Derrick Johnson,kan
LB,0,0%,618,56.91%,1,.22%,HousJu00,Justin Houston,kan
LB,0,0%,837,77.07%,1,.22%,HaliTa20,Tamba Hali,kan
LB,0,0%,462,42.54%,77,17.26%,MaugJo00,Josh Mauga,kan
LB,0,0%,202,18.60%,361,80.94%,ZombFr00,Frank Zombo,kan
LB,0,0%,9,.83%,344,77.13%,AlexD.00,D.J. Alexander,kan
LB,0,0%,55,5.06%,151,33.86%,MoseDe00,Dezman Moses,kan
LB,0,0%,479,44.11%,0,0%,FordDe00,Dee Ford,kan
LB,0,0%,129,11.88%,96,21.52%,WilsRa00,Ramik Wilson,kan
CB,0,0%,167,15.38%,15,3.36%,GainPh00,Phillip Gaines,kan
CB,0,0%,149,13.72%,272,60.99%,FlemJa00,Jamell Fleming,kan
CB,0,0%,1036,95.40%,5,1.12%,PeteMa00,Marcus Peters,kan
CB,0,0%,835,76.89%,0,0%,SmitSe99,Sean Smith,kan
CB,0,0%,4,.37%,37,8.30%,HakiSa00,Saalim Hakim,kan
CB,0,0%,94,8.66%,88,19.73%,CoopMa00,Marcus Cooper,kan
CB,0,0%,53,4.88%,126,28.25%,NelsSt01,Steven Nelson,kan
SS,0,0%,1055,97.15%,9,2.02%,ParkRo01,Ron Parker,kan
SS,0,0%,428,39.41%,265,59.42%,BranTy99,Tyvon Branch,kan
FS,0,0%,433,39.87%,130,29.15%,AbduHu99,Husain Abdullah,kan
FS,0,0%,1031,94.94%,18,4.04%,BerrEr99,Eric Berry,kan
FS,0,0%,227,20.90%,363,81.39%,SoreDa01,Daniel Sorensen,kan
LS,0,0%,0,0%,157,35.20%,WincJa00,James Winchester,kan
K,0,0%,0,0%,173,38.79%,SantCa01,Cairo Santos,kan
P,0,0%,0,0%,157,35.20%,ColqDu20,Dustin Colquitt,kan
QB,41,3.89%,0,0%,0,0%,McGlMa01,Matt McGloin,rai
QB,1012,96.11%,0,0%,0,0%,CarrDe02,Derek Carr,rai
RB,680,64.58%,0,0%,0,0%,MurrLa00,Latavius Murray,rai
RB,62,5.89%,0,0%,226,46.99%,JoneTa00,Taiwan Jones,rai
RB,90,8.55%,0,0%,53,11.02%,HeluRo00,Roy Helu,rai
FB,256,24.31%,0,0%,144,29.94%,ReecMa00,Marcel Reece,rai
FB,152,14.43%,0,0%,281,58.42%,OlawJa00,Jamize Olawale,rai
WR,901,85.57%,0,0%,15,3.12%,CoopAm00,Amari Cooper,rai
WR,808,76.73%,0,0%,0,0%,CrabMi00,Michael Crabtree,rai
WR,564,53.56%,0,0%,13,2.70%,RobeSe00,Seth Roberts,rai
WR,345,32.76%,0,0%,270,56.13%,HolmAn00,Andre Holmes,rai
WR,2,.19%,0,0%,50,10.40%,RossJe01,Jeremy Ross,rai
WR,10,.95%,0,0%,0,0%,StreRo00,Rod Streater,rai
WR,0,0%,0,0%,6,1.25%,ThigMa00,Marcus Thigpen,rai
TE,399,37.89%,0,0%,149,30.98%,RiveMy00,Mychal Rivera,rai
TE,517,49.10%,0,0%,127,26.40%,SmitLe00,Lee Smith,rai
TE,434,41.22%,0,0%,35,7.28%,WalfCl00,Clive Walford,rai
"G,T",1053,100.00%,0,0%,65,13.51%,WebbJM20,J'Marcus Webb,rai
T,1036,98.39%,0,0%,63,13.10%,PennDo20,Donald Penn,rai
T,812,77.11%,0,0%,53,11.02%,HowaAu20,Austin Howard,rai
T,4,.38%,0,0%,8,1.66%,McCaMa00,Matt McCants,rai
T,110,10.45%,0,0%,57,11.85%,BarnKh20,Khalif Barnes,rai
G,1053,100.00%,0,0%,65,13.51%,JackGa00,Gabe Jackson,rai
G,187,17.76%,0,0%,21,4.37%,FeliJo00,Jon Feliciano,rai
C,804,76.35%,0,0%,0,0%,HudsRo00,Rodney Hudson,rai
C,250,23.74%,0,0%,110,22.87%,BergTo00,Tony Bergstrom,rai
DE,0,0%,1003,87.14%,89,18.50%,MackKh00,Khalil Mack,rai
DE,0,0%,247,21.46%,27,5.61%,TuckJu20,Justin Tuck,rai
DE,0,0%,93,8.08%,17,3.53%,WilsC.98,C.J. Wilson,rai
DE,0,0%,143,12.42%,26,5.41%,HarrSh00,Shelby Harris,rai
DE,0,0%,376,32.67%,90,18.71%,MayoBe00,Benson Mayowa,rai
DE,0,0%,596,51.78%,19,3.95%,EdwaMa01,Mario Edwards,rai
DT,0,0%,684,59.43%,85,17.67%,AutrDe00,Denico Autry,rai
DT,0,0%,569,49.44%,89,18.50%,WillDa99,Dan Williams,rai
DT,0,0%,76,6.60%,17,3.53%,OrrxLe00,Leon Orr,rai
NT,0,0%,408,35.45%,68,14.14%,McGeSt01,Stacy McGee,rai
NT,0,0%,361,31.36%,14,2.91%,ElliJu01,Justin Ellis,rai
LB,0,0%,1142,99.22%,3,.62%,SmitMa02,Malcolm Smith,rai
LB,0,0%,208,18.07%,115,23.91%,ArmsRa01,Ray-Ray Armstrong,rai
LB,0,0%,576,50.04%,98,20.37%,LoftCu99,Curtis Lofton,rai
LB,0,0%,518,45.00%,26,5.41%,SmitAl04,Aldon Smith,rai
LB,0,0%,45,3.91%,414,86.07%,AlexLo99,Lorenzo Alexander,rai
LB,0,0%,307,26.67%,241,50.10%,HeenBe00,Ben Heeney,rai
LB,0,0%,64,5.56%,89,18.50%,BallNe00,Neiron Ball,rai
LB,0,0%,1,.09%,180,37.42%,ToomKo00,Korey Toomer,rai
CB,0,0%,930,80.80%,90,18.71%,CarrTr00,T.J. Carrie,rai
CB,0,0%,901,78.28%,76,15.80%,HaydDJ00,D.J. Hayden,rai
CB,0,0%,457,39.70%,216,44.91%,ThorNe00,Neiko Thorpe,rai
CB,0,0%,871,75.67%,16,3.33%,AmerDa00,David Amerson,rai
CB,0,0%,22,1.91%,315,65.49%,McGiKe00,Keith McGill,rai
CB,0,0%,29,2.52%,40,8.32%,McDoDe02,Dexter McDonald,rai
"CB,DB",0,0%,0,0%,11,2.29%,McDoDe01,Dewey McDonald,rai
SS,0,0%,224,19.46%,24,4.99%,AlleNa99,Nate Allen,rai
FS,0,0%,366,31.80%,262,54.47%,AsanLa99,Larry Asante,rai
FS,1,.09%,1112,96.61%,1,.21%,WoodCh00,Charles Woodson,rai
FS,0,0%,316,27.45%,173,35.97%,MaysTa99,Taylor Mays,rai
FS,0,0%,8,.70%,22,4.57%,McDoTe00,Tevin McDonald,rai
S,0,0%,4,.35%,75,15.59%,LambKe00,Keenan Lambert,rai
LS,0,0%,0,0%,31,6.44%,GaffTh20,Thomas Gafford,rai
LS,0,0%,0,0%,122,25.36%,CondJo20,Jon Condo,rai
K,0,0%,0,0%,144,29.94%,janikseb01,Sebastian Janikowski,rai
P,0,0%,0,0%,154,32.02%,KingMa00,Marquette King,rai
QB,1153,98.72%,0,0%,0,0%,RivePh00,Philip Rivers,sdg
QB,15,1.28%,0,0%,0,0%,ClemKe00,Kellen Clemens,sdg
RB,594,50.86%,0,0%,73,16.11%,WoodDa02,Danny Woodhead,sdg
RB,394,33.73%,0,0%,0,0%,GordMe00,Melvin Gordon,sdg
RB,90,7.71%,0,0%,72,15.89%,OlivBr01,Branden Oliver,sdg
RB,0,0%,0,0%,13,2.87%,SmitDr02,Dreamius Smith,sdg
RB,120,10.27%,0,0%,51,11.26%,BrowDo00,Donald Brown,sdg
WR,539,46.15%,0,0%,14,3.09%,AlleKe00,Keenan Allen,sdg
WR,590,50.51%,0,0%,1,.22%,JohnSt00,Stevie Johnson,sdg
WR,832,71.23%,1,.10%,2,.44%,FloyMa00,Malcom Floyd,sdg
WR,290,24.83%,0,0%,70,15.45%,HernJa00,Javontee Herndon,sdg
WR,34,2.91%,0,0%,1,.22%,BrowVi00,Vincent Brown,sdg
WR,30,2.57%,0,0%,74,16.34%,WillTy00,Tyrell Williams,sdg
WR,691,59.16%,1,.10%,59,13.02%,InmaDo00,Dontrelle Inman,sdg
WR,3,.26%,0,0%,49,10.82%,JoneJa03,Jacoby Jones,sdg
TE,662,56.68%,0,0%,68,15.01%,GreeLa00,Ladarius Green,sdg
TE,497,42.55%,0,0%,0,0%,GateAn00,Antonio Gates,sdg
TE,233,19.95%,0,0%,317,69.98%,PhilJo00,John Phillips,sdg
TE,221,18.92%,0,0%,113,24.94%,JohnDa05,David Johnson,sdg
TE,7,.60%,0,0%,21,4.64%,MillKy00,Kyle Miller,sdg
T,312,26.71%,0,0%,12,2.65%,DunlKi20,King Dunlap,sdg
T,1115,95.46%,0,0%,64,14.13%,BarkJo00,Joe Barksdale,sdg
T,30,2.57%,0,0%,2,.44%,LinkJe20,Jeff Linkenbach,sdg
T,786,67.29%,0,0%,34,7.51%,HairCh00,Chris Hairston,sdg
T,81,6.93%,0,0%,42,9.27%,BurwTy00,Tyreek Burwell,sdg
"G,T",790,67.64%,0,0%,145,32.01%,WiggKe00,Kenny Wiggins,sdg
G,618,52.91%,0,0%,25,5.52%,FranOr00,Orlando Franklin,sdg
G,861,73.72%,0,0%,8,1.77%,FlukDJ00,D.J. Fluker,sdg
G,2,.17%,0,0%,3,.66%,OlaxMi00,Michael Ola,sdg
C,180,15.41%,0,0%,0,0%,WattCh00,Chris Watt,sdg
C,100,8.56%,0,0%,8,1.77%,WaltJ.20,J.D. Walton,sdg
C,978,83.73%,0,0%,64,14.13%,RobiTr01,Trevor Robinson,sdg
DE,0,0%,656,65.47%,151,33.33%,ReyeKe00,Kendall Reyes,sdg
DE,0,0%,143,14.27%,23,5.08%,PhilDa01,Darius Philon,sdg
DT,0,0%,444,44.31%,18,3.97%,LiugCo00,Corey Liuget,sdg
"DE,DT",0,0%,511,51.00%,73,16.11%,MathRi99,Ricardo Mathews,sdg
DT,0,0%,2,.20%,10,2.21%,UnreMi00,Mitch Unrein,sdg
NT,0,0%,155,15.47%,9,1.99%,SquaDa00,Damion Square,sdg
NT,0,0%,233,23.25%,76,16.78%,LissSe99,Sean Lissemore,sdg
NT,0,0%,218,21.76%,65,14.35%,CarrRy00,Ryan Carrethers,sdg
LB,0,0%,710,70.86%,21,4.64%,TeoxMa00,Manti Te'o,sdg
LB,0,0%,961,95.91%,77,17.00%,IngrMe00,Melvin Ingram,sdg
LB,0,0%,668,66.67%,115,25.39%,AttaJe00,Jeremiah Attaochu,sdg
LB,0,0%,500,49.90%,192,42.38%,ButlDo99,Donald Butler,sdg
LB,0,0%,300,29.94%,192,42.38%,EmanKy00,Kyle Emanuel,sdg
LB,0,0%,81,8.08%,159,35.10%,LawxCo00,Cordarro Law,sdg
LB,0,0%,183,18.26%,167,36.87%,ConnKa99,Kavell Conner,sdg
LB,0,0%,387,38.62%,104,22.96%,PerrDe00,Denzel Perryman,sdg
LB,0,0%,18,1.80%,169,37.31%,MaysJo99,Joe Mays,sdg
LB,0,0%,16,1.60%,295,65.12%,DzubNi00,Nick Dzubnar,sdg
CB,0,0%,719,71.76%,88,19.43%,VerrJa00,Jason Verrett,sdg
CB,0,0%,603,60.18%,24,5.30%,FlowBr99,Brandon Flowers,sdg
CB,0,0%,41,4.09%,8,1.77%,VaugCa00,Cassius Vaughn,sdg
CB,0,0%,692,69.06%,143,31.57%,RobiPa99,Patrick Robinson,sdg
CB,0,0%,42,4.19%,59,13.02%,DucrGr00,Greg Ducre,sdg
CB,0,0%,226,22.55%,96,21.19%,MageCr00,Craig Mager,sdg
CB,0,0%,287,28.64%,88,19.43%,WillSt02,Steve Williams,sdg
SS,0,0%,710,70.86%,46,10.15%,AddaJa00,Jahleel Addae,sdg
SS,0,0%,483,48.20%,156,34.44%,WilsJi00,Jimmy Wilson,sdg
SS,0,0%,3,.30%,8,1.77%,DaniMa00,Matt Daniels,sdg
SS,0,0%,0,0%,2,.44%,RossBr00,Brandian Ross,sdg
FS,0,0%,751,74.95%,90,19.87%,WeddEr99,Eric Weddle,sdg
FS,0,0%,70,6.99%,310,68.43%,StucDa20,Darrell Stuckey,sdg
S,0,0%,206,20.56%,118,26.05%,PhilAd00,Adrian Phillips,sdg
LS,0,0%,0,0%,139,30.68%,WindMi00,Mike Windt,sdg
K,0,0%,0,0%,141,31.13%,LambJo00,Josh Lambo,sdg
P,0,0%,0,0%,141,31.13%,ScifMi20,Mike Scifres,sdg
QB,653,68.09%,0,0%,0,0%,FoleNi00,Nick Foles,ram
QB,7,.73%,0,0%,0,0%,MannSe00,Sean Mannion,ram
QB,299,31.18%,0,0%,0,0%,KeenCa00,Case Keenum,ram
RB,279,29.09%,0,0%,254,54.86%,CunnBe01,Benny Cunningham,ram
RB,185,19.29%,0,0%,0,0%,MasoTr00,Tre Mason,ram
RB,3,.31%,0,0%,36,7.78%,PeadIs00,Isaiah Pead,ram
RB,457,47.65%,0,0%,0,0%,GurlTo01,Todd Gurley,ram
RB,9,.94%,0,0%,2,.43%,BrowMa03,Malcolm Brown,ram
RB,0,0%,0,0%,9,1.94%,WattTr00,Trey Watts,ram
RB,1,.10%,0,0%,217,46.87%,ReynCh00,Chase Reynolds,ram
WR,741,77.27%,0,0%,88,19.01%,AustTa00,Tavon Austin,ram
WR,648,67.57%,0,0%,3,.65%,BritKe00,Kenny Britt,ram
WR,252,26.28%,0,0%,77,16.63%,BailSt01,Stedman Bailey,ram
WR,170,17.73%,0,0%,296,63.93%,MarqBr00,Bradley Marquez,ram
WR,47,4.90%,0,0%,0,0%,GiveCh00,Chris Givens,ram
WR,104,10.84%,0,0%,10,2.16%,WelkWe00,Wes Welker,ram
WR,0,0%,0,0%,9,1.94%,ToonNi00,Nick Toon,ram
WR,352,36.70%,0,0%,0,0%,QuicBr00,Brian Quick,ram
TE,672,70.07%,0,0%,4,.86%,CookJa02,Jared Cook,ram
TE,572,59.65%,0,0%,49,10.58%,KendLa00,Lance Kendricks,ram
TE,289,30.14%,0,0%,287,61.99%,HarkCo00,Cory Harkey,ram
TE,11,1.15%,0,0%,9,1.94%,CunnJu00,Justice Cunningham,ram
T,232,24.19%,0,0%,14,3.02%,SaffRo20,Rodger Saffold,ram
T,727,75.81%,0,0%,51,11.02%,HaveRo00,Rob Havenstein,ram
T,959,100.00%,0,0%,45,9.72%,RobiGr01,Greg Robinson,ram
T,25,2.61%,0,0%,41,8.86%,WillDa07,Darrell Williams,ram
T,90,9.38%,0,0%,20,4.32%,DonnAn00,Andrew Donnal,ram
G,530,55.27%,0,0%,37,7.99%,BrowJa04,Jamon Brown,ram
G,731,76.23%,0,0%,85,18.36%,ReynGa20,Garrett Reynolds,ram
G,426,44.42%,0,0%,51,11.02%,WichCo00,Cody Wichmann,ram
G,0,0%,0,0%,48,10.37%,KushEr00,Eric Kush,ram
C,955,99.58%,0,0%,0,0%,BarnTi01,Tim Barnes,ram
C,123,12.83%,0,0%,124,26.78%,RhanDe00,Demetrius Rhaney,ram
C,0,0%,0,0%,3,.65%,FolkBr00,Brian Folkerts,ram
DE,0,0%,336,29.04%,31,6.70%,QuinRo00,Robert Quinn,ram
DE,0,0%,484,41.83%,21,4.54%,LongCh99,Chris Long,ram
DE,0,0%,582,50.30%,71,15.33%,SimsEu99,Eugene Sims,ram
DE,0,0%,581,50.22%,54,11.66%,HayeWi99,William Hayes,ram
DE,0,0%,138,11.93%,25,5.40%,LongMa00,Matt Longacre,ram
DT,0,0%,915,79.08%,76,16.41%,DonaAa00,Aaron Donald,ram
DT,0,0%,691,59.72%,75,16.20%,BrocMi00,Michael Brockers,ram
DT,0,0%,54,4.67%,1,.22%,WortDo99,Doug Worthington,ram
DT,0,0%,275,23.77%,36,7.78%,WestEt00,Ethan Westbrooks,ram
DT,0,0%,421,36.39%,16,3.46%,FairNi00,Nick Fairley,ram
LB,0,0%,1156,99.91%,0,0%,LaurJa99,James Laurinaitis,ram
LB,0,0%,263,22.73%,0,0%,OgleAl00,Alec Ogletree,ram
LB,0,0%,27,2.33%,360,77.75%,BateDa00,Daren Bates,ram
LB,0,0%,0,0%,327,70.63%,HageBr00,Bryce Hager,ram
LB,0,0%,2,.17%,319,68.90%,LyncCa00,Cameron Lynch,ram
LB,0,0%,528,45.64%,26,5.62%,AyerAk00,Akeem Ayers,ram
CB,0,0%,1039,89.80%,106,22.89%,JenkJa03,Jackrabbit Jenkins,ram
CB,0,0%,328,28.35%,129,27.86%,RobeMa00,Marcus Roberson,ram
CB,0,0%,729,63.01%,35,7.56%,JoynLa00,Lamarcus Joyner,ram
CB,0,0%,905,78.22%,69,14.90%,JohnTr05,Trumaine Johnson,ram
CB,0,0%,0,0%,13,2.81%,PattEr00,Eric Patterson,ram
SS,0,0%,770,66.55%,73,15.77%,McDoTJ00,T.J. McDonald,ram
SS,0,0%,918,79.34%,72,15.55%,BarrMa00,Mark Barron,ram
SS,0,0%,420,36.30%,189,40.82%,AlexMa00,Maurice Alexander,ram
FS,0,0%,1153,99.65%,112,24.19%,McLeRo00,Rodney McLeod,ram
FS,0,0%,13,1.12%,403,87.04%,DaviCo02,Cody Davis,ram
S,0,0%,0,0%,126,27.21%,BryaC.00,C.B. Bryant,ram
LS,0,0%,0,0%,163,35.21%,McQuJa00,Jake McQuaide,ram
K,0,0%,0,0%,122,26.35%,ZuerGr00,Greg Zuerlein,ram
K,0,0%,0,0%,4,.86%,HockZa00,Zach Hocker,ram
P,0,0%,0,0%,165,35.64%,HekkJo00,Johnny Hekker,ram
QB,1049,97.22%,0,0%,0,0%,WilsRu00,Russell Wilson,sea
"QB,WR",23,2.13%,0,0%,16,3.60%,DaniB.00,B.J. Daniels,sea
QB,30,2.78%,0,0%,0,0%,JackTa00,Tarvaris Jackson,sea
RB,308,28.54%,0,0%,0,0%,LyncMa00,Marshawn Lynch,sea
RB,75,6.95%,0,0%,0,0%,MichCh00,Christine Michael,sea
RB,55,5.10%,0,0%,0,0%,BrowBr02,Bryce Brown,sea
RB,257,23.82%,0,0%,0,0%,JackFr02,Fred Jackson,sea
RB,36,3.34%,0,0%,0,0%,HarrDu01,DuJuan Harris,sea
RB,5,.46%,0,0%,0,0%,SmitRo06,Rod Smith,sea
RB,289,26.78%,0,0%,0,0%,RawlTh00,Thomas Rawls,sea
FB,98,9.08%,0,0%,254,57.08%,ColeDe00,Derrick Coleman,sea
FB,208,19.28%,8,.80%,84,18.88%,TukuWi00,Will Tukuafu,sea
WR,770,71.36%,0,0%,46,10.34%,KearJe01,Jermaine Kearse,sea
WR,797,73.86%,0,0%,68,15.28%,BaldDo00,Doug Baldwin,sea
WR,663,61.45%,0,0%,152,34.16%,LockTy00,Tyler Lockett,sea
WR,189,17.52%,0,0%,31,6.97%,SmitKe04,Kevin Smith,sea
WR,108,10.01%,0,0%,88,19.78%,LockRi00,Ricardo Lockette,sea
WR,28,2.59%,0,0%,5,1.12%,WillKa02,Kasen Williams,sea
WR,134,12.42%,0,0%,98,22.02%,MattCh00,Chris Matthews,sea
WR,6,.56%,0,0%,0,0%,RichPa01,Paul Richardson,sea
TE,569,52.73%,0,0%,15,3.37%,GrahJi00,Jimmy Graham,sea
TE,451,41.80%,0,0%,133,29.89%,WillLu00,Luke Willson,sea
TE,35,3.24%,0,0%,0,0%,CoffCh00,Chase Coffman,sea
TE,15,1.39%,0,0%,0,0%,McCoAn00,Anthony McCoy,sea
TE,249,23.08%,0,0%,143,32.13%,HelfCo00,Cooper Helfet,sea
T,1058,98.05%,0,0%,75,16.85%,GillGa01,Garry Gilliam,sea
T,849,78.68%,0,0%,58,13.03%,OkunRu20,Russell Okung,sea
T,272,25.21%,0,0%,53,11.91%,BailAl01,Alvin Bailey,sea
"G,T",1078,99.91%,0,0%,75,16.85%,BritJu00,Justin Britt,sea
G,1005,93.14%,0,0%,67,15.06%,SweeJ.00,J.R. Sweezy,sea
G,0,0%,0,0%,8,1.80%,SokoKr00,Kristjan Sokoli,sea
G,73,6.77%,0,0%,46,10.34%,GlowMa00,Mark Glowinski,sea
C,462,42.82%,0,0%,33,7.42%,NowaDr00,Drew Nowak,sea
C,600,55.61%,0,0%,3,.67%,LewiPa00,Patrick Lewis,sea
C,25,2.32%,0,0%,84,18.88%,JeanLe00,Lemuel Jeanpierre,sea
DE,0,0%,789,79.22%,35,7.87%,AvriCl99,Cliff Avril,sea
DE,0,0%,812,81.53%,22,4.94%,BennMi99,Michael Bennett,sea
DE,0,0%,190,19.08%,225,50.56%,MarsCa00,Cassius Marsh,sea
DE,0,0%,323,32.43%,8,1.80%,ClarFr01,Frank Clark,sea
DE,0,0%,118,11.85%,87,19.55%,DobbDe00,Demarcus Dobbs,sea
DT,0,0%,473,47.49%,48,10.79%,RubiAh99,Ahtyba Rubin,sea
DT,0,0%,489,49.10%,46,10.34%,MebaBr99,Brandon Mebane,sea
DT,0,0%,311,31.22%,46,10.34%,HillJo01,Jordan Hill,sea
DT,0,0%,51,5.12%,11,2.47%,KingDa00,David King,sea
DT,0,0%,17,1.71%,3,.67%,FranA.00,A.J. Francis,sea
LB,0,0%,968,97.19%,61,13.71%,WrigK.00,K.J. Wright,sea
LB,0,0%,905,90.86%,39,8.76%,WagnBo00,Bobby Wagner,sea
LB,0,0%,712,71.49%,25,5.62%,IrviBr00,Bruce Irvin,sea
LB,0,0%,15,1.51%,164,36.85%,CoylBr00,Brock Coyle,sea
LB,0,0%,91,9.14%,284,63.82%,MorgMi00,Mike Morgan,sea
LB,0,0%,103,10.34%,283,63.60%,PierKe00,Kevin Pierre-Louis,sea
LB,0,0%,2,.20%,66,14.83%,PinkEr00,Eric Pinkins,sea
LB,0,0%,0,0%,40,8.99%,MoodNi00,Nick Moody,sea
CB,0,0%,977,98.09%,106,23.82%,SherRi00,Richard Sherman,sea
CB,0,0%,618,62.05%,51,11.46%,WillCa99,Cary Williams,sea
CB,0,0%,250,25.10%,57,12.81%,LaneJe00,Jeremy Lane,sea
CB,0,0%,203,20.38%,161,36.18%,BurlMa00,Marcus Burley,sea
CB,0,0%,0,0%,25,5.62%,SmitTy01,Tye Smith,sea
CB,0,0%,0,0%,5,1.12%,ButlCr99,Crezdon Butler,sea
CB,0,0%,0,0%,3,.67%,SimoTh00,Tharold Simon,sea
SS,0,0%,58,5.82%,11,2.47%,BailDi00,Dion Bailey,sea
SS,0,0%,617,61.95%,291,65.39%,SheaDe00,DeShawn Shead,sea
SS,0,0%,636,63.86%,47,10.56%,ChanKa99,Kam Chancellor,sea
SS,0,0%,220,22.09%,300,67.42%,McCrKe00,Kelcie McCray,sea
FS,0,0%,979,98.29%,57,12.81%,ThomEa99,Earl Thomas,sea
FS,0,0%,16,1.61%,187,42.02%,TerrSt00,Steven Terrell,sea
S,0,0%,0,0%,12,2.70%,DaviAk00,Akeem Davis,sea
LS,0,0%,0,0%,143,32.13%,GresCl00,Clint Gresham,sea
K,0,0%,0,0%,166,37.30%,HausSt00,Stephen Hauschka,sea
P,0,0%,0,0%,144,32.36%,RyanJo21,Jon Ryan,sea
QB,502,49.65%,0,0%,0,0%,KaepCo00,Colin Kaepernick,sfo
QB,509,50.35%,0,0%,0,0%,GabbBl00,Blaine Gabbert,sfo
RB,292,28.88%,0,0%,0,0%,HydeCa00,Carlos Hyde,sfo
RB,253,25.02%,0,0%,0,0%,DrauSh00,Shaun Draughn,sfo
RB,126,12.46%,0,0%,0,0%,DaviMi01,Mike Davis,sfo
RB,91,9.00%,0,0%,157,35.04%,GaskKe00,Kendall Gaskins,sfo
RB,61,6.03%,0,0%,0,0%,HarrDu01,DuJuan Harris,sfo
RB,63,6.23%,0,0%,25,5.58%,HaynJa00,Jarryd Hayne,sfo
RB,47,4.65%,0,0%,6,1.34%,BushRe00,Reggie Bush,sfo
RB,4,.40%,0,0%,2,.45%,ThomPi00,Pierre Thomas,sfo
RB,60,5.93%,0,0%,10,2.23%,CadeTr00,Travaris Cadet,sfo
FB,270,26.71%,0,0%,316,70.54%,MillBr02,Bruce Miller,sfo
WR,757,74.88%,0,0%,0,0%,BoldAn00,Anquan Boldin,sfo
WR,772,76.36%,0,0%,2,.45%,SmitTo02,Torrey Smith,sfo
WR,85,8.41%,0,0%,0,0%,SimpJe00,Jerome Simpson,sfo
WR,424,41.94%,0,0%,224,50.00%,PattQu00,Quinton Patton,sfo
WR,30,2.97%,0,0%,28,6.25%,WhitDe01,DeAndrew White,sfo
WR,143,14.14%,0,0%,124,27.68%,ElliBr00,Bruce Ellington,sfo
TE,327,32.34%,0,0%,0,0%,DaviVe00,Vernon Davis,sfo
TE,399,39.47%,0,0%,87,19.42%,CeleGa00,Garrett Celek,sfo
TE,468,46.29%,0,0%,107,23.88%,McDoVa00,Vance McDonald,sfo
TE,25,2.47%,0,0%,0,0%,LeonBr01,Brian Leonhardt,sfo
TE,352,34.82%,0,0%,2,.45%,BellBl00,Blake Bell,sfo
T,1011,100.00%,0,0%,16,3.57%,StalJo20,Joe Staley,sfo
T,186,18.40%,0,0%,7,1.56%,BrowTr02,Trent Brown,sfo
"G,T",388,38.38%,0,0%,45,10.04%,DeveJo00,Jordan Devey,sfo
"G,T",1011,100.00%,0,0%,48,10.71%,PearEr20,Erik Pears,sfo
G,765,75.67%,0,0%,30,6.70%,BoonAl21,Alex Boone,sfo
G,614,60.73%,0,0%,38,8.48%,TillAn01,Andrew Tiller,sfo
G,0,0%,0,0%,5,1.12%,SilbIa00,Ian Silberman,sfo
C,819,81.01%,0,0%,7,1.56%,MartMa01,Marcus Martin,sfo
C,267,26.41%,0,0%,5,1.12%,KilgDa00,Daniel Kilgore,sfo
DT,0,0%,352,30.93%,45,10.04%,DorsGl99,Glenn Dorsey,sfo
DT,0,0%,640,56.24%,113,25.22%,DialQu00,Quinton Dial,sfo
DT,0,0%,223,19.60%,1,.22%,CarrCo00,Tank Carradine,sfo
DT,0,0%,290,25.48%,135,30.13%,JeroTo00,Tony Jerod-Eddie,sfo
DT,0,0%,375,32.95%,107,23.88%,ArmsAr01,Arik Armstead,sfo
NT,0,0%,659,57.91%,82,18.30%,WillIa00,Ian Williams,sfo
NT,0,0%,288,25.31%,40,8.93%,PurcMi00,Mike Purcell,sfo
LB,0,0%,1098,96.49%,15,3.35%,BowmNa99,NaVorro Bowman,sfo
LB,0,0%,741,65.11%,16,3.57%,BrooAh21,Ahmad Brooks,sfo
LB,0,0%,793,69.68%,62,13.84%,LyncAa00,Aaron Lynch,sfo
LB,0,0%,616,54.13%,92,20.54%,WilhMi00,Michael Wilhoite,sfo
LB,0,0%,0,0%,103,22.99%,ArmsRa01,Ray-Ray Armstrong,sfo
LB,0,0%,271,23.81%,9,2.01%,LemoCo00,Corey Lemonier,sfo
LB,0,0%,8,.70%,339,75.67%,SkovSh00,Shayne Skov,sfo
LB,0,0%,366,32.16%,62,13.84%,HodgGe00,Gerald Hodges,sfo
LB,0,0%,337,29.61%,171,38.17%,HaroEl00,Eli Harold,sfo
LB,0,0%,7,.62%,384,85.71%,BellNi01,Nick Bellore,sfo
CB,0,0%,122,10.72%,118,26.34%,CromMa01,Marcus Cromartie,sfo
CB,0,0%,807,70.91%,183,40.85%,AckeKe00,Kenneth Acker,sfo
CB,0,0%,1064,93.50%,92,20.54%,BrocTr00,Tramaine Brock,sfo
CB,0,0%,366,32.16%,287,64.06%,JohnDo02,Dontae Johnson,sfo
CB,0,0%,17,1.49%,16,3.57%,DaviCh05,Chris Davis,sfo
CB,0,0%,79,6.94%,38,8.48%,ReasKe00,Keith Reaser,sfo
SS,0,0%,440,38.66%,35,7.81%,BethAn20,Antoine Bethea,sfo
SS,0,0%,719,63.18%,177,39.51%,TartJa00,Jaquiski Tartt,sfo
SS,0,0%,0,0%,134,29.91%,McCrL.00,L.J. McCray,sfo
FS,0,0%,1113,97.80%,153,34.15%,ReidEr00,Eric Reid,sfo
FS,0,0%,730,64.15%,231,51.56%,WardJi01,Jimmie Ward,sfo
LS,0,0%,0,0%,140,31.25%,NelsKy00,Kyle Nelson,sfo
K,0,0%,0,0%,55,12.28%,dawsophi01,Phil Dawson,sfo
P,0,0%,0,0%,197,43.97%,PiniBr00,Bradley Pinion,sfo
QB,1090,100.00%,0,0%,0,0%,WinsJa00,Jameis Winston,tam
RB,33,3.03%,0,0%,268,59.96%,RainBo00,Bobby Rainey,tam
RB,622,57.06%,0,0%,0,0%,MartDo00,Doug Martin,tam
RB,454,41.65%,0,0%,1,.22%,SimsCh00,Charles Sims,tam
FB,205,18.81%,0,0%,124,27.74%,LaneJo00,Jorvorskie Lane,tam
WR,531,48.72%,0,0%,2,.45%,JackVi00,Vincent Jackson,tam
WR,210,19.27%,0,0%,2,.45%,MurpLo00,Louis Murphy,tam
WR,207,18.99%,0,0%,224,50.11%,ShepRu00,Russell Shepard,tam
WR,858,78.72%,0,0%,4,.89%,EvanMi00,Mike Evans,tam
WR,435,39.91%,0,0%,45,10.07%,HumpAd00,Adam Humphries,tam
WR,385,35.32%,0,0%,80,17.90%,DyexDo00,Donteea Dye,tam
WR,0,0%,0,0%,12,2.68%,SpenEv00,Evan Spencer,tam
TE,214,19.63%,0,0%,1,.22%,SefeAu00,Austin Seferian-Jenkins,tam
TE,484,44.40%,0,0%,81,18.12%,StocLu00,Luke Stocker,tam
TE,314,28.81%,0,0%,109,24.38%,MyerBr00,Brandon Myers,tam
TE,340,31.19%,0,0%,112,25.06%,BratCa00,Cameron Brate,tam
T,1090,100.00%,0,0%,74,16.55%,SmitDo02,Donovan Smith,tam
T,889,81.56%,0,0%,65,14.54%,CherGo20,Gosder Cherilus,tam
T,28,2.57%,0,0%,6,1.34%,FragRe00,Reid Fragel,tam
T,201,18.44%,0,0%,40,8.95%,DotsDe00,Demar Dotson,tam
T,204,18.72%,0,0%,74,16.55%,PampKe00,Kevin Pamphile,tam
G,821,75.32%,0,0%,57,12.75%,MarpAl00,Ali Marpet,tam
G,1020,93.58%,0,0%,66,14.77%,MankLo20,Logan Mankins,tam
G,0,0%,0,0%,9,2.01%,MasiMa00,Matthew Masifilo,tam
C,373,34.22%,0,0%,11,2.46%,DietEv00,Evan Dietrich-Smith,tam
C,982,90.09%,0,0%,11,2.46%,HawlJo20,Joe Hawley,tam
C,0,0%,0,0%,17,3.80%,WarrJe00,Jeremiah Warren,tam
DE,0,0%,671,61.28%,82,18.34%,GholWi00,William Gholston,tam
DE,0,0%,433,39.54%,76,17.00%,JohnGe00,George Johnson,tam
DE,0,0%,36,3.29%,24,5.37%,FatiT.00,T.J. Fatinikun,tam
DE,0,0%,543,49.59%,41,9.17%,SmitJa01,Jacquies Smith,tam
DE,0,0%,386,35.25%,68,15.21%,JoneHo01,Howard Jones,tam
DE,0,0%,88,8.04%,43,9.62%,BrowKo00,Kourtnei Brown,tam
DE,0,0%,38,3.47%,73,16.33%,ShirJo00,Josh Shirley,tam
DT,0,0%,799,72.97%,71,15.88%,McCoGe99,Gerald McCoy,tam
DT,0,0%,246,22.47%,19,4.25%,McDoCl99,Clinton McDonald,tam
DT,0,0%,511,46.67%,36,8.05%,MeltHe99,Henry Melton,tam
DT,0,0%,289,26.39%,51,11.41%,SpenAk00,Akeem Spence,tam
DT,0,0%,293,26.76%,77,17.23%,McDaTo20,Tony McDaniel,tam
DT,0,0%,39,3.56%,2,.45%,BoweDa00,Da'Quan Bowers,tam
LB,0,0%,813,74.25%,62,13.87%,AlexKw00,Kwon Alexander,tam
LB,0,0%,1087,99.27%,91,20.36%,DaviLa00,Lavonte David,tam
LB,0,0%,372,33.97%,175,39.15%,LansDa00,Danny Lansanah,tam
LB,0,0%,41,3.74%,123,27.52%,KeyeJo00,Josh Keyes,tam
LB,0,0%,307,28.04%,208,46.53%,CartBr00,Bruce Carter,tam
"DE,LB",0,0%,0,0%,23,5.15%,MartJo02,Josh Martin,tam
LB,0,0%,6,.55%,12,2.68%,SidbLa99,Lawrence Sidbury,tam
LB,0,0%,0,0%,18,4.03%,JohnJa04,James-Michael Johnson,tam
LB,0,0%,1,.09%,262,58.61%,GeorJe01,Jeremiah George,tam
LB,0,0%,18,1.64%,133,29.75%,LemoOr00,Orie Lemon,tam
LB,0,0%,0,0%,88,19.69%,GlanAd00,Adarius Taylor,tam
CB,0,0%,330,30.14%,113,25.28%,JenkMi99,Mike Jenkins,tam
CB,0,0%,575,52.51%,136,30.43%,VernAl99,Alterraun Verner,tam
CB,0,0%,434,39.63%,83,18.57%,BankJo00,Johnthan Banks,tam
CB,0,0%,278,25.39%,39,8.72%,JennTi20,Tim Jennings,tam
CB,0,0%,706,64.47%,92,20.58%,MoorSt00,Sterling Moore,tam
SS,0,0%,111,10.14%,97,21.70%,SweaDJ00,D.J. Swearinger,tam
SS,0,0%,218,19.91%,98,21.92%,WrigMa99,Major Wright,tam
FS,0,0%,890,81.28%,82,18.34%,McDoBr01,Bradley McDougald,tam
FS,0,0%,285,26.03%,179,40.04%,TandKe00,Keith Tandy,tam
FS,0,0%,730,66.67%,67,14.99%,ContCh00,Chris Conte,tam
DB,0,0%,468,42.74%,123,27.52%,AdjeJu00,Jude Adjei-Barimah,tam
S,0,0%,3,.27%,37,8.28%,McFaKi00,Kimario McFadden,tam
LS,0,0%,0,0%,130,29.08%,DePaAn00,Andrew DePaola,tam
K,0,0%,0,0%,118,26.40%,barthco01,Connor Barth,tam
K,0,0%,0,0%,38,8.50%,BrinKy00,Kyle Brindza,tam
P,0,0%,0,0%,130,29.08%,SchuJa00,Jake Schum,tam
QB,733,70.89%,0,0%,0,0%,MariMa01,Marcus Mariota,oti
QB,30,2.90%,0,0%,0,0%,TannAl00,Alex Tanney,oti
QB,271,26.21%,0,0%,0,0%,MettZa00,Zach Mettenberger,oti
RB,26,2.51%,0,0%,8,1.79%,WestTe00,Terrance West,oti
RB,178,17.21%,0,0%,27,6.03%,SankBi00,Bishop Sankey,oti
RB,422,40.81%,0,0%,105,23.44%,AndrAn00,Antonio Andrews,oti
RB,305,29.50%,0,0%,72,16.07%,McClDe00,Dexter McCluster,oti
RB,115,11.12%,0,0%,7,1.56%,CobbDa00,David Cobb,oti
"FB,RB",145,14.02%,0,0%,273,60.94%,FowlJa00,Jalston Fowler,oti
WR,375,36.27%,0,0%,0,0%,HuntJu00,Justin Hunter,oti
WR,716,69.25%,0,0%,24,5.36%,DougHa00,Harry Douglas,oti
WR,413,39.94%,0,0%,0,0%,WrigKe01,Kendall Wright,oti
WR,23,2.22%,0,0%,15,3.35%,TurzAn00,Andrew Turzilli,oti
WR,580,56.09%,0,0%,16,3.57%,GreeDo00,Dorial Green-Beckham,oti
WR,55,5.32%,0,0%,107,23.88%,McBrTr00,Tre McBride,oti
WR,41,3.97%,0,0%,2,.45%,RichRi00,Rico Richardson,oti
TE,430,41.59%,0,0%,48,10.71%,StevCr00,Craig Stevens,oti
TE,38,3.68%,0,0%,0,0%,CoffCh00,Chase Coffman,oti
TE,548,53.00%,0,0%,8,1.79%,FasaAn00,Anthony Fasano,oti
TE,686,66.34%,0,0%,0,0%,WalkHu00,Delanie Walker,oti
TE,67,6.48%,0,0%,286,63.84%,SupePh00,Phillip Supernaw,oti
T,396,38.30%,0,0%,13,2.90%,PoutJe00,Jeremiah Poutasi,oti
T,908,87.81%,0,0%,13,2.90%,LewaTa00,Taylor Lewan,oti
T,394,38.10%,0,0%,32,7.14%,MereJa20,Jamon Meredith,oti
G,830,80.27%,0,0%,36,8.04%,WarmCh00,Chance Warmack,oti
G,1026,99.23%,0,0%,47,10.49%,BellBy00,Byron Bell,oti
G,383,37.04%,0,0%,15,3.35%,SpaiQu00,Quinton Spain,oti
C,305,29.50%,0,0%,17,3.79%,SchwBr00,Brian Schwenke,oti
C,425,41.10%,0,0%,0,0%,LoonJo01,Joe Looney,oti
C,505,48.84%,0,0%,4,.89%,GallAn00,Andy Gallik,oti
DE,0,0%,671,63.66%,93,20.76%,JoneDa04,DaQuan Jones,oti
DE,0,0%,244,23.15%,113,25.22%,BlacAn00,Angelo Blackson,oti
DE,0,0%,31,2.94%,1,.22%,PitoRo00,Ropati Pitoitua,oti
DT,5,.48%,328,31.12%,171,38.17%,KlugKa00,Karl Klug,oti
DT,0,0%,826,78.37%,66,14.73%,CaseJu00,Jurrell Casey,oti
DT,0,0%,49,4.65%,3,.67%,MartMi01,Mike Martin,oti
NT,0,0%,354,33.59%,77,17.19%,WoodAl99,Al Woods,oti
NT,0,0%,188,17.84%,30,6.70%,HillSa99,Sammie Lee Hill,oti
LB,0,0%,490,46.49%,87,19.42%,BrowZa00,Zach Brown,oti
LB,0,0%,922,87.48%,95,21.21%,WillAv00,Avery Williamson,oti
LB,0,0%,957,90.80%,46,10.27%,OrakBr99,Brian Orakpo,oti
LB,0,0%,523,49.62%,35,7.81%,MorgDe99,Derrick Morgan,oti
LB,0,0%,497,47.15%,203,45.31%,WoodWe20,Wesley Woodyard,oti
LB,0,0%,26,2.47%,320,71.43%,JohnSt02,Steven Johnson,oti
LB,0,0%,528,50.09%,145,32.37%,BassDa00,David Bass,oti
LB,0,0%,47,4.46%,22,4.91%,MounDe00,Deiontrez Mount,oti
LB,0,0%,14,1.33%,44,9.82%,TavaJ.00,J.R. Tavai,oti
LB,0,0%,23,2.18%,265,59.15%,StapJu00,Justin Staples,oti
LB,0,0%,12,1.14%,12,2.68%,CudjYa00,Yannick Cudjoe-Virgil,oti
CB,0,0%,1000,94.88%,172,38.39%,SensCo00,Coty Sensabaugh,oti
CB,0,0%,293,27.80%,169,37.72%,WrehBl00,Blidi Wreh-Wilson,oti
CB,0,0%,698,66.22%,52,11.61%,CoxxPe99,Perrish Cox,oti
CB,0,0%,212,20.11%,8,1.79%,McCoJa99,Jason McCourty,oti
CB,0,0%,170,16.13%,195,43.53%,RiggCo00,Cody Riggs,oti
CB,0,0%,256,24.29%,92,20.54%,WebbBW00,B.W. Webb,oti
SS,0,0%,882,83.68%,80,17.86%,SearDa00,Da'Norris Searcy,oti
SS,0,0%,331,31.40%,290,64.73%,StafDa00,Daimion Stafford,oti
SS,0,0%,0,0%,16,3.57%,AubrJo00,Josh Aubrey,oti
FS,0,0%,937,88.90%,95,21.21%,GrifMi99,Michael Griffin,oti
FS,0,0%,83,7.87%,362,80.80%,HuffMa00,Marqueston Huff,oti
LS,0,0%,0,0%,139,31.03%,BrinBe00,Beau Brinkley,oti
K,0,0%,0,0%,113,25.22%,SuccRy44,Ryan Succop,oti
P,0,0%,0,0%,138,30.80%,KernBr20,Brett Kern,oti
QB,1107,99.37%,0,0%,0,0%,MannEl00,Eli Manning,nyg
QB,6,.54%,0,0%,0,0%,NassRy00,Ryan Nassib,nyg
RB,431,38.69%,0,0%,36,7.23%,VereSh00,Shane Vereen,nyg
RB,426,38.24%,1,.09%,65,13.05%,JennRa00,Rashad Jennings,nyg
RB,157,14.09%,1,.09%,190,38.15%,WillAn00,Andre Williams,nyg
RB,85,7.63%,1,.09%,332,66.67%,DarkOr00,Orleans Darkwa,nyg
FB,132,11.85%,61,5.28%,276,55.42%,WhitNi01,Nikita Whitlock,nyg
WR,998,89.59%,1,.09%,15,3.01%,BeckOd00,Odell Beckham Jr.,nyg
WR,996,89.41%,0,0%,4,.80%,RandRu00,Rueben Randle,nyg
WR,80,7.18%,0,0%,2,.40%,ParkPr00,Preston Parker,nyg
WR,32,2.87%,0,0%,2,.40%,EdwaBe00,Ben Edwards,nyg
WR,625,56.10%,1,.09%,175,35.14%,HarrDw00,Dwayne Harris,nyg
WR,164,14.72%,0,0%,23,4.62%,WhitMy00,Myles White,nyg
WR,177,15.89%,0,0%,0,0%,NickHa01,Hakeem Nicks,nyg
WR,36,3.23%,0,0%,121,24.30%,DaviGe00,Geremy Davis,nyg
TE,387,34.74%,0,0%,20,4.02%,DonnLa00,Larry Donnell,nyg
TE,67,6.01%,0,0%,17,3.41%,FellDa00,Daniel Fells,nyg
TE,22,1.97%,0,0%,37,7.43%,LaCoMa00,Matt LaCosse,nyg
TE,186,16.70%,0,0%,6,1.20%,CunnJe00,Jerome Cunningham,nyg
TE,544,48.83%,0,0%,11,2.21%,TyexWi00,Will Tye,nyg
T,963,86.45%,0,0%,55,11.04%,FlowEr00,Ereck Flowers,nyg
T,938,84.20%,0,0%,35,7.03%,NewhMa20,Marshall Newhouse,nyg
T,152,13.64%,0,0%,40,8.03%,HartBo00,Bobby Hart,nyg
G,673,60.41%,0,0%,52,10.44%,SchwGe20,Geoff Schwartz,nyg
G,968,86.89%,0,0%,29,5.82%,PughJu00,Justin Pugh,nyg
G,9,.81%,0,0%,0,0%,GettAd00,Adam Gettis,nyg
G,646,57.99%,0,0%,77,15.46%,JerrJo20,John Jerry,nyg
C,1017,91.29%,0,0%,4,.80%,RichWe00,Weston Richburg,nyg
C,222,19.93%,0,0%,153,30.72%,ReynDa01,Dallas Reynolds,nyg
DE,0,0%,126,10.91%,20,4.02%,OdigOw00,Owamagbe Odighizuwa,nyg
DE,0,0%,570,49.35%,0,0%,AyerRo99,Robert Ayers,nyg
DE,0,0%,732,63.38%,16,3.21%,JenkCu20,Cullen Jenkins,nyg
DE,0,0%,502,43.46%,14,2.81%,PierJa99,Jason Pierre-Paul,nyg
DE,0,0%,370,32.03%,81,16.27%,SelvGe99,George Selvie,nyg
DE,1,.09%,578,50.04%,160,32.13%,WynnKe00,Kerry Wynn,nyg
DE,0,0%,247,21.39%,154,30.92%,MoorDa01,Damontre Moore,nyg
DE,0,0%,0,0%,51,10.24%,BarsBr00,Brad Bars,nyg
DE,0,0%,0,0%,15,3.01%,MapoSt00,Stansly Maponga,nyg
DT,0,0%,409,35.41%,38,7.63%,HankJo00,Johnathan Hankins,nyg
DT,1,.09%,311,26.93%,68,13.65%,KuhnMa00,Markus Kuhn,nyg
DT,0,0%,478,41.39%,84,16.87%,BromJa00,Jay Bromley,nyg
DT,0,0%,118,10.22%,80,16.06%,HughMo00,Montori Hughes,nyg
NT,0,0%,22,1.90%,16,3.21%,NixILo00,Louis Nix,nyg
NT,0,0%,24,2.08%,0,0%,CofiBa20,Barry Cofield,nyg
LB,0,0%,484,41.90%,60,12.05%,KennDe00,Devon Kennard,nyg
LB,0,0%,431,37.32%,75,15.06%,UngaUa00,Uani Unga,nyg
LB,0,0%,672,58.18%,233,46.79%,CasiJo99,Jonathan Casillas,nyg
LB,0,0%,401,34.72%,136,27.31%,ThomJ.02,J.T. Thomas,nyg
LB,0,0%,160,13.85%,0,0%,BeasJo99,Jon Beason,nyg
LB,3,.27%,130,11.26%,448,89.96%,HerzMa00,Mark Herzlich,nyg
LB,0,0%,1,.09%,19,3.82%,JohnNi00,Nico Johnson,nyg
LB,0,0%,1,.09%,117,23.49%,MorrJa01,James Morris,nyg
LB,0,0%,420,36.36%,137,27.51%,BrinJa99,Jasper Brinkley,nyg
CB,0,0%,764,66.15%,78,15.66%,AmukPr00,Prince Amukamara,nyg
CB,0,0%,888,76.88%,119,23.90%,RodgDo99,Dominique Rodgers-Cromartie,nyg
CB,0,0%,339,29.35%,79,15.86%,McBrTr99,Trumaine McBride,nyg
CB,0,0%,528,45.71%,155,31.12%,HoslJa00,Jayron Hosley,nyg
CB,0,0%,0,0%,8,1.61%,McGeBr00,Brandon McGee,nyg
CB,0,0%,0,0%,18,3.61%,McFaLe00,Leon McFadden,nyg
CB,0,0%,529,45.80%,119,23.90%,WadeTr00,Trevin Wade,nyg
SS,0,0%,430,37.23%,339,68.07%,DahlCr99,Craig Dahl,nyg
SS,0,0%,49,4.24%,92,18.47%,TaylCo01,Cooper Taylor,nyg
FS,0,0%,1092,94.55%,65,13.05%,CollLa00,Landon Collins,nyg
FS,0,0%,832,72.03%,18,3.61%,MeriBr99,Brandon Meriweather,nyg
DB,0,0%,0,0%,92,18.47%,JacoTr00,Tramain Jacobs,nyg
LS,0,0%,0,0%,31,6.22%,AikeDa00,Danny Aiken,nyg
LS,1,.09%,0,0%,118,23.69%,DeOsZa99,Zak DeOssie,nyg
LS,0,0%,0,0%,9,1.81%,OttxTy00,Tyler Ott,nyg
K,1,.09%,0,0%,172,34.54%,brownjos01,Josh Brown,nyg
P,1,.09%,0,0%,158,31.73%,WingBr00,Brad Wing,nyg
QB,65,5.86%,0,0%,0,0%,SmitGe00,Geno Smith,nyj
QB,1045,94.14%,0,0%,0,0%,FitzRy00,Ryan Fitzpatrick,nyj
RB,366,32.97%,0,0%,46,9.68%,PoweBi00,Bilal Powell,nyj
RB,537,48.38%,0,0%,0,0%,IvorCh00,Chris Ivory,nyj
RB,86,7.75%,0,0%,0,0%,RidlSt00,Stevan Ridley,nyj
RB,140,12.61%,0,0%,48,10.11%,StacZa00,Zac Stacy,nyj
FB,268,24.14%,0,0%,234,49.26%,BohaTo00,Tommy Bohanon,nyj
WR,312,28.11%,0,0%,82,17.26%,SmitDe04,Devin Smith,nyj
WR,281,25.32%,0,0%,13,2.74%,ThomKe02,Kenbrell Thompkins,nyj
WR,1058,95.32%,0,0%,8,1.68%,MarsBr00,Brandon Marshall,nyj
WR,905,81.53%,0,0%,11,2.32%,DeckEr00,Eric Decker,nyj
WR,123,11.08%,0,0%,29,6.11%,OwusCh00,Chris Owusu,nyj
WR,521,46.94%,0,0%,167,35.16%,EnunQu00,Quincy Enunwa,nyj
WR,223,20.09%,0,0%,87,18.32%,KerlJe00,Jeremy Kerley,nyj
TE,257,23.15%,0,0%,269,56.63%,CumbJe00,Jeff Cumberland,nyj
TE,435,39.19%,0,0%,145,30.53%,DaviKe01,Kellen Davis,nyj
TE,12,1.08%,0,0%,0,0%,SaxtWe01,Wes Saxton,nyj
T,170,15.32%,0,0%,49,10.32%,JohnWe00,Wesley Johnson,nyj
T,1110,100.00%,0,0%,77,16.21%,FergDB20,D'Brickashaw Ferguson,nyj
T,1106,99.64%,0,0%,77,16.21%,GiacBr20,Breno Giacomini,nyj
T,31,2.79%,0,0%,77,16.21%,QvalBr01,Brent Qvale,nyj
G,344,30.99%,0,0%,25,5.26%,ColoWi20,Willie Colon,nyj
G,1106,99.64%,0,0%,77,16.21%,CarpJa00,James Carpenter,nyj
G,765,68.92%,0,0%,76,16.00%,WintBr00,Brian Winters,nyj
G,4,.36%,0,0%,11,2.32%,DoziDa00,Dakota Dozier,nyj
C,936,84.32%,0,0%,0,0%,MangNi20,Nick Mangold,nyj
DE,0,0%,937,89.32%,73,15.37%,WilkMu00,Muhammad Wilkerson,nyj
DE,0,0%,807,76.93%,78,16.42%,WillLe02,Leonard Williams,nyj
DE,0,0%,290,27.65%,160,33.68%,DouzLe00,Leger Douzable,nyj
DE,0,0%,138,13.16%,6,1.26%,BoweSt20,Stephen Bowen,nyj
DE,0,0%,52,4.96%,16,3.37%,CataMi00,Mike Catapano,nyj
DT,0,0%,618,58.91%,28,5.89%,RichSh00,Sheldon Richardson,nyj
NT,0,0%,565,53.86%,21,4.42%,HarrDa03,Damon Harrison,nyj
NT,0,0%,32,3.05%,22,4.63%,BarnT.00,T.J. Barnes,nyj
LB,0,0%,847,80.74%,111,23.37%,DaviDe00,Demario Davis,nyj
LB,0,0%,969,92.37%,82,17.26%,HarrDa99,David Harris,nyj
LB,0,0%,209,19.92%,51,10.74%,CoplQu00,Quinton Coples,nyj
LB,0,0%,519,49.48%,71,14.95%,PaceCa20,Calvin Pace,nyj
LB,0,0%,79,7.53%,301,63.37%,ReilTr00,Trevor Reilly,nyj
LB,0,0%,226,21.54%,229,48.21%,HendEr99,Erin Henderson,nyj
LB,0,0%,57,5.43%,276,58.11%,LattJa00,Jamari Lattimore,nyj
LB,0,0%,253,24.12%,101,21.26%,MaulLo00,Lorenzo Mauldin,nyj
CB,0,0%,884,84.27%,61,12.84%,ReviDa99,Darrelle Revis,nyj
CB,0,0%,719,68.54%,97,20.42%,SkriBu00,Buster Skrine,nyj
CB,0,0%,283,26.98%,205,43.16%,WillMa03,Marcus Williams,nyj
CB,0,0%,897,85.51%,95,20.00%,CromAn20,Antonio Cromartie,nyj
CB,0,0%,120,11.44%,235,49.47%,WallDa00,Darrin Walls,nyj
CB,0,0%,0,0%,47,9.89%,MillDe00,Dee Milliner,nyj
CB,0,0%,50,4.77%,179,37.68%,McDoDe00,Dexter McDougle,nyj
SS,0,0%,709,67.59%,81,17.05%,PryoCa00,Calvin Pryor,nyj
SS,0,0%,95,9.06%,74,15.58%,BailDi00,Dion Bailey,nyj
SS,0,0%,0,0%,106,22.32%,MartRo01,Ronald Martin,nyj
FS,0,0%,1044,99.52%,85,17.89%,GilcMa00,Marcus Gilchrist,nyj
FS,0,0%,13,1.24%,71,14.95%,JarrJa00,Jaiquawn Jarrett,nyj
DB,0,0%,126,12.01%,165,34.74%,MileRo00,Rontez Miles,nyj
LS,0,0%,0,0%,159,33.47%,PurdTa00,Tanner Purdum,nyj
K,0,0%,0,0%,78,16.42%,FolkNi20,Nick Folk,nyj
K,0,0%,0,0%,80,16.84%,BullRa00,Randy Bullock,nyj
P,0,0%,0,0%,10,2.11%,WeatSt20,Steve Weatherford,nyj
P,0,0%,0,0%,155,32.63%,QuigRy00,Ryan Quigley,nyj
QB,987,85.38%,0,0%,0,0%,BradSa00,Sam Bradford,phi
QB,169,14.62%,0,0%,0,0%,SancMa00,Mark Sanchez,phi
RB,482,41.70%,0,0%,0,0%,MurrDe00,DeMarco Murray,phi
RB,393,34.00%,0,0%,93,18.60%,SproDa00,Darren Sproles,phi
RB,245,21.19%,0,0%,0,0%,MathRy00,Ryan Mathews,phi
RB,79,6.83%,0,0%,77,15.40%,BarnKe00,Kenjon Barner,phi
WR,919,79.50%,0,0%,1,.20%,MattJo00,Jordan Matthews,phi
WR,669,57.87%,0,0%,1,.20%,AghoNe00,Nelson Agholor,phi
WR,570,49.31%,0,0%,185,37.00%,CoopRi00,Riley Cooper,phi
WR,539,46.63%,0,0%,98,19.60%,HuffJo00,Josh Huff,phi
WR,405,35.03%,0,0%,1,.20%,AustMi00,Miles Austin,phi
WR,18,1.56%,0,0%,13,2.60%,KrauJo00,Jonathan Krause,phi
WR,9,.78%,0,0%,263,52.60%,AjirSe00,Seyi Ajirotutu,phi
TE,789,68.25%,0,0%,83,16.60%,ErtzZa00,Zach Ertz,phi
TE,600,51.90%,0,0%,210,42.00%,CeleBr00,Brent Celek,phi
TE,63,5.45%,0,0%,420,84.00%,BurtTr01,Trey Burton,phi
T,1156,100.00%,0,0%,15,3.00%,JohnLa01,Lane Johnson,phi
T,760,65.74%,0,0%,0,0%,PeteJa21,Jason Peters,phi
T,394,34.08%,0,0%,60,12.00%,KellDe00,Dennis Kelly,phi
"G,T",983,85.03%,0,0%,70,14.00%,TobiMa00,Matt Tobin,phi
G,175,15.14%,0,0%,10,2.00%,GardAn20,Andrew Gardner,phi
G,1156,100.00%,0,0%,70,14.00%,BarbAl20,Allen Barbre,phi
G,0,0%,0,0%,7,1.40%,VandJu00,Julian Vandervelde,phi
G,0,0%,0,0%,58,11.60%,AndrJo01,Josh Andrews,phi
C,1156,100.00%,0,0%,0,0%,KelcJa00,Jason Kelce,phi
C,0,0%,0,0%,5,1.00%,MolkDa00,David Molk,phi
DE,0,0%,983,80.97%,5,1.00%,CoxxFl00,Fletcher Cox,phi
DE,0,0%,492,40.53%,42,8.40%,ThorCe00,Cedric Thornton,phi
DE,0,0%,89,7.33%,19,3.80%,BairBr00,Brandon Bair,phi
DE,0,0%,429,35.34%,87,17.40%,CurrVi00,Vinny Curry,phi
DE,0,0%,326,26.85%,98,19.60%,HartTa00,Taylor Hart,phi
NT,0,0%,583,48.02%,65,13.00%,LogaBe00,Bennie Logan,phi
NT,0,0%,342,28.17%,126,25.20%,AlleBe00,Beau Allen,phi
LB,0,0%,627,51.65%,47,9.40%,KendMy00,Mychal Kendricks,phi
LB,0,0%,1052,86.66%,4,.80%,BarwCo99,Connor Barwin,phi
LB,0,0%,858,70.68%,80,16.00%,GrahBr99,Brandon Graham,phi
LB,0,0%,472,38.88%,25,5.00%,AlonKi00,Kiko Alonso,phi
LB,0,0%,37,3.05%,350,70.00%,GoodNa00,Najee Goode,phi
LB,0,0%,15,1.24%,427,85.40%,BramBr00,Bryan Braman,phi
LB,0,0%,451,37.15%,86,17.20%,HickJo00,Jordan Hicks,phi
LB,0,0%,605,49.84%,0,0%,RyanDe20,DeMeco Ryans,phi
LB,0,0%,127,10.46%,196,39.20%,SmitMa03,Marcus Smith,phi
LB,0,0%,0,0%,101,20.20%,JoneBr99,Brad Jones,phi
CB,0,0%,754,62.11%,94,18.80%,CarrNo00,Nolan Carroll,phi
CB,0,0%,907,74.71%,5,1.00%,MaxwBy00,Byron Maxwell,phi
CB,0,0%,565,46.54%,302,60.40%,BiggE.99,E.J. Biggers,phi
CB,0,0%,84,6.92%,78,15.60%,WatkJa01,Jaylen Watkins,phi
CB,0,0%,505,41.60%,174,34.80%,RoweEr00,Eric Rowe,phi
CB,0,0%,20,1.65%,23,4.60%,RiceDe00,Denzel Rice,phi
SS,0,0%,8,.66%,168,33.60%,CoupJe00,Jerome Couplin,phi
FS,0,0%,1212,99.84%,148,29.60%,JenkMa99,Malcolm Jenkins,phi
FS,0,0%,303,24.96%,387,77.40%,MaraCh99,Chris Maragos,phi
DB,0,0%,0,0%,1,.20%,EvanRa00,Randall Evans,phi
S,0,0%,1198,98.68%,68,13.60%,ThurWa99,Walter Thurmond,phi
S,0,0%,311,25.62%,78,15.60%,ReynEd00,Ed Reynolds,phi
LS,0,0%,0,0%,162,32.40%,DoreJo20,Jon Dorenbos,phi
K,0,0%,0,0%,24,4.80%,ParkCo03,Cody Parkey,phi
K,0,0%,0,0%,128,25.60%,SturCa00,Caleb Sturgis,phi
P,0,0%,0,0%,160,32.00%,JoneDo21,Donnie Jones,phi
QB,793,73.84%,0,0%,1,.22%,RoetBe00,Ben Roethlisberger,pit
QB,109,10.15%,0,0%,1,.22%,JoneLa02,Landry Jones,pit
QB,172,16.01%,0,0%,0,0%,VickMi00,Michael Vick,pit
RB,701,65.27%,0,0%,3,.67%,WillDe02,DeAngelo Williams,pit
RB,301,28.03%,0,0%,0,0%,BellLe00,Le'Veon Bell,pit
RB,47,4.38%,0,0%,43,9.64%,TousFi00,Fitzgerald Toussaint,pit
RB,3,.28%,0,0%,38,8.52%,ArchDr00,Dri Archer,pit
RB,13,1.21%,0,0%,92,20.63%,TodmJo00,Jordan Todman,pit
FB,89,8.29%,0,0%,220,49.33%,JohnWi00,Will Johnson,pit
FB,150,13.97%,0,0%,244,54.71%,NixxRo01,Roosevelt Nix,pit
WR,1029,95.81%,0,0%,57,12.78%,BrowAn04,Antonio Brown,pit
WR,697,64.90%,0,0%,21,4.71%,WheaMa00,Markus Wheaton,pit
WR,401,37.34%,0,0%,174,39.01%,HeywDa00,Darrius Heyward-Bey,pit
WR,511,47.58%,0,0%,2,.45%,BryaMa00,Martavis Bryant,pit
WR,0,0%,0,0%,37,8.30%,JoneJa03,Jacoby Jones,pit
WR,7,.65%,0,0%,1,.22%,MurpTy00,Tyler Murphy,pit
WR,36,3.35%,0,0%,17,3.81%,CoatSa00,Sammie Coates,pit
TE,923,85.94%,0,0%,29,6.50%,MillHe00,Heath Miller,pit
TE,181,16.85%,0,0%,18,4.04%,JameJe00,Jesse James,pit
TE,242,22.53%,0,0%,159,35.65%,SpaeMa00,Matt Spaeth,pit
T,1069,99.53%,0,0%,77,17.26%,GilbMa00,Marcus Gilbert,pit
T,325,30.26%,0,0%,22,4.93%,BeacKe00,Kelvin Beachum,pit
T,752,70.02%,0,0%,88,19.73%,VillAl00,Alejandro Villanueva,pit
G,1074,100.00%,0,0%,79,17.71%,DeCaDa00,David DeCastro,pit
G,1074,100.00%,0,0%,79,17.71%,FostRa21,Ramon Foster,pit
G,33,3.07%,0,0%,2,.45%,HubbCh00,Chris Hubbard,pit
C,1072,99.81%,0,0%,1,.22%,WallCo20,Cody Wallace,pit
C,2,.19%,0,0%,56,12.56%,LeguDo00,Doug Legursky,pit
DE,0,0%,976,88.01%,140,31.39%,HeywCa01,Cameron Heyward,pit
DE,0,0%,873,78.72%,118,26.46%,TuitSt00,Stephon Tuitt,pit
DE,0,0%,185,16.68%,13,2.91%,ThomCa99,Cam Thomas,pit
DE,0,0%,29,2.61%,12,2.69%,WaltLe00,Leterrius Walton,pit
NT,0,0%,379,34.17%,62,13.90%,McLeSt00,Steve McLendon,pit
NT,0,0%,105,9.47%,13,2.91%,McCuDa00,Daniel McCullers,pit
LB,0,0%,667,60.14%,57,12.78%,ShazRy00,Ryan Shazier,pit
LB,8,.74%,1057,95.31%,63,14.13%,TimmLa99,Lawrence Timmons,pit
LB,0,0%,611,55.09%,58,13.00%,HarrJa23,James Harrison,pit
LB,0,0%,455,41.03%,113,25.34%,JoneJa05,Jarvis Jones,pit
LB,0,0%,563,50.77%,95,21.30%,DuprAl00,Bud Dupree,pit
LB,0,0%,554,49.95%,80,17.94%,MoatAr00,Arthur Moats,pit
LB,0,0%,8,.72%,226,50.67%,GarvTe00,Terence Garvin,pit
LB,0,0%,191,17.22%,302,67.71%,WillVi01,Vince Williams,pit
LB,0,0%,270,24.35%,254,56.95%,SpenSe00,Sean Spence,pit
LB,0,0%,22,1.98%,49,10.99%,ChicAn00,Anthony Chickillo,pit
CB,0,0%,922,83.14%,90,20.18%,BlakAn00,Antwon Blake,pit
CB,0,0%,1065,96.03%,63,14.13%,GayxWi99,William Gay,pit
CB,0,0%,684,61.68%,26,5.83%,CockRo00,Ross Cockrell,pit
CB,0,0%,32,2.89%,0,0%,AlleCo00,Cortez Allen,pit
CB,0,0%,274,24.71%,203,45.52%,BoykBr00,Brandon Boykin,pit
CB,0,0%,1,.09%,17,3.81%,GranDo00,Doran Grant,pit
SS,0,0%,813,73.31%,79,17.71%,AlleWi21,Will Allen,pit
SS,0,0%,20,1.80%,286,64.13%,ThomSh00,Shamarko Thomas,pit
SS,0,0%,0,0%,105,23.54%,VentRo00,Ross Ventrone,pit
FS,0,0%,1048,94.50%,61,13.68%,MitcMi99,Mike Mitchell,pit
FS,0,0%,391,35.26%,311,69.73%,GoldRo00,Robert Golden,pit
LS,0,0%,0,0%,138,30.94%,WarrGr20,Greg Warren,pit
K,0,0%,0,0%,38,8.52%,scobejos01,Josh Scobee,pit
K,0,0%,0,0%,134,30.04%,BoswCh00,Chris Boswell,pit
P,0,0%,0,0%,137,30.72%,BerrJo00,Jordan Berry,pit
QB,1103,98.84%,0,0%,0,0%,BradTo00,Tom Brady,nwe
QB,13,1.16%,0,0%,0,0%,GaroJi00,Jimmy Garoppolo,nwe
RB,298,26.70%,0,0%,8,1.63%,LewiDi00,Dion Lewis,nwe
RB,191,17.11%,0,0%,263,53.46%,BoldBr00,Brandon Bolden,nwe
RB,23,2.06%,0,0%,18,3.66%,IoseJo00,Joey Iosefa,nwe
RB,33,2.96%,0,0%,0,0%,JackSt00,Steven Jackson,nwe
RB,305,27.33%,0,0%,0,0%,BlouLe00,LeGarrette Blount,nwe
RB,3,.27%,0,0%,1,.20%,CadeTr00,Travaris Cadet,nwe
RB,291,26.08%,0,0%,2,.41%,WhitJa02,James White,nwe
WR,523,46.86%,0,0%,32,6.50%,EdelJu00,Julian Edelman,nwe
WR,660,59.14%,0,0%,0,0%,LaFeBr00,Brandon LaFell,nwe
WR,576,51.61%,0,0%,91,18.50%,AmenDa00,Danny Amendola,nwe
WR,481,43.10%,0,0%,36,7.32%,MartKe01,Keshawn Martin,nwe
WR,212,19.00%,0,0%,0,0%,DobsAa00,Aaron Dobson,nwe
WR,20,1.79%,0,0%,313,63.62%,SlatMa00,Matthew Slater,nwe
WR,67,6.00%,0,0%,9,1.83%,HarpCh01,Chris Harper,nwe
WR,10,.90%,0,0%,0,0%,HankLe00,Leonard Hankerson,nwe
WR,3,.27%,0,0%,4,.81%,JohnDa04,Damaris Johnson,nwe
TE,937,83.96%,0,0%,8,1.63%,GronRo00,Rob Gronkowski,nwe
TE,379,33.96%,0,0%,81,16.46%,ChanSc00,Scott Chandler,nwe
TE,447,40.05%,0,0%,164,33.33%,WillMi06,Michael Williams,nwe
TE,23,2.06%,0,0%,4,.81%,HoomMi00,Michael Hoomanawanui,nwe
TE,33,2.96%,0,0%,30,6.10%,ClevAs00,Asante Cleveland,nwe
T,467,41.85%,0,0%,29,5.89%,FlemCa00,Cameron Fleming,nwe
T,229,20.52%,0,0%,23,4.67%,SoldNa00,Nate Solder,nwe
T,815,73.03%,0,0%,68,13.82%,VollSe20,Sebastian Vollmer,nwe
T,37,3.32%,0,0%,3,.61%,WaddLa01,LaAdrian Waddle,nwe
T,624,55.91%,0,0%,61,12.40%,CannMa00,Marcus Cannon,nwe
G,863,77.33%,0,0%,37,7.52%,KlinJo01,Josh Kline,nwe
G,735,65.86%,0,0%,70,14.23%,MasoSh01,Shaq Mason,nwe
G,607,54.39%,0,0%,46,9.35%,JackTr00,Tre' Jackson,nwe
G,4,.36%,0,0%,5,1.02%,BarkCh00,Chris Barker,nwe
C,763,68.37%,0,0%,9,1.83%,AndrDa00,David Andrews,nwe
C,490,43.91%,0,0%,32,6.50%,StorBr00,Bryan Stork,nwe
C,13,1.16%,0,0%,18,3.66%,WendRy20,Ryan Wendell,nwe
DE,0,0%,861,78.85%,144,29.27%,JoneCh03,Chandler Jones,nwe
DE,0,0%,888,81.32%,103,20.93%,NinkRo20,Rob Ninkovich,nwe
DE,0,0%,557,51.01%,15,3.05%,SheaJa00,Jabaal Sheard,nwe
DE,0,0%,130,11.90%,142,28.86%,GrisGe00,Geneo Grissom,nwe
DE,0,0%,301,27.56%,17,3.46%,HickAk00,Akiem Hicks,nwe
DE,0,0%,4,.37%,0,0%,FlowTr00,Trey Flowers,nwe
DT,0,0%,508,46.52%,46,9.35%,BrowMa01,Malcom Brown,nwe
DT,0,0%,252,23.08%,64,13.01%,SiliSe00,Sealver Siliga,nwe
DT,0,0%,432,39.56%,114,23.17%,BranAl99,Alan Branch,nwe
DT,0,0%,273,25.00%,49,9.96%,EaslDo00,Dominique Easley,nwe
DT,0,0%,1,.09%,0,0%,KitcIs00,Ishmaa'ily Kitchen,nwe
LB,0,0%,775,70.97%,57,11.59%,CollJa00,Jamie Collins,nwe
LB,0,0%,593,54.30%,47,9.55%,HighDo01,Dont'a Hightower,nwe
LB,0,0%,28,2.56%,115,23.37%,FlemDa00,Darius Fleming,nwe
LB,0,0%,13,1.19%,11,2.24%,JohnRu02,Rufus Johnson,nwe
LB,0,0%,4,.37%,72,14.63%,WatsDe99,Dekoda Watson,nwe
LB,0,0%,40,3.66%,194,39.43%,BostJo00,Jonathan Bostic,nwe
LB,0,0%,0,0%,267,54.27%,KingBr02,Brandon King,nwe
LB,0,0%,389,35.62%,249,50.61%,FreeJo01,Jonathan Freeny,nwe
LB,0,0%,0,0%,73,14.84%,MartEr02,Eric Martin,nwe
LB,0,0%,394,36.08%,32,6.50%,MayoJe99,Jerod Mayo,nwe
CB,0,0%,1080,98.90%,117,23.78%,ButlMa01,Malcolm Butler,nwe
CB,0,0%,162,14.84%,4,.81%,BrowTa99,Tarell Brown,nwe
CB,0,0%,68,6.23%,0,0%,FletBr99,Bradley Fletcher,nwe
CB,0,0%,157,14.38%,20,4.07%,JohnLe03,Leonard Johnson,nwe
CB,0,0%,976,89.38%,52,10.57%,RyanLo00,Logan Ryan,nwe
CB,0,0%,49,4.49%,65,13.21%,MelvRa00,Rashaan Melvin,nwe
SS,0,0%,925,84.71%,154,31.30%,McCoDe99,Devin McCourty,nwe
SS,0,0%,885,81.04%,236,47.97%,ChunPa99,Patrick Chung,nwe
SS,0,0%,83,7.60%,155,31.50%,WilsTa00,Tavon Wilson,nwe
FS,0,0%,601,55.04%,170,34.55%,HarmDu00,Duron Harmon,nwe
FS,0,0%,45,4.12%,369,75.00%,EbneNa00,Nate Ebner,nwe
DB,0,0%,300,27.47%,15,3.05%,ColeJu01,Justin Coleman,nwe
DB,0,0%,238,21.79%,253,51.42%,RichJo00,Jordan Richards,nwe
DB,0,0%,0,0%,9,1.83%,McDoDe01,Dewey McDonald,nwe
LS,0,0%,0,0%,164,33.33%,CardJo00,Joe Cardona,nwe
K,0,0%,0,0%,189,38.41%,GostSt20,Stephen Gostkowski,nwe
P,0,0%,0,0%,164,33.33%,AlleRy01,Ryan Allen,nwe
QB,1025,95.88%,0,0%,0,0%,CousKi00,Kirk Cousins,was
QB,44,4.12%,0,0%,0,0%,McCoCo00,Colt McCoy,was
RB,385,36.01%,0,0%,9,1.98%,MorrAl00,Alfred Morris,was
RB,273,25.54%,0,0%,100,21.98%,ThomCh03,Chris Thompson,was
RB,341,31.90%,0,0%,50,10.99%,JoneMa04,Matt Jones,was
RB,54,5.05%,0,0%,8,1.76%,ThomPi00,Pierre Thomas,was
FB,109,10.20%,0,0%,309,67.91%,YounDa01,Darrel Young,was
WR,811,75.87%,0,0%,4,.88%,GarcPi00,Pierre Garcon,was
WR,454,42.47%,0,0%,132,29.01%,GranRy01,Ryan Grant,was
WR,257,24.04%,0,0%,15,3.30%,RobeAn00,Andre Roberts,was
WR,735,68.76%,0,0%,77,16.92%,CrowJa00,Jamison Crowder,was
WR,359,33.58%,0,0%,5,1.10%,JackDe00,DeSean Jackson,was
WR,117,10.94%,0,0%,96,21.10%,RossRa00,Rashad Ross,was
TE,702,65.67%,0,0%,4,.88%,ReedJo02,Jordan Reed,was
TE,402,37.61%,0,0%,102,22.42%,CarrDe00,Derek Carrier,was
TE,71,6.64%,0,0%,7,1.54%,McCoAn00,Anthony McCoy,was
TE,71,6.64%,0,0%,27,5.93%,SmitAl02,Alex Smith,was
TE,3,.28%,0,0%,20,4.40%,HammJe01,Je'Ron Hamm,was
TE,10,.94%,0,0%,6,1.32%,JensMa01,Marcel Jensen,was
"G,T",1068,99.91%,0,0%,71,15.60%,ScheBr00,Brandon Scherff,was
T,926,86.62%,0,0%,40,8.79%,WillTr21,Trent Williams,was
T,1030,96.35%,0,0%,65,14.29%,MoseMo00,Morgan Moses,was
T,210,19.64%,0,0%,96,21.10%,CompTo00,Tom Compton,was
T,193,18.05%,0,0%,76,16.70%,NsekTy00,Ty Nsekhe,was
G,845,79.05%,0,0%,61,13.41%,LongSp00,Spencer Long,was
G,153,14.31%,0,0%,7,1.54%,LauvSh20,Shawn Lauvao,was
G,1,.09%,0,0%,16,3.52%,KouaAr00,Arie Kouandjio,was
C,370,34.61%,0,0%,0,0%,LichKo20,Kory Lichtensteiger,was
C,21,1.96%,0,0%,6,1.32%,DeLaBr00,Brian De La Puente,was
"C,G",713,66.70%,0,0%,29,6.37%,LeRiJo00,Josh LeRibeus,was
DE,0,0%,540,51.04%,50,10.99%,HatcJa20,Jason Hatcher,was
DE,0,0%,620,58.60%,0,0%,BakeCh99,Chris Baker,was
DE,0,0%,214,20.23%,27,5.93%,PaeaSt00,Stephen Paea,was
DE,0,0%,387,36.58%,86,18.90%,JeanRi99,Ricky Jean-Francois,was
DE,0,0%,77,7.28%,3,.66%,KearFr00,Frank Kearse,was
NT,0,0%,370,34.97%,89,19.56%,KnigTe99,Terrance Knighton,was
"DE,NT",0,0%,199,18.81%,174,38.24%,GolsKe20,Kedric Golston,was
LB,0,0%,462,43.67%,26,5.71%,RilePe00,Perry Riley,was
LB,0,0%,545,51.51%,75,16.48%,RobiKe01,Keenan Robinson,was
LB,0,0%,889,84.03%,59,12.97%,KerrRy00,Ryan Kerrigan,was
LB,0,0%,671,63.42%,220,48.35%,MurpTr00,Trent Murphy,was
LB,0,0%,0,0%,51,11.21%,PlumTe01,Terrance Plummer,was
LB,0,0%,509,48.11%,173,38.02%,SmitPr00,Preston Smith,was
LB,0,0%,25,2.36%,85,18.68%,JeffJa00,Jackson Jeffcoat,was
LB,0,0%,20,1.89%,93,20.44%,FielCa00,Carlos Fields,was
LB,0,0%,718,67.86%,190,41.76%,CompWi00,William Compton,was
LB,0,0%,260,24.57%,160,35.16%,FostMa00,Mason Foster,was
LB,0,0%,0,0%,9,1.98%,SpaiMa00,Martrell Spaight,was
LB,0,0%,30,2.84%,184,40.44%,BateHo00,Houston Bates,was
CB,0,0%,350,33.08%,0,0%,CullCh00,Chris Culliver,was
CB,0,0%,915,86.48%,121,26.59%,BreeBa00,Bashaud Breeland,was
CB,0,0%,39,3.69%,16,3.52%,HarrJe02,Jeremy Harris,was
CB,0,0%,45,4.25%,6,1.32%,RogeJu00,Justin Rogers,was
CB,0,0%,429,40.55%,16,3.52%,HallDe99,DeAngelo Hall,was
CB,0,0%,8,.76%,32,7.03%,AmerDa00,David Amerson,was
CB,0,0%,789,74.57%,151,33.19%,BlacWi20,Will Blackmon,was
CB,0,0%,259,24.48%,86,18.90%,DunbQu00,Quinton Dunbar,was
CB,0,0%,38,3.59%,201,44.18%,EverDe01,Deshazor Everett,was
SS,0,0%,196,18.53%,253,55.60%,JohnJe02,Jeron Johnson,was
SS,0,0%,8,.76%,0,0%,IhenDu00,Duke Ihenacho,was
FS,0,0%,970,91.68%,125,27.47%,GoldDa99,Dashon Goldson,was
FS,0,0%,440,41.59%,98,21.54%,RobiTr02,Trent Robinson,was
FS,0,0%,603,56.99%,172,37.80%,JarrKy00,Kyshoen Jarrett,was
DB,0,0%,13,1.23%,90,19.78%,PhilDa00,Dashaun Phillips,was
LS,0,0%,0,0%,143,31.43%,SundNi00,Nick Sundberg,was
K,0,0%,0,0%,148,32.53%,HopkDu00,Dustin Hopkins,was
K,0,0%,0,0%,6,1.32%,ForbKa00,Kai Forbath,was
P,0,0%,0,0%,146,32.09%,WayxTr00,Tress Way,was
QB,1025,99.32%,0,0%,0,0%,TannRy00,Ryan Tannehill,mia
QB,7,.68%,0,0%,0,0%,MoorMa01,Matt Moore,mia
RB,630,61.05%,0,0%,0,0%,MillLa01,Lamar Miller,mia
RB,158,15.31%,0,0%,305,66.45%,WillDa05,Damien Williams,mia
RB,87,8.43%,0,0%,24,5.23%,GrayJo00,Jonas Gray,mia
RB,0,0%,0,0%,12,2.61%,MostRa00,Raheem Mostert,mia
RB,158,15.31%,0,0%,60,13.07%,AjayJa00,Jay Ajayi,mia
RB,0,0%,0,0%,3,.65%,JameLa00,LaMichael James,mia
WR,867,84.01%,0,0%,111,24.18%,LandJa00,Jarvis Landry,mia
WR,519,50.29%,0,0%,54,11.76%,MattRi00,Rishard Matthews,mia
WR,308,29.84%,0,0%,0,0%,JennGr00,Greg Jennings,mia
WR,594,57.56%,0,0%,1,.22%,StilKe00,Kenny Stills,mia
WR,28,2.71%,0,0%,7,1.53%,HazeMa01,Matt Hazel,mia
WR,468,45.35%,0,0%,2,.44%,ParkDe01,DeVante Parker,mia
TE,743,72.00%,0,0%,6,1.31%,CameJo00,Jordan Cameron,mia
TE,120,11.63%,0,0%,25,5.45%,StonJa01,Jake Stoneburner,mia
TE,3,.29%,0,0%,46,10.02%,WillBr04,Brandon Williams,mia
TE,457,44.28%,0,0%,24,5.23%,SimsDi00,Dion Sims,mia
T,392,37.98%,0,0%,24,5.23%,JameJa01,Ja'Wuan James,mia
T,786,76.16%,0,0%,15,3.27%,AlbeBr20,Branden Albert,mia
T,829,80.33%,0,0%,51,11.11%,FoxxJa20,Jason Fox,mia
T,29,2.81%,0,0%,3,.65%,JohnUl00,Ulrick John,mia
T,23,2.23%,0,0%,25,5.45%,LinkJe20,Jeff Linkenbach,mia
G,1031,99.90%,0,0%,54,11.76%,ThomDa04,Dallas Thomas,mia
G,519,50.29%,0,0%,62,13.51%,DougJa00,Jamil Douglas,mia
G,764,74.03%,0,0%,46,10.02%,TurnBi00,Billy Turner,mia
C,787,76.26%,0,0%,42,9.15%,PounMi00,Mike Pouncey,mia
C,4,.39%,0,0%,12,2.61%,McClJa20,Jacques McClendon,mia
C,7,.68%,0,0%,11,2.40%,BrenSa01,Sam Brenner,mia
DE,0,0%,246,21.35%,2,.44%,WakeCa00,Cameron Wake,mia
DE,0,0%,210,18.23%,183,39.87%,FedeTe00,Terrence Fede,mia
DE,0,0%,834,72.40%,128,27.89%,ShelDe00,Derrick Shelby,mia
DE,0,0%,942,81.77%,78,16.99%,VernOl00,Olivier Vernon,mia
DE,0,0%,31,2.69%,47,10.24%,MoorDa01,Damontre Moore,mia
DE,0,0%,4,.35%,4,.87%,WillJo05,Jordan Williams,mia
DT,0,0%,982,85.24%,49,10.68%,SuhxNd99,Ndamukong Suh,mia
DT,9,.87%,501,43.49%,68,14.81%,MitcEa99,Earl Mitchell,mia
DT,0,0%,21,1.82%,0,0%,ThomRo04,Robert Thomas,mia
DT,0,0%,11,.95%,9,1.96%,FranA.00,A.J. Francis,mia
DT,0,0%,430,37.33%,77,16.78%,PhilJo01,Jordan Phillips,mia
DT,0,0%,73,6.34%,18,3.92%,ColeDe01,Deandre Coleman,mia
DT,0,0%,215,18.66%,42,9.15%,MoslC.20,C.J. Mosley,mia
LB,0,0%,697,60.50%,13,2.83%,JenkJe00,Jelani Jenkins,mia
LB,0,0%,727,63.11%,7,1.53%,MisiKo99,Koa Misi,mia
LB,0,0%,143,12.41%,301,65.58%,VigiZa00,Zach Vigil,mia
LB,0,0%,20,1.74%,51,11.11%,HullMi01,Mike Hull,mia
LB,0,0%,77,6.68%,23,5.01%,CoplQu00,Quinton Coples,mia
LB,0,0%,707,61.37%,175,38.13%,ShepKe00,Kelvin Sheppard,mia
LB,0,0%,72,6.25%,324,70.59%,PaysSp00,Spencer Paysinger,mia
LB,0,0%,341,29.60%,288,62.75%,HewiNe00,Neville Hewitt,mia
LB,0,0%,0,0%,51,11.11%,JohnJa04,James-Michael Johnson,mia
LB,0,0%,43,3.73%,75,16.34%,McCaCh00,Chris McCain,mia
CB,0,0%,742,64.41%,49,10.68%,McCaBr99,Brice McCain,mia
CB,0,0%,957,83.07%,68,14.81%,GrimBr20,Brent Grimes,mia
CB,0,0%,712,61.81%,5,1.09%,TaylJa01,Jamar Taylor,mia
CB,0,0%,133,11.55%,78,16.99%,LippTo00,Tony Lippett,mia
CB,0,0%,73,6.34%,185,40.31%,BowmZa20,Zackary Bowman,mia
CB,0,0%,1,.09%,10,2.18%,PatmTy00,Tyler Patmon,mia
CB,0,0%,353,30.64%,226,49.24%,McCaBo01,Bobby McCain,mia
SS,0,0%,444,38.54%,334,72.77%,AikeWa00,Walt Aikens,mia
FS,0,0%,1117,96.96%,7,1.53%,JoneRe99,Reshad Jones,mia
FS,0,0%,696,60.42%,334,72.77%,ThomMi02,Michael Thomas,mia
DB,0,0%,108,9.38%,66,14.38%,GarySh00,Shamiel Gary,mia
DB,0,0%,10,.87%,220,47.93%,KovaJo00,Jordan Kovacs,mia
LS,0,0%,0,0%,149,32.46%,DennJo20,John Denney,mia
K,0,0%,0,0%,122,26.58%,FranAn01,Andrew Franks,mia
P,0,0%,0,0%,157,34.20%,DarrMa00,Matt Darr,mia
QB,992,97.25%,0,0%,0,0%,BridTe00,Teddy Bridgewater,min
QB,28,2.75%,0,0%,0,0%,HillSh00,Shaun Hill,min
RB,664,65.10%,0,0%,0,0%,PeteAd01,Adrian Peterson,min
RB,198,19.41%,0,0%,209,47.61%,AsiaMa00,Matt Asiata,min
RB,160,15.69%,0,0%,205,46.70%,McKiJe00,Jerick McKinnon,min
FB,220,21.57%,0,0%,128,29.16%,LineZa01,Zach Line,min
WR,218,21.37%,0,0%,3,.68%,JohnCh08,Charles Johnson,min
WR,748,73.33%,0,0%,0,0%,WallMi00,Mike Wallace,min
WR,654,64.12%,0,0%,6,1.37%,DiggSt00,Stefon Diggs,min
WR,431,42.25%,0,0%,0,0%,WrigJa02,Jarius Wright,min
WR,217,21.27%,0,0%,259,59.00%,ThieAd00,Adam Thielen,min
WR,57,5.59%,0,0%,70,15.95%,PattCo00,Cordarrelle Patterson,min
TE,845,82.84%,0,0%,80,18.22%,RudoKy00,Kyle Rudolph,min
TE,470,46.08%,0,0%,238,54.21%,ElliRh00,Rhett Ellison,min
TE,204,20.00%,0,0%,139,31.66%,PruiMy00,MyCole Pruitt,min
T,1014,99.41%,0,0%,75,17.08%,ClemT.00,T.J. Clemmings,min
T,1013,99.31%,0,0%,45,10.25%,KaliMa00,Matt Kalil,min
G,1019,99.90%,0,0%,77,17.54%,FuscBr00,Brandon Fusco,min
"G,T",1020,100.00%,0,0%,77,17.54%,HarrMi01,Mike Harris,min
G,27,2.65%,0,0%,42,9.57%,ShepAu00,Austin Shepherd,min
G,1,.10%,0,0%,20,4.56%,KeriZa00,Zac Kerin,min
C,1020,100.00%,0,0%,68,15.49%,BergJo20,Joe Berger,min
DE,0,0%,863,80.43%,56,12.76%,GrifEv99,Everson Griffen,min
DE,0,0%,898,83.69%,66,15.03%,RobiBr98,Brian Robison,min
DE,0,0%,392,36.53%,140,31.89%,HuntDa01,Danielle Hunter,min
DE,0,0%,129,12.02%,209,47.61%,CricSc00,Scott Crichton,min
DE,0,0%,22,2.05%,47,10.71%,TratJu00,Justin Trattou,min
DE,0,0%,6,.56%,0,0%,MoorZa00,Zach Moore,min
DT,0,0%,749,69.80%,44,10.02%,JohnTo01,Tom Johnson,min
DT,0,0%,548,51.07%,45,10.25%,FloySh00,Sharrif Floyd,min
NT,0,0%,529,49.30%,40,9.11%,JoseLi99,Linval Joseph,min
"DT,NT",0,0%,65,6.06%,2,.46%,StepSh00,Shamar Stephen,min
NT,0,0%,89,8.29%,3,.68%,ElliKe01,Kenrick Ellis,min
LB,0,0%,827,77.07%,51,11.62%,BarrAn00,Anthony Barr,min
LB,0,0%,630,58.71%,72,16.40%,GreeCh99,Chad Greenway,min
LB,0,0%,151,14.07%,18,4.10%,HodgGe00,Gerald Hodges,min
LB,0,0%,762,71.02%,74,16.86%,KendEr00,Eric Kendricks,min
LB,0,0%,32,2.98%,118,26.88%,WattBr00,Brandon Watts,min
LB,0,0%,38,3.54%,106,24.15%,ColeAu00,Audie Cole,min
LB,0,0%,46,4.29%,157,35.76%,RobiEd00,Edmond Robinson,min
LB,0,0%,33,3.08%,142,32.35%,TrusJa99,Jason Trusnik,min
CB,0,0%,1015,94.59%,23,5.24%,RhodXa00,Xavier Rhodes,min
CB,0,0%,964,89.84%,13,2.96%,NewmTe20,Terence Newman,min
CB,0,0%,6,.56%,61,13.90%,RobiJo01,Josh Robinson,min
CB,0,0%,9,.84%,310,70.62%,SherMa20,Marcus Sherels,min
CB,0,0%,712,66.36%,34,7.74%,MunnCa99,Captain Munnerlyn,min
CB,0,0%,7,.65%,2,.46%,PratSh00,Shaun Prater,min
CB,0,0%,195,18.17%,232,52.85%,WaynTr00,Trae Waynes,min
SS,0,0%,775,72.23%,123,28.02%,SendAn00,Andrew Sendejo,min
SS,0,0%,231,21.53%,227,51.71%,BlanRo00,Robert Blanton,min
FS,0,0%,793,73.90%,53,12.07%,SmitHa00,Harrison Smith,min
FS,0,0%,140,13.05%,134,30.52%,ExumAn00,Antone Exum,min
DB,0,0%,147,13.70%,28,6.38%,HarrAn01,Anthony Harris,min
LS,0,0%,0,0%,146,33.26%,McDeKe00,Kevin McDermott,min
K,0,0%,0,0%,163,37.13%,WalsBl00,Blair Walsh,min
P,0,0%,0,0%,147,33.49%,LockJe00,Jeff Locke,min
QB,1088,93.96%,0,0%,0,0%,BreeDr00,Drew Brees,nor
QB,70,6.04%,0,0%,39,8.35%,McCoLu00,Luke McCown,nor
RB,534,46.11%,0,0%,0,0%,IngrMa01,Mark Ingram,nor
RB,132,11.40%,0,0%,40,8.57%,RobiKh00,Khiry Robinson,nor
RB,54,4.66%,0,0%,11,2.36%,CadeTr00,Travaris Cadet,nor
RB,192,16.58%,0,0%,29,6.21%,HighTi00,Tim Hightower,nor
RB,1,.09%,0,0%,129,27.62%,MurpMa03,Marcus Murphy,nor
RB,200,17.27%,0,0%,29,6.21%,SpilC.00,C.J. Spiller,nor
RB,1,.09%,0,0%,5,1.07%,HuntKe00,Kendall Hunter,nor
FB,91,7.86%,0,0%,182,38.97%,JohnAu00,Austin Johnson,nor
FB,0,0%,0,0%,23,4.93%,OpurTo00,Toben Opurum,nor
WR,958,82.73%,0,0%,4,.86%,CookBr00,Brandin Cooks,nor
WR,430,37.13%,0,0%,143,30.62%,ColeBr00,Brandon Coleman,nor
WR,567,48.96%,0,0%,2,.43%,ColsMa00,Marques Colston,nor
WR,780,67.36%,0,0%,74,15.85%,SneaWi00,Willie Snead,nor
WR,18,1.55%,0,0%,37,7.92%,GrahT.00,T.J. Graham,nor
WR,14,1.21%,0,0%,1,.21%,MorgJo01,Joe Morgan,nor
WR,5,.43%,0,0%,18,3.85%,JoneSe01,Seantavius Jones,nor
TE,984,84.97%,0,0%,78,16.70%,WatsBe00,Ben Watson,nor
TE,424,36.61%,0,0%,306,65.52%,HillJo02,Josh Hill,nor
TE,333,28.76%,0,0%,107,22.91%,HoomMi00,Michael Hoomanawanui,nor
T,1074,92.75%,0,0%,65,13.92%,StriZa20,Zach Strief,nor
T,928,80.14%,0,0%,12,2.57%,ArmsTe00,Terron Armstead,nor
T,426,36.79%,0,0%,45,9.64%,PeatAn00,Andrus Peat,nor
T,72,6.22%,0,0%,35,7.49%,HillTo21,Tony Hills,nor
G,801,69.17%,0,0%,54,11.56%,EvanJa21,Jahri Evans,nor
G,950,82.04%,0,0%,66,14.13%,LeliTi00,Tim Lelito,nor
G,15,1.30%,0,0%,112,23.98%,McGlMi20,Mike McGlynn,nor
C,1157,99.91%,0,0%,33,7.07%,UngeMa20,Max Unger,nor
C,424,36.61%,0,0%,96,20.56%,KeleSe00,Senio Kelemete,nor
DE,0,0%,982,92.29%,82,17.56%,JordCa00,Cameron Jordan,nor
DE,0,0%,98,9.21%,16,3.43%,HickAk00,Akiem Hicks,nor
DE,0,0%,97,9.12%,145,31.05%,GwacOb00,Obum Gwacham,nor
DE,0,0%,131,12.31%,0,0%,BarnTa00,Tavaris Barnes,nor
DE,0,0%,584,54.89%,49,10.49%,RichBo00,Bobby Richardson,nor
DT,0,0%,532,50.00%,55,11.78%,JenkJo00,John Jenkins,nor
DT,0,0%,528,49.62%,163,34.90%,DaviTy01,Tyeler Davison,nor
DT,0,0%,555,52.16%,81,17.34%,WillKe98,Kevin Williams,nor
DT,0,0%,65,6.11%,10,2.14%,EullKa00,Kaleb Eulls,nor
LB,0,0%,990,93.05%,101,21.63%,AnthSt00,Stephone Anthony,nor
LB,0,0%,620,58.27%,41,8.78%,KikaHa00,Hau'oli Kikaha,nor
LB,0,0%,274,25.75%,236,50.54%,HumbRa00,Ramon Humber,nor
LB,0,0%,222,20.86%,104,22.27%,HawtDa20,David Hawthorne,nor
LB,0,0%,361,33.93%,329,70.45%,EdebKa00,Kasim Edebali,nor
LB,0,0%,174,16.35%,305,65.31%,MautMi00,Michael Mauti,nor
LB,0,0%,250,23.50%,0,0%,ElleDa99,Dannell Ellerbe,nor
LB,0,0%,108,10.15%,61,13.06%,AndeJa21,James Anderson,nor
LB,0,0%,0,0%,12,2.57%,MohaMi00,Mike Mohamed,nor
LB,0,0%,47,4.42%,22,4.71%,DunbJo20,Jo-Lonn Dunbar,nor
CB,0,0%,944,88.72%,91,19.49%,BreaDe00,Delvin Breaux,nor
CB,0,0%,1025,96.33%,47,10.06%,BrowBr00,Brandon Browner,nor
CB,0,0%,230,21.62%,36,7.71%,SwanDa02,Damian Swann,nor
CB,0,0%,499,46.90%,155,33.19%,WilsKy99,Kyle Wilson,nor
CB,0,0%,106,9.96%,0,0%,LewiKe96,Keenan Lewis,nor
CB,0,0%,14,1.32%,25,5.35%,OwenCh99,Chris Owens,nor
CB,0,0%,111,10.43%,223,47.75%,DixoBr01,Brian Dixon,nor
SS,15,1.30%,1062,99.81%,91,19.49%,VaccKe00,Kenny Vaccaro,nor
SS,0,0%,156,14.66%,5,1.07%,PhilKe99,Kenny Phillips,nor
SS,0,0%,104,9.77%,354,75.80%,SanfJa99,Jamarca Sanford,nor
SS,0,0%,0,0%,57,12.21%,JoneDo02,Don Jones,nor
FS,0,0%,810,76.13%,11,2.36%,ByrdJa99,Jairus Byrd,nor
FS,0,0%,21,1.97%,1,.21%,BushRa00,Rafael Bush,nor
S,0,0%,1,.09%,47,10.06%,DaviAk00,Akeem Davis,nor
LS,0,0%,0,0%,144,30.84%,DresJu20,Justin Drescher,nor
K,0,0%,0,0%,97,20.77%,ForbKa00,Kai Forbath,nor
K,0,0%,0,0%,37,7.92%,HockZa00,Zach Hocker,nor
P,0,0%,0,0%,117,25.05%,MorsTh00,Thomas Morstead,nor
P,0,0%,0,0%,10,2.14%,FielBr20,Brandon Fields,nor
