pos,offense,off_pct,defense,def_pct,special_teams,st_pct,player_id,player_name,team
QB,1045,90.79%,0,0%,0,0%,PalmCa00,Carson Palmer,crd
QB,106,9.21%,0,0%,0,0%,StanDr00,Drew Stanton,crd
RB,964,83.75%,0,0%,1,.21%,JohnDa08,David Johnson,crd
RB,11,.96%,0,0%,269,56.28%,TaylSt00,Stepfan Taylor,crd
RB,150,13.03%,0,0%,74,15.48%,ElliAn00,Andre Ellington,crd
RB,51,4.43%,0,0%,150,31.38%,WillKe05,Kerwynn Williams,crd
RB,42,3.65%,0,0%,0,0%,JohnCh04,Chris Johnson,crd
WR,1052,91.40%,1,.09%,3,.63%,FitzLa00,Larry Fitzgerald,crd
WR,679,58.99%,0,0%,2,.42%,FloyMi00,Michael Floyd,crd
WR,595,51.69%,0,0%,33,6.90%,BrowJo02,John Brown,crd
WR,190,16.51%,0,0%,97,20.29%,BrowJa03,Jaron Brown,crd
WR,156,13.55%,1,.09%,236,49.37%,GoldBr00,Brittan Golden,crd
WR,38,3.30%,0,0%,1,.21%,RossJe01,Jeremy Ross,crd
WR,471,40.92%,0,0%,10,2.09%,NelsJJ00,JJ Nelson,crd
TE,62,5.39%,0,0%,68,14.23%,NiklTr00,Troy Niklas,crd
TE,370,32.15%,0,0%,22,4.60%,FellDa01,Darren Fells,crd
TE,52,4.52%,0,0%,180,37.66%,VallHa00,Hakeem Valles,crd
TE,835,72.55%,0,0%,1,.21%,GresJe00,Jermaine Gresham,crd
TE,31,2.69%,0,0%,80,16.74%,MomaIf00,Ifeanyi Momah,crd
T,212,18.42%,0,0%,0,0%,JohnUl00,Ulrick John,crd
T,577,50.13%,0,0%,33,6.90%,VeldJa20,Jared Veldheer,crd
T,921,80.02%,0,0%,53,11.09%,HumpD.00,D.J. Humphries,crd
T,6,.52%,0,0%,0,0%,PricGi00,Givens Price,crd
T,646,56.13%,0,0%,78,16.32%,WetzJo00,John Wetzel,crd
G,1034,89.83%,0,0%,69,14.44%,IupaMi20,Mike Iupati,crd
G,787,68.38%,0,0%,82,17.15%,WatfEa00,Earl Watford,crd
G,99,8.60%,0,0%,15,3.14%,BoggTa00,Taylor Boggs,crd
G,199,17.29%,0,0%,0,0%,MathEv20,Evan Mathis,crd
G,10,.87%,0,0%,9,1.88%,ToneCo00,Cole Toner,crd
C,1148,99.74%,0,0%,0,0%,ShipA.20,A.Q. Shipley,crd
C,122,10.60%,0,0%,82,17.15%,BoehEv00,Evan Boehm,crd
DT,0,0%,830,77.21%,160,33.47%,CampCa99,Calais Campbell,crd
DT,0,0%,116,10.79%,10,2.09%,StinEd00,Ed Stinson,crd
DT,0,0%,389,36.19%,107,22.38%,MaurJo00,Josh Mauro,crd
DT,0,0%,304,28.28%,1,.21%,RuckFr99,Frostee Rucker,crd
DT,0,0%,243,22.60%,101,21.13%,GuntRo00,Rodney Gunter,crd
DT,0,0%,82,7.63%,6,1.26%,NkemRo00,Robert Nkemdiche,crd
NT,0,0%,497,46.23%,126,26.36%,PeteCo00,Corey Peters,crd
NT,0,0%,118,10.98%,9,1.88%,WillXa00,Xavier Williams,crd
LB,0,0%,818,76.09%,50,10.46%,BucaDe00,Deone Bucannon,crd
LB,0,0%,938,87.26%,83,17.36%,JoneCh03,Chandler Jones,crd
LB,0,0%,1003,93.30%,48,10.04%,MintKe00,Kevin Minter,crd
LB,0,0%,761,70.79%,17,3.56%,GoldMa00,Markus Golden,crd
LB,0,0%,242,22.51%,20,4.18%,MoorSi00,Sio Moore,crd
LB,0,0%,1,.09%,71,14.85%,FuaxAl00,Alani Fua,crd
LB,0,0%,12,1.12%,130,27.20%,GoodZa00,Zaviar Gooden,crd
LB,0,0%,19,1.77%,168,35.15%,MartGa00,Gabe Martin,crd
LB,0,0%,3,.28%,57,11.92%,WrigSc00,Scooby Wright III,crd
LB,0,0%,230,21.40%,172,35.98%,OkafAl00,Alex Okafor,crd
LB,0,0%,33,3.07%,311,65.06%,MartKa00,Kareem Martin,crd
LB,0,0%,0,0%,87,18.20%,BartJo01,Joplo Bartu,crd
LB,0,0%,0,0%,4,.84%,LouiLa00,Lamar Louis,crd
CB,0,0%,140,13.02%,33,6.90%,MillHa00,Harlan Miller,crd
CB,0,0%,240,22.33%,149,31.17%,WillBr07,Brandon Williams,crd
CB,0,0%,1032,96.00%,165,34.52%,PetePa00,Patrick Peterson,crd
CB,0,0%,269,25.02%,379,79.29%,BethJu00,Justin Bethel,crd
CB,0,0%,76,7.07%,68,14.23%,SimoTh00,Tharold Simon,crd
CB,0,0%,826,76.84%,73,15.27%,CoopMa00,Marcus Cooper,crd
CB,0,0%,0,0%,6,1.26%,HartTr00,Trevon Hartfield,crd
SS,0,0%,929,86.42%,201,42.05%,JeffTo00,Tony Jefferson,crd
SS,0,0%,270,25.12%,83,17.36%,BranTy99,Tyvon Branch,crd
SS,0,0%,2,.19%,47,9.83%,BryaC.00,C.B. Bryant,crd
FS,0,0%,560,52.09%,37,7.74%,MathTy00,Tyrann Mathieu,crd
FS,0,0%,837,77.86%,151,31.59%,SweaDJ00,D.J. Swearinger,crd
LS,0,0%,0,0%,31,6.49%,CanaKa00,Kameron Canaday,crd
LS,0,0%,0,0%,127,26.57%,BrewAa00,Aaron Brewer,crd
K,0,0%,0,0%,163,34.10%,CataCh00,Chandler Catanzaro,crd
P,0,0%,0,0%,63,13.18%,ButlDr00,Drew Butler,crd
P,0,0%,0,0%,34,7.11%,WileMa01,Matt Wile,crd
P,0,0%,0,0%,59,12.34%,QuigRy00,Ryan Quigley,crd
QB,1021,98.27%,0,0%,0,0%,RyanMa00,Matt Ryan,atl
QB,21,2.02%,0,0%,6,1.26%,SchaMa00,Matt Schaub,atl
RB,604,58.13%,0,0%,0,0%,FreeDe00,Devonta Freeman,atl
RB,353,33.97%,0,0%,0,0%,ColeTe01,Tevin Coleman,atl
RB,66,6.35%,0,0%,35,7.37%,WardTe00,Terron Ward,atl
RB,3,.29%,0,0%,2,.42%,RidlSt00,Stevan Ridley,atl
FB,324,31.18%,0,0%,145,30.53%,DiMaPa00,Patrick DiMarco,atl
WR,744,71.61%,0,0%,15,3.16%,SanuMo00,Mohamed Sanu,atl
WR,705,67.85%,4,.36%,15,3.16%,JoneJu02,Julio Jones,atl
WR,291,28.01%,0,0%,221,46.53%,HardJu00,Justin Hardy,atl
WR,16,1.54%,0,0%,316,66.53%,WeemEr00,Eric Weems,atl
WR,315,30.32%,0,0%,46,9.68%,RobiAl00,Aldrick Robinson,atl
WR,348,33.49%,0,0%,41,8.63%,GabrTa00,Taylor Gabriel,atl
WR,13,1.25%,0,0%,18,3.79%,WillNi02,Nick Williams,atl
TE,329,31.67%,0,0%,16,3.37%,TammJa00,Jacob Tamme,atl
TE,405,38.98%,0,0%,181,38.11%,HoopAu00,Austin Hooper,atl
TE,570,54.86%,0,0%,133,28.00%,ToilLe00,Levine Toilolo,atl
TE,72,6.93%,0,0%,105,22.11%,PerkJo02,Joshua Perkins,atl
TE,27,2.60%,0,0%,4,.84%,TialD.00,D.J. Tialavea,atl
T,1038,99.90%,0,0%,94,19.79%,SchrRy00,Ryan Schraeder,atl
T,978,94.13%,0,0%,93,19.58%,MattJa00,Jake Matthews,atl
T,69,6.64%,0,0%,159,33.47%,CompTo00,Tom Compton,atl
G,1039,100.00%,0,0%,92,19.37%,ChesCh21,Chris Chester,atl
G,1018,97.98%,0,0%,85,17.89%,LeviAn20,Andy Levitre,atl
C,1018,97.98%,0,0%,11,2.32%,MackAl20,Alex Mack,atl
C,42,4.04%,42,3.78%,160,33.68%,GarlBe00,Ben Garland,atl
DE,0,0%,583,52.48%,2,.42%,ClayAd00,Adrian Clayborn,atl
DE,0,0%,329,29.61%,66,13.89%,JackTy98,Tyson Jackson,atl
DE,0,0%,425,38.25%,255,53.68%,ReedBr00,Brooks Reed,atl
DE,0,0%,415,37.35%,0,0%,FreeDw00,Dwight Freeney,atl
DE,0,0%,27,2.43%,7,1.47%,GoodMa01,Malliciah Goodman,atl
DE,0,0%,44,3.96%,4,.84%,MattCl01,Cliff Matthews,atl
DT,0,0%,630,56.71%,70,14.74%,JarrGr00,Grady Jarrett,atl
DT,0,0%,245,22.05%,57,12.00%,ShelDe00,Derrick Shelby,atl
DT,0,0%,424,38.16%,102,21.47%,BabiJo20,Jonathan Babineaux,atl
DT,0,0%,266,23.94%,31,6.53%,HageRa00,Ra'Shede Hageman,atl
DT,0,0%,310,27.90%,20,4.21%,UpshCo00,Courtney Upshaw,atl
LB,0,0%,897,80.74%,54,11.37%,JoneDe01,Deion Jones,atl
LB,0,0%,547,49.23%,34,7.16%,CampDe00,De'Vondre Campbell,atl
LB,0,0%,671,60.40%,6,1.26%,BeasVi00,Vic Beasley,atl
LB,0,0%,339,30.51%,159,33.47%,WheePh99,Philip Wheeler,atl
LB,0,0%,162,14.58%,253,53.26%,WorrPa00,Paul Worrilow,atl
LB,0,0%,14,1.26%,34,7.16%,SchoOB99,O'Brien Schofield,atl
LB,0,0%,138,12.42%,272,57.26%,ReynLa00,LaRoy Reynolds,atl
LB,0,0%,190,17.10%,23,4.84%,WeatSe99,Sean Weatherspoon,atl
LB,0,0%,0,0%,19,4.00%,HawkA.20,A.J. Hawk,atl
LB,0,0%,0,0%,14,2.95%,KeyeJo00,Josh Keyes,atl
CB,0,0%,591,53.20%,67,14.11%,TrufDe00,Desmond Trufant,atl
CB,0,0%,1081,97.30%,141,29.68%,AlfoRo00,Robert Alford,atl
CB,0,0%,834,75.07%,209,44.00%,PoolBr01,Brian Poole,atl
CB,0,0%,116,10.44%,286,60.21%,GoodC.00,C.J. Goodwin,atl
CB,0,0%,424,38.16%,47,9.89%,CollJa02,Jalen Collins,atl
CB,0,0%,2,.18%,9,1.89%,WrehBl00,Blidi Wreh-Wilson,atl
CB,0,0%,83,7.47%,27,5.68%,OlatAy00,Ayodeji Olatoye,atl
SS,0,0%,21,1.89%,41,8.63%,NeasSh00,Sharrod Neasman,atl
FS,0,0%,920,82.81%,52,10.95%,NealKe01,Keanu Neal,atl
"FS,S",0,0%,310,27.90%,111,23.37%,IshmKe00,Kemal Ishmael,atl
"S,SS",0,0%,1101,99.10%,30,6.32%,AlleRi00,Ricardo Allen,atl
"S,SS",0,0%,31,2.79%,185,38.95%,TherRo00,Robenson Therezie,atl
"FS,S",0,0%,5,.45%,52,10.95%,GoldDa99,Dashon Goldson,atl
LS,0,0%,0,0%,144,30.32%,HarrJo02,Josh Harris,atl
K,0,0%,0,0%,96,20.21%,bryanmat01,Matt Bryant,atl
P,0,0%,0,0%,238,50.11%,BoshMa00,Matthew Bosher,atl
P,0,0%,0,0%,10,2.11%,WileMa01,Matt Wile,atl
QB,1111,97.97%,0,0%,0,0%,FlacJo00,Joe Flacco,rav
QB,23,2.03%,0,0%,0,0%,MallRy00,Ryan Mallett,rav
RB,118,10.41%,0,0%,0,0%,ForsJu00,Justin Forsett,rav
RB,11,.97%,0,0%,65,14.10%,TaliLo00,Lorenzo Taliaferro,rav
RB,41,3.62%,0,0%,93,20.17%,AlleJa01,Javorius Allen,rav
RB,442,38.98%,0,0%,1,.22%,WestTe00,Terrance West,rav
RB,258,22.75%,0,0%,0,0%,DixoKe00,Kenneth Dixon,rav
FB,463,40.83%,0,0%,323,70.07%,JuszKy00,Kyle Juszczyk,rav
WR,595,52.47%,0,0%,163,35.36%,AikeKa00,Kamar Aiken,rav
WR,721,63.58%,0,0%,1,.22%,SmitSt01,Steve Smith Sr.,rav
WR,873,76.98%,0,0%,0,0%,WallMi00,Mike Wallace,rav
WR,485,42.77%,0,0%,0,0%,PerrBr02,Breshad Perriman,rav
WR,162,14.29%,0,0%,181,39.26%,MoorCh00,Chris Moore,rav
WR,0,0%,0,0%,30,6.51%,BrowDa04,Daniel Brown,rav
WR,1,.09%,0,0%,126,27.33%,HestDe99,Devin Hester,rav
WR,17,1.50%,0,0%,11,2.39%,CampMi02,Michael Campanaro,rav
TE,810,71.43%,0,0%,10,2.17%,PittDe00,Dennis Pitta,rav
TE,234,20.63%,0,0%,213,46.20%,WallDa01,Darren Waller,rav
TE,245,21.60%,0,0%,55,11.93%,GillCr00,Crockett Gillmore,rav
TE,114,10.05%,0,0%,88,19.09%,BoylNi00,Nick Boyle,rav
TE,54,4.76%,0,0%,49,10.63%,WillMa04,Maxx Williams,rav
T,833,73.46%,0,0%,56,12.15%,StanRo00,Ronnie Stanley,rav
T,924,81.48%,0,0%,68,14.75%,WagnRi00,Ricky Wagner,rav
T,538,47.44%,0,0%,37,8.03%,LewiAl01,Alex Lewis,rav
T,302,26.63%,0,0%,71,15.40%,HursJa00,James Hurst,rav
G,898,79.19%,0,0%,21,4.56%,YandMa20,Marshal Yanda,rav
G,265,23.37%,0,0%,67,14.53%,UrscJo00,John Urschel,rav
G,554,48.85%,0,0%,46,9.98%,DucaVl20,Vlad Ducasse,rav
C,1109,97.80%,0,0%,1,.22%,ZuttJe20,Jeremy Zuttah,rav
C,272,23.99%,0,0%,44,9.54%,JensRy00,Ryan Jensen,rav
DE,0,0%,486,46.42%,124,26.90%,GuyxLa00,Lawrence Guy,rav
DE,0,0%,150,14.33%,105,22.78%,UrbaBr00,Brent Urban,rav
DT,0,0%,630,60.17%,0,0%,JernTi00,Timmy Jernigan,rav
NT,0,0%,636,60.74%,68,14.75%,WillBr02,Brandon Williams,rav
NT,1,.09%,376,35.91%,37,8.03%,PierMi00,Michael Pierce,rav
LB,0,0%,961,91.79%,168,36.44%,OrrxZa00,Zach Orr,rav
LB,0,0%,875,83.57%,21,4.56%,MoslC.00,C.J. Mosley,rav
LB,0,0%,603,57.59%,186,40.35%,McClAl00,Albert McClellan,rav
LB,0,0%,494,47.18%,55,11.93%,SmitZa00,Za'Darius Smith,rav
LB,0,0%,696,66.48%,0,0%,SuggTe99,Terrell Suggs,rav
LB,0,0%,6,.57%,23,4.99%,BeyeBr00,Brennen Beyer,rav
LB,0,0%,60,5.73%,239,51.84%,OnwuPa00,Patrick Onwuasor,rav
LB,0,0%,272,25.98%,0,0%,DumeEl20,Elvis Dumervil,rav
LB,0,0%,0,0%,119,25.81%,CartCh00,Chris Carter,rav
LB,0,0%,48,4.58%,188,40.78%,CorrKa00,Kamalei Correa,rav
LB,0,0%,309,29.51%,112,24.30%,JudoMa00,Matt Judon,rav
CB,0,0%,673,64.28%,34,7.38%,WrigSh00,Shareece Wright,rav
CB,0,0%,583,55.68%,0,0%,SmitJi03,Jimmy Smith,rav
CB,0,0%,508,48.52%,32,6.94%,PoweJe99,Jerraud Powers,rav
CB,0,0%,832,79.47%,144,31.24%,YounTa01,Tavon Young,rav
CB,0,0%,0,0%,19,4.12%,DaniRo01,Robertson Daniel,rav
CB,0,0%,0,0%,62,13.45%,CanaMa00,Maurice Canady,rav
CB,0,0%,5,.48%,30,6.51%,PricSh00,Sheldon Price,rav
CB,0,0%,16,1.53%,72,15.62%,LewiCh01,Chris Lewis-Harris,rav
CB,0,0%,54,5.16%,18,3.90%,DaviWi02,Will Davis,rav
SS,0,0%,1031,98.47%,9,1.95%,WeddEr99,Eric Weddle,rav
SS,0,0%,54,5.16%,210,45.55%,ElamMa00,Matt Elam,rav
FS,0,0%,998,95.32%,11,2.39%,WebbLa99,Lardarius Webb,rav
FS,0,0%,110,10.51%,363,78.74%,LeviAn00,Anthony Levine,rav
FS,0,0%,32,3.06%,223,48.37%,HuffMa00,Marqueston Huff,rav
FS,0,0%,17,1.62%,116,25.16%,LewiKe00,Kendrick Lewis,rav
LS,0,0%,0,0%,155,33.62%,CoxxMo00,Morgan Cox,rav
K,0,0%,0,0%,152,32.97%,TuckJu00,Justin Tucker,rav
P,0,0%,0,0%,156,33.84%,KochSa20,Sam Koch,rav
QB,969,91.07%,0,0%,0,0%,TaylTy00,Tyrod Taylor,buf
QB,19,1.79%,0,0%,0,0%,JoneCa01,Cardale Jones,buf
QB,78,7.33%,0,0%,0,0%,ManuEJ00,EJ Manuel,buf
RB,646,60.71%,0,0%,0,0%,McCoLe01,LeSean McCoy,buf
RB,283,26.60%,0,0%,164,35.34%,GillMi00,Mike Gillislee,buf
RB,96,9.02%,0,0%,42,9.05%,BushRe00,Reggie Bush,buf
RB,92,8.65%,0,0%,55,11.85%,WillJo07,Jonathan Williams,buf
FB,8,.75%,0,0%,0,0%,GronGl01,Glenn Gronkowski,buf
FB,322,30.26%,0,0%,56,12.07%,FeltJe00,Jerome Felton,buf
WR,381,35.81%,0,0%,0,0%,WatkSa00,Sammy Watkins,buf
WR,634,59.59%,0,0%,0,0%,WoodRo02,Robert Woods,buf
WR,36,3.38%,0,0%,13,2.80%,SalaGr00,Greg Salas,buf
WR,67,6.30%,0,0%,0,0%,HarvPe00,Percy Harvin,buf
WR,14,1.32%,0,0%,4,.86%,LewiDe02,Dezmin Lewis,buf
WR,296,27.82%,0,0%,50,10.78%,PoweWa00,Walt Powell,buf
WR,302,28.38%,0,0%,4,.86%,HuntJu00,Justin Hunter,buf
WR,640,60.15%,0,0%,1,.22%,GoodMa00,Marquise Goodwin,buf
WR,145,13.63%,0,0%,184,39.66%,TateBr00,Brandon Tate,buf
TE,872,81.95%,0,0%,0,0%,ClayCh00,Charles Clay,buf
TE,30,2.82%,0,0%,12,2.59%,DrayJi00,Jim Dray,buf
TE,373,35.06%,0,0%,183,39.44%,OLeaNi00,Nick O'Leary,buf
TE,18,1.69%,0,0%,3,.65%,ChriGe00,Gerald Christian,buf
T,1033,97.09%,0,0%,71,15.30%,MillJo02,Jordan Mills,buf
T,34,3.20%,0,0%,4,.86%,HendSe00,Seantrel Henderson,buf
T,406,38.16%,0,0%,55,11.85%,KouaCy00,Cyrus Kouandjio,buf
T,657,61.75%,0,0%,41,8.84%,GlenCo00,Cordy Glenn,buf
T,13,1.22%,0,0%,27,5.82%,OlaxMi00,Michael Ola,buf
G,1047,98.40%,0,0%,71,15.30%,MillJo04,John Miller,buf
G,1060,99.62%,0,0%,70,15.09%,IncoRi20,Richie Incognito,buf
G,540,50.75%,1,.09%,71,15.30%,GroyRy00,Ryan Groy,buf
C,570,53.57%,0,0%,0,0%,WoodEr20,Eric Wood,buf
C,17,1.60%,0,0%,0,0%,LewiPa00,Patrick Lewis,buf
C,0,0%,0,0%,11,2.37%,IkarGa00,Gabe Ikard,buf
DE,1,.09%,481,44.91%,147,31.68%,DouzLe00,Leger Douzable,buf
DE,0,0%,237,22.13%,1,.22%,LawsSh00,Shaq Lawson,buf
DT,0,0%,794,74.14%,50,10.78%,WillKy20,Kyle Williams,buf
DT,0,0%,417,38.94%,37,7.97%,DareMa00,Marcell Dareus,buf
DT,0,0%,330,30.81%,47,10.13%,WashAd00,Adolphus Washington,buf
DT,0,0%,149,13.91%,34,7.33%,WortJe00,Jerel Worthy,buf
DT,0,0%,46,4.30%,8,1.72%,ColeDe01,Deandre Coleman,buf
NT,0,0%,232,21.66%,101,21.77%,BryaCo00,Corbin Bryant,buf
LB,0,0%,1065,99.44%,135,29.09%,BrowPr00,Preston Brown,buf
LB,0,0%,977,91.22%,127,27.37%,BrowZa00,Zach Brown,buf
LB,0,0%,856,79.93%,6,1.29%,HughJe99,Jerry Hughes,buf
LB,0,0%,785,73.30%,255,54.96%,AlexLo99,Lorenzo Alexander,buf
LB,0,0%,163,15.22%,255,54.96%,McCrLe01,Lerentee McCray,buf
LB,0,0%,60,5.60%,336,72.41%,HumbRa00,Ramon Humber,buf
LB,0,0%,1,.09%,18,3.88%,AlbrBr00,Bryson Albright,buf
LB,1,.09%,97,9.06%,33,7.11%,SpikBr99,Brandon Spikes,buf
CB,0,0%,821,76.66%,92,19.83%,DarbRo00,Ronald Darby,buf
CB,0,0%,981,91.60%,73,15.73%,GilmSt00,Stephon Gilmore,buf
CB,0,0%,572,53.41%,116,25.00%,RobeNi00,Nickell Robey-Coleman,buf
CB,0,0%,413,38.56%,247,53.23%,WhitCo01,Corey White,buf
CB,0,0%,284,26.52%,190,40.95%,SeymKe00,Kevon Seymour,buf
CB,0,0%,28,2.61%,49,10.56%,RobeMa00,Marcus Roberson,buf
SS,0,0%,146,13.63%,60,12.93%,IhedJa00,James Ihedigbo,buf
FS,0,0%,0,0%,60,12.93%,GarySh00,Shamiel Gary,buf
FS,0,0%,4,.37%,170,36.64%,BrowSe00,Sergio Brown,buf
FS,0,0%,0,0%,27,5.82%,AndeCo01,Colt Anderson,buf
"FS,S",0,0%,1052,98.23%,143,30.82%,GrahCo99,Corey Graham,buf
"S,SS",0,0%,91,8.50%,132,28.45%,WillDu00,Duke Williams,buf
"S,SS",0,0%,338,31.56%,24,5.17%,WillAa00,Aaron Williams,buf
"S,SS",0,0%,87,8.12%,316,68.10%,MeekJo01,Jonathan Meeks,buf
"FS,S",0,0%,269,25.12%,164,35.34%,BlanRo00,Robert Blanton,buf
LS,1,.09%,0,0%,149,32.11%,SanbGa00,Garrison Sanborn,buf
K,0,0%,0,0%,141,30.39%,CarpDa44,Dan Carpenter,buf
K,0,0%,0,0%,14,3.02%,GayxJo00,Jordan Gay,buf
P,1,.09%,0,0%,150,32.33%,SchmCo00,Colton Schmidt,buf
QB,1023,92.25%,0,0%,0,0%,NewtCa00,Cam Newton,car
QB,16,1.44%,0,0%,260,54.17%,WebbJo00,Joe Webb,car
QB,86,7.75%,0,0%,0,0%,AndeDe00,Derek Anderson,car
RB,565,50.95%,0,0%,0,0%,StewJo00,Jonathan Stewart,car
RB,84,7.57%,0,0%,11,2.29%,ArtiCa00,Cameron Artis-Payne,car
RB,308,27.77%,0,0%,213,44.38%,WhitFo00,Fozzy Whittaker,car
FB,324,29.22%,0,0%,164,34.17%,TolbMi00,Mike Tolbert,car
WR,802,72.32%,0,0%,2,.42%,BenjKe00,Kelvin Benjamin,car
WR,688,62.04%,0,0%,113,23.54%,GinnTe00,Ted Ginn Jr.,car
WR,587,52.93%,0,0%,59,12.29%,BrowPh00,Corey Brown,car
WR,493,44.45%,0,0%,0,0%,FuncDe00,Devin Funchess,car
WR,11,.99%,0,0%,14,2.92%,ByrdDa00,Damiere Byrd,car
WR,63,5.68%,0,0%,113,23.54%,BersBr00,Brenton Bersin,car
TE,1033,93.15%,0,0%,4,.83%,OlseGr00,Greg Olsen,car
TE,478,43.10%,0,0%,200,41.67%,DickEd00,Ed Dickson,car
TE,12,1.08%,0,0%,43,8.96%,ManhCh00,Chris Manhertz,car
TE,12,1.08%,0,0%,9,1.88%,SimoSc00,Scott Simonson,car
T,233,21.01%,0,0%,17,3.54%,OherMi20,Michael Oher,car
T,1107,99.82%,0,0%,73,15.21%,RemmMi00,Mike Remmers,car
T,647,58.34%,0,0%,48,10.00%,WillDa06,Daryl Williams,car
T,6,.54%,0,0%,20,4.17%,HawkDo01,Donald Hawkins,car
G,1099,99.10%,0,0%,72,15.00%,TurnTr01,Trai Turner,car
G,1109,100.00%,0,0%,73,15.21%,NorwAn01,Andrew Norwell,car
G,21,1.89%,0,0%,27,5.63%,YankDa00,David Yankey,car
G,295,26.60%,0,0%,64,13.33%,ScotCh23,Chris Scott,car
G,357,32.19%,0,0%,48,10.00%,LarsTy00,Tyler Larsen,car
G,0,0%,0,0%,1,.21%,WendRy20,Ryan Wendell,car
C,505,45.54%,0,0%,0,0%,KaliRy20,Ryan Kalil,car
C,235,21.19%,0,0%,68,14.17%,GradGi00,Gino Gradkowski,car
DE,0,0%,623,58.22%,88,18.33%,EalyKo00,Kony Ealy,car
DE,0,0%,543,50.75%,11,2.29%,JohnCh98,Charles Johnson,car
DE,0,0%,434,40.56%,109,22.71%,AddiMa00,Mario Addison,car
DE,0,0%,332,31.03%,1,.21%,HortWe00,Wes Horton,car
DE,0,0%,139,12.99%,7,1.46%,DelaRy00,Ryan Delaire,car
DE,0,0%,19,1.78%,0,0%,WebsLa00,Larry Webster,car
DE,0,0%,114,10.65%,1,.21%,EdwaLa00,Lavar Edwards,car
DT,0,0%,780,72.90%,89,18.54%,ShorKa00,Kawann Short,car
DT,0,0%,703,65.70%,80,16.67%,LotuSt00,Star Lotulelei,car
DT,0,0%,225,21.03%,42,8.75%,ButlVe00,Vernon Butler,car
DT,0,0%,152,14.21%,14,2.92%,SoliPa99,Paul Soliai,car
DT,0,0%,224,20.93%,0,0%,LoveKy00,Kyle Love,car
LB,0,0%,657,61.40%,56,11.67%,KuecLu00,Luke Kuechly,car
LB,0,0%,1009,94.30%,77,16.04%,DaviTh20,Thomas Davis,car
LB,0,0%,534,49.91%,148,30.83%,ThomSh01,Shaq Thompson,car
LB,0,0%,0,0%,273,56.88%,NorrJa00,Jared Norris,car
LB,0,0%,0,0%,78,16.25%,JacoBe00,Ben Jacobs,car
LB,0,0%,350,32.71%,231,48.13%,KleiAJ00,A.J. Klein,car
LB,0,0%,31,2.90%,294,61.25%,MayoDa00,David Mayo,car
LB,0,0%,0,0%,153,31.88%,CashJe00,Jeremy Cash,car
CB,0,0%,437,40.84%,17,3.54%,JohnLe03,Leonard Johnson,car
CB,0,0%,198,18.50%,8,1.67%,BenwBe00,Bene Benwikere,car
CB,0,0%,799,74.67%,95,19.79%,BradJa00,James Bradberry,car
CB,0,0%,313,29.25%,88,18.33%,McClRo98,Robert McClain,car
CB,0,0%,51,4.77%,71,14.79%,WillTe00,Teddy Williams,car
CB,0,0%,88,8.22%,18,3.75%,SancZa00,Zack Sanchez,car
CB,0,0%,0,0%,13,2.71%,DixoTr01,Travell Dixon,car
CB,0,0%,11,1.03%,85,17.71%,YounLo00,Lou Young,car
CB,0,0%,866,80.93%,179,37.29%,WorlDa00,Daryl Worley,car
SS,0,0%,996,93.08%,132,27.50%,ColeKu99,Kurt Coleman,car
SS,0,0%,0,0%,20,4.17%,BallMa00,Marcus Ball,car
SS,0,0%,3,.28%,13,2.71%,MarlDe00,Dean Marlowe,car
FS,0,0%,841,78.60%,140,29.17%,BostTr00,Tre Boston,car
FS,0,0%,285,26.64%,194,40.42%,GrifMi99,Michael Griffin,car
FS,0,0%,13,1.21%,269,56.04%,JoneCo01,Colin Jones,car
LS,0,0%,0,0%,152,31.67%,JansJ.00,J.J. Jansen,car
K,0,0%,0,0%,163,33.96%,GanoGr44,Graham Gano,car
P,0,0%,0,0%,69,14.38%,PalaMi00,Michael Palardy,car
P,0,0%,0,0%,80,16.67%,LeexAn20,Andy Lee,car
QB,274,27.13%,0,0%,0,0%,CutlJa00,Jay Cutler,chi
QB,412,40.79%,0,0%,0,0%,BarkMa00,Matt Barkley,chi
QB,314,31.09%,0,0%,0,0%,HoyeBr00,Brian Hoyer,chi
QB,9,.89%,0,0%,0,0%,FaleDa00,David Fales,chi
RB,247,24.46%,0,0%,0,0%,LangJe00,Jeremy Langford,chi
RB,98,9.70%,0,0%,110,25.70%,CareKa00,Ka'Deem Carey,chi
RB,654,64.75%,0,0%,4,.93%,HowaJo00,Jordan Howard,chi
RB,0,0%,0,0%,17,3.97%,MostRa00,Raheem Mostert,chi
RB,6,.59%,0,0%,25,5.84%,BellJo01,Joique Bell,chi
FB,76,7.52%,0,0%,34,7.94%,LasiPa00,Paul Lasike,chi
WR,191,18.91%,0,0%,0,0%,WhitKe00,Kevin White,chi
WR,692,68.51%,0,0%,2,.47%,JeffAl00,Alshon Jeffery,chi
WR,311,30.79%,0,0%,37,8.64%,RoyaEd00,Eddie Royal,chi
WR,80,7.92%,0,0%,0,0%,WilsMa02,Marquess Wilson,chi
WR,304,30.10%,0,0%,274,64.02%,BellJo02,Josh Bellamy,chi
WR,703,69.60%,0,0%,3,.70%,MereCa00,Cameron Meredith,chi
WR,320,31.68%,0,0%,124,28.97%,ThomDe04,Deonte Thompson,chi
WR,3,.30%,0,0%,18,4.21%,AddiBr01,Bralon Addison,chi
WR,17,1.68%,0,0%,0,0%,BravDa00,Daniel Braverman,chi
TE,261,25.84%,0,0%,39,9.11%,BrowDa04,Daniel Brown,chi
TE,510,50.50%,0,0%,6,1.40%,MillZa02,Zach Miller,chi
TE,403,39.90%,0,0%,163,38.08%,PaulLo00,Logan Paulsen,chi
TE,145,14.36%,0,0%,210,49.07%,BrauBe00,Ben Braunecker,chi
TE,18,1.78%,0,0%,10,2.34%,PruiMy00,MyCole Pruitt,chi
TE,8,.79%,0,0%,16,3.74%,ScruGr00,Greg Scruggs,chi
T,914,90.50%,0,0%,51,11.92%,MassBo00,Bobby Massie,chi
T,1010,100.00%,0,0%,56,13.08%,LenoCh00,Charles Leno Jr.,chi
T,2,.20%,0,0%,6,1.40%,McCaMa00,Matt McCants,chi
T,96,9.50%,0,0%,42,9.81%,AdamMi02,Mike Adams,chi
G,430,42.57%,0,0%,24,5.61%,LongKy00,Kyle Long,chi
G,733,72.57%,0,0%,46,10.75%,SittJo20,Josh Sitton,chi
G,1008,99.80%,0,0%,5,1.17%,WhitCo03,Cody Whitehair,chi
G,279,27.62%,0,0%,27,6.31%,KushEr00,Eric Kush,chi
C,0,0%,0,0%,23,5.37%,EdisCo00,Cornelius Edison,chi
C,581,57.52%,0,0%,56,13.08%,LarsTe20,Ted Larsen,chi
DE,0,0%,930,86.51%,79,18.46%,HickAk00,Akiem Hicks,chi
DE,1,.10%,436,40.56%,91,21.26%,UnreMi00,Mitch Unrein,chi
DE,0,0%,128,11.91%,50,11.68%,WilsC.98,C.J. Wilson,chi
DE,0,0%,297,27.63%,44,10.28%,BullJo00,Jonathan Bullard,chi
DE,0,0%,364,33.86%,23,5.37%,WashCo00,Cornelius Washington,chi
NT,0,0%,198,18.42%,15,3.50%,GoldEd00,Eddie Goldman,chi
"DT,NT",0,0%,173,16.09%,71,16.59%,SuttWi00,Will Sutton,chi
LB,0,0%,565,52.56%,3,.70%,TrevDa00,Danny Trevathan,chi
LB,0,0%,806,74.98%,13,3.04%,FreeJe00,Jerrell Freeman,chi
LB,0,0%,536,49.86%,2,.47%,FloyLe00,Leonard Floyd,chi
LB,0,0%,714,66.42%,32,7.48%,YounWi99,Willie Young,chi
LB,0,0%,499,46.42%,264,61.68%,AchoSa00,Sam Acho,chi
LB,0,0%,185,17.21%,137,32.01%,TimuJo00,John Timu,chi
LB,0,0%,32,2.98%,0,0%,HousLa99,Lamarr Houston,chi
LB,0,0%,20,1.86%,162,37.85%,AndeJo01,Jonathan Anderson,chi
LB,0,0%,112,10.42%,323,75.47%,JoneCh05,Christian Jones,chi
LB,0,0%,457,42.51%,145,33.88%,KwiaNi00,Nick Kwiatkoski,chi
LB,0,0%,274,25.49%,16,3.74%,McPhPe00,Pernell McPhee,chi
LB,0,0%,1,.09%,0,0%,ShirJo00,Josh Shirley,chi
CB,0,0%,944,87.81%,4,.93%,PortTr99,Tracy Porter,chi
CB,0,0%,108,10.05%,1,.23%,BankJo00,Johnthan Banks,chi
CB,0,0%,244,22.70%,59,13.79%,GlenJa01,Jacoby Glenn,chi
CB,0,0%,489,45.49%,17,3.97%,CallBr00,Bryce Callahan,chi
CB,0,0%,695,64.65%,34,7.94%,LeBlCr01,Cre'von LeBlanc,chi
CB,0,0%,79,7.35%,64,14.95%,HallDe02,Deiondre' Hall,chi
CB,0,0%,18,1.67%,366,85.51%,McMaSh99,Sherrick McManis,chi
CB,0,0%,223,20.74%,125,29.21%,HursDe00,Demontre Hurst,chi
CB,0,0%,115,10.70%,0,0%,BausDe00,De'Vante Bausby,chi
SS,0,0%,333,30.98%,78,18.22%,BushDe00,Deon Bush,chi
"FS,S",0,0%,939,87.35%,117,27.34%,AmosAd00,Adrian Amos,chi
"S,SS",0,0%,731,68.00%,108,25.23%,JoneHa02,Harold Jones-Quartey,chi
"FS,S",0,0%,172,16.00%,352,82.24%,ProsCh00,Chris Prosinski,chi
"FS,S",0,0%,8,.74%,110,25.70%,HousDe00,DeAndre Houston-Carson,chi
LS,0,0%,0,0%,125,29.21%,ScalPa00,Patrick Scales,chi
K,0,0%,0,0%,121,28.27%,barthco01,Connor Barth,chi
P,0,0%,0,0%,126,29.44%,ODonPa00,Pat O'Donnell,chi
QB,1085,99.82%,0,0%,0,0%,DaltAn00,Andy Dalton,cin
QB,2,.18%,0,0%,0,0%,McCaA.00,A.J. McCarron,cin
RB,443,40.75%,0,0%,0,0%,HillJe01,Jeremy Hill,cin
RB,394,36.25%,0,0%,0,0%,BernGi00,Giovani Bernard,cin
RB,13,1.20%,0,0%,112,25.34%,PeerCe00,Cedric Peerman,cin
RB,238,21.90%,0,0%,209,47.29%,BurkRe00,Rex Burkhead,cin
WR,1011,93.01%,0,0%,1,.23%,LaFeBr00,Brandon LaFell,cin
WR,555,51.06%,1,.09%,0,0%,GreeA.00,A.J. Green,cin
WR,739,67.99%,0,0%,0,0%,BoydTy00,Tyler Boyd,cin
WR,187,17.20%,0,0%,193,43.67%,WrigJa03,James Wright,cin
WR,261,24.01%,0,0%,49,11.09%,CoreCo00,Cody Core,cin
WR,78,7.18%,0,0%,118,26.70%,EricAl01,Alex Erickson,cin
TE,411,37.81%,0,0%,67,15.16%,UzomC.00,C.J. Uzomah,cin
TE,220,20.24%,0,0%,215,48.64%,HewiRy00,Ryan Hewitt,cin
TE,428,39.37%,0,0%,0,0%,EifeTy00,Tyler Eifert,cin
TE,374,34.41%,0,0%,214,48.42%,KrofTy00,Tyler Kroft,cin
T,1064,97.88%,0,0%,70,15.84%,WhitAn20,Andrew Whitworth,cin
T,677,62.28%,0,0%,21,4.75%,OgbuCe00,Cedric Ogbuehi,cin
T,296,27.23%,0,0%,19,4.30%,FishJa00,Jake Fisher,cin
G,1086,99.91%,0,0%,70,15.84%,ZeitKe00,Kevin Zeitler,cin
G,942,86.66%,0,0%,43,9.73%,BoliCl00,Clint Boling,cin
G,10,.92%,0,0%,5,1.13%,HopkTr01,Trey Hopkins,cin
G,282,25.94%,0,0%,70,15.84%,WinsEr20,Eric Winston,cin
C,1060,97.52%,0,0%,0,0%,BodiRu00,Russell Bodine,cin
C,99,9.11%,0,0%,70,15.84%,JohnTJ00,T.J. Johnson,cin
DE,0,0%,831,76.45%,62,14.03%,JohnMi98,Michael Johnson,cin
DE,0,0%,840,77.28%,65,14.71%,DunlCa99,Carlos Dunlap,cin
DE,0,0%,322,29.62%,249,56.33%,HuntMa00,Margus Hunt,cin
DE,0,0%,140,12.88%,6,1.36%,GilbWa00,Wallace Gilberry,cin
DE,0,0%,372,34.22%,29,6.56%,ClarWi00,Will Clarke,cin
DT,0,0%,779,71.67%,2,.45%,AtkiGe99,Geno Atkins,cin
DT,0,0%,57,5.24%,0,0%,WillDe04,DeShawn Williams,cin
NT,2,.18%,593,54.55%,133,30.09%,PekoDo20,Domata Peko,cin
NT,0,0%,409,37.63%,1,.23%,SimsPa99,Pat Sims,cin
LB,0,0%,781,71.85%,64,14.48%,DansKa20,Karlos Dansby,cin
LB,0,0%,591,54.37%,213,48.19%,ReyxVi00,Vincent Rey,cin
LB,0,0%,674,62.01%,1,.23%,BurfVo00,Vontaze Burfict,cin
LB,0,0%,0,0%,32,7.24%,DawsPa00,Paul Dawson,cin
LB,0,0%,110,10.12%,306,69.23%,VigiNi00,Nick Vigil,cin
LB,0,0%,2,.18%,308,69.68%,FlowMa00,Marquis Flowers,cin
LB,0,0%,2,.18%,82,18.55%,RoacTr00,Trevor Roach,cin
LB,0,0%,326,29.99%,55,12.44%,MauaRe99,Rey Maualuga,cin
CB,0,0%,1058,97.33%,27,6.11%,JonePa20,Adam Jones,cin
CB,0,0%,974,89.60%,0,0%,KirkDr00,Dre Kirkpatrick,cin
CB,0,0%,618,56.85%,219,49.55%,ShawJo00,Josh Shaw,cin
CB,0,0%,334,30.73%,199,45.02%,DennDa00,Darqueze Dennard,cin
CB,0,0%,36,3.31%,72,16.29%,LewiCh01,Chris Lewis-Harris,cin
CB,0,0%,1,.09%,25,5.66%,RussKe00,KeiVarae Russell,cin
CB,0,0%,2,.18%,38,8.60%,BrowCh05,Chykie Brown,cin
SS,0,0%,912,83.90%,35,7.92%,WillSh02,Shawn Williams,cin
SS,0,0%,40,3.68%,318,71.95%,FejeCl00,Clayton Fejedelem,cin
FS,0,0%,1050,96.60%,115,26.02%,IlokGe00,George Iloka,cin
FS,0,0%,102,9.38%,211,47.74%,SmitDe05,Derron Smith,cin
LS,0,0%,0,0%,28,6.33%,OttxTy00,Tyler Ott,cin
LS,0,0%,0,0%,122,27.60%,HarrCl20,Clark Harris,cin
K,0,0%,0,0%,121,27.38%,nugenmik01,Mike Nugent,cin
K,0,0%,0,0%,25,5.66%,BullRa00,Randy Bullock,cin
P,0,0%,0,0%,151,34.16%,HubeKe20,Kevin Huber,cin
QB,349,33.88%,0,0%,0,0%,KessCo00,Cody Kessler,cle
QB,262,25.44%,0,0%,0,0%,McCoJo01,Josh McCown,cle
QB,302,29.32%,0,0%,0,0%,GrifRo01,Robert Griffin III,cle
QB,50,4.85%,0,0%,0,0%,HogaKe00,Kevin Hogan,cle
QB,43,4.17%,0,0%,0,0%,WhitCh02,Charlie Whitehurst,cle
RB,568,55.15%,0,0%,1,.22%,CrowIs00,Isaiah Crowell,cle
RB,457,44.37%,0,0%,33,7.42%,JohnDu00,Duke Johnson,cle
RB,74,7.18%,0,0%,116,26.07%,VitaDa00,Danny Vitale,cle
RB,22,2.14%,0,0%,230,51.69%,AtkiGe01,George Atkinson,cle
FB,85,8.25%,0,0%,71,15.96%,JohnMa06,Malcolm Johnson,cle
WR,533,51.75%,0,0%,0,0%,ColeCo00,Corey Coleman,cle
WR,900,87.38%,1,.09%,0,0%,PryoTe00,Terrelle Pryor,cle
WR,647,62.82%,0,0%,12,2.70%,HawkAn00,Andrew Hawkins,cle
WR,316,30.68%,0,0%,238,53.48%,LouiRi00,Ricardo Louis,cle
WR,0,0%,0,0%,32,7.19%,AlfoMa00,Mario Alford,cle
WR,32,3.11%,0,0%,11,2.47%,PaytJo00,Jordan Payton,cle
WR,183,17.77%,0,0%,25,5.62%,HiggRa00,Rashard Higgins,cle
TE,968,93.98%,0,0%,49,11.01%,BarnGa01,Gary Barnidge,cle
TE,34,3.30%,0,0%,0,0%,HamlCo01,Connor Hamlett,cle
TE,223,21.65%,0,0%,16,3.60%,TelfRa00,Randall Telfer,cle
TE,93,9.03%,0,0%,96,21.57%,DevaSe00,Seth Devalve,cle
T,1020,99.03%,0,0%,52,11.69%,PaszAu00,Austin Pasztor,cle
T,1030,100.00%,0,0%,6,1.35%,ThomJo28,Joe Thomas,cle
T,599,58.16%,0,0%,52,11.69%,DranSp00,Spencer Drango,cle
T,62,6.02%,0,0%,0,0%,ColeSh00,Shon Coleman,cle
G,746,72.43%,0,0%,37,8.31%,GrecJo20,John Greco,cle
G,331,32.14%,0,0%,18,4.04%,BitoJo00,Joel Bitonio,cle
G,183,17.77%,0,0%,16,3.60%,CoopJo01,Jonathan Cooper,cle
G,373,36.21%,0,0%,45,10.11%,BailAl01,Alvin Bailey,cle
C,59,5.73%,0,0%,0,0%,ReitAu00,Austin Reiter,cle
C,700,67.96%,0,0%,28,6.29%,ErviCa00,Cameron Erving,cle
C,82,7.96%,0,0%,12,2.70%,FabiAn00,Anthony Fabiano,cle
DE,0,0%,540,48.52%,77,17.30%,NassCa00,Carl Nassib,cle
DE,0,0%,451,40.52%,58,13.03%,CoopXa00,Xavier Cooper,cle
DE,0,0%,22,1.98%,0,0%,HughJo00,John Hughes,cle
DE,0,0%,124,11.14%,51,11.46%,HolmTy01,Tyrone Holmes,cle
DE,0,0%,319,28.66%,24,5.39%,PaeaSt00,Stephen Paea,cle
DT,0,0%,78,7.01%,12,2.70%,WrigGa00,Gabe Wright,cle
NT,0,0%,720,64.69%,135,30.34%,MedeJa00,Jamie Meder,cle
NT,0,0%,745,66.94%,7,1.57%,ShelDa01,Danny Shelton,cle
LB,0,0%,1111,99.82%,176,39.55%,KirkCh00,Christian Kirksey,cle
LB,0,0%,787,70.71%,81,18.20%,DaviDe00,Demario Davis,cle
LB,0,0%,542,48.70%,6,1.35%,CollJa00,Jamie Collins,cle
LB,0,0%,849,76.28%,140,31.46%,OgbaEm00,Emmanuel Ogbah,cle
LB,0,0%,246,22.10%,283,63.60%,SchoJo00,Joe Schobert,cle
LB,0,0%,88,7.91%,12,2.70%,OrchNa00,Nate Orchard,cle
LB,0,0%,56,5.03%,384,86.29%,CardTa00,Tank Carder,cle
LB,0,0%,1,.09%,242,54.38%,AlexDo01,Dominique Alexander,cle
LB,0,0%,350,31.45%,89,20.00%,JohnCa01,Cam Johnson,cle
LB,0,0%,119,10.69%,21,4.72%,LemoCo00,Corey Lemonier,cle
CB,0,0%,854,76.73%,96,21.57%,HadeJo99,Joe Haden,cle
CB,0,0%,921,82.75%,90,20.22%,TaylJa01,Jamar Taylor,cle
CB,0,0%,571,51.30%,178,40.00%,BoddBr01,Briean Boddy-Calhoun,cle
CB,0,0%,624,56.06%,23,5.17%,WillTr99,Tramon Williams,cle
CB,0,0%,280,25.16%,187,42.02%,HowaTr02,Tracy Howard,cle
CB,0,0%,29,2.61%,176,39.55%,BurlMa00,Marcus Burley,cle
CB,0,0%,0,0%,11,2.47%,CaldTr00,Trey Caldwell,cle
SS,0,0%,418,37.56%,263,59.10%,CampIb00,Ibraheim Campbell,cle
SS,0,0%,537,48.25%,186,41.80%,KindDe00,Derrick Kindred,cle
FS,0,0%,354,31.81%,75,16.85%,PoyeJo00,Jordan Poyer,cle
FS,1,.10%,0,0%,73,16.40%,JoneDo02,Don Jones,cle
FS,0,0%,505,45.37%,149,33.48%,ReynEd00,Ed Reynolds,cle
LS,1,.10%,0,0%,138,31.01%,HughCh01,Charley Hughlett,cle
K,0,0%,0,0%,103,23.15%,ParkCo03,Cody Parkey,cle
K,0,0%,0,0%,13,2.92%,MurrPa01,Patrick Murray,cle
P,1,.10%,0,0%,140,31.46%,ColqBr00,Britton Colquitt,cle
QB,1011,95.56%,0,0%,1,.23%,PresDa01,Dak Prescott,dal
QB,7,.66%,0,0%,0,0%,RomoTo00,Tony Romo,dal
QB,39,3.69%,0,0%,0,0%,SancMa00,Mark Sanchez,dal
RB,713,67.39%,0,0%,6,1.36%,ElliEz00,Ezekiel Elliott,dal
RB,139,13.14%,0,0%,94,21.36%,DunbLa00,Lance Dunbar,dal
RB,130,12.29%,0,0%,3,.68%,MorrAl00,Alfred Morris,dal
RB,48,4.54%,0,0%,13,2.95%,McFaDa00,Darren McFadden,dal
FB,4,.38%,0,0%,94,21.36%,SmitRo06,Rod Smith,dal
FB,135,12.76%,0,0%,188,42.73%,SmitKe03,Keith Smith,dal
WR,687,64.93%,0,0%,5,1.14%,BryaDe01,Dez Bryant,dal
WR,746,70.51%,0,0%,3,.68%,WillTe01,Terrance Williams,dal
WR,601,56.81%,0,0%,37,8.41%,BeasCo00,Cole Beasley,dal
WR,429,40.55%,0,0%,0,0%,ButlBr00,Brice Butler,dal
WR,36,3.40%,0,0%,94,21.36%,MaylVi00,Vince Mayle,dal
WR,143,13.52%,0,0%,114,25.91%,WhitLu00,Lucky Whitehead,dal
TE,1016,96.03%,0,0%,84,19.09%,WittJa00,Jason Witten,dal
TE,202,19.09%,0,0%,47,10.68%,SwaiGe00,Geoff Swaim,dal
TE,167,15.78%,0,0%,160,36.36%,EscoGa00,Gavin Escobar,dal
T,1054,99.62%,0,0%,78,17.73%,FreeDo20,Doug Free,dal
T,835,78.92%,0,0%,63,14.32%,SmitTy00,Tyron Smith,dal
T,150,14.18%,0,0%,22,5.00%,GreeCh02,Chaz Green,dal
T,76,7.18%,0,0%,61,13.86%,CleaEm01,Emmett Cleary,dal
G,186,17.58%,0,0%,15,3.41%,CollLa01,La'el Collins,dal
G,1058,100.00%,0,0%,79,17.95%,MartZa00,Zack Martin,dal
G,803,75.90%,0,0%,65,14.77%,LearRo00,Ronald Leary,dal
G,0,0%,0,0%,3,.68%,SeymRy00,Ryan Seymour,dal
C,1058,100.00%,0,0%,79,17.95%,FredTr00,Travis Frederick,dal
C,156,14.74%,0,0%,78,17.73%,LoonJo01,Joe Looney,dal
DE,0,0%,529,50.24%,102,23.18%,CrawJa00,Jack Crawford,dal
DE,0,0%,381,36.18%,5,1.14%,MayoBe00,Benson Mayowa,dal
DE,0,0%,30,2.85%,1,.23%,AshxRi00,Richard Ash,dal
DE,0,0%,66,6.27%,1,.23%,GregRa00,Randy Gregory,dal
DE,0,0%,327,31.05%,8,1.82%,LawrDe00,DeMarcus Lawrence,dal
DE,0,0%,485,46.06%,54,12.27%,IrviDa00,David Irving,dal
DE,0,0%,10,.95%,0,0%,MoorZa00,Zach Moore,dal
DT,0,0%,624,59.26%,67,15.23%,CrawTy00,Tyrone Crawford,dal
DT,0,0%,467,44.35%,68,15.45%,McClTe00,Terrell McClain,dal
DT,0,0%,656,62.30%,59,13.41%,CollMa00,Maliek Collins,dal
DT,0,0%,278,26.40%,0,0%,ThorCe00,Cedric Thornton,dal
LB,0,0%,973,92.40%,73,16.59%,LeexSe99,Sean Lee,dal
LB,0,0%,581,55.18%,111,25.23%,HitcAn00,Anthony Hitchens,dal
LB,0,0%,49,4.65%,322,73.18%,WilbKy00,Kyle Wilber,dal
LB,0,0%,75,7.12%,308,70.00%,GachAn00,Andrew Gachkar,dal
LB,0,0%,283,26.88%,340,77.27%,WilsDa02,Damien Wilson,dal
LB,0,0%,278,26.40%,4,.91%,DuraJu99,Justin Durant,dal
"DE,LB",0,0%,155,14.72%,27,6.14%,DaviRy00,Ryan Davis,dal
LB,0,0%,16,1.52%,35,7.95%,NzeoMa00,Mark Nzeocha,dal
CB,0,0%,1011,96.01%,86,19.55%,CarrBr99,Brandon Carr,dal
CB,0,0%,404,38.37%,47,10.68%,ClaiMo00,Morris Claiborne,dal
CB,0,0%,642,60.97%,10,2.27%,ScanOr99,Orlando Scandrick,dal
CB,0,0%,715,67.90%,159,36.14%,BrowAn02,Anthony Brown,dal
CB,0,0%,56,5.32%,124,28.18%,McFaLe00,Leon McFadden,dal
SS,0,0%,673,63.91%,89,20.23%,ChurBa99,Barry Church,dal
SS,8,.76%,555,52.71%,127,28.86%,WilcJ.00,J.J. Wilcox,dal
SS,0,0%,36,3.42%,101,22.95%,FrazKa00,Kavon Frazier,dal
FS,0,0%,982,93.26%,227,51.59%,JoneBy00,Byron Jones,dal
FS,0,0%,243,23.08%,345,78.41%,HeatJe00,Jeff Heath,dal
LS,0,0%,0,0%,138,31.36%,LadoL.20,L.P. Ladouceur,dal
K,0,0%,0,0%,169,38.41%,BailDa00,Dan Bailey,dal
P,0,0%,0,0%,140,31.82%,JoneCh02,Chris Jones,dal
QB,899,83.63%,0,0%,0,0%,SiemTr00,Trevor Siemian,den
QB,176,16.37%,0,0%,0,0%,LyncPa00,Paxton Lynch,den
RB,314,29.21%,0,0%,0,0%,AndeC.00,C.J. Anderson,den
RB,119,11.07%,0,0%,0,0%,ForsJu00,Justin Forsett,den
RB,94,8.74%,0,0%,205,43.71%,BibbKa00,Kapri Bibbs,den
RB,37,3.44%,0,0%,107,22.81%,ThomJu01,Juwan Thompson,den
RB,493,45.86%,0,0%,0,0%,BookDe00,Devontae Booker,den
FB,235,21.86%,0,0%,186,39.66%,JanoAn00,Andy Janovich,den
WR,865,80.47%,0,0%,0,0%,SandEm00,Emmanuel Sanders,den
WR,885,82.33%,0,0%,2,.43%,ThomDe03,Demaryius Thomas,den
WR,475,44.19%,0,0%,75,15.99%,NorwJo00,Jordan Norwood,den
WR,217,20.19%,0,0%,194,41.36%,LatiCo00,Cody Latimer,den
WR,277,25.77%,0,0%,188,40.09%,TaylJo01,Jordan Taylor,den
WR,241,22.42%,0,0%,195,41.58%,FowlBe00,Bennie Fowler,den
WR,19,1.77%,0,0%,43,9.17%,RaymKa00,Kalif Raymond,den
TE,487,45.30%,0,0%,71,15.14%,GreeVi00,Virgil Green,den
TE,234,21.77%,0,0%,4,.85%,HeueJe00,Jeff Heuerman,den
TE,151,14.05%,0,0%,69,14.71%,PhilJo00,John Phillips,den
TE,188,17.49%,0,0%,32,6.82%,DerbA.00,A.J. Derby,den
TE,18,1.67%,0,0%,10,2.13%,KrieHe00,Henry Krieger-Coble,den
T,243,22.60%,0,0%,13,2.77%,SambTy00,Ty Sambrailo,den
T,1043,97.02%,0,0%,68,14.50%,SchoMi00,Michael Schofield,den
T,745,69.30%,0,0%,50,10.66%,StepDo00,Donald Stephenson,den
T,1062,98.79%,0,0%,69,14.71%,OkunRu20,Russell Okung,den
T,114,10.60%,0,0%,25,5.33%,WeemDa00,Darrion Weems,den
G,1075,100.00%,0,0%,69,14.71%,GarcMa00,Max Garcia,den
G,40,3.72%,0,0%,1,.21%,TurnBi00,Billy Turner,den
C,1075,100.00%,0,0%,68,14.50%,ParaMa00,Matt Paradis,den
C,4,.37%,0,0%,8,1.71%,FereJa00,James Ferentz,den
DE,0,0%,942,82.06%,134,28.57%,CricJa00,Jared Crick,den
DE,0,0%,665,57.93%,42,8.96%,WolfDe00,Derek Wolfe,den
DE,0,0%,343,29.88%,80,17.06%,WinnBi00,Billy Winn,den
DE,0,0%,221,19.25%,20,4.26%,GotsAd00,Adam Gotsis,den
DT,0,0%,16,1.39%,1,.21%,PekoKy00,Kyle Peko,den
NT,0,0%,647,56.36%,79,16.84%,WillSy00,Sylvester Williams,den
NT,0,0%,81,7.06%,5,1.07%,KilgDa01,Darius Kilgo,den
LB,0,0%,599,52.18%,31,6.61%,MarsBr01,Brandon Marshall,den
LB,0,0%,932,81.18%,0,0%,MillVo00,Von Miller,den
LB,0,0%,698,60.80%,101,21.54%,DaviTo01,Todd Davis,den
LB,0,0%,420,36.59%,274,58.42%,BarrSh00,Shaquil Barrett,den
LB,0,0%,666,58.01%,2,.43%,RayxSh00,Shane Ray,den
LB,0,0%,317,27.61%,0,0%,WareDe99,DeMarcus Ware,den
LB,0,0%,545,47.47%,297,63.33%,NelsCo00,Corey Nelson,den
LB,0,0%,44,3.83%,396,84.43%,WatsDe99,Dekoda Watson,den
LB,0,0%,0,0%,51,10.87%,GausQu00,Quentin Gause,den
LB,0,0%,56,4.88%,258,55.01%,AndeZa01,Zaire Anderson,den
LB,0,0%,0,0%,9,1.92%,DoraVo00,Vontarrius Dora,den
CB,0,0%,1097,95.56%,0,0%,HarrCh01,Chris Harris Jr.,den
CB,0,0%,871,75.87%,48,10.23%,TaliAq99,Aqib Talib,den
CB,0,0%,688,59.93%,41,8.74%,RobyBr00,Bradley Roby,den
CB,0,0%,59,5.14%,252,53.73%,WebsKa00,Kayvon Webster,den
CB,0,0%,5,.44%,34,7.25%,NixoTa00,Taurean Nixon,den
CB,0,0%,77,6.71%,36,7.68%,DossLo00,Lorenzo Doss,den
SS,0,0%,987,85.98%,0,0%,WardT.99,T.J. Ward,den
SS,0,0%,1,.09%,69,14.71%,KeoxSh00,Shiloh Keo,den
SS,0,0%,270,23.52%,344,73.35%,ParkWi01,Will Parks,den
FS,0,0%,1085,94.51%,42,8.96%,StewDa00,Darian Stewart,den
FS,0,0%,296,25.78%,283,60.34%,SimmJu00,Justin Simmons,den
LS,0,0%,0,0%,66,14.07%,GaffTh20,Thomas Gafford,den
LS,0,0%,0,0%,95,20.26%,KreiCa00,Casey Kreiter,den
K,0,0%,0,0%,148,31.56%,McMaBr01,Brandon McManus,den
P,0,0%,0,0%,163,34.75%,DixoRi00,Riley Dixon,den
QB,1037,100.00%,0,0%,0,0%,StafMa00,Matthew Stafford,det
RB,57,5.50%,0,0%,1,.24%,AbduAm00,Ameer Abdullah,det
RB,423,40.79%,0,0%,0,0%,RiddTh00,Theo Riddick,det
RB,230,22.18%,0,0%,62,14.90%,WashDw00,Dwayne Washington,det
RB,28,2.70%,0,0%,0,0%,ForsJu00,Justin Forsett,det
RB,1,.10%,0,0%,19,4.57%,BellJo01,Joique Bell,det
RB,293,28.25%,0,0%,126,30.29%,ZennZa00,Zach Zenner,det
FB,95,9.16%,0,0%,115,27.64%,BurtMi00,Michael Burton,det
WR,879,84.76%,0,0%,0,0%,JoneMa02,Marvin Jones,det
WR,866,83.51%,0,0%,0,0%,TateGo00,Golden Tate,det
WR,830,80.04%,0,0%,0,0%,BoldAn00,Anquan Boldin,det
WR,52,5.01%,0,0%,26,6.25%,JoneT.00,T.J. Jones,det
WR,258,24.88%,0,0%,135,32.45%,RobeAn00,Andre Roberts,det
TE,708,68.27%,0,0%,0,0%,EbroEr00,Eric Ebron,det
TE,43,4.15%,0,0%,32,7.69%,WickCo00,Cole Wick,det
TE,95,9.16%,0,0%,137,32.93%,HarbCl00,Clay Harbor,det
TE,169,16.30%,0,0%,71,17.07%,MullMa00,Matthew Mulligan,det
TE,0,0%,0,0%,31,7.45%,CharOr00,Orson Charles,det
TE,101,9.74%,0,0%,47,11.30%,LeexKh00,Khari Lee,det
T,889,85.73%,0,0%,59,14.18%,ReifRi00,Riley Reiff,det
T,1037,100.00%,0,0%,69,16.59%,DeckTa00,Taylor Decker,det
T,164,15.81%,0,0%,58,13.94%,RobiCo00,Corey Robinson,det
T,41,3.95%,0,0%,23,5.53%,LucaCo01,Cornelius Lucas,det
T,20,1.93%,0,0%,46,11.06%,DahlJo00,Joe Dahl,det
G,649,62.58%,0,0%,69,16.59%,TomlLa01,Laken Tomlinson,det
G,970,93.54%,0,0%,64,15.38%,WarfLa00,Larry Warford,det
C,766,73.87%,0,0%,49,11.78%,SwanTr00,Travis Swanson,det
C,706,68.08%,0,0%,79,18.99%,GlasGr00,Graham Glasgow,det
DE,0,0%,496,48.30%,5,1.20%,AnsaEz00,Ezekiel Ansah,det
DE,0,0%,664,64.65%,49,11.78%,TaylDe00,Devin Taylor,det
DE,0,0%,126,12.27%,9,2.16%,GilbWa00,Wallace Gilberry,det
DE,0,0%,658,64.07%,48,11.54%,HydeKe01,Kerry Hyder,det
DE,0,0%,136,13.24%,305,73.32%,CopeBr00,Brandon Copeland,det
DE,0,0%,104,10.13%,1,.24%,BryaAr00,Armonty Bryant,det
DE,0,0%,215,20.93%,57,13.70%,ZettAn00,Anthony Zettel,det
DT,0,0%,527,51.31%,48,11.54%,NgatHa20,Haloti Ngata,det
DT,0,0%,306,29.80%,39,9.38%,ThorKh00,Khyri Thornton,det
DT,0,0%,353,34.37%,45,10.82%,WalkTy00,Tyrunn Walker,det
DT,0,0%,408,39.73%,37,8.89%,RobiAS00,A'Shawn Robinson,det
DT,0,0%,236,22.98%,17,4.09%,CharSt00,Stefan Charles,det
LB,0,0%,199,19.38%,5,1.20%,LevyDe99,DeAndre Levy,det
LB,0,0%,933,90.85%,65,15.63%,WhitTa00,Tahir Whitehead,det
LB,0,0%,374,36.42%,75,18.03%,ByneJo00,Josh Bynes,det
LB,0,0%,27,2.63%,21,5.05%,GoodZa00,Zaviar Gooden,det
LB,0,0%,274,26.68%,85,20.43%,VanNKy00,Kyle Van Noy,det
LB,0,0%,63,6.13%,260,62.50%,ArmbTh00,Thurston Armbrister,det
LB,0,0%,204,19.86%,195,46.88%,WillAn01,Antwione Williams,det
LB,0,0%,0,0%,15,3.61%,LongSt00,Steve Longa,det
CB,0,0%,731,71.18%,46,11.06%,SlayDa00,Darius Slay,det
CB,0,0%,924,89.97%,123,29.57%,LawsNe00,Nevin Lawson,det
CB,0,0%,421,40.99%,84,20.19%,DiggQu00,Quandre Diggs,det
CB,0,0%,25,2.43%,10,2.40%,BankJo00,Johnthan Banks,det
CB,0,0%,93,9.06%,40,9.62%,JackAs00,Asa Jackson,det
CB,0,0%,283,27.56%,247,59.38%,BadeJo00,Johnson Bademosi,det
CB,0,0%,5,.49%,7,1.68%,ButlCr99,Crezdon Butler,det
CB,0,0%,62,6.04%,70,16.83%,BarnAd01,Adairius Barnes,det
CB,0,0%,0,0%,4,.96%,CartAl01,Alex Carter,det
SS,0,0%,706,68.74%,56,13.46%,WilsTa00,Tavon Wilson,det
SS,0,0%,500,48.69%,131,31.49%,BushRa00,Rafael Bush,det
SS,0,0%,149,14.51%,304,73.08%,KillMi00,Miles Killebrew,det
FS,0,0%,1027,100.00%,69,16.59%,QuinGl99,Glover Quin,det
FS,0,0%,71,6.91%,271,65.14%,CareDo00,Don Carey,det
LS,0,0%,0,0%,131,31.49%,MuhlDo20,Don Muhlbach,det
K,0,0%,0,0%,71,17.07%,PratMa20,Matt Prater,det
P,0,0%,0,0%,209,50.24%,MartSa01,Sam Martin,det
QB,1064,97.97%,0,0%,0,0%,RodgAa00,Aaron Rodgers,gnb
QB,22,2.03%,0,0%,0,0%,HundBr00,Brett Hundley,gnb
RB,166,15.29%,0,0%,0,0%,LacyEd00,Eddie Lacy,gnb
RB,265,24.40%,0,0%,31,7.00%,StarJa00,James Starks,gnb
RB,13,1.20%,0,0%,3,.68%,DaviKn00,Knile Davis,gnb
RB,29,2.67%,0,0%,0,0%,JackDo01,Don Jackson,gnb
RB,58,5.34%,0,0%,10,2.26%,MichCh00,Christine Michael,gnb
FB,288,26.52%,0,0%,230,51.92%,RipkAa00,Aaron Ripkowski,gnb
FB,20,1.84%,0,0%,55,12.42%,KerrJo00,Joe Kerridge,gnb
WR,679,62.52%,0,0%,14,3.16%,CobbRa00,Randall Cobb,gnb
WR,913,84.07%,0,0%,8,1.81%,AdamDa01,Davante Adams,gnb
WR,1013,93.28%,0,0%,0,0%,NelsJo00,Jordy Nelson,gnb
WR,391,36.00%,0,0%,144,32.51%,MontTy01,Ty Montgomery,gnb
WR,24,2.21%,0,0%,38,8.58%,AbbrJa00,Jared Abbrederis,gnb
WR,183,16.85%,0,0%,2,.45%,AlliGe01,Geronimo Allison,gnb
WR,233,21.45%,0,0%,272,61.40%,JaniJe00,Jeff Janis,gnb
WR,90,8.29%,0,0%,79,17.83%,DaviTr03,Trevor Davis,gnb
TE,328,30.20%,0,0%,12,2.71%,CookJa02,Jared Cook,gnb
TE,604,55.62%,0,0%,102,23.02%,RodgRi00,Richard Rodgers,gnb
TE,102,9.39%,0,0%,58,13.09%,PeriJu00,Justin Perillo,gnb
T,1056,97.24%,0,0%,76,17.16%,BulaBr20,Bryan Bulaga,gnb
T,1055,97.15%,0,0%,65,14.67%,BakhDa00,David Bakhtiari,gnb
T,8,.74%,0,0%,3,.68%,MurpKy00,Kyle Murphy,gnb
T,238,21.92%,0,0%,78,17.61%,SpriJa00,Jason Spriggs,gnb
T,144,13.26%,0,0%,74,16.70%,BarcDo00,Don Barclay,gnb
G,1084,99.82%,0,0%,61,13.77%,TaylLa01,Lane Taylor,gnb
G,791,72.84%,0,0%,22,4.97%,LangT.20,T.J. Lang,gnb
C,597,54.97%,0,0%,0,0%,LinsCo00,Corey Linsley,gnb
C,488,44.94%,0,0%,0,0%,TretJC00,J.C. Tretter,gnb
DE,0,0%,157,15.26%,9,2.03%,LowrDe00,Dean Lowry,gnb
DT,0,0%,663,64.43%,69,15.58%,DaniMi00,Mike Daniels,gnb
DT,0,0%,102,9.91%,36,8.13%,PennMi00,Mike Pennel,gnb
DT,0,0%,333,32.36%,81,18.28%,ClarKe01,Kenny Clark,gnb
DT,0,0%,10,.97%,0,0%,PricBr00,Brian Price,gnb
NT,0,0%,448,43.54%,55,12.42%,GuioLe99,Letroy Guion,gnb
NT,0,0%,76,7.39%,2,.45%,RingCh00,Christian Ringo,gnb
LB,0,0%,476,46.26%,28,6.32%,MattCl99,Clay Matthews,gnb
LB,0,0%,603,58.60%,13,2.93%,PerrNi00,Nick Perry,gnb
LB,0,0%,559,54.32%,109,24.60%,RyanJa00,Jake Ryan,gnb
LB,0,0%,438,42.57%,133,30.02%,MartBl01,Blake Martinez,gnb
LB,0,0%,548,53.26%,158,35.67%,JoneDa03,Datone Jones,gnb
LB,0,0%,632,61.42%,189,42.66%,ThomJo04,Joe Thomas,gnb
LB,0,0%,136,13.22%,180,40.63%,ElliJa02,Jayrone Elliott,gnb
LB,0,0%,584,56.75%,141,31.83%,PeppJu99,Julius Peppers,gnb
LB,0,0%,10,.97%,70,15.80%,BradCa01,Carl Bradford,gnb
LB,0,0%,160,15.55%,284,64.11%,FackKy00,Kyler Fackrell,gnb
LB,0,0%,0,0%,33,7.45%,TripJo00,Jordan Tripp,gnb
CB,0,0%,496,48.20%,40,9.03%,RandDa00,Damarious Randall,gnb
CB,0,0%,62,6.03%,7,1.58%,ShieSa00,Sam Shields,gnb
CB,0,0%,702,68.22%,56,12.64%,RollQu00,Quinten Rollins,gnb
CB,0,0%,182,17.69%,63,14.22%,GoodDe00,Demetri Goodson,gnb
CB,0,0%,859,83.48%,117,26.41%,GuntLa00,Ladarius Gunter,gnb
CB,0,0%,8,.78%,92,20.77%,HawkJo00,Josh Hawkins,gnb
CB,0,0%,5,.49%,45,10.16%,DorlMa00,Makinton Dorleant,gnb
SS,0,0%,945,91.84%,89,20.09%,BurnMo99,Morgan Burnett,gnb
SS,0,0%,817,79.40%,230,51.92%,HydeMi00,Micah Hyde,gnb
SS,0,0%,18,1.75%,216,48.76%,EvanMa00,Marwin Evans,gnb
FS,0,0%,1028,99.90%,120,27.09%,ClinHa00,Ha Ha Clinton-Dix,gnb
FS,0,0%,258,25.07%,297,67.04%,BricKe00,Kentrell Brice,gnb
FS,0,0%,2,.19%,23,5.19%,BanjCh00,Chris Banjo,gnb
FS,0,0%,0,0%,13,2.93%,WhitJe02,Jermaine Whitehead,gnb
LS,0,0%,0,0%,135,30.47%,GoodBr99,Brett Goode,gnb
K,0,0%,0,0%,167,37.70%,CrosMa20,Mason Crosby,gnb
P,0,0%,0,0%,135,30.47%,SchuJa00,Jake Schum,gnb
QB,976,86.99%,0,0%,0,0%,OsweBr00,Brock Osweiler,htx
QB,146,13.01%,0,0%,0,0%,SavaTo00,Tom Savage,htx
RB,623,55.53%,0,0%,0,0%,MillLa01,Lamar Miller,htx
RB,59,5.26%,0,0%,111,24.83%,HuntAk01,Akeem Hunt,htx
RB,175,15.60%,0,0%,190,42.51%,GrimJo01,Jonathan Grimes,htx
RB,27,2.41%,0,0%,170,38.03%,ErviTy00,Tyler Ervin,htx
RB,237,21.12%,0,0%,166,37.14%,BlueAl00,Alfred Blue,htx
FB,185,16.49%,0,0%,220,49.22%,ProsJa00,Jay Prosch,htx
WR,1085,96.70%,0,0%,2,.45%,HopkDe00,DeAndre Hopkins,htx
WR,829,73.89%,0,0%,37,8.28%,FullWi01,Will Fuller,htx
WR,379,33.78%,0,0%,32,7.16%,MillBr03,Braxton Miller,htx
WR,22,1.96%,0,0%,21,4.70%,WillWe00,Wendall Williams,htx
WR,272,24.24%,0,0%,87,19.46%,MumpKe00,Keith Mumphery,htx
WR,300,26.74%,0,0%,1,.22%,StroJa01,Jaelen Strong,htx
TE,677,60.34%,0,0%,15,3.36%,FiedC.00,C.J. Fiedorowicz,htx
TE,507,45.19%,0,0%,66,14.77%,GrifRy00,Ryan Griffin,htx
TE,129,11.50%,0,0%,146,32.66%,AndeSt01,Stephen Anderson,htx
T,358,31.91%,0,0%,21,4.70%,NewtDe00,Derek Newton,htx
T,1078,96.08%,0,0%,65,14.54%,ClarCh21,Chris Clark,htx
T,777,69.25%,0,0%,45,10.07%,BrowDu20,Duane Brown,htx
T,165,14.71%,0,0%,67,14.99%,LammKe00,Kendall Lamm,htx
G,1055,94.03%,0,0%,18,4.03%,Sua-Xa00,Xavier Su'a-Filo,htx
G,889,79.23%,0,0%,53,11.86%,AlleJe01,Jeff Allen,htx
G,268,23.89%,0,0%,4,.89%,AbouOd00,Oday Aboushi,htx
G,1,.09%,0,0%,1,.22%,WalkJo00,Josh Walker,htx
C,1120,99.82%,0,0%,0,0%,MancGr00,Greg Mancz,htx
C,3,.27%,0,0%,67,14.99%,BergTo00,Tony Bergstrom,htx
DE,0,0%,157,15.54%,13,2.91%,WattJ.00,J.J. Watt,htx
DE,0,0%,44,4.36%,1,.22%,DunnBr00,Brandon Dunn,htx
DE,0,0%,233,23.07%,12,2.68%,HeatJo00,Joel Heath,htx
DE,0,0%,415,41.09%,106,23.71%,CoviCh00,Christian Covington,htx
DE,0,0%,246,24.36%,6,1.34%,SmitAn22,Antonio Smith,htx
DE,0,0%,89,8.81%,2,.45%,KamaUf00,Ufomba Kamalu,htx
DE,0,0%,25,2.48%,0,0%,StilDe00,Devon Still,htx
NT,0,0%,508,50.30%,59,13.20%,WilfVi20,Vince Wilfork,htx
NT,0,0%,404,40.00%,94,21.03%,ReadD.00,D.J. Reader,htx
LB,0,0%,869,86.04%,98,21.92%,MercWh00,Whitney Mercilus,htx
LB,0,0%,519,51.39%,90,20.13%,SimoJo01,John Simon,htx
LB,0,0%,915,90.59%,79,17.67%,McKiBe00,Benardrick McKinney,htx
LB,0,0%,737,72.97%,74,16.55%,ClowJa00,Jadeveon Clowney,htx
LB,0,0%,241,23.86%,259,57.94%,BullMa00,Max Bullough,htx
LB,0,0%,13,1.29%,247,55.26%,PeteBr00,Brian Peters,htx
LB,0,0%,99,9.80%,301,67.34%,DentAk00,Akeem Dent,htx
LB,0,0%,113,11.19%,92,20.58%,ScarBr00,Brennan Scarlett,htx
LB,0,0%,611,60.50%,0,0%,CushBr99,Brian Cushing,htx
CB,0,0%,720,71.29%,0,0%,JackKa99,Kareem Jackson,htx
CB,0,0%,619,61.29%,0,0%,JoseJo20,Johnathan Joseph,htx
CB,0,0%,289,28.61%,94,21.03%,JohnKe04,Kevin Johnson,htx
CB,0,0%,721,71.39%,90,20.13%,BouyA.00,A.J. Bouye,htx
CB,0,0%,164,16.24%,178,39.82%,NelsRo00,Robert Nelson,htx
CB,0,0%,154,15.25%,156,34.90%,JameCh00,Charles James,htx
CB,0,0%,31,3.07%,36,8.05%,RiceDe00,Denzel Rice,htx
CB,0,0%,0,0%,9,2.01%,ShabAl00,Al-Hajj Shabazz,htx
SS,0,0%,693,68.61%,0,0%,DempQu99,Quintin Demps,htx
SS,0,0%,249,24.65%,128,28.64%,PleaEd00,Eddie Pleasant,htx
SS,0,0%,19,1.88%,70,15.66%,DillK.00,K.J. Dillon,htx
FS,0,0%,814,80.59%,65,14.54%,HalxAn00,Andre Hal,htx
FS,0,0%,10,.99%,20,4.47%,BallLo00,Lonnie Ballentine,htx
FS,0,0%,391,38.71%,336,75.17%,MoorCo00,Corey Moore,htx
FS,0,0%,0,0%,176,39.37%,JoneDo02,Don Jones,htx
LS,0,0%,0,0%,140,31.32%,WeekJo00,Jon Weeks,htx
K,0,0%,0,0%,141,31.54%,novaknic01,Nick Novak,htx
P,0,0%,0,0%,140,31.32%,LechSh20,Shane Lechler,htx
QB,1013,92.43%,0,0%,0,0%,LuckAn00,Andrew Luck,clt
QB,83,7.57%,0,0%,0,0%,TolzSc00,Scott Tolzien,clt
RB,650,59.31%,0,0%,0,0%,GoreFr00,Frank Gore,clt
RB,300,27.37%,0,0%,147,31.55%,TurbRo00,Robert Turbin,clt
RB,133,12.14%,0,0%,183,39.27%,FergJo02,Josh Ferguson,clt
RB,13,1.19%,0,0%,265,56.87%,TodmJo00,Jordan Todman,clt
WR,467,42.61%,0,0%,3,.64%,MoncDo00,Donte Moncrief,clt
WR,948,86.50%,0,0%,9,1.93%,HiltT.00,T.Y. Hilton,clt
WR,795,72.54%,0,0%,3,.64%,DorsPh00,Phillip Dorsett,clt
WR,66,6.02%,0,0%,0,0%,StreDe00,Devin Street,clt
WR,435,39.69%,0,0%,52,11.16%,RogeCh02,Chester Rogers,clt
WR,35,3.19%,0,0%,88,18.88%,BrayQu00,Quan Bray,clt
WR,7,.64%,0,0%,3,.64%,SmitTe03,Tevaun Smith,clt
TE,750,68.43%,0,0%,218,46.78%,DoylJa00,Jack Doyle,clt
TE,611,55.75%,0,0%,2,.43%,AlleDw00,Dwayne Allen,clt
TE,244,22.26%,0,0%,308,66.09%,SwooEr00,Erik Swoope,clt
TE,10,.91%,0,0%,15,3.22%,CoffCh00,Chase Coffman,clt
T,607,55.38%,0,0%,52,11.16%,GoodDe01,Denzelle Good,clt
T,423,38.59%,0,0%,61,13.09%,ReitJo00,Joe Reitz,clt
T,1076,98.18%,0,0%,0,0%,CastAn00,Anthony Castonzo,clt
T,200,18.25%,0,0%,41,8.80%,ClarLe01,Le'Raven Clark,clt
T,7,.64%,0,0%,12,2.58%,VujnJe00,Jeremy Vujnovich,clt
T,953,86.95%,0,0%,74,15.88%,HaegJo00,Joe Haeg,clt
G,668,60.95%,0,0%,48,10.30%,MewhJa00,Jack Mewhort,clt
C,1020,93.07%,0,0%,1,.21%,KellRy00,Ryan Kelly,clt
C,89,8.12%,0,0%,50,10.73%,BlytAu00,Austin Blythe,clt
C,451,41.15%,0,0%,61,13.09%,HarrJo03,Jonotthan Harrison,clt
DE,0,0%,82,7.62%,26,5.58%,EdwaLa00,Lavar Edwards,clt
DE,0,0%,301,27.97%,12,2.58%,LangKe98,Kendall Langford,clt
DT,0,0%,317,29.46%,70,15.02%,KerrZa00,Zach Kerr,clt
DT,0,0%,322,29.93%,3,.64%,JoneAr22,Arthur Jones,clt
DT,0,0%,442,41.08%,101,21.67%,RidgHa00,Hassan Ridgeway,clt
DT,0,0%,308,28.62%,46,9.87%,AndeHe00,Henry Anderson,clt
NT,1,.09%,643,59.76%,98,21.03%,ParrDa00,David Parry,clt
NT,0,0%,299,27.79%,103,22.10%,McGiT.00,T.Y. McGill,clt
LB,0,0%,707,65.71%,61,13.09%,JackDQ20,D'Qwell Jackson,clt
LB,0,0%,760,70.63%,60,12.88%,WaldEr99,Erik Walden,clt
LB,0,0%,170,15.80%,13,2.79%,MoorSi00,Sio Moore,clt
LB,0,0%,237,22.03%,30,6.44%,ColeTr20,Trent Cole,clt
LB,0,0%,535,49.72%,1,.21%,MathRo20,Robert Mathis,clt
LB,0,0%,178,16.54%,346,74.25%,McNaJo00,Josh McNary,clt
LB,0,0%,332,30.86%,265,56.87%,MorrAn01,Antonio Morrison,clt
LB,0,0%,495,46.00%,198,42.49%,JackEd00,Edwin Jackson,clt
LB,0,0%,0,0%,22,4.72%,BateTr00,Trevor Bates,clt
LB,0,0%,124,11.52%,129,27.68%,MaggCu00,Curt Maggitt,clt
LB,0,0%,4,.37%,154,33.05%,CartCh00,Chris Carter,clt
LB,0,0%,0,0%,44,9.44%,KingDe00,Deon King,clt
LB,0,0%,362,33.64%,139,29.83%,AyerAk00,Akeem Ayers,clt
LB,0,0%,0,0%,48,10.30%,RhodLu00,Luke Rhodes,clt
LB,0,0%,0,0%,8,1.72%,MounDe00,Deiontrez Mount,clt
CB,0,0%,202,18.77%,14,3.00%,CromAn20,Antonio Cromartie,clt
CB,0,0%,360,33.46%,106,22.75%,MorrDa01,Darryl Morris,clt
CB,0,0%,823,76.49%,0,0%,DaviVo99,Vontae Davis,clt
CB,0,0%,655,60.87%,37,7.94%,MelvRa00,Rashaan Melvin,clt
CB,0,0%,401,37.27%,20,4.29%,RobiPa99,Patrick Robinson,clt
CB,0,0%,11,1.02%,6,1.29%,JameCh00,Charles James,clt
CB,0,0%,106,9.85%,99,21.24%,MiltCh00,Christopher Milton,clt
CB,0,0%,472,43.87%,0,0%,ButlDa99,Darius Butler,clt
CB,0,0%,10,.93%,43,9.23%,WillFr05,Frankie Williams,clt
SS,0,0%,996,92.57%,96,20.60%,AdamMi21,Mike Adams,clt
SS,0,0%,75,6.97%,33,7.08%,GuyxWi00,Winston Guy,clt
SS,0,0%,0,0%,12,2.58%,WillDu00,Duke Williams,clt
FS,0,0%,560,52.04%,53,11.37%,GeatCl00,Clayton Geathers,clt
FS,0,0%,478,44.42%,112,24.03%,GreeT.00,T.J. Green,clt
FS,0,0%,67,6.23%,373,80.04%,FarlMa00,Matthias Farley,clt
LS,0,0%,0,0%,138,29.61%,OverMa00,Matt Overton,clt
K,0,0%,0,0%,79,16.95%,vinatada01,Adam Vinatieri,clt
P,0,0%,0,0%,227,48.71%,McAfPa44,Pat McAfee,clt
QB,1112,99.91%,0,0%,0,0%,BortBl00,Blake Bortles,jax
QB,1,.09%,0,0%,0,0%,HennCh01,Chad Henne,jax
RB,577,51.84%,0,0%,0,0%,YeldT.00,T.J. Yeldon,jax
RB,311,27.94%,0,0%,0,0%,IvorCh00,Chris Ivory,jax
RB,13,1.17%,0,0%,14,2.87%,BanyJo00,Joe Banyard,jax
RB,6,.54%,0,0%,41,8.42%,HillBr01,Bronson Hill,jax
RB,99,8.89%,0,0%,156,32.03%,GranCo00,Corey Grant,jax
RB,101,9.07%,0,0%,134,27.52%,RobiDe00,Denard Robinson,jax
WR,1048,94.16%,0,0%,2,.41%,RobiAl02,Allen Robinson,jax
WR,637,57.23%,0,0%,1,.21%,HurnAl01,Allen Hurns,jax
WR,818,73.50%,0,0%,65,13.35%,LeexMa00,Marqise Lee,jax
WR,63,5.66%,0,0%,36,7.39%,GreeRa00,Rashad Greene,jax
WR,27,2.43%,0,0%,17,3.49%,WashTo00,Tony Washington,jax
WR,172,15.45%,0,0%,139,28.54%,SterNe00,Neal Sterling,jax
WR,321,28.84%,0,0%,75,15.40%,WaltBr00,Bryan Walters,jax
WR,98,8.81%,0,0%,307,63.04%,BennAr00,Arrelious Benn,jax
WR,30,2.70%,0,0%,0,0%,WynnSh00,Shane Wynn,jax
TE,450,40.43%,0,0%,0,0%,ThomJu00,Julius Thomas,jax
TE,279,25.07%,0,0%,16,3.29%,LewiMa00,Marcedes Lewis,jax
TE,124,11.14%,0,0%,91,18.69%,ElliAl01,Alex Ellis,jax
TE,362,32.52%,0,0%,171,35.11%,KoyaBe00,Ben Koyack,jax
T,1024,92.00%,0,0%,61,12.53%,BeacKe00,Kelvin Beachum,jax
T,1113,100.00%,0,0%,68,13.96%,ParnJe00,Jermey Parnell,jax
T,221,19.86%,0,0%,13,2.67%,JoecLu00,Luke Joeckel,jax
T,18,1.62%,0,0%,1,.21%,PoutJe00,Jeremiah Poutasi,jax
T,11,.99%,0,0%,15,3.08%,WellJo02,Josh Wells,jax
G,909,81.67%,0,0%,8,1.64%,LindBr00,Brandon Linder,jax
G,1113,100.00%,0,0%,67,13.76%,CannA.00,A.J. Cann,jax
G,334,30.01%,0,0%,34,6.98%,ReedCh00,Chris Reed,jax
G,316,28.39%,0,0%,120,24.64%,ShatTy00,Tyler Shatley,jax
G,454,40.79%,0,0%,42,8.62%,OmamPa00,Patrick Omameh,jax
C,70,6.29%,0,0%,18,3.70%,BowaLu00,Luke Bowanko,jax
DE,0,0%,706,65.61%,5,1.03%,NgakYa00,Yannick Ngakoue,jax
DE,0,0%,570,52.97%,1,.21%,FowlDa00,Dante Fowler,jax
DE,0,0%,261,24.26%,30,6.16%,OdriJa99,Jared Odrick,jax
DE,11,.99%,508,47.21%,96,19.71%,AluaTy99,Tyson Alualu,jax
DE,0,0%,69,6.41%,18,3.70%,SmitCh03,Chris Smith,jax
DT,0,0%,717,66.64%,51,10.47%,JackMa02,Malik Jackson,jax
DT,0,0%,540,50.19%,79,16.22%,MarkSe99,Sen'Derrick Marks,jax
DT,0,0%,463,43.03%,156,32.03%,JoneAb00,Abry Jones,jax
DT,0,0%,156,14.50%,0,0%,MillRo99,Roy Miller,jax
DT,0,0%,19,1.77%,0,0%,AshxRi00,Richard Ash,jax
DT,0,0%,42,3.90%,21,4.31%,HillJo01,Jordan Hill,jax
DT,0,0%,203,18.87%,146,29.98%,DayxSh00,Sheldon Day,jax
LB,0,0%,1057,98.23%,83,17.04%,PoluPa99,Paul Posluszny,jax
LB,0,0%,1048,97.40%,78,16.02%,SmitTe01,Telvin Smith,jax
LB,0,0%,267,24.81%,239,49.08%,SkutDa00,Dan Skuta,jax
LB,0,0%,6,.56%,302,62.01%,BrowAr00,Arthur Brown,jax
LB,0,0%,0,0%,42,8.62%,RushMa00,Marcus Rush,jax
LB,0,0%,0,0%,23,4.72%,PortSe00,Sean Porter,jax
LB,0,0%,28,2.60%,330,67.76%,PullHa00,Hayes Pullard,jax
LB,0,0%,239,22.21%,203,41.68%,JackMy00,Myles Jack,jax
CB,0,0%,1059,98.42%,166,34.09%,RamsJa00,Jalen Ramsey,jax
CB,0,0%,272,25.28%,174,35.73%,HousDa00,Davon House,jax
CB,0,0%,871,80.95%,15,3.08%,AmukPr00,Prince Amukamara,jax
CB,0,0%,292,27.14%,47,9.65%,ColvAa00,Aaron Colvin,jax
CB,0,0%,84,7.81%,33,6.78%,GratDw00,Dwayne Gratz,jax
CB,0,0%,134,12.45%,48,9.86%,JohnJo07,Josh Johnson,jax
SS,0,0%,1070,99.44%,140,28.75%,CyprJo00,Johnathan Cyprien,jax
SS,0,0%,29,2.70%,323,66.32%,WilsJa00,Jarrod Wilson,jax
FS,0,0%,1040,96.65%,30,6.16%,GipsTa00,Tashaun Gipson,jax
FS,0,0%,84,7.81%,284,58.32%,ThomPe00,Peyton Thompson,jax
S,0,0%,0,0%,36,7.39%,DaviAk00,Akeem Davis,jax
LS,0,0%,0,0%,149,30.60%,TinkCa00,Carson Tinker,jax
K,0,0%,0,0%,143,29.36%,MyerJa00,Jason Myers,jax
P,0,0%,0,0%,150,30.80%,NortBr00,Brad Nortman,jax
QB,915,89.53%,0,0%,0,0%,SmitAl03,Alex Smith,kan
QB,106,10.37%,0,0%,0,0%,FoleNi00,Nick Foles,kan
RB,358,35.03%,0,0%,20,4.46%,WestCh01,Charcandrick West,kan
RB,27,2.64%,0,0%,0,0%,CharJa00,Jamaal Charles,kan
RB,46,4.50%,0,0%,33,7.37%,DaviKn00,Knile Davis,kan
FB,544,53.23%,0,0%,1,.22%,WareSp00,Spencer Ware,kan
FB,167,16.34%,0,0%,340,75.89%,SherAn00,Anthony Sherman,kan
WR,630,61.64%,0,0%,4,.89%,MaclJe00,Jeremy Maclin,kan
WR,816,79.84%,0,0%,10,2.23%,ConlCh00,Chris Conley,kan
WR,467,45.69%,0,0%,153,34.15%,WilsAl02,Albert Wilson,kan
WR,5,.49%,0,0%,271,60.49%,RobiDe01,Demarcus Robinson,kan
WR,416,40.70%,0,0%,134,29.91%,HillTy00,Tyreek Hill,kan
WR,81,7.93%,0,0%,162,36.16%,ThomDe05,De'Anthony Thomas,kan
TE,886,86.69%,0,0%,14,3.13%,KelcTr00,Travis Kelce,kan
TE,459,44.91%,0,0%,281,62.72%,HarrDe03,Demetrius Harris,kan
TE,111,10.86%,0,0%,287,64.06%,O'ShJa00,James O'Shaughnessy,kan
TE,55,5.38%,0,0%,9,2.01%,TravRo00,Ross Travis,kan
T,1022,100.00%,0,0%,75,16.74%,FishEr00,Eric Fisher,kan
T,1022,100.00%,0,0%,30,6.70%,SchwMi00,Mitchell Schwartz,kan
T,100,9.78%,0,0%,53,11.83%,ReidJa00,Jah Reid,kan
T,4,.39%,0,0%,49,10.94%,WitzBr00,Bryan Witzmann,kan
G,229,22.41%,0,0%,23,5.13%,EhinPa00,Parker Ehinger,kan
G,890,87.08%,0,0%,66,14.73%,DuveLa00,Laurent Duvernay-Tardif,kan
G,63,6.16%,0,0%,4,.89%,DeveJo00,Jordan Devey,kan
G,801,78.38%,0,0%,75,16.74%,FultZa00,Zach Fulton,kan
C,1019,99.71%,0,0%,75,16.74%,MorsMi00,Mitch Morse,kan
DE,0,0%,180,16.14%,19,4.24%,BailAl00,Allen Bailey,kan
DE,0,0%,359,32.20%,26,5.80%,HowaJa00,Jaye Howard,kan
DE,0,0%,573,51.39%,67,14.96%,JoneCh09,Chris Jones,kan
DE,0,0%,130,11.66%,8,1.79%,JenkJa01,Jarvis Jenkins,kan
DE,0,0%,39,3.50%,4,.89%,WillNi01,Nick Williams,kan
DE,0,0%,9,.81%,0,0%,KingDa00,David King,kan
DE,0,0%,197,17.67%,31,6.92%,ReyeKe00,Kendall Reyes,kan
DT,0,0%,63,5.65%,7,1.56%,BarnT.00,T.J. Barnes,kan
NT,3,.29%,820,73.54%,61,13.62%,PoexDo00,Dontari Poe,kan
NT,0,0%,282,25.29%,42,9.38%,NuneRa00,Rakeem Nunez-Roches,kan
LB,0,0%,841,75.43%,3,.67%,JohnDe25,Derrick Johnson,kan
LB,0,0%,488,43.77%,235,52.46%,ZombFr00,Frank Zombo,kan
LB,0,0%,160,14.35%,24,5.36%,MarcJu00,Justin March,kan
LB,0,0%,292,26.19%,0,0%,HousJu00,Justin Houston,kan
LB,0,0%,799,71.66%,4,.89%,FordDe00,Dee Ford,kan
LB,0,0%,593,53.18%,0,0%,HaliTa20,Tamba Hali,kan
LB,0,0%,523,46.91%,47,10.49%,WilsRa00,Ramik Wilson,kan
LB,0,0%,48,4.30%,357,79.69%,AlexD.00,D.J. Alexander,kan
LB,0,0%,16,1.43%,26,5.80%,MoseDe00,Dezman Moses,kan
LB,0,0%,0,0%,16,3.57%,BarrSa00,Sam Barrington,kan
LB,0,0%,40,3.59%,104,23.21%,SmitTe04,Terrance Smith,kan
LB,0,0%,28,2.51%,45,10.04%,NicoDa00,Dadi Nicolas,kan
CB,0,0%,1013,90.85%,117,26.12%,NelsSt01,Steven Nelson,kan
CB,0,0%,1007,90.31%,6,1.34%,PeteMa00,Marcus Peters,kan
CB,0,0%,446,40.00%,64,14.29%,GainPh00,Phillip Gaines,kan
CB,0,0%,138,12.38%,126,28.13%,WhitD.00,D.J. White,kan
CB,0,0%,146,13.09%,88,19.64%,AckeKe00,Kenneth Acker,kan
CB,0,0%,240,21.52%,13,2.90%,MitcTe00,Terrance Mitchell,kan
SS,0,0%,1084,97.22%,0,0%,BerrEr99,Eric Berry,kan
SS,0,0%,542,48.61%,367,81.92%,SoreDa01,Daniel Sorensen,kan
FS,0,0%,1103,98.92%,12,2.68%,ParkRo01,Ron Parker,kan
FS,0,0%,64,5.74%,367,81.92%,MurrEr00,Eric Murray,kan
LS,0,0%,0,0%,154,34.38%,WincJa00,James Winchester,kan
K,0,0%,0,0%,161,35.94%,SantCa01,Cairo Santos,kan
P,0,0%,0,0%,154,34.38%,ColqDu20,Dustin Colquitt,kan
QB,1048,93.66%,0,0%,0,0%,CarrDe02,Derek Carr,rai
QB,32,2.86%,0,0%,0,0%,CookCo00,Connor Cook,rai
QB,39,3.49%,0,0%,0,0%,McGlMa01,Matt McGloin,rai
RB,525,46.92%,0,0%,0,0%,MurrLa00,Latavius Murray,rai
RB,17,1.52%,0,0%,241,50.95%,JoneTa00,Taiwan Jones,rai
RB,236,21.09%,0,0%,136,28.75%,RichJa01,Jalen Richard,rai
RB,241,21.54%,0,0%,59,12.47%,WashDe00,DeAndre Washington,rai
FB,263,23.50%,0,0%,319,67.44%,OlawJa00,Jamize Olawale,rai
WR,997,89.10%,0,0%,4,.85%,CoopAm00,Amari Cooper,rai
WR,836,74.71%,0,0%,0,0%,CrabMi00,Michael Crabtree,rai
WR,749,66.93%,0,0%,0,0%,RobeSe00,Seth Roberts,rai
WR,261,23.32%,0,0%,310,65.54%,HolmAn00,Andre Holmes,rai
WR,51,4.56%,0,0%,137,28.96%,HoltJo00,Johnny Holton,rai
TE,127,11.35%,0,0%,31,6.55%,SmitLe00,Lee Smith,rai
TE,702,62.73%,0,0%,112,23.68%,WalfCl00,Clive Walford,rai
TE,314,28.06%,0,0%,112,23.68%,RiveMy00,Mychal Rivera,rai
TE,7,.63%,0,0%,13,2.75%,OMalRy00,Ryan O'Malley,rai
T,721,64.43%,0,0%,43,9.09%,HowaAu20,Austin Howard,rai
T,1111,99.29%,0,0%,75,15.86%,PennDo20,Donald Penn,rai
T,37,3.31%,0,0%,9,1.90%,McCaMa00,Matt McCants,rai
T,255,22.79%,0,0%,30,6.34%,WatsMe00,Menelik Watson,rai
G,1041,93.03%,0,0%,71,15.01%,OsemKe00,Kelechi Osemele,rai
G,1118,99.91%,0,0%,75,15.86%,JackGa00,Gabe Jackson,rai
G,119,10.63%,0,0%,30,6.34%,KirkDe00,Denver Kirkland,rai
G,38,3.40%,0,0%,136,28.75%,FeliJo00,Jon Feliciano,rai
G,305,27.26%,0,0%,19,4.02%,AlexVa00,Vadal Alexander,rai
C,1119,100.00%,0,0%,1,.21%,HudsRo00,Rodney Hudson,rai
DE,0,0%,948,90.46%,76,16.07%,MackKh00,Khalil Mack,rai
DE,0,0%,690,65.84%,76,16.07%,AutrDe00,Denico Autry,rai
DE,0,0%,636,60.69%,26,5.50%,WardJi02,Jihad Ward,rai
DE,0,0%,46,4.39%,92,19.45%,CowsJa00,James Cowser,rai
DE,0,0%,35,3.34%,8,1.69%,EdwaMa01,Mario Edwards,rai
DE,0,0%,21,2.00%,20,4.23%,JackBr04,Branden Jackson,rai
DT,0,0%,365,34.83%,76,16.07%,WillDa99,Dan Williams,rai
DT,0,0%,220,20.99%,39,8.25%,McGeSt01,Stacy McGee,rai
NT,0,0%,306,29.20%,87,18.39%,LathDa01,Darius Latham,rai
NT,0,0%,334,31.87%,26,5.50%,ElliJu01,Justin Ellis,rai
LB,0,0%,933,89.03%,2,.42%,SmitMa02,Malcolm Smith,rai
LB,0,0%,133,12.69%,33,6.98%,HeenBe00,Ben Heeney,rai
LB,0,0%,927,88.45%,76,16.07%,IrviBr00,Bruce Irvin,rai
LB,0,0%,627,59.83%,1,.21%,RilePe00,Perry Riley,rai
LB,0,0%,170,16.22%,192,40.59%,CalhSh00,Shilique Calhoun,rai
LB,0,0%,30,2.86%,397,83.93%,BateDa00,Daren Bates,rai
LB,0,0%,375,35.78%,227,47.99%,JameCo00,Cory James,rai
LB,0,0%,0,0%,81,17.12%,AdamTy00,Tyrell Adams,rai
CB,0,0%,959,91.51%,0,0%,AmerDa00,David Amerson,rai
CB,0,0%,475,45.32%,86,18.18%,HaydDJ00,D.J. Hayden,rai
CB,0,0%,887,84.64%,0,0%,SmitSe99,Sean Smith,rai
CB,0,0%,325,31.01%,128,27.06%,CarrTr00,T.J. Carrie,rai
CB,0,0%,2,.19%,53,11.21%,McDoDe02,Dexter McDonald,rai
CB,0,0%,12,1.15%,41,8.67%,HamiAn01,Antonio Hamilton,rai
SS,0,0%,231,22.04%,270,57.08%,AlleNa99,Nate Allen,rai
SS,0,0%,592,56.49%,38,8.03%,JoseKa00,Karl Joseph,rai
FS,0,0%,147,14.03%,281,59.41%,McGiKe00,Keith McGill,rai
FS,0,0%,1048,100.00%,0,0%,NelsRe99,Reggie Nelson,rai
FS,0,0%,50,4.77%,320,67.65%,TrawBr00,Brynden Trawick,rai
LS,0,0%,0,0%,161,34.04%,CondJo20,Jon Condo,rai
K,0,0%,0,0%,164,34.67%,janikseb01,Sebastian Janikowski,rai
P,0,0%,0,0%,160,33.83%,KingMa00,Marquette King,rai
QB,1060,99.53%,0,0%,0,0%,RivePh00,Philip Rivers,sdg
QB,5,.47%,0,0%,50,10.68%,ClemKe00,Kellen Clemens,sdg
RB,55,5.16%,0,0%,3,.64%,WoodDa02,Danny Woodhead,sdg
RB,27,2.54%,0,0%,0,0%,WillAn00,Andre Williams,sdg
RB,658,61.78%,0,0%,0,0%,GordMe00,Melvin Gordon,sdg
RB,39,3.66%,0,0%,44,9.40%,McClDe00,Dexter McCluster,sdg
RB,77,7.23%,0,0%,0,0%,HillRo00,Ronnie Hillman,sdg
RB,189,17.75%,0,0%,23,4.91%,FarrKe02,Kenneth Farrow,sdg
FB,142,13.33%,0,0%,287,61.32%,WattDe00,Derek Watt,sdg
WR,548,51.46%,0,0%,18,3.85%,BenjTr00,Travis Benjamin,sdg
WR,958,89.95%,0,0%,9,1.92%,InmaDo00,Dontrelle Inman,sdg
WR,891,83.66%,0,0%,4,.85%,WillTy00,Tyrell Williams,sdg
WR,27,2.54%,0,0%,0,0%,AlleKe00,Keenan Allen,sdg
WR,18,1.69%,0,0%,11,2.35%,ButlJe01,Jeremy Butler,sdg
WR,22,2.07%,0,0%,19,4.06%,DaviGe00,Geremy Davis,sdg
WR,46,4.32%,0,0%,81,17.31%,BursIs01,Isaiah Burse,sdg
WR,131,12.30%,0,0%,110,23.50%,WhalGr00,Griff Whalen,sdg
TE,585,54.93%,0,0%,1,.21%,GateAn00,Antonio Gates,sdg
TE,573,53.80%,0,0%,64,13.68%,HenrHu00,Hunter Henry,sdg
TE,288,27.04%,0,0%,210,44.87%,McGrSe00,Sean McGrath,sdg
TE,10,.94%,0,0%,18,3.85%,ClevAs00,Asante Cleveland,sdg
T,775,72.77%,0,0%,38,8.12%,DunlKi20,King Dunlap,sdg
T,968,90.89%,0,0%,48,10.26%,BarkJo00,Joe Barksdale,sdg
T,326,30.61%,0,0%,60,12.82%,HairCh00,Chris Hairston,sdg
T,13,1.22%,0,0%,22,4.70%,BurwTy00,Tyreek Burwell,sdg
G,919,86.29%,0,0%,52,11.11%,FranOr00,Orlando Franklin,sdg
G,991,93.05%,0,0%,79,16.88%,FlukDJ00,D.J. Fluker,sdg
G,134,12.58%,0,0%,191,40.81%,WiggKe00,Kenny Wiggins,sdg
C,1018,95.59%,0,0%,28,5.98%,SlauMa20,Matt Slauson,sdg
C,221,20.75%,0,0%,83,17.74%,PullSp00,Spencer Pulley,sdg
DE,0,0%,265,24.77%,37,7.91%,PhilDa01,Darius Philon,sdg
DE,0,0%,563,52.62%,12,2.56%,BosaJo00,Joey Bosa,sdg
DT,0,0%,812,75.89%,68,14.53%,LiugCo00,Corey Liuget,sdg
DT,0,0%,378,35.33%,116,24.79%,PaleTe00,Tenny Palepoi,sdg
DT,0,0%,112,10.47%,24,5.13%,ReidCa00,Caraun Reid,sdg
NT,0,0%,340,31.78%,17,3.63%,MebaBr99,Brandon Mebane,sdg
NT,0,0%,362,33.83%,55,11.75%,SquaDa00,Damion Square,sdg
NT,0,0%,48,4.49%,14,2.99%,CarrRy00,Ryan Carrethers,sdg
LB,0,0%,142,13.27%,8,1.71%,TeoxMa00,Manti Te'o,sdg
LB,0,0%,959,89.63%,52,11.11%,IngrMe00,Melvin Ingram,sdg
LB,0,0%,545,50.93%,263,56.20%,EmanKy00,Kyle Emanuel,sdg
LB,0,0%,176,16.45%,66,14.10%,AttaJe00,Jeremiah Attaochu,sdg
LB,0,0%,600,56.07%,42,8.97%,BrowJa05,Jatavis Brown,sdg
LB,0,0%,483,45.14%,1,.21%,PerrDe00,Denzel Perryman,sdg
LB,0,0%,144,13.46%,231,49.36%,WillTo00,Tourek Williams,sdg
LB,0,0%,10,.93%,29,6.20%,KingDe00,Deon King,sdg
LB,0,0%,45,4.21%,85,18.16%,DzubNi00,Nick Dzubnar,sdg
LB,0,0%,114,10.65%,332,70.94%,PerrJo01,Joshua Perry,sdg
LB,0,0%,85,7.94%,103,22.01%,LandCh00,Chris Landrum,sdg
LB,0,0%,478,44.67%,112,23.93%,ToomKo00,Korey Toomer,sdg
LB,0,0%,0,0%,3,.64%,FielCa00,Carlos Fields,sdg
CB,0,0%,351,32.80%,6,1.28%,FlowBr99,Brandon Flowers,sdg
CB,0,0%,987,92.24%,84,17.95%,HaywCa00,Casey Hayward,sdg
CB,0,0%,258,24.11%,3,.64%,VerrJa00,Jason Verrett,sdg
CB,0,0%,218,20.37%,60,12.82%,WillSt02,Steve Williams,sdg
CB,0,0%,409,38.22%,128,27.35%,MageCr00,Craig Mager,sdg
CB,0,0%,389,36.36%,225,48.08%,WillTr05,Trevor Williams,sdg
CB,0,0%,123,11.50%,90,19.23%,ReedTr00,Trovon Reed,sdg
CB,0,0%,14,1.31%,42,8.97%,McClRo98,Robert McClain,sdg
CB,0,0%,22,2.06%,37,7.91%,DesiPi00,Pierre Desir,sdg
SS,0,0%,510,47.66%,16,3.42%,AddaJa00,Jahleel Addae,sdg
SS,0,0%,543,50.75%,199,42.52%,PhilAd00,Adrian Phillips,sdg
FS,0,0%,1003,93.74%,41,8.76%,LoweDw99,Dwight Lowery,sdg
FS,0,0%,248,23.18%,226,48.29%,McCoDe00,Dexter McCoil,sdg
FS,0,0%,33,3.08%,368,78.63%,StucDa20,Darrell Stuckey,sdg
LS,0,0%,0,0%,139,29.70%,WindMi00,Mike Windt,sdg
K,0,0%,0,0%,169,36.11%,LambJo00,Josh Lambo,sdg
P,0,0%,0,0%,90,19.23%,KaseDr00,Drew Kaser,sdg
QB,392,39.04%,0,0%,0,0%,GoffJa00,Jared Goff,ram
QB,596,59.36%,0,0%,0,0%,KeenCa00,Case Keenum,ram
QB,16,1.59%,0,0%,0,0%,MannSe00,Sean Mannion,ram
RB,742,73.90%,0,0%,0,0%,GurlTo01,Todd Gurley,ram
RB,0,0%,0,0%,398,88.44%,ReynCh00,Chase Reynolds,ram
RB,179,17.83%,0,0%,135,30.00%,CunnBe01,Benny Cunningham,ram
RB,65,6.47%,0,0%,169,37.56%,BrowMa03,Malcolm Brown,ram
RB,0,0%,0,0%,10,2.22%,GreeAa01,Aaron Green,ram
WR,731,72.81%,0,0%,91,20.22%,AustTa00,Tavon Austin,ram
WR,786,78.29%,0,0%,2,.44%,BritKe00,Kenny Britt,ram
WR,691,68.82%,0,0%,2,.44%,QuicBr00,Brian Quick,ram
WR,95,9.46%,0,0%,268,59.56%,MarqBr00,Bradley Marquez,ram
WR,25,2.49%,0,0%,3,.67%,McRoPa00,Paul McRoberts,ram
WR,104,10.36%,0,0%,167,37.11%,ThomMi04,Mike Thomas,ram
WR,210,20.92%,0,0%,34,7.56%,CoopPh00,Pharoh Cooper,ram
TE,827,82.37%,0,0%,0,0%,KendLa00,Lance Kendricks,ram
TE,111,11.06%,0,0%,197,43.78%,HarkCo00,Cory Harkey,ram
TE,403,40.14%,0,0%,20,4.44%,HigbTy00,Tyler Higbee,ram
TE,14,1.39%,0,0%,112,24.89%,HemiTe00,Temarrick Hemingway,ram
T,934,93.03%,0,0%,34,7.56%,HaveRo00,Rob Havenstein,ram
T,892,88.84%,0,0%,39,8.67%,RobiGr01,Greg Robinson,ram
T,916,91.24%,0,0%,42,9.33%,SaffRo20,Rodger Saffold,ram
T,15,1.49%,0,0%,5,1.11%,MurpPa00,Pace Murphy,ram
T,297,29.58%,0,0%,48,10.67%,DonnAn00,Andrew Donnal,ram
G,395,39.34%,0,0%,28,6.22%,BrowJa04,Jamon Brown,ram
G,594,59.16%,0,0%,31,6.89%,WichCo00,Cody Wichmann,ram
G,9,.90%,0,0%,1,.22%,ArkiDa00,David Arkin,ram
C,1004,100.00%,0,0%,0,0%,BarnTi01,Tim Barnes,ram
C,0,0%,0,0%,123,27.33%,RhanDe00,Demetrius Rhaney,ram
DE,0,0%,370,33.94%,27,6.00%,QuinRo00,Robert Quinn,ram
DE,0,0%,513,47.06%,7,1.56%,HayeWi99,William Hayes,ram
DE,0,0%,157,14.40%,42,9.33%,LongMa00,Matt Longacre,ram
DE,0,0%,537,49.27%,142,31.56%,SimsEu99,Eugene Sims,ram
DE,0,0%,75,6.88%,18,4.00%,FoxxMo00,Morgan Fox,ram
DT,0,0%,829,76.06%,63,14.00%,DonaAa00,Aaron Donald,ram
DT,0,0%,419,38.44%,58,12.89%,BrocMi00,Michael Brockers,ram
DT,0,0%,392,35.96%,43,9.56%,ThomCa99,Cam Thomas,ram
DT,0,0%,533,48.90%,73,16.22%,WestEt00,Ethan Westbrooks,ram
DT,0,0%,471,43.21%,24,5.33%,EaslDo00,Dominique Easley,ram
LB,0,0%,1087,99.72%,49,10.89%,BarrMa00,Mark Barron,ram
LB,0,0%,1090,100.00%,2,.44%,OgleAl00,Alec Ogletree,ram
LB,0,0%,90,8.26%,156,34.67%,ForrJo00,Josh Forrest,ram
LB,0,0%,11,1.01%,338,75.11%,HageBr00,Bryce Hager,ram
LB,0,0%,122,11.19%,324,72.00%,LittCo01,Cory Littleton,ram
LB,0,0%,0,0%,130,28.89%,GrigNi01,Nicholas Grigsby,ram
CB,0,0%,953,87.43%,47,10.44%,JohnTr05,Trumaine Johnson,ram
CB,0,0%,700,64.22%,12,2.67%,JoynLa00,Lamarcus Joyner,ram
CB,0,0%,104,9.54%,9,2.00%,SensCo00,Coty Sensabaugh,ram
CB,0,0%,177,16.24%,28,6.22%,JordMi00,Mike Jordan,ram
CB,0,0%,614,56.33%,31,6.89%,GainE.00,E.J. Gaines,ram
CB,0,0%,336,30.83%,144,32.00%,HillTr01,Troy Hill,ram
CB,0,0%,141,12.94%,61,13.56%,CounBl00,Blake Countess,ram
CB,0,0%,1,.09%,12,2.67%,WillSt02,Steve Williams,ram
CB,0,0%,2,.18%,20,4.44%,GratDw00,Dwayne Gratz,ram
SS,0,0%,1070,98.17%,135,30.00%,McDoTJ00,T.J. McDonald,ram
SS,0,0%,3,.28%,113,25.11%,ChriMa00,Marqui Christian,ram
FS,0,0%,919,84.31%,63,14.00%,AlexMa00,Maurice Alexander,ram
FS,0,0%,273,25.05%,378,84.00%,DaviCo02,Cody Davis,ram
FS,0,0%,0,0%,41,9.11%,JohnIs01,Isaiah Johnson,ram
LS,0,0%,0,0%,146,32.44%,McQuJa00,Jake McQuaide,ram
K,0,0%,0,0%,104,23.11%,ZuerGr00,Greg Zuerlein,ram
P,0,0%,0,0%,146,32.44%,HekkJo00,Johnny Hekker,ram
QB,1008,95.18%,0,0%,0,0%,WilsRu00,Russell Wilson,sea
QB,53,5.00%,0,0%,0,0%,BoykTr00,Trevone Boykin,sea
RB,340,32.11%,0,0%,0,0%,MichCh00,Christine Michael,sea
RB,303,28.61%,0,0%,0,0%,RawlTh00,Thomas Rawls,sea
RB,24,2.27%,0,0%,5,1.14%,SpilC.00,C.J. Spiller,sea
RB,7,.66%,0,0%,3,.68%,McKiJ.00,J.D. McKissic,sea
RB,147,13.88%,0,0%,3,.68%,ProsC.00,C.J. Prosise,sea
RB,28,2.64%,0,0%,0,0%,PopeTr00,Troymaine Pope,sea
RB,6,.57%,0,0%,0,0%,MageTe00,Terrence Magee,sea
RB,141,13.31%,0,0%,0,0%,CollAl00,Alex Collins,sea
FB,52,4.91%,0,0%,0,0%,ReecMa00,Marcel Reece,sea
FB,48,4.53%,3,.28%,49,11.16%,TukuWi00,Will Tukuafu,sea
FB,7,.66%,0,0%,3,.68%,TupoTa01,Tani Tupou,sea
WR,897,84.70%,0,0%,65,14.81%,BaldDo00,Doug Baldwin,sea
WR,829,78.28%,0,0%,19,4.33%,KearJe01,Jermaine Kearse,sea
WR,558,52.69%,0,0%,122,27.79%,LockTy00,Tyler Lockett,sea
WR,338,31.92%,0,0%,21,4.78%,RichPa01,Paul Richardson,sea
"RB,WR",26,2.46%,0,0%,0,0%,FarmGe02,George Farmer,sea
WR,13,1.23%,0,0%,3,.68%,WillKa02,Kasen Williams,sea
WR,132,12.46%,0,0%,41,9.34%,McEvTa01,Tanner McEvoy,sea
TE,351,33.14%,0,0%,90,20.50%,WillLu00,Luke Willson,sea
TE,146,13.79%,0,0%,335,76.31%,WillBr04,Brandon Williams,sea
TE,790,74.60%,0,0%,5,1.14%,GrahJi00,Jimmy Graham,sea
TE,84,7.93%,0,0%,45,10.25%,VannNi00,Nick Vannett,sea
T,811,76.58%,0,0%,59,13.44%,GillGa01,Garry Gilliam,sea
T,224,21.15%,0,0%,40,9.11%,WebbJM20,J'Marcus Webb,sea
T,630,59.49%,0,0%,37,8.43%,SoweBr00,Bradley Sowell,sea
T,664,62.70%,0,0%,60,13.67%,FantGe00,George Fant,sea
G,1059,100.00%,0,0%,126,28.70%,GlowMa00,Mark Glowinski,sea
G,840,79.32%,0,0%,62,14.12%,IfedGe00,Germain Ifedi,sea
G,33,3.12%,0,0%,35,7.97%,OdhiRe00,Rees Odhiambo,sea
C,994,93.86%,0,0%,71,16.17%,BritJu00,Justin Britt,sea
C,66,6.23%,0,0%,23,5.24%,HuntJo00,Joey Hunt,sea
DE,0,0%,565,52.31%,7,1.59%,BennMi99,Michael Bennett,sea
DE,0,0%,832,77.04%,10,2.28%,AvriCl99,Cliff Avril,sea
DE,0,0%,104,9.63%,13,2.96%,MoorDa01,Damontre Moore,sea
DE,0,0%,388,35.93%,347,79.04%,MarsCa00,Cassius Marsh,sea
DE,0,0%,682,63.15%,23,5.24%,ClarFr01,Frank Clark,sea
DE,0,0%,13,1.20%,0,0%,GoodMa01,Malliciah Goodman,sea
DE,0,0%,20,1.85%,9,2.05%,JeffQu00,Quinton Jefferson,sea
DT,0,0%,477,44.17%,49,11.16%,ReedJa02,Jarran Reed,sea
DT,0,0%,601,55.65%,52,11.85%,RubiAh99,Ahtyba Rubin,sea
DT,0,0%,61,5.65%,0,0%,SmitGa01,Garrison Smith,sea
DT,0,0%,93,8.61%,4,.91%,SiliSe00,Sealver Siliga,sea
DT,0,0%,485,44.91%,55,12.53%,McDaTo20,Tony McDaniel,sea
DT,0,0%,33,3.06%,0,0%,JenkJo00,John Jenkins,sea
LB,0,0%,1073,99.35%,72,16.40%,WagnBo00,Bobby Wagner,sea
LB,0,0%,1052,97.41%,58,13.21%,WrigK.00,K.J. Wright,sea
LB,0,0%,127,11.76%,261,59.45%,CoylBr00,Brock Coyle,sea
LB,0,0%,138,12.78%,66,15.03%,MorgMi00,Mike Morgan,sea
LB,0,0%,71,6.57%,228,51.94%,PierKe00,Kevin Pierre-Louis,sea
LB,0,0%,6,.56%,278,63.33%,McDoDe01,Dewey McDonald,sea
LB,0,0%,21,1.94%,114,25.97%,TripJo00,Jordan Tripp,sea
CB,0,0%,1054,97.59%,62,14.12%,SherRi00,Richard Sherman,sea
CB,0,0%,919,85.09%,53,12.07%,SheaDe00,DeShawn Shead,sea
CB,0,0%,771,71.39%,125,28.47%,LaneJe00,Jeremy Lane,sea
CB,0,0%,97,8.98%,258,58.77%,ThorNe00,Neiko Thorpe,sea
CB,0,0%,29,2.69%,191,43.51%,ElliDe01,DeAndre Elliott,sea
SS,0,0%,732,67.78%,77,17.54%,ChanKa99,Kam Chancellor,sea
SS,0,0%,338,31.30%,284,64.69%,McCrKe00,Kelcie McCray,sea
SS,0,0%,17,1.57%,49,11.16%,JohnJe02,Jeron Johnson,sea
FS,0,0%,694,64.26%,27,6.15%,ThomEa99,Earl Thomas,sea
FS,0,0%,0,0%,104,23.69%,PoweTy01,Tyvis Powell,sea
FS,0,0%,384,35.56%,176,40.09%,TerrSt00,Steven Terrell,sea
LS,0,0%,0,0%,146,33.26%,FresNo00,Nolan Frese,sea
K,0,0%,0,0%,159,36.22%,HausSt00,Stephen Hauschka,sea
P,0,0%,0,0%,148,33.71%,RyanJo21,Jon Ryan,sea
QB,345,33.30%,0,0%,0,0%,GabbBl00,Blaine Gabbert,sfo
QB,691,66.70%,0,0%,0,0%,KaepCo00,Colin Kaepernick,sfo
RB,537,51.83%,0,0%,0,0%,HydeCa00,Carlos Hyde,sfo
RB,314,30.31%,0,0%,237,47.98%,DrauSh00,Shaun Draughn,sfo
RB,129,12.45%,0,0%,60,12.15%,HarrDu01,DuJuan Harris,sfo
RB,4,.39%,0,0%,23,4.66%,MostRa00,Raheem Mostert,sfo
RB,66,6.37%,0,0%,63,12.75%,DaviMi01,Mike Davis,sfo
WR,703,67.86%,0,0%,52,10.53%,PattQu00,Quinton Patton,sfo
WR,644,62.16%,0,0%,1,.20%,SmitTo02,Torrey Smith,sfo
WR,791,76.35%,0,0%,88,17.81%,KerlJe00,Jeremy Kerley,sfo
WR,51,4.92%,0,0%,8,1.62%,SmelDe00,DeAndre Smelter,sfo
WR,252,24.32%,0,0%,190,38.46%,StreRo00,Rod Streater,sfo
WR,223,21.53%,0,0%,272,55.06%,BurbAa00,Aaron Burbridge,sfo
WR,0,0%,0,0%,5,1.01%,MartKe01,Keshawn Martin,sfo
WR,230,22.20%,0,0%,2,.40%,HarpCh01,Chris Harper,sfo
TE,443,42.76%,0,0%,46,9.31%,McDoVa00,Vance McDonald,sfo
TE,607,58.59%,0,0%,170,34.41%,CeleGa00,Garrett Celek,sfo
TE,106,10.23%,0,0%,188,38.06%,BellBl00,Blake Bell,sfo
TE,30,2.90%,0,0%,6,1.21%,DrayJi00,Jim Dray,sfo
TE,50,4.83%,0,0%,67,13.56%,HammJe01,Je'Ron Hamm,sfo
T,1036,100.00%,0,0%,55,11.13%,BrowTr02,Trent Brown,sfo
T,846,81.66%,0,0%,44,8.91%,StalJo20,Joe Staley,sfo
T,3,.29%,0,0%,4,.81%,DaviAn27,Anthony Davis,sfo
T,88,8.49%,0,0%,12,2.43%,TheuJo00,John Theus,sfo
G,1036,100.00%,0,0%,49,9.92%,BeadZa20,Zane Beadles,sfo
G,486,46.91%,0,0%,53,10.73%,TillAn01,Andrew Tiller,sfo
G,61,5.89%,0,0%,0,0%,GardAn20,Andrew Gardner,sfo
G,716,69.11%,0,0%,52,10.53%,GarnJo00,Joshua Garnett,sfo
G,3,.29%,0,0%,3,.61%,BaldAl01,Alex Balducci,sfo
C,795,76.74%,0,0%,0,0%,KilgDa00,Daniel Kilgore,sfo
C,110,10.62%,0,0%,0,0%,MartMa01,Marcus Martin,sfo
DT,0,0%,1006,87.33%,103,20.85%,BuckDe00,DeForest Buckner,sfo
DT,0,0%,334,28.99%,8,1.62%,ArmsAr01,Arik Armstead,sfo
DT,0,0%,205,17.80%,62,12.55%,JoneCh04,Chris Jones,sfo
DT,0,0%,477,41.41%,103,20.85%,DialQu00,Quinton Dial,sfo
DT,0,0%,20,1.74%,5,1.01%,HartTa00,Taylor Hart,sfo
DT,0,0%,86,7.47%,49,9.92%,JeroTo00,Tony Jerod-Eddie,sfo
DT,0,0%,311,27.00%,77,15.59%,BlaiRo00,Ronald Blair,sfo
NT,0,0%,279,24.22%,192,38.87%,PurcMi00,Mike Purcell,sfo
NT,0,0%,401,34.81%,4,.81%,DorsGl99,Glenn Dorsey,sfo
LB,0,0%,252,21.88%,18,3.64%,BowmNa99,NaVorro Bowman,sfo
LB,0,0%,69,5.99%,15,3.04%,ArmsRa01,Ray-Ray Armstrong,sfo
LB,0,0%,222,19.27%,25,5.06%,LyncAa00,Aaron Lynch,sfo
LB,0,0%,920,79.86%,85,17.21%,BrooAh21,Ahmad Brooks,sfo
LB,0,0%,690,59.90%,43,8.70%,HaroEl00,Eli Harold,sfo
LB,0,0%,584,50.69%,73,14.78%,HodgGe00,Gerald Hodges,sfo
LB,0,0%,22,1.91%,54,10.93%,BradCa01,Carl Bradford,sfo
LB,0,0%,232,20.14%,59,11.94%,CarrCo00,Tank Carradine,sfo
LB,0,0%,9,.78%,220,44.53%,SkovSh00,Shayne Skov,sfo
LB,0,0%,692,60.07%,205,41.50%,BellNi01,Nick Bellore,sfo
LB,0,0%,511,44.36%,288,58.30%,WilhMi00,Michael Wilhoite,sfo
LB,0,0%,1,.09%,18,3.64%,McMaWy00,Wynton McManis,sfo
CB,0,0%,669,58.07%,92,18.62%,WardJi01,Jimmie Ward,sfo
CB,0,0%,1102,95.66%,15,3.04%,BrocTr00,Tramaine Brock,sfo
CB,0,0%,543,47.14%,100,20.24%,RobiRa00,Rashard Robinson,sfo
CB,0,0%,100,8.68%,381,77.13%,JohnDo02,Dontae Johnson,sfo
CB,0,0%,38,3.30%,38,7.69%,DaviCh05,Chris Davis,sfo
CB,0,0%,353,30.64%,148,29.96%,ReasKe00,Keith Reaser,sfo
SS,0,0%,1127,97.83%,16,3.24%,BethAn20,Antoine Bethea,sfo
SS,0,0%,615,53.39%,170,34.41%,TartJa00,Jaquiski Tartt,sfo
SS,0,0%,16,1.39%,131,26.52%,SunsVi00,Vinnie Sunseri,sfo
SS,0,0%,1,.09%,101,20.45%,BallMa00,Marcus Ball,sfo
FS,0,0%,744,64.58%,64,12.96%,ReidEr00,Eric Reid,sfo
FS,0,0%,29,2.52%,144,29.15%,CromMa01,Marcus Cromartie,sfo
DB,0,0%,0,0%,16,3.24%,IworPr00,Prince Charles Iworah,sfo
DB,0,0%,11,.95%,111,22.47%,ShepJa00,JaCorey Shepherd,sfo
LS,0,0%,0,0%,156,31.58%,NelsKy00,Kyle Nelson,sfo
K,0,0%,0,0%,98,19.84%,dawsophi01,Phil Dawson,sfo
P,0,0%,0,0%,186,37.65%,PiniBr00,Bradley Pinion,sfo
QB,1119,98.68%,0,0%,0,0%,WinsJa00,Jameis Winston,tam
QB,15,1.32%,0,0%,0,0%,GlenMi00,Mike Glennon,tam
RB,321,28.31%,0,0%,0,0%,MartDo00,Doug Martin,tam
RB,49,4.32%,0,0%,61,13.90%,JameMi00,Mike James,tam
RB,339,29.89%,0,0%,56,12.76%,RodgJa00,Jacquizz Rodgers,tam
RB,237,20.90%,0,0%,0,0%,SimsCh00,Charles Sims,tam
RB,54,4.76%,0,0%,17,3.87%,SmitAn01,Antone Smith,tam
RB,135,11.90%,0,0%,131,29.84%,CrosAl00,Alan Cross,tam
RB,136,11.99%,0,0%,160,36.45%,BarbPe01,Peyton Barber,tam
RB,0,0%,0,0%,5,1.14%,HansRu00,Russell Hansbrough,tam
FB,0,0%,0,0%,8,1.82%,JohnAu00,Austin Johnson,tam
WR,648,57.14%,0,0%,70,15.95%,HumpAd00,Adam Humphries,tam
WR,946,83.42%,1,.09%,0,0%,EvanMi00,Mike Evans,tam
WR,313,27.60%,0,0%,0,0%,JackVi00,Vincent Jackson,tam
WR,37,3.26%,0,0%,13,2.96%,HuffJo00,Josh Huff,tam
WR,432,38.10%,0,0%,154,35.08%,ShepRu00,Russell Shepard,tam
WR,252,22.22%,0,0%,16,3.64%,ShorCe00,Cecil Shorts,tam
WR,174,15.34%,0,0%,104,23.69%,MartFr00,Freddie Martino,tam
WR,2,.18%,0,0%,0,0%,DyexDo00,Donteea Dye,tam
TE,319,28.13%,0,0%,82,18.68%,StocLu00,Luke Stocker,tam
TE,707,62.35%,0,0%,111,25.28%,BratCa00,Cameron Brate,tam
TE,396,34.92%,0,0%,180,41.00%,MyerBr00,Brandon Myers,tam
TE,52,4.59%,0,0%,0,0%,SefeAu00,Austin Seferian-Jenkins,tam
T,134,11.82%,0,0%,22,5.01%,BeneCa00,Caleb Benenoch,tam
T,942,83.07%,0,0%,45,10.25%,DotsDe00,Demar Dotson,tam
T,956,84.30%,0,0%,54,12.30%,PampKe00,Kevin Pamphile,tam
T,1134,100.00%,0,0%,41,9.34%,SmitDo02,Donovan Smith,tam
T,27,2.38%,0,0%,1,.23%,WestLe00,Leonard Wester,tam
T,218,19.22%,0,0%,56,12.76%,CherGo20,Gosder Cherilus,tam
G,1134,100.00%,0,0%,66,15.03%,MarpAl00,Ali Marpet,tam
C,88,7.76%,0,0%,1,.23%,GottBe00,Ben Gottschalk,tam
C,979,86.33%,0,0%,0,0%,HawlJo20,Joe Hawley,tam
C,174,15.34%,0,0%,36,8.20%,DietEv00,Evan Dietrich-Smith,tam
DE,0,0%,576,54.24%,41,9.34%,AyerRo99,Robert Ayers,tam
DE,0,0%,572,53.86%,23,5.24%,SpenNo00,Noah Spence,tam
DE,0,0%,585,55.08%,71,16.17%,GholWi00,William Gholston,tam
DE,0,0%,174,16.38%,72,16.40%,RussRy00,Ryan Russell,tam
DE,0,0%,86,8.10%,4,.91%,WardCh00,Channing Ward,tam
DE,0,0%,84,7.91%,110,25.06%,JoneHo01,Howard Jones,tam
DE,0,0%,1,.09%,1,.23%,SmitJa01,Jacquies Smith,tam
DT,3,.26%,795,74.86%,57,12.98%,McCoGe99,Gerald McCoy,tam
DT,0,0%,485,45.67%,48,10.93%,McDoCl99,Clinton McDonald,tam
DT,0,0%,375,35.31%,50,11.39%,LambDa01,DaVonte Lambert,tam
DT,0,0%,62,5.84%,4,.91%,HughJo00,John Hughes,tam
DT,0,0%,362,34.09%,117,26.65%,SpenAk00,Akeem Spence,tam
DT,0,0%,67,6.31%,4,.91%,SiliSe00,Sealver Siliga,tam
LB,0,0%,1023,96.33%,69,15.72%,AlexKw00,Kwon Alexander,tam
LB,0,0%,1042,98.12%,70,15.95%,DaviLa00,Lavonte David,tam
LB,0,0%,476,44.82%,72,16.40%,SmitDa24,Daryl Smith,tam
LB,0,0%,24,2.26%,308,70.16%,GlanAd00,Adarius Taylor,tam
LB,0,0%,0,0%,88,20.05%,KeyeJo00,Josh Keyes,tam
LB,0,0%,9,.85%,215,48.97%,LyncCa00,Cameron Lynch,tam
CB,0,0%,998,93.97%,43,9.79%,GrimBr20,Brent Grimes,tam
CB,0,0%,1037,97.65%,77,17.54%,HargVe00,Vernon Hargreaves III,tam
CB,0,0%,242,22.79%,183,41.69%,VernAl99,Alterraun Verner,tam
CB,0,0%,289,27.21%,96,21.87%,AdjeJu00,Jude Adjei-Barimah,tam
CB,0,0%,2,.19%,303,69.02%,RobiJo01,Josh Robinson,tam
CB,0,0%,0,0%,44,10.02%,BankJo00,Johnthan Banks,tam
CB,0,0%,184,17.33%,28,6.38%,ElliJa01,Javien Elliott,tam
SS,0,0%,0,0%,32,7.29%,WrigMa99,Major Wright,tam
FS,0,0%,0,0%,229,52.16%,SmitRy00,Ryan Smith,tam
"FS,S",0,0%,1012,95.29%,82,18.68%,McDoBr01,Bradley McDougald,tam
"S,SS",0,0%,714,67.23%,116,26.42%,ContCh00,Chris Conte,tam
"S,SS",0,0%,405,38.14%,259,59.00%,TandKe00,Keith Tandy,tam
LS,0,0%,0,0%,133,30.30%,DePaAn00,Andrew DePaola,tam
K,0,0%,0,0%,144,32.80%,AguaRo00,Roberto Aguayo,tam
P,0,0%,0,0%,137,31.21%,AngeBr00,Bryan Anger,tam
QB,964,90.60%,0,0%,0,0%,MariMa01,Marcus Mariota,oti
QB,98,9.21%,0,0%,0,0%,CassMa00,Matt Cassel,oti
RB,862,81.02%,0,0%,0,0%,MurrDe00,DeMarco Murray,oti
RB,270,25.38%,0,0%,0,0%,HenrDe00,Derrick Henry,oti
RB,9,.85%,0,0%,231,50.22%,AndrAn00,Antonio Andrews,oti
FB,190,17.86%,0,0%,85,18.48%,FowlJa00,Jalston Fowler,oti
WR,787,73.97%,0,0%,2,.43%,SharTa00,Tajae Sharpe,oti
WR,237,22.27%,0,0%,0,0%,DougHa00,Harry Douglas,oti
WR,782,73.50%,0,0%,0,0%,MattRi00,Rishard Matthews,oti
WR,309,29.04%,0,0%,4,.87%,WrigKe01,Kendall Wright,oti
WR,217,20.39%,0,0%,4,.87%,JohnAn02,Andre Johnson,oti
WR,12,1.13%,0,0%,164,35.65%,MariMa00,Marc Mariani,oti
WR,0,0%,0,0%,7,1.52%,McBrTr00,Tre McBride,oti
TE,709,66.64%,0,0%,3,.65%,WalkHu00,Delanie Walker,oti
TE,301,28.29%,0,0%,251,54.57%,SupePh00,Phillip Supernaw,oti
TE,34,3.20%,0,0%,0,0%,AmarJa00,Jace Amaro,oti
TE,533,50.09%,0,0%,74,16.09%,FasaAn00,Anthony Fasano,oti
T,1061,99.72%,0,0%,65,14.13%,ConkJa00,Jack Conklin,oti
T,990,93.05%,0,0%,49,10.65%,LewaTa00,Taylor Lewan,oti
T,145,13.63%,0,0%,67,14.57%,KellDe00,Dennis Kelly,oti
G,820,77.07%,0,0%,44,9.57%,SpaiQu00,Quinton Spain,oti
G,134,12.59%,0,0%,5,1.09%,WarmCh00,Chance Warmack,oti
G,929,87.31%,0,0%,23,5.00%,KlinJo01,Josh Kline,oti
G,3,.28%,0,0%,0,0%,TretSe00,Sebastian Tretola,oti
C,1061,99.72%,0,0%,3,.65%,JoneBe01,Ben Jones,oti
C,247,23.21%,0,0%,67,14.57%,SchwBr00,Brian Schwenke,oti
DE,0,0%,672,61.59%,137,29.78%,JoneDa04,DaQuan Jones,oti
DE,0,0%,23,2.11%,10,2.17%,AbdeMe00,Mehdi Abdesmad,oti
"DE,LB",0,0%,179,16.41%,17,3.70%,DoddKe00,Kevin Dodd,oti
DE,0,0%,251,23.01%,103,22.39%,BlacAn00,Angelo Blackson,oti
DT,0,0%,724,66.36%,58,12.61%,CaseJu00,Jurrell Casey,oti
"DE,DT",0,0%,398,36.48%,154,33.48%,KlugKa00,Karl Klug,oti
NT,0,0%,247,22.64%,44,9.57%,WoodAl99,Al Woods,oti
NT,0,0%,17,1.56%,2,.43%,WoodAn02,Antwaun Woods,oti
NT,0,0%,190,17.42%,35,7.61%,JohnAu01,Austin Johnson,oti
LB,0,0%,909,83.32%,74,16.09%,WillAv00,Avery Williamson,oti
LB,0,0%,867,79.47%,12,2.61%,OrakBr99,Brian Orakpo,oti
LB,0,0%,226,20.71%,206,44.78%,BassDa00,David Bass,oti
LB,0,0%,614,56.28%,210,45.65%,WoodWe20,Wesley Woodyard,oti
LB,0,0%,767,70.30%,7,1.52%,MorgDe99,Derrick Morgan,oti
LB,0,0%,504,46.20%,168,36.52%,SpenSe00,Sean Spence,oti
LB,0,0%,115,10.54%,146,31.74%,WallAa00,Aaron Wallace,oti
LB,0,0%,28,2.57%,277,60.22%,PalmNa01,Nate Palmer,oti
LB,0,0%,0,0%,52,11.30%,StapJu00,Justin Staples,oti
CB,0,0%,814,74.61%,54,11.74%,McCoJa99,Jason McCourty,oti
CB,0,0%,623,57.10%,45,9.78%,CoxxPe99,Perrish Cox,oti
CB,0,0%,843,77.27%,106,23.04%,McCaBr99,Brice McCain,oti
CB,0,0%,365,33.46%,355,77.17%,BlakAn00,Antwon Blake,oti
CB,0,0%,235,21.54%,237,51.52%,SimsLe00,LeShaun Sims,oti
CB,0,0%,0,0%,16,3.48%,SmitDJ00,D'Joun Smith,oti
CB,0,0%,0,0%,56,12.17%,RileCu00,Curtis Riley,oti
CB,0,0%,0,0%,48,10.43%,RiggCo00,Cody Riggs,oti
SS,0,0%,614,56.28%,221,48.04%,StafDa00,Daimion Stafford,oti
SS,0,0%,555,50.87%,125,27.17%,SearDa00,Da'Norris Searcy,oti
FS,0,0%,551,50.50%,67,14.57%,JohnRa98,Rashad Johnson,oti
"DB,FS",0,0%,656,60.13%,373,81.09%,ByarKe01,Kevin Byard,oti
DB,0,0%,14,1.28%,48,10.43%,ReedKa00,Kalan Reed,oti
LS,0,0%,0,0%,146,31.74%,BrinBe00,Beau Brinkley,oti
K,0,0%,0,0%,149,32.39%,SuccRy44,Ryan Succop,oti
P,0,0%,0,0%,147,31.96%,KernBr20,Brett Kern,oti
QB,1062,100.00%,0,0%,1,.22%,MannEl00,Eli Manning,nyg
RB,443,41.71%,0,0%,16,3.51%,JennRa00,Rashad Jennings,nyg
RB,117,11.02%,0,0%,3,.66%,VereSh00,Shane Vereen,nyg
RB,63,5.93%,0,0%,137,30.04%,DarkOr00,Orleans Darkwa,nyg
RB,290,27.31%,0,0%,193,42.32%,PerkPa00,Paul Perkins,nyg
RB,145,13.65%,0,0%,176,38.60%,RainBo00,Bobby Rainey,nyg
WR,1002,94.35%,1,.09%,20,4.39%,BeckOd00,Odell Beckham Jr.,nyg
WR,1006,94.73%,0,0%,2,.44%,ShepSt00,Sterling Shepard,nyg
WR,767,72.22%,0,0%,1,.22%,CruzVi00,Victor Cruz,nyg
WR,58,5.46%,0,0%,281,61.62%,HarrDw00,Dwayne Harris,nyg
WR,76,7.16%,0,0%,9,1.97%,KingTa00,Tavarres King,nyg
WR,208,19.59%,0,0%,190,41.67%,LewiRo03,Roger Lewis,nyg
TE,214,20.15%,0,0%,79,17.32%,DonnLa00,Larry Donnell,nyg
TE,681,64.12%,0,0%,30,6.58%,TyexWi00,Will Tye,nyg
TE,204,19.21%,0,0%,27,5.92%,AdamJe01,Jerell Adams,nyg
T,1062,100.00%,0,0%,58,12.72%,FlowEr00,Ereck Flowers,nyg
T,461,43.41%,0,0%,28,6.14%,NewhMa20,Marshall Newhouse,nyg
T,7,.66%,0,0%,13,2.85%,BeatWi20,Will Beatty,nyg
G,687,64.69%,0,0%,39,8.55%,PughJu00,Justin Pugh,nyg
G,1060,99.81%,0,0%,58,12.72%,JerrJo20,John Jerry,nyg
G,866,81.54%,0,0%,48,10.53%,HartBo00,Bobby Hart,nyg
G,70,6.59%,0,0%,11,2.41%,GettAd00,Adam Gettis,nyg
C,1047,98.59%,0,0%,16,3.51%,RichWe00,Weston Richburg,nyg
C,83,7.82%,0,0%,98,21.49%,JoneBr04,Brett Jones,nyg
C,3,.28%,0,0%,9,1.97%,McDeSh01,Shane McDermott,nyg
DE,0,0%,792,71.35%,51,11.18%,PierJa99,Jason Pierre-Paul,nyg
DE,0,0%,1040,93.69%,24,5.26%,VernOl00,Olivier Vernon,nyg
DE,0,0%,169,15.23%,92,20.18%,OdigOw00,Owamagbe Odighizuwa,nyg
DE,0,0%,368,33.15%,182,39.91%,OkwaRo01,Romeo Okwara,nyg
DE,0,0%,117,10.54%,128,28.07%,WynnKe00,Kerry Wynn,nyg
DT,0,0%,765,68.92%,85,18.64%,HankJo00,Johnathan Hankins,nyg
DT,0,0%,673,60.63%,45,9.87%,HarrDa03,Damon Harrison,nyg
DT,0,0%,247,22.25%,17,3.73%,BromJa00,Jay Bromley,nyg
DT,0,0%,68,6.13%,5,1.10%,ThomRo04,Robert Thomas,nyg
DT,0,0%,17,1.53%,2,.44%,HughMo00,Montori Hughes,nyg
LB,0,0%,452,40.72%,155,33.99%,ShepKe00,Kelvin Sheppard,nyg
LB,0,0%,794,71.53%,91,19.96%,CasiJo99,Jonathan Casillas,nyg
LB,0,0%,782,70.45%,129,28.29%,RobiKe01,Keenan Robinson,nyg
LB,0,0%,531,47.84%,186,40.79%,KennDe00,Devon Kennard,nyg
LB,0,0%,14,1.26%,397,87.06%,HerzMa00,Mark Herzlich,nyg
LB,0,0%,0,0%,70,15.35%,SkinDe00,Deontae Skinner,nyg
LB,0,0%,13,1.17%,315,69.08%,GoodB.00,B.J. Goodson,nyg
LB,0,0%,0,0%,11,2.41%,ThomJ.02,J.T. Thomas,nyg
CB,0,0%,734,66.13%,121,26.54%,RodgDo99,Dominique Rodgers-Cromartie,nyg
CB,0,0%,956,86.13%,83,18.20%,JenkJa03,Jackrabbit Jenkins,nyg
CB,0,0%,700,63.06%,99,21.71%,ApplEl00,Eli Apple,nyg
CB,0,0%,384,34.59%,50,10.96%,HallLe98,Leon Hall,nyg
CB,0,0%,17,1.53%,14,3.07%,HuntMi00,Michael Hunter,nyg
CB,0,0%,355,31.98%,147,32.24%,WadeTr00,Trevin Wade,nyg
CB,0,0%,114,10.27%,91,19.96%,SensCo00,Coty Sensabaugh,nyg
SS,0,0%,1105,99.55%,97,21.27%,CollLa00,Landon Collins,nyg
SS,0,0%,747,67.30%,112,24.56%,AdamAn00,Andrew Adams,nyg
FS,0,0%,87,7.84%,28,6.14%,ThomDa05,Darian Thompson,nyg
FS,0,0%,164,14.77%,106,23.25%,BerhNa00,Nat Berhe,nyg
FS,0,0%,0,0%,8,1.75%,ThomMy00,Mykkele Thompson,nyg
DB,0,0%,3,.27%,99,21.71%,PinkEr00,Eric Pinkins,nyg
LS,0,0%,0,0%,150,32.89%,DeOsZa99,Zak DeOssie,nyg
K,0,0%,0,0%,45,9.87%,brownjos01,Josh Brown,nyg
K,0,0%,0,0%,77,16.89%,gouldrob01,Robbie Gould,nyg
K,0,0%,0,0%,7,1.54%,BullRa00,Randy Bullock,nyg
P,0,0%,0,0%,151,33.11%,WingBr00,Brad Wing,nyg
QB,763,73.29%,0,0%,0,0%,FitzRy00,Ryan Fitzpatrick,nyj
QB,33,3.17%,0,0%,0,0%,SmitGe00,Geno Smith,nyj
QB,245,23.54%,0,0%,0,0%,PettBr01,Bryce Petty,nyj
RB,487,46.78%,0,0%,0,0%,FortMa00,Matt Forte,nyj
RB,530,50.91%,0,0%,59,13.26%,PoweBi00,Bilal Powell,nyj
RB,17,1.63%,0,0%,0,0%,RobiKh00,Khiry Robinson,nyj
RB,37,3.55%,0,0%,29,6.52%,WildBr01,Brandon Wilds,nyj
RB,31,2.98%,0,0%,15,3.37%,SpilC.00,C.J. Spiller,nyj
RB,4,.38%,0,0%,0,0%,BurkBr00,Brandon Burks,nyj
RB,2,.19%,0,0%,0,0%,PopeTr00,Troymaine Pope,nyj
FB,3,.29%,0,0%,30,6.74%,HowsJu00,Julian Howsare,nyj
WR,210,20.17%,0,0%,1,.22%,DeckEr00,Eric Decker,nyj
WR,899,86.36%,0,0%,2,.45%,MarsBr00,Brandon Marshall,nyj
WR,871,83.67%,0,0%,12,2.70%,EnunQu00,Quincy Enunwa,nyj
WR,145,13.93%,0,0%,81,18.20%,MarsJa01,Jalin Marshall,nyj
WR,1,.10%,0,0%,44,9.89%,RossJe01,Jeremy Ross,nyj
WR,323,31.03%,0,0%,131,29.44%,PeakCh00,Charone Peake,nyj
WR,35,3.36%,0,0%,14,3.15%,SmitDe04,Devin Smith,nyj
WR,717,68.88%,0,0%,1,.22%,AndeRo04,Robbie Chosen,nyj
TE,259,24.88%,0,0%,65,14.61%,DaviKe01,Kellen Davis,nyj
TE,138,13.26%,0,0%,6,1.35%,SefeAu00,Austin Seferian-Jenkins,nyj
TE,296,28.43%,0,0%,172,38.65%,BostBr00,Brandon Bostick,nyj
TE,135,12.97%,0,0%,68,15.28%,TomlEr01,Eric Tomlinson,nyj
TE,14,1.34%,0,0%,24,5.39%,BowmBr00,Braedon Bowman,nyj
T,536,51.49%,0,0%,36,8.09%,CladRy20,Ryan Clady,nyj
T,867,83.29%,0,0%,57,12.81%,IjalBe00,Ben Ijalana,nyj
T,266,25.55%,0,0%,16,3.60%,GiacBr20,Breno Giacomini,nyj
T,347,33.33%,0,0%,74,16.63%,QvalBr01,Brent Qvale,nyj
T,657,63.11%,0,0%,70,15.73%,JohnWe00,Wesley Johnson,nyj
T,204,19.60%,0,0%,31,6.97%,ShelBr00,Brandon Shell,nyj
G,805,77.33%,0,0%,43,9.66%,WintBr00,Brian Winters,nyj
G,993,95.39%,0,0%,52,11.69%,CarpJa00,James Carpenter,nyj
G,5,.48%,0,0%,8,1.80%,WattCr00,Craig Watts,nyj
G,144,13.83%,0,0%,50,11.24%,DoziDa00,Dakota Dozier,nyj
C,432,41.50%,0,0%,1,.22%,MangNi20,Nick Mangold,nyj
DE,0,0%,846,81.66%,68,15.28%,WilkMu00,Muhammad Wilkerson,nyj
DE,0,0%,896,86.49%,82,18.43%,WillLe02,Leonard Williams,nyj
DE,0,0%,35,3.38%,26,5.84%,ThomLa04,Lawrence Thomas,nyj
DE,0,0%,120,11.58%,16,3.60%,JenkJa01,Jarvis Jenkins,nyj
DE,0,0%,16,1.54%,2,.45%,LemoCo00,Corey Lemonier,nyj
DT,0,0%,761,73.46%,33,7.42%,RichSh00,Sheldon Richardson,nyj
DT,0,0%,53,5.12%,54,12.13%,JohnAn04,Anthony Johnson,nyj
NT,0,0%,381,36.78%,56,12.58%,McLeSt00,Steve McLendon,nyj
NT,0,0%,204,19.69%,108,24.27%,SimoDe00,Deon Simon,nyj
LB,0,0%,899,86.78%,86,19.33%,HarrDa99,David Harris,nyj
LB,0,0%,640,61.78%,147,33.03%,LeexDa00,Darron Lee,nyj
LB,0,0%,152,14.67%,18,4.04%,BishFr00,Freddie Bishop,nyj
LB,0,0%,513,49.52%,75,16.85%,JenkJo01,Jordan Jenkins,nyj
LB,0,0%,244,23.55%,169,37.98%,StanJu00,Julian Stanford,nyj
LB,0,0%,354,34.17%,6,1.35%,MaulLo00,Lorenzo Mauldin,nyj
LB,0,0%,23,2.22%,342,76.85%,MartJo02,Josh Martin,nyj
LB,0,0%,168,16.22%,42,9.44%,HendEr99,Erin Henderson,nyj
LB,0,0%,0,0%,59,13.26%,JoneTa01,Taiwan Jones,nyj
LB,0,0%,0,0%,33,7.42%,BrowAr00,Arthur Brown,nyj
LB,0,0%,209,20.17%,110,24.72%,CataMi00,Mike Catapano,nyj
LB,0,0%,14,1.35%,12,2.70%,OchiVi00,Victor Ochi,nyj
LB,0,0%,0,0%,8,1.80%,JohnRa01,Randell Johnson,nyj
LB,0,0%,121,11.68%,215,48.31%,CartBr00,Bruce Carter,nyj
CB,0,0%,814,78.57%,104,23.37%,SkriBu00,Buster Skrine,nyj
CB,0,0%,922,89.00%,7,1.57%,ReviDa99,Darrelle Revis,nyj
CB,0,0%,457,44.11%,96,21.57%,WillMa03,Marcus Williams,nyj
CB,0,0%,285,27.51%,70,15.73%,RobeDa00,Darryl Roberts,nyj
CB,0,0%,185,17.86%,301,67.64%,BurrJu00,Juston Burris,nyj
CB,0,0%,6,.58%,60,13.48%,McDoDe00,Dexter McDougle,nyj
CB,0,0%,0,0%,106,23.82%,MarsNi00,Nick Marshall,nyj
CB,0,0%,0,0%,4,.90%,KeetBr00,Bryson Keeton,nyj
SS,0,0%,811,78.28%,101,22.70%,PryoCa00,Calvin Pryor,nyj
SS,0,0%,41,3.96%,61,13.71%,MiddDo01,Doug Middleton,nyj
SS,0,0%,393,37.93%,332,74.61%,MileRo00,Rontez Miles,nyj
SS,0,0%,3,.29%,43,9.66%,MartRo01,Ronald Martin,nyj
FS,0,0%,819,79.05%,45,10.11%,GilcMa00,Marcus Gilchrist,nyj
FS,0,0%,8,.77%,203,45.62%,AlleAn02,Antonio Allen,nyj
LS,0,0%,0,0%,135,30.34%,PurdTa00,Tanner Purdum,nyj
K,0,0%,0,0%,128,28.76%,FolkNi20,Nick Folk,nyj
P,0,0%,0,0%,135,30.34%,EdwaLa01,Lac Edwards,nyj
QB,1125,99.47%,0,0%,0,0%,WentCa00,Carson Wentz,phi
QB,6,.53%,0,0%,0,0%,DaniCh00,Chase Daniel,phi
RB,509,45.00%,1,.10%,62,14.12%,SproDa00,Darren Sproles,phi
RB,75,6.63%,0,0%,18,4.10%,MarsBy01,Byron Marshall,phi
RB,287,25.38%,0,0%,0,0%,MathRy00,Ryan Mathews,phi
RB,12,1.06%,0,0%,5,1.14%,WatsTe00,Terrell Watson,phi
RB,99,8.75%,1,.10%,100,22.78%,BarnKe00,Kenjon Barner,phi
RB,164,14.50%,0,0%,134,30.52%,SmalWe00,Wendell Smallwood,phi
WR,843,74.54%,0,0%,2,.46%,MattJo00,Jordan Matthews,phi
WR,882,77.98%,0,0%,20,4.56%,AghoNe00,Nelson Agholor,phi
WR,134,11.85%,0,0%,61,13.90%,HuffJo00,Josh Huff,phi
WR,639,56.50%,2,.20%,0,0%,GreeDo00,Dorial Green-Beckham,phi
WR,154,13.62%,0,0%,9,2.05%,TurnPa01,Paul Turner,phi
WR,127,11.23%,0,0%,1,.23%,TregBr00,Bryce Treggs,phi
TE,849,75.07%,0,0%,137,31.21%,ErtzZa00,Zach Ertz,phi
TE,440,38.90%,0,0%,170,38.72%,CeleBr00,Brent Celek,phi
TE,328,29.00%,0,0%,274,62.41%,BurtTr01,Trey Burton,phi
T,407,35.99%,0,0%,33,7.52%,JohnLa01,Lane Johnson,phi
T,1098,97.08%,0,0%,0,0%,PeteJa21,Jason Peters,phi
T,421,37.22%,0,0%,32,7.29%,VaitHa00,Halapoulivaati Vaitai,phi
T,2,.18%,0,0%,4,.91%,GordDi01,Dillon Gordon,phi
G,672,59.42%,0,0%,44,10.02%,BarbAl20,Allen Barbre,phi
G,989,87.44%,0,0%,66,15.03%,BrooBr00,Brandon Brooks,phi
G,100,8.84%,0,0%,59,13.44%,TobiMa00,Matt Tobin,phi
G,335,29.62%,0,0%,38,8.66%,SeumIs00,Isaac Seumalo,phi
G,1,.09%,0,0%,12,2.73%,AndrJo01,Josh Andrews,phi
C,1131,100.00%,0,0%,8,1.82%,KelcJa00,Jason Kelce,phi
C,605,53.49%,0,0%,74,16.86%,WisnSt01,Stefen Wisniewski,phi
DE,0,0%,764,74.98%,74,16.86%,GrahBr99,Brandon Graham,phi
DE,0,0%,709,69.58%,46,10.48%,BarwCo99,Connor Barwin,phi
DE,0,0%,436,42.79%,68,15.49%,CurrVi00,Vinny Curry,phi
DE,0,0%,3,.29%,362,82.46%,BramBr00,Bryan Braman,phi
DE,0,0%,217,21.30%,179,40.77%,SmitMa03,Marcus Smith,phi
DE,0,0%,36,3.53%,37,8.43%,MeanSt00,Steven Means,phi
DT,0,0%,467,45.83%,56,12.76%,LogaBe00,Bennie Logan,phi
DT,0,0%,772,75.76%,5,1.14%,CoxxFl00,Fletcher Cox,phi
DT,7,.62%,412,40.43%,142,32.35%,AlleBe00,Beau Allen,phi
DT,0,0%,268,26.30%,12,2.73%,VaeaDe01,Destiny Vaeao,phi
LB,0,0%,989,97.06%,58,13.21%,BradNi00,Nigel Bradham,phi
LB,0,0%,970,95.19%,72,16.40%,HickJo00,Jordan Hicks,phi
LB,0,0%,273,26.79%,122,27.79%,KendMy00,Mychal Kendricks,phi
LB,0,0%,2,.20%,292,66.51%,GoodNa00,Najee Goode,phi
LB,0,0%,1,.10%,187,42.60%,GrugKa00,Kamu Grugier-Hill,phi
LB,0,0%,69,6.77%,0,0%,TullSt20,Stephen Tulloch,phi
CB,0,0%,910,89.30%,96,21.87%,CarrNo00,Nolan Carroll,phi
CB,0,0%,235,23.06%,33,7.52%,BrooRo01,Ron Brooks,phi
CB,0,0%,586,57.51%,41,9.34%,McKeLe99,Leodis McKelvin,phi
CB,0,0%,662,64.97%,80,18.22%,MillJa02,Jalen Mills,phi
DB,0,0%,0,0%,9,2.05%,GrymAa00,Aaron Grymes,phi
DB,0,0%,1,.10%,72,16.40%,SmitC.00,C.J. Smith,phi
"S,SS",0,0%,1018,99.90%,145,33.03%,JenkMa99,Malcolm Jenkins,phi
"FS,S",0,0%,1013,99.41%,84,19.13%,McLeRo00,Rodney McLeod,phi
"FS,S",0,0%,1,.10%,361,82.23%,MaraCh99,Chris Maragos,phi
"S,SS",0,0%,387,37.98%,230,52.39%,WatkJa01,Jaylen Watkins,phi
"S,SS",0,0%,3,.29%,165,37.59%,BrooTe00,Terrence Brooks,phi
LS,0,0%,0,0%,111,25.28%,DoreJo20,Jon Dorenbos,phi
LS,0,0%,0,0%,25,5.69%,LovaRi00,Rick Lovato,phi
K,0,0%,0,0%,161,36.67%,SturCa00,Caleb Sturgis,phi
P,0,0%,0,0%,139,31.66%,JoneDo21,Donnie Jones,phi
QB,921,85.04%,0,0%,0,0%,RoetBe00,Ben Roethlisberger,pit
QB,161,14.87%,0,0%,0,0%,JoneLa02,Landry Jones,pit
RB,271,25.02%,0,0%,2,.45%,WillDe02,DeAngelo Williams,pit
RB,781,72.11%,0,0%,5,1.12%,BellLe00,Le'Veon Bell,pit
RB,46,4.25%,0,0%,248,55.73%,TousFi00,Fitzgerald Toussaint,pit
RB,5,.46%,0,0%,7,1.57%,RichDa00,Daryl Richardson,pit
FB,100,9.23%,0,0%,170,38.20%,NixxRo01,Roosevelt Nix,pit
WR,975,90.03%,0,0%,67,15.06%,BrowAn04,Antonio Brown,pit
WR,313,28.90%,0,0%,191,42.92%,CoatSa00,Sammie Coates,pit
WR,550,50.78%,0,0%,18,4.04%,RogeEl00,Eli Rogers,pit
WR,97,8.96%,0,0%,2,.45%,WheaMa00,Markus Wheaton,pit
WR,233,21.51%,0,0%,114,25.62%,HeywDa00,Darrius Heyward-Bey,pit
WR,384,35.46%,0,0%,57,12.81%,HamiCo00,Cobi Hamilton,pit
WR,82,7.57%,0,0%,0,0%,AyerDe00,Demarcus Ayers,pit
TE,855,78.95%,0,0%,97,21.80%,JameJe00,Jesse James,pit
TE,259,23.92%,0,0%,84,18.88%,JohnDa05,David Johnson,pit
TE,197,18.19%,0,0%,67,15.06%,GrimXa00,Xavier Grimble,pit
TE,140,12.93%,0,0%,0,0%,GreeLa00,Ladarius Green,pit
T,1083,100.00%,0,0%,68,15.28%,VillAl00,Alejandro Villanueva,pit
T,847,78.21%,0,0%,41,9.21%,GilbMa00,Marcus Gilbert,pit
T,39,3.60%,0,0%,17,3.82%,HarrRy20,Ryan Harris,pit
G,906,83.66%,0,0%,54,12.13%,FostRa21,Ramon Foster,pit
G,1082,99.91%,0,0%,67,15.06%,DeCaDa00,David DeCastro,pit
G,325,30.01%,0,0%,67,15.06%,HubbCh00,Chris Hubbard,pit
C,959,88.55%,0,0%,0,0%,PounMa20,Maurkice Pouncey,pit
C,299,27.61%,0,0%,35,7.87%,FinnB.01,B.J. Finney,pit
DE,0,0%,764,73.04%,97,21.80%,TuitSt00,Stephon Tuitt,pit
DE,0,0%,364,34.80%,45,10.11%,HeywCa01,Cameron Heyward,pit
DE,0,0%,51,4.88%,7,1.57%,MaxeJo00,Johnny Maxey,pit
DE,0,0%,309,29.54%,35,7.87%,MathRi99,Ricardo Mathews,pit
DE,0,0%,255,24.38%,55,12.36%,WaltLe00,Leterrius Walton,pit
NT,0,0%,492,47.04%,81,18.20%,HargJa00,Javon Hargrave,pit
NT,0,0%,182,17.40%,74,16.63%,McCuDa00,Daniel McCullers,pit
LB,2,.18%,950,90.82%,60,13.48%,TimmLa99,Lawrence Timmons,pit
LB,0,0%,771,73.71%,87,19.55%,ShazRy00,Ryan Shazier,pit
LB,0,0%,474,45.32%,32,7.19%,JoneJa05,Jarvis Jones,pit
LB,0,0%,396,37.86%,70,15.73%,MoatAr00,Arthur Moats,pit
LB,0,0%,316,30.21%,278,62.47%,ChicAn00,Anthony Chickillo,pit
LB,0,0%,587,56.12%,38,8.54%,HarrJa23,James Harrison,pit
LB,0,0%,268,25.62%,223,50.11%,WillVi01,Vince Williams,pit
LB,0,0%,42,4.02%,208,46.74%,FortL.00,L.J. Fort,pit
LB,0,0%,0,0%,101,22.70%,JohnSt02,Steven Johnson,pit
LB,0,0%,19,1.82%,270,60.67%,MataTy00,Tyler Matakevich,pit
LB,0,0%,318,30.40%,12,2.70%,DuprAl00,Bud Dupree,pit
CB,0,0%,1025,97.99%,68,15.28%,CockRo00,Ross Cockrell,pit
CB,0,0%,846,80.88%,35,7.87%,GayxWi99,William Gay,pit
CB,0,0%,6,.57%,76,17.08%,ShabAl00,Al-Hajj Shabazz,pit
CB,0,0%,810,77.44%,196,44.04%,BurnAr00,Artie Burns,pit
CB,0,0%,11,1.05%,112,25.17%,GilbJu00,Justin Gilbert,pit
SS,0,0%,5,.48%,126,28.31%,ThomSh00,Shamarko Thomas,pit
SS,0,0%,124,11.85%,229,51.46%,DangJo00,Jordan Dangerfield,pit
FS,0,0%,377,36.04%,115,25.84%,GoldRo00,Robert Golden,pit
FS,0,0%,1004,95.98%,68,15.28%,MitcMi99,Mike Mitchell,pit
FS,0,0%,740,70.75%,183,41.12%,DaviSe00,Sean Davis,pit
LS,0,0%,0,0%,141,31.69%,WarrGr20,Greg Warren,pit
K,0,0%,0,0%,144,32.36%,BoswCh00,Chris Boswell,pit
K,0,0%,0,0%,10,2.25%,BullRa00,Randy Bullock,pit
P,0,0%,0,0%,141,31.69%,BerrJo00,Jordan Berry,pit
QB,818,73.17%,0,0%,0,0%,BradTo00,Tom Brady,nwe
QB,144,12.88%,0,0%,0,0%,GaroJi00,Jimmy Garoppolo,nwe
QB,156,13.95%,0,0%,0,0%,BrisJa00,Jacoby Brissett,nwe
RB,527,47.14%,0,0%,0,0%,BlouLe00,LeGarrette Blount,nwe
RB,426,38.10%,0,0%,13,2.90%,WhitJa02,James White,nwe
RB,163,14.58%,0,0%,8,1.79%,LewiDi00,Dion Lewis,nwe
RB,13,1.16%,0,0%,264,58.93%,BoldBr00,Brandon Bolden,nwe
RB,16,1.43%,0,0%,10,2.23%,FostD.01,D.J. Foster,nwe
FB,350,31.31%,0,0%,151,33.71%,DeveJa00,James Develin,nwe
WR,874,78.18%,0,0%,42,9.38%,EdelJu00,Julian Edelman,nwe
WR,829,74.15%,0,0%,8,1.79%,HogaCh00,Chris Hogan,nwe
WR,538,48.12%,0,0%,0,0%,MitcMa01,Malcolm Mitchell,nwe
WR,266,23.79%,0,0%,47,10.49%,AmenDa00,Danny Amendola,nwe
WR,52,4.65%,0,0%,226,50.45%,SlatMa00,Matthew Slater,nwe
WR,66,5.90%,0,0%,0,0%,FloyMi00,Michael Floyd,nwe
TE,867,77.55%,0,0%,36,8.04%,BennMa00,Martellus Bennett,nwe
TE,25,2.24%,0,0%,39,8.71%,HarbCl00,Clay Harbor,nwe
TE,35,3.13%,0,0%,32,7.14%,DerbA.00,A.J. Derby,nwe
TE,352,31.48%,0,0%,3,.67%,GronRo00,Rob Gronkowski,nwe
TE,82,7.33%,0,0%,36,8.04%,LengMa00,Matt Lengel,nwe
T,1031,92.22%,0,0%,75,16.74%,CannMa00,Marcus Cannon,nwe
T,284,25.40%,0,0%,81,18.08%,FlemCa00,Cameron Fleming,nwe
T,1029,92.04%,0,0%,76,16.96%,SoldNa00,Nate Solder,nwe
T,1,.09%,0,0%,11,2.46%,WaddLa01,LaAdrian Waddle,nwe
G,1114,99.64%,0,0%,81,18.08%,ThunJo00,Joe Thuney,nwe
G,108,9.66%,0,0%,81,18.08%,KarrTe00,Ted Karras,nwe
G,1017,90.97%,0,0%,67,14.96%,MasoSh01,Shaq Mason,nwe
C,1114,99.64%,0,0%,1,.22%,AndrDa00,David Andrews,nwe
DE,0,0%,579,55.51%,20,4.46%,SheaJa00,Jabaal Sheard,nwe
DE,0,0%,677,64.91%,0,0%,LongCh99,Chris Long,nwe
DE,0,0%,462,44.30%,51,11.38%,NinkRo20,Rob Ninkovich,nwe
DE,0,0%,11,1.05%,250,55.80%,GrisGe00,Geneo Grissom,nwe
DE,0,0%,563,53.98%,3,.67%,FlowTr00,Trey Flowers,nwe
DT,0,0%,626,60.02%,153,34.15%,BranAl99,Alan Branch,nwe
DT,0,0%,596,57.14%,65,14.51%,BrowMa01,Malcom Brown,nwe
DT,0,0%,288,27.61%,47,10.49%,ValeVi00,Vincent Valentine,nwe
DT,0,0%,42,4.03%,5,1.12%,HamiWo00,Woodrow Hamilton,nwe
DT,0,0%,74,7.09%,10,2.23%,JohnAn04,Anthony Johnson,nwe
LB,0,0%,438,41.99%,24,5.36%,CollJa00,Jamie Collins,nwe
LB,0,0%,708,67.88%,53,11.83%,HighDo01,Dont'a Hightower,nwe
LB,0,0%,249,23.87%,58,12.95%,VanNKy00,Kyle Van Noy,nwe
LB,1,.09%,380,36.43%,218,48.66%,McClSh00,Shea McClellin,nwe
LB,0,0%,47,4.51%,323,72.10%,MingBa00,Barkevious Mingo,nwe
LB,0,0%,97,9.30%,49,10.94%,FreeJo01,Jonathan Freeny,nwe
LB,0,0%,271,25.98%,19,4.24%,RobeEl00,Elandon Roberts,nwe
CB,0,0%,897,86.00%,3,.67%,RyanLo00,Logan Ryan,nwe
CB,0,0%,1008,96.64%,0,0%,ButlMa01,Malcolm Butler,nwe
CB,0,0%,227,21.76%,65,14.51%,ColeJu01,Justin Coleman,nwe
CB,0,0%,452,43.34%,7,1.56%,RoweEr00,Eric Rowe,nwe
CB,0,0%,64,6.14%,307,68.53%,JoneJo03,Jonathan Jones,nwe
CB,0,0%,147,14.09%,51,11.38%,JoneCy00,Cyrus Jones,nwe
SS,0,0%,1006,96.45%,201,44.87%,ChunPa99,Patrick Chung,nwe
SS,0,0%,506,48.51%,125,27.90%,HarmDu00,Duron Harmon,nwe
SS,0,0%,18,1.73%,151,33.71%,RichJo00,Jordan Richards,nwe
FS,0,0%,1022,97.99%,142,31.70%,McCoDe99,Devin McCourty,nwe
FS,0,0%,18,1.73%,359,80.13%,EbneNa00,Nate Ebner,nwe
FS,0,0%,0,0%,299,66.74%,KingBr02,Brandon King,nwe
LS,0,0%,0,0%,153,34.15%,CardJo00,Joe Cardona,nwe
K,0,0%,0,0%,175,39.06%,GostSt20,Stephen Gostkowski,nwe
P,0,0%,0,0%,153,34.15%,AlleRy01,Ryan Allen,nwe
QB,1060,100.00%,0,0%,0,0%,CousKi00,Kirk Cousins,was
RB,487,45.94%,0,0%,83,18.69%,ThomCh03,Chris Thompson,was
RB,221,20.85%,0,0%,0,0%,JoneMa04,Matt Jones,was
RB,17,1.60%,0,0%,91,20.50%,BrowMa02,Mack Brown,was
RB,342,32.26%,0,0%,36,8.11%,KellRo00,Robert Kelley,was
WR,781,73.68%,0,0%,66,14.86%,CrowJa00,Jamison Crowder,was
WR,706,66.60%,0,0%,0,0%,JackDe00,DeSean Jackson,was
WR,807,76.13%,0,0%,2,.45%,GarcPi00,Pierre Garcon,was
WR,270,25.47%,0,0%,163,36.71%,GranRy01,Ryan Grant,was
WR,31,2.92%,0,0%,0,0%,DoctJo00,Josh Doctson,was
WR,130,12.26%,0,0%,62,13.96%,HarrMa05,Maurice Harris,was
WR,21,1.98%,0,0%,3,.68%,RossRa00,Rashad Ross,was
TE,566,53.40%,0,0%,0,0%,ReedJo02,Jordan Reed,was
TE,111,10.47%,0,0%,135,30.41%,PaulNi00,Niles Paul,was
TE,672,63.40%,0,0%,8,1.80%,DaviVe00,Vernon Davis,was
TE,79,7.45%,0,0%,82,18.47%,CarrDe00,Derek Carrier,was
T,1017,95.94%,0,0%,57,12.84%,MoseMo00,Morgan Moses,was
T,795,75.00%,0,0%,3,.68%,WillTr21,Trent Williams,was
T,10,.94%,0,0%,28,6.31%,PainVi00,Vinston Painter,was
T,386,36.42%,1,.09%,113,25.45%,NsekTy00,Ty Nsekhe,was
G,128,12.08%,0,0%,22,4.95%,KouaAr00,Arie Kouandjio,was
G,913,86.13%,0,0%,69,15.54%,LauvSh20,Shawn Lauvao,was
G,1044,98.49%,0,0%,70,15.77%,ScheBr00,Brandon Scherff,was
G,804,75.85%,0,0%,68,15.32%,LongSp00,Spencer Long,was
C,159,15.00%,0,0%,0,0%,LichKo20,Kory Lichtensteiger,was
C,98,9.25%,0,0%,67,15.09%,SullJo24,John Sullivan,was
DE,0,0%,782,71.22%,0,0%,BakeCh99,Chris Baker,was
DE,0,0%,660,60.11%,101,22.75%,HoodEv99,Evander Hood,was
DE,0,0%,439,39.98%,95,21.40%,JeanRi99,Ricky Jean-Francois,was
DE,0,0%,37,3.37%,6,1.35%,ReyeKe00,Kendall Reyes,was
DE,0,0%,48,4.37%,41,9.23%,LaniAn00,Anthony Lanier,was
DT,0,0%,307,27.96%,69,15.54%,JenkCu20,Cullen Jenkins,was
DT,0,0%,102,9.29%,86,19.37%,IoanMa01,Matthew Ioannidis,was
NT,0,0%,29,2.64%,10,2.25%,GolsKe20,Kedric Golston,was
LB,0,0%,936,85.25%,97,21.85%,CompWi00,William Compton,was
LB,0,0%,786,71.58%,70,15.77%,KerrRy00,Ryan Kerrigan,was
LB,0,0%,768,69.95%,87,19.59%,SmitPr00,Preston Smith,was
LB,0,0%,770,70.13%,174,39.19%,FostMa00,Mason Foster,was
LB,0,0%,674,61.38%,153,34.46%,MurpTr00,Trent Murphy,was
LB,0,0%,0,0%,24,5.41%,MoodNi00,Nick Moody,was
LB,5,.47%,23,2.09%,293,65.99%,BateHo00,Houston Bates,was
LB,0,0%,1,.09%,37,8.33%,VigiZa00,Zach Vigil,was
LB,0,0%,148,13.48%,220,49.55%,SpaiMa00,Martrell Spaight,was
LB,0,0%,57,5.19%,285,64.19%,GarvTe00,Terence Garvin,was
LB,0,0%,9,.82%,10,2.25%,TraiLy00,Lynden Trail,was
CB,0,0%,1057,96.27%,71,15.99%,NormJo01,Josh Norman,was
CB,0,0%,763,69.49%,105,23.65%,BreeBa00,Bashaud Breeland,was
CB,0,0%,476,43.35%,95,21.40%,FullKe00,Kendall Fuller,was
CB,0,0%,147,13.39%,60,13.51%,PhilDa00,Dashaun Phillips,was
CB,0,0%,300,27.32%,160,36.04%,DunbQu00,Quinton Dunbar,was
CB,0,0%,254,23.13%,121,27.25%,ToleGr99,Greg Toler,was
SS,0,0%,235,21.40%,32,7.21%,BrutDa99,David Bruton,was
SS,0,0%,634,57.74%,181,40.77%,IhenDu00,Duke Ihenacho,was
SS,0,0%,565,51.46%,11,2.48%,WhitDo20,Donte Whitner,was
SS,0,0%,0,0%,24,5.41%,EvanJo00,Josh Evans,was
FS,0,0%,166,15.12%,1,.23%,HallDe99,DeAngelo Hall,was
FS,0,0%,38,3.46%,283,63.74%,EverDe01,Deshazor Everett,was
FS,0,0%,572,52.09%,95,21.40%,BlacWi20,Will Blackmon,was
"LB,S",0,0%,295,26.87%,120,27.03%,CravSu00,Su'a Cravens,was
LS,0,0%,0,0%,15,3.38%,LovaRi00,Rick Lovato,was
LS,0,0%,0,0%,117,26.35%,SundNi00,Nick Sundberg,was
K,0,0%,0,0%,173,38.96%,HopkDu00,Dustin Hopkins,was
P,0,0%,0,0%,132,29.73%,WayxTr00,Tress Way,was
QB,758,79.96%,0,0%,0,0%,TannRy00,Ryan Tannehill,mia
QB,190,20.04%,0,0%,0,0%,MoorMa01,Matt Moore,mia
RB,86,9.07%,0,0%,0,0%,FostAr00,Arian Foster,mia
RB,581,61.29%,0,0%,17,3.66%,AjayJa00,Jay Ajayi,mia
RB,160,16.88%,0,0%,291,62.58%,WillDa05,Damien Williams,mia
RB,109,11.50%,0,0%,245,52.69%,DrakKe00,Kenyan Drake,mia
RB,21,2.22%,0,0%,6,1.29%,PeadIs00,Isaiah Pead,mia
WR,735,77.53%,1,.09%,0,0%,ParkDe01,DeVante Parker,mia
WR,892,94.09%,0,0%,51,10.97%,LandJa00,Jarvis Landry,mia
WR,120,12.66%,0,0%,96,20.65%,CarrLe00,Leonte Carroo,mia
WR,795,83.86%,0,0%,0,0%,StilKe00,Kenny Stills,mia
WR,19,2.00%,0,0%,114,24.52%,GranJa00,Jakeem Grant,mia
WR,2,.21%,0,0%,17,3.66%,ScotRa01,Rashawn Scott,mia
WR,1,.11%,0,0%,0,0%,HuntJu00,Justin Hunter,mia
TE,98,10.34%,0,0%,0,0%,CameJo00,Jordan Cameron,mia
TE,701,73.95%,0,0%,57,12.26%,SimsDi00,Dion Sims,mia
TE,253,26.69%,0,0%,213,45.81%,GrayMa00,MarQueis Gray,mia
TE,114,12.03%,0,0%,9,1.94%,JoneDo01,Dominique Jones,mia
TE,2,.21%,0,0%,0,0%,DuarTh00,Thomas Duarte,mia
T,946,99.79%,0,0%,64,13.76%,BushJe20,Jermon Bushrod,mia
T,802,84.60%,0,0%,48,10.32%,TunsLa00,Laremy Tunsil,mia
T,935,98.63%,0,0%,64,13.76%,JameJa01,Ja'Wuan James,mia
T,721,76.05%,0,0%,0,0%,AlbeBr20,Branden Albert,mia
T,147,15.51%,0,0%,30,6.45%,YounSa21,Sam Young,mia
G,408,43.04%,0,0%,67,14.41%,SteeAn00,Anthony Steen,mia
G,44,4.64%,0,0%,3,.65%,ThomDa04,Dallas Thomas,mia
G,97,10.23%,0,0%,15,3.23%,TurnBi00,Billy Turner,mia
G,0,0%,0,0%,1,.22%,DougJa00,Jamil Douglas,mia
C,301,31.75%,0,0%,25,5.38%,PounMi00,Mike Pouncey,mia
C,388,40.93%,0,0%,64,13.76%,UrbiKr20,Kraig Urbik,mia
C,1,.11%,0,0%,0,0%,BrenJa01,Jake Brendel,mia
DE,0,0%,773,67.10%,95,20.43%,BranAn00,Andre Branch,mia
DE,0,0%,516,44.79%,68,14.62%,JoneJa99,Jason Jones,mia
DE,0,0%,449,38.98%,17,3.66%,WillMa22,Mario Williams,mia
DE,0,0%,172,14.93%,84,18.06%,FedeTe00,Terrence Fede,mia
DE,0,0%,589,51.13%,8,1.72%,WakeCa00,Cameron Wake,mia
DE,0,0%,87,7.55%,29,6.24%,WarmJu00,Julius Warmsley,mia
DE,0,0%,46,3.99%,8,1.72%,WillNi01,Nick Williams,mia
DT,0,0%,973,84.46%,83,17.85%,SuhxNd99,Ndamukong Suh,mia
DT,0,0%,622,53.99%,77,16.56%,PhilJo01,Jordan Phillips,mia
DT,0,0%,97,8.42%,60,12.90%,JoneCh04,Chris Jones,mia
DT,0,0%,306,26.56%,62,13.33%,MitcEa99,Earl Mitchell,mia
DT,0,0%,35,3.04%,16,3.44%,OrrxLe00,Leon Orr,mia
LB,0,0%,1049,91.06%,12,2.58%,AlonKi00,Kiko Alonso,mia
LB,0,0%,128,11.11%,7,1.51%,MisiKo99,Koa Misi,mia
LB,1,.11%,355,30.82%,38,8.17%,ButlDo99,Donald Butler,mia
LB,0,0%,371,32.20%,7,1.51%,JenkJe00,Jelani Jenkins,mia
LB,0,0%,333,28.91%,259,55.70%,PaysSp00,Spencer Paysinger,mia
LB,0,0%,352,30.56%,355,76.34%,HewiNe00,Neville Hewitt,mia
LB,0,0%,0,0%,95,20.43%,VigiZa00,Zach Vigil,mia
LB,0,0%,111,9.64%,290,62.37%,HullMi01,Mike Hull,mia
LB,0,0%,0,0%,25,5.38%,ReilTr00,Trevor Reilly,mia
CB,0,0%,846,73.44%,10,2.15%,MaxwBy00,Byron Maxwell,mia
CB,0,0%,527,45.75%,4,.86%,HowaXa00,Xavien Howard,mia
CB,0,0%,620,53.82%,215,46.24%,McCaBo01,Bobby McCain,mia
CB,0,0%,15,1.30%,27,5.81%,ChekCh00,Chimdi Chekwa,mia
CB,0,0%,0,0%,166,35.70%,PittLa00,Lafayette Pitts,mia
CB,0,0%,862,74.83%,166,35.70%,LippTo00,Tony Lippett,mia
CB,0,0%,0,0%,79,16.99%,LucaJo00,Jordan Lucas,mia
SS,0,0%,468,40.63%,23,4.95%,RambBa00,Bacarri Rambo,mia
SS,0,0%,0,0%,10,2.15%,HendA.00,A.J. Hendy,mia
"FS,S",0,0%,951,82.55%,26,5.59%,AbduIs00,Isa Abdul-Quddus,mia
"S,SS",0,0%,431,37.41%,2,.43%,JoneRe99,Reshad Jones,mia
"FS,S",0,0%,571,49.57%,371,79.78%,ThomMi02,Michael Thomas,mia
"S,SS",0,0%,15,1.30%,372,80.00%,AikeWa00,Walt Aikens,mia
LS,0,0%,0,0%,156,33.55%,DennJo20,John Denney,mia
K,0,0%,0,0%,138,29.68%,FranAn01,Andrew Franks,mia
P,0,0%,0,0%,156,33.55%,DarrMa00,Matt Darr,mia
QB,74,7.03%,0,0%,0,0%,HillSh00,Shaun Hill,min
QB,979,92.97%,0,0%,0,0%,BradSa00,Sam Bradford,min
RB,84,7.98%,0,0%,0,0%,PeteAd01,Adrian Peterson,min
RB,407,38.65%,0,0%,116,27.04%,AsiaMa00,Matt Asiata,min
RB,511,48.53%,0,0%,4,.93%,McKiJe00,Jerick McKinnon,min
RB,57,5.41%,0,0%,0,0%,HillRo00,Ronnie Hillman,min
FB,210,19.94%,0,0%,130,30.30%,LineZa01,Zach Line,min
WR,694,65.91%,0,0%,8,1.86%,DiggSt00,Stefon Diggs,min
WR,787,74.74%,0,0%,93,21.68%,ThieAd00,Adam Thielen,min
WR,406,38.56%,0,0%,129,30.07%,JohnCh08,Charles Johnson,min
WR,5,.47%,0,0%,11,2.56%,FrueIs00,Isaac Fruechte,min
WR,531,50.43%,0,0%,124,28.90%,PattCo00,Cordarrelle Patterson,min
WR,80,7.60%,0,0%,47,10.96%,TreaLa00,Laquon Treadwell,min
WR,119,11.30%,0,0%,0,0%,WrigJa02,Jarius Wright,min
TE,970,92.12%,0,0%,65,15.15%,RudoKy00,Kyle Rudolph,min
TE,258,24.50%,0,0%,172,40.09%,ElliRh00,Rhett Ellison,min
TE,63,5.98%,0,0%,58,13.52%,MorgDa01,David Morgan,min
TE,23,2.18%,0,0%,9,2.10%,PruiMy00,MyCole Pruitt,min
T,182,17.28%,0,0%,14,3.26%,SmitAn23,Andre Smith,min
T,121,11.49%,0,0%,8,1.86%,KaliMa00,Matt Kalil,min
T,49,4.65%,0,0%,5,1.17%,HillRa01,Rashod Hill,min
T,773,73.41%,0,0%,45,10.49%,SirlJe00,Jeremiah Sirles,min
T,210,19.94%,0,0%,9,2.10%,LongJa20,Jake Long,min
T,883,83.86%,0,0%,51,11.89%,ClemT.00,T.J. Clemmings,min
G,873,82.91%,0,0%,38,8.86%,BoonAl21,Alex Boone,min
G,835,79.30%,0,0%,52,12.12%,FuscBr00,Brandon Fusco,min
G,11,1.04%,0,0%,0,0%,BeavWi00,Willie Beavers,min
G,118,11.21%,0,0%,33,7.69%,KeriZa00,Zac Kerin,min
C,853,81.01%,0,0%,42,9.79%,BergJo20,Joe Berger,min
C,414,39.32%,0,0%,23,5.36%,EastNi00,Nick Easton,min
DE,0,0%,888,85.80%,65,15.15%,GrifEv99,Everson Griffen,min
DE,0,0%,838,80.97%,61,14.22%,RobiBr98,Brian Robison,min
DE,0,0%,600,57.97%,57,13.29%,HuntDa01,Danielle Hunter,min
DE,0,0%,10,.97%,271,63.17%,TratJu00,Justin Trattou,min
DE,0,0%,1,.10%,16,3.73%,WeatSt00,Stephen Weatherly,min
DT,0,0%,477,46.09%,31,7.23%,JohnTo01,Tom Johnson,min
DT,0,0%,25,2.42%,2,.47%,FloySh00,Sharrif Floyd,min
DT,0,0%,23,2.22%,1,.23%,JohnTo02,Toby Johnson,min
NT,3,.28%,719,69.47%,53,12.35%,JoseLi99,Linval Joseph,min
NT,0,0%,551,53.24%,117,27.27%,StepSh00,Shamar Stephen,min
LB,0,0%,869,83.96%,55,12.82%,KendEr00,Eric Kendricks,min
LB,0,0%,1025,99.03%,70,16.32%,BarrAn00,Anthony Barr,min
LB,0,0%,400,38.65%,73,17.02%,GreeCh99,Chad Greenway,min
LB,0,0%,0,0%,182,42.42%,BrotKe00,Kentrell Brothers,min
LB,0,0%,0,0%,160,37.30%,RobiEd00,Edmond Robinson,min
LB,0,0%,35,3.38%,276,64.34%,ColeAu00,Audie Cole,min
LB,0,0%,38,3.67%,263,61.31%,LamuEm00,Emmanuel Lamur,min
CB,0,0%,579,55.94%,167,38.93%,WaynTr00,Trae Waynes,min
CB,0,0%,753,72.75%,53,12.35%,NewmTe20,Terence Newman,min
CB,0,0%,786,75.94%,16,3.73%,RhodXa00,Xavier Rhodes,min
CB,0,0%,636,61.45%,4,.93%,MunnCa99,Captain Munnerlyn,min
CB,0,0%,4,.39%,184,42.89%,SherMa20,Marcus Sherels,min
CB,0,0%,68,6.57%,114,26.57%,AlexMa01,Mackensie Alexander,min
SS,0,0%,855,82.61%,133,31.00%,SendAn00,Andrew Sendejo,min
SS,0,0%,78,7.54%,248,57.81%,KearJa00,Jayron Kearse,min
FS,0,0%,893,86.28%,58,13.52%,SmitHa00,Harrison Smith,min
FS,0,0%,234,22.61%,278,64.80%,HarrAn01,Anthony Harris,min
LS,0,0%,0,0%,140,32.63%,McDeKe00,Kevin McDermott,min
K,0,0%,0,0%,76,17.72%,WalsBl00,Blair Walsh,min
K,0,0%,0,0%,67,15.62%,ForbKa00,Kai Forbath,min
P,0,0%,0,0%,140,32.63%,LockJe00,Jeff Locke,min
QB,1154,100.00%,0,0%,0,0%,BreeDr00,Drew Brees,nor
RB,247,21.40%,0,0%,264,55.35%,CadeTr00,Travaris Cadet,nor
RB,532,46.10%,0,0%,0,0%,IngrMa01,Mark Ingram,nor
RB,24,2.08%,0,0%,133,27.88%,LascDa00,Daniel Lasco,nor
RB,286,24.78%,0,0%,63,13.21%,HighTi00,Tim Hightower,nor
RB,1,.09%,0,0%,29,6.08%,MurpMa03,Marcus Murphy,nor
FB,278,24.09%,0,0%,119,24.95%,KuhnJo00,John Kuhn,nor
WR,883,76.52%,0,0%,4,.84%,CookBr00,Brandin Cooks,nor
WR,743,64.38%,0,0%,15,3.14%,SneaWi00,Willie Snead,nor
WR,867,75.13%,0,0%,5,1.05%,ThomMi05,Michael Thomas,nor
WR,0,0%,0,0%,89,18.66%,LampJa00,Jake Lampman,nor
WR,366,31.72%,0,0%,115,24.11%,ColeBr00,Brandon Coleman,nor
WR,59,5.11%,0,0%,119,24.95%,LewiTo00,Tommylee Lewis,nor
TE,664,57.54%,0,0%,8,1.68%,FleeCo00,Coby Fleener,nor
TE,217,18.80%,0,0%,87,18.24%,PhilJo00,John Phillips,nor
TE,363,31.46%,0,0%,141,29.56%,HillJo02,Josh Hill,nor
TE,43,3.73%,0,0%,25,5.24%,ManhCh00,Chris Manhertz,nor
T,1042,90.29%,0,0%,78,16.35%,PeatAn00,Andrus Peat,nor
T,1127,97.66%,0,0%,83,17.40%,StriZa20,Zach Strief,nor
T,398,34.49%,0,0%,9,1.89%,ArmsTe00,Terron Armstead,nor
T,52,4.51%,0,0%,49,10.27%,HillTo21,Tony Hills,nor
G,1140,98.79%,0,0%,85,17.82%,EvanJa21,Jahri Evans,nor
G,406,35.18%,0,0%,108,22.64%,LeliTi00,Tim Lelito,nor
G,34,2.95%,0,0%,35,7.34%,TurnLa00,Landon Turner,nor
C,1093,94.71%,0,0%,56,11.74%,UngeMa20,Max Unger,nor
C,665,57.63%,0,0%,72,15.09%,KeleSe00,Senio Kelemete,nor
DE,0,0%,963,91.80%,92,19.29%,JordCa00,Cameron Jordan,nor
DE,0,0%,569,54.24%,82,17.19%,KrugPa99,Paul Kruger,nor
DE,0,0%,256,24.40%,281,58.91%,EdebKa00,Kasim Edebali,nor
DE,0,0%,392,37.37%,26,5.45%,OnyeDa00,David Onyemata,nor
DE,0,0%,290,27.65%,141,29.56%,TappDa20,Darryl Tapp,nor
DE,0,0%,0,0%,7,1.47%,GwacOb00,Obum Gwacham,nor
DT,0,0%,722,68.83%,9,1.89%,FairNi00,Nick Fairley,nor
DT,0,0%,437,41.66%,79,16.56%,DaviTy01,Tyeler Davison,nor
DT,0,0%,335,31.94%,0,0%,RankSh00,Sheldon Rankins,nor
DT,0,0%,176,16.78%,13,2.73%,JenkJo00,John Jenkins,nor
LB,0,0%,216,20.59%,29,6.08%,LaurJa99,James Laurinaitis,nor
LB,0,0%,970,92.47%,121,25.37%,RobeCr00,Craig Robertson,nor
LB,0,0%,58,5.53%,168,35.22%,MautMi00,Michael Mauti,nor
LB,0,0%,0,0%,73,15.30%,TrusJa99,Jason Trusnik,nor
LB,0,0%,375,35.75%,348,72.96%,StupNa01,Nathan Stupar,nor
LB,0,0%,133,12.68%,136,28.51%,AnthSt00,Stephone Anthony,nor
LB,0,0%,444,42.33%,7,1.47%,ElleDa99,Dannell Ellerbe,nor
LB,0,0%,0,0%,65,13.63%,BarrSa00,Sam Barrington,nor
LB,0,0%,1,.10%,27,5.66%,McCaCh00,Chris McCain,nor
CB,0,0%,805,76.74%,7,1.47%,MoorSt00,Sterling Moore,nor
CB,0,0%,82,7.82%,0,0%,WillP.00,P.J. Williams,nor
CB,0,0%,108,10.30%,86,18.03%,HarrDe04,De'Vante Harris,nor
CB,0,0%,502,47.86%,168,35.22%,CrawKe02,Ken Crawley,nor
CB,0,0%,296,28.22%,7,1.47%,BreaDe00,Delvin Breaux,nor
CB,0,0%,587,55.96%,80,16.77%,WebbBW00,B.W. Webb,nor
CB,0,0%,0,0%,21,4.40%,CalhTa01,Taveze Calhoun,nor
CB,0,0%,13,1.24%,90,18.87%,DixoBr01,Brian Dixon,nor
SS,0,0%,721,68.73%,32,6.71%,VaccKe00,Kenny Vaccaro,nor
SS,10,.87%,303,28.88%,120,25.16%,HarpRo21,Roman Harper,nor
SS,0,0%,0,0%,130,27.25%,KeoxSh00,Shiloh Keo,nor
FS,0,0%,893,85.13%,102,21.38%,ByrdJa99,Jairus Byrd,nor
FS,0,0%,2,.19%,99,20.75%,HarrEr00,Erik Harris,nor
FS,0,0%,0,0%,120,25.16%,BanjCh00,Chris Banjo,nor
FS,0,0%,889,84.75%,224,46.96%,BellVo00,Vonn Bell,nor
LS,0,0%,0,0%,144,30.19%,DresJu20,Justin Drescher,nor
K,0,0%,0,0%,178,37.32%,LutzWi00,Wil Lutz,nor
P,0,0%,0,0%,144,30.19%,MorsTh00,Thomas Morstead,nor
