pos,offense,off_pct,defense,def_pct,special_teams,st_pct,player_id,player_name,team
QB,459,40.95%,0,0%,0,0%,PalmCa00,Carson Palmer,crd
QB,342,30.51%,0,0%,0,0%,GabbBl00,Blaine Gabbert,crd
QB,320,28.55%,0,0%,0,0%,StanDr00,Drew Stanton,crd
RB,257,22.93%,0,0%,0,0%,PeteAd01,Adrian Peterson,crd
RB,46,4.10%,0,0%,0,0%,JohnDa08,David Johnson,crd
RB,96,8.56%,0,0%,286,59.71%,PennEl00,Elijhaa Penny,crd
RB,246,21.94%,0,0%,0,0%,ElliAn00,Andre Ellington,crd
RB,240,21.41%,0,0%,123,25.68%,WillKe05,Kerwynn Williams,crd
RB,107,9.55%,0,0%,0,0%,JohnCh04,Chris Johnson,crd
RB,138,12.31%,0,0%,25,5.22%,FostD.01,D.J. Foster,crd
RB,1,.09%,0,0%,14,2.92%,HillBr01,Bronson Hill,crd
WR,1071,95.54%,0,0%,2,.42%,FitzLa00,Larry Fitzgerald,crd
WR,819,73.06%,0,0%,160,33.40%,BrowJa03,Jaron Brown,crd
WR,491,43.80%,0,0%,0,0%,BrowJo02,John Brown,crd
WR,537,47.90%,0,0%,17,3.55%,NelsJJ00,JJ Nelson,crd
WR,74,6.60%,0,0%,225,46.97%,GoldBr00,Brittan Golden,crd
WR,98,8.74%,0,0%,4,.84%,WillCh05,Chad Williams,crd
TE,750,66.90%,0,0%,0,0%,GresJe00,Jermaine Gresham,crd
TE,414,36.93%,0,0%,96,20.04%,NiklTr00,Troy Niklas,crd
TE,49,4.37%,0,0%,164,34.24%,MomaIf00,Ifeanyi Momah,crd
TE,12,1.07%,0,0%,13,2.71%,HolmGa00,Gabe Holmes,crd
TE,133,11.86%,0,0%,164,34.24%,SealRi00,Ricky Seals-Jones,crd
TE,0,0%,0,0%,5,1.04%,DrayJi00,Jim Dray,crd
T,896,79.93%,0,0%,52,10.86%,VeldJa20,Jared Veldheer,crd
T,916,81.71%,0,0%,68,14.20%,WetzJo00,John Wetzel,crd
T,8,.71%,0,0%,16,3.34%,BarnKh20,Khalif Barnes,crd
T,205,18.29%,0,0%,13,2.71%,HumpD.00,D.J. Humphries,crd
T,2,.18%,0,0%,28,5.85%,PainVi00,Vinston Painter,crd
G,588,52.45%,0,0%,59,12.32%,BoehEv00,Evan Boehm,crd
G,70,6.24%,0,0%,5,1.04%,IupaMi20,Mike Iupati,crd
G,612,54.59%,0,0%,42,8.77%,WatfEa00,Earl Watford,crd
G,327,29.17%,0,0%,31,6.47%,HoldWi00,Will Holden,crd
G,875,78.06%,0,0%,44,9.19%,BoonAl21,Alex Boone,crd
C,1121,100.00%,0,0%,1,.21%,ShipA.20,A.Q. Shipley,crd
C,10,.89%,0,0%,0,0%,MunyDa00,Daniel Munyer,crd
C,1,.09%,0,0%,0,0%,TuerMa00,Max Tuerk,crd
DT,0,0%,441,41.64%,74,15.45%,PeteCo00,Corey Peters,crd
DT,0,0%,606,57.22%,63,13.15%,RuckFr99,Frostee Rucker,crd
DT,0,0%,334,31.54%,52,10.86%,MaurJo00,Josh Mauro,crd
DT,0,0%,291,27.48%,132,27.56%,GuntRo00,Rodney Gunter,crd
DT,0,0%,249,23.51%,17,3.55%,WillXa00,Xavier Williams,crd
DT,0,0%,253,23.89%,8,1.67%,NkemRo00,Robert Nkemdiche,crd
DT,0,0%,351,33.14%,36,7.52%,PierOl00,Olsen Pierre,crd
LB,0,0%,1043,98.49%,64,13.36%,JoneCh03,Chandler Jones,crd
LB,0,0%,921,86.97%,61,12.73%,DansKa20,Karlos Dansby,crd
LB,0,0%,230,21.72%,15,3.13%,GoldMa00,Markus Golden,crd
LB,0,0%,234,22.10%,278,58.04%,ByneJo00,Josh Bynes,crd
LB,0,0%,445,42.02%,100,20.88%,ReddHa00,Haason Reddick,crd
LB,0,0%,705,66.57%,0,0%,BucaDe00,Deone Bucannon,crd
LB,0,0%,457,43.15%,306,63.88%,MartKa00,Kareem Martin,crd
LB,0,0%,0,0%,45,9.39%,MartGa00,Gabe Martin,crd
LB,0,0%,3,.28%,144,30.06%,AlbrBr00,Bryson Albright,crd
LB,0,0%,11,1.04%,177,36.95%,WrigSc00,Scooby Wright III,crd
CB,0,0%,452,42.68%,322,67.22%,BethJu00,Justin Bethel,crd
CB,0,0%,1012,95.56%,134,27.97%,PetePa00,Patrick Peterson,crd
CB,0,0%,57,5.38%,83,17.33%,MillHa00,Harlan Miller,crd
CB,0,0%,1,.09%,253,52.82%,WillBr07,Brandon Williams,crd
CB,0,0%,0,0%,29,6.05%,GoodC.00,C.J. Goodwin,crd
CB,0,0%,668,63.08%,1,.21%,WillTr99,Tramon Williams,crd
SS,0,0%,579,54.67%,70,14.61%,BranTy99,Tyvon Branch,crd
SS,0,0%,741,69.97%,5,1.04%,BethAn20,Antoine Bethea,crd
FS,0,0%,1053,99.43%,208,43.42%,MathTy00,Tyrann Mathieu,crd
FS,0,0%,513,48.44%,307,64.09%,BakeBu00,Budda Baker,crd
FS,0,0%,0,0%,169,35.28%,FordRu00,Rudy Ford,crd
LS,0,0%,0,0%,76,15.87%,BrewAa00,Aaron Brewer,crd
LS,0,0%,0,0%,74,15.45%,DresJu20,Justin Drescher,crd
K,0,0%,0,0%,145,30.27%,dawsophi01,Phil Dawson,crd
P,0,0%,0,0%,159,33.19%,LeexAn20,Andy Lee,crd
QB,1024,100.00%,0,0%,0,0%,RyanMa00,Matt Ryan,atl
RB,551,53.81%,0,0%,0,0%,FreeDe00,Devonta Freeman,atl
RB,424,41.41%,0,0%,0,0%,ColeTe01,Tevin Coleman,atl
RB,74,7.23%,0,0%,161,38.06%,WardTe00,Terron Ward,atl
RB,0,0%,0,0%,13,3.07%,HillBr02,Brian Hill,atl
RB,0,0%,0,0%,15,3.55%,MageTe00,Terrence Magee,atl
FB,224,21.88%,0,0%,268,63.36%,ColeDe00,Derrick Coleman,atl
WR,765,74.71%,0,0%,3,.71%,JoneJu02,Julio Jones,atl
WR,755,73.73%,0,0%,3,.71%,SanuMo00,Mohamed Sanu,atl
WR,28,2.73%,0,0%,7,1.65%,WillNi02,Nick Williams,atl
WR,540,52.73%,0,0%,1,.24%,GabrTa00,Taylor Gabriel,atl
WR,381,37.21%,0,0%,191,45.15%,HardJu00,Justin Hardy,atl
WR,76,7.42%,0,0%,67,15.84%,HallMa02,Marvin Hall,atl
WR,32,3.13%,0,0%,144,34.04%,RobeAn00,Andre Roberts,atl
TE,788,76.95%,0,0%,81,19.15%,HoopAu00,Austin Hooper,atl
TE,421,41.11%,0,0%,133,31.44%,ToilLe00,Levine Toilolo,atl
TE,30,2.93%,0,0%,212,50.12%,SaubEr00,Eric Saubert,atl
T,832,81.25%,0,0%,59,13.95%,SchrRy00,Ryan Schraeder,atl
T,1024,100.00%,0,0%,74,17.49%,MattJa00,Jake Matthews,atl
"G,T",0,0%,0,0%,33,7.80%,PaszAu00,Austin Pasztor,atl
T,210,20.51%,0,0%,103,24.35%,SambTy00,Ty Sambrailo,atl
G,699,68.26%,0,0%,52,12.29%,LeviAn20,Andy Levitre,atl
G,1014,99.02%,0,0%,74,17.49%,SchwWe00,Wes Schweitzer,atl
G,341,33.30%,5,.48%,131,30.97%,GarlBe00,Ben Garland,atl
C,1023,99.90%,0,0%,4,.95%,MackAl20,Alex Mack,atl
DE,0,0%,413,39.33%,116,27.42%,ReedBr00,Brooks Reed,atl
DE,0,0%,554,52.76%,9,2.13%,ClayAd00,Adrian Clayborn,atl
DE,0,0%,197,18.76%,7,1.65%,UpshCo00,Courtney Upshaw,atl
DE,0,0%,401,38.19%,2,.47%,McKiTa00,Takkarist McKinley,atl
DT,0,0%,794,75.62%,76,17.97%,JarrGr00,Grady Jarrett,atl
DT,8,.78%,784,74.67%,69,16.31%,PoexDo00,Dontari Poe,atl
DT,0,0%,101,9.62%,25,5.91%,CrawJa00,Jack Crawford,atl
DT,0,0%,149,14.19%,0,0%,RubiAh99,Ahtyba Rubin,atl
NT,0,0%,65,6.19%,19,4.49%,VellJo00,Joe Vellano,atl
NT,0,0%,7,.67%,0,0%,TupoTa01,Tani Tupou,atl
LB,0,0%,1018,96.95%,80,18.91%,JoneDe01,Deion Jones,atl
LB,0,0%,224,21.33%,158,37.35%,RileDu00,Duke Riley,atl
LB,0,0%,950,90.48%,10,2.36%,CampDe00,De'Vondre Campbell,atl
LB,0,0%,482,45.90%,10,2.36%,BeasVi00,Vic Beasley,atl
"DE,LB",0,0%,397,37.81%,75,17.73%,ShelDe00,Derrick Shelby,atl
LB,0,0%,0,0%,51,12.06%,TripJo00,Jordan Tripp,atl
LB,0,0%,14,1.33%,154,36.41%,ReynLa00,LaRoy Reynolds,atl
LB,0,0%,0,0%,78,18.44%,GracJe00,Jermaine Grace,atl
LB,0,0%,6,.57%,21,4.96%,WeatSe99,Sean Weatherspoon,atl
CB,0,0%,1040,99.05%,157,37.12%,AlfoRo00,Robert Alford,atl
CB,0,0%,901,85.81%,65,15.37%,TrufDe00,Desmond Trufant,atl
CB,0,0%,630,60.00%,62,14.66%,PoolBr01,Brian Poole,atl
CB,0,0%,69,6.57%,216,51.06%,GoodC.00,C.J. Goodwin,atl
CB,0,0%,65,6.19%,69,16.31%,WrehBl00,Blidi Wreh-Wilson,atl
CB,0,0%,0,0%,10,2.36%,OlatAy00,Ayodeji Olatoye,atl
SS,0,0%,954,90.86%,35,8.27%,AlleRi00,Ricardo Allen,atl
SS,0,0%,6,.57%,184,43.50%,NeasSh00,Sharrod Neasman,atl
SS,0,0%,163,15.52%,247,58.39%,KazeDa00,Damontae Kazee,atl
FS,0,0%,1042,99.24%,65,15.37%,NealKe01,Keanu Neal,atl
FS,0,0%,115,10.95%,337,79.67%,IshmKe00,Kemal Ishmael,atl
LS,0,0%,0,0%,129,30.50%,HarrJo02,Josh Harris,atl
K,0,0%,0,0%,74,17.49%,bryanmat01,Matt Bryant,atl
P,0,0%,0,0%,213,50.35%,BoshMa00,Matthew Bosher,atl
QB,1026,94.56%,0,0%,0,0%,FlacJo00,Joe Flacco,rav
QB,59,5.44%,0,0%,0,0%,MallRy00,Ryan Mallett,rav
RB,464,42.76%,0,0%,166,35.32%,AlleJa01,Javorius Allen,rav
RB,66,6.08%,0,0%,0,0%,WestTe00,Terrance West,rav
RB,31,2.86%,0,0%,66,14.04%,RainBo00,Bobby Rainey,rav
RB,379,34.93%,0,0%,28,5.96%,CollAl00,Alex Collins,rav
RB,157,14.47%,0,0%,0,0%,WoodDa02,Danny Woodhead,rav
WR,83,7.65%,0,0%,25,5.32%,WhalGr00,Griff Whalen,rav
WR,512,47.19%,0,0%,0,0%,MaclJe00,Jeremy Maclin,rav
WR,714,65.81%,0,0%,0,0%,WallMi00,Mike Wallace,rav
WR,385,35.48%,0,0%,0,0%,PerrBr02,Breshad Perriman,rav
WR,21,1.94%,0,0%,17,3.62%,AdebQu00,Quincy Adeboyejo,rav
WR,262,24.15%,0,0%,73,15.53%,CampMi02,Michael Campanaro,rav
WR,59,5.44%,0,0%,114,24.26%,MattCh00,Chris Matthews,rav
WR,376,34.65%,0,0%,176,37.45%,MoorCh00,Chris Moore,rav
TE,695,64.06%,0,0%,101,21.49%,BoylNi00,Nick Boyle,rav
TE,700,64.52%,0,0%,1,.21%,WatsBe00,Ben Watson,rav
TE,315,29.03%,0,0%,100,21.28%,WillMa04,Maxx Williams,rav
TE,21,1.94%,0,0%,312,66.38%,MaylVi00,Vince Mayle,rav
TE,20,1.84%,0,0%,0,0%,EscoGa00,Gavin Escobar,rav
T,1081,99.63%,0,0%,73,15.53%,HowaAu20,Austin Howard,rav
T,1009,93.00%,0,0%,37,7.87%,StanRo00,Ronnie Stanley,rav
T,21,1.94%,0,0%,34,7.23%,DonnAn00,Andrew Donnal,rav
G,1085,100.00%,0,0%,76,16.17%,HursJa00,James Hurst,rav
G,102,9.40%,0,0%,0,0%,YandMa20,Marshal Yanda,rav
G,198,18.25%,0,0%,32,6.81%,ElueJe00,Jermaine Eluemunor,rav
G,32,2.95%,0,0%,17,3.62%,BergTo00,Tony Bergstrom,rav
C,1085,100.00%,0,0%,60,12.77%,JensRy00,Ryan Jensen,rav
C,738,68.02%,0,0%,51,10.85%,SkurMa01,Matt Skura,rav
C,90,8.29%,0,0%,76,16.17%,BowaLu00,Luke Bowanko,rav
DE,0,0%,123,11.25%,5,1.06%,UrbaBr00,Brent Urban,rav
DE,0,0%,32,2.93%,14,2.98%,KaufBr01,Bronson Kaufusi,rav
DT,0,0%,597,54.62%,74,15.74%,HenrWi00,Willie Henry,rav
DT,0,0%,475,43.46%,35,7.45%,WillBr02,Brandon Williams,rav
DT,0,0%,120,10.98%,55,11.70%,WormCh00,Chris Wormley,rav
NT,0,0%,594,54.35%,25,5.32%,PierMi00,Michael Pierce,rav
NT,149,13.73%,38,3.48%,94,20.00%,RicaPa00,Patrick Ricard,rav
NT,0,0%,301,27.54%,51,10.85%,DaviCa01,Carl Davis,rav
LB,0,0%,1077,98.54%,35,7.45%,MoslC.00,C.J. Mosley,rav
LB,0,0%,787,72.00%,146,31.06%,JudoMa00,Matt Judon,rav
LB,0,0%,845,77.31%,0,0%,SuggTe99,Terrell Suggs,rav
LB,0,0%,147,13.45%,378,80.43%,CorrKa00,Kamalei Correa,rav
LB,0,0%,647,59.19%,138,29.36%,OnwuPa00,Patrick Onwuasor,rav
LB,0,0%,161,14.73%,292,62.13%,BowsTy00,Tyus Bowser,rav
LB,0,0%,125,11.44%,20,4.26%,WillTi00,Tim Williams,rav
LB,0,0%,0,0%,234,49.79%,JohnSt02,Steven Johnson,rav
LB,0,0%,0,0%,62,13.19%,FreeJo01,Jonathan Freeny,rav
LB,0,0%,2,.18%,24,5.11%,BradBa00,Bam Bradley,rav
LB,0,0%,532,48.67%,69,14.68%,SmitZa00,Za'Darius Smith,rav
CB,0,0%,1023,93.60%,8,1.70%,CarrBr99,Brandon Carr,rav
CB,0,0%,600,54.89%,0,0%,SmitJi03,Jimmy Smith,rav
CB,0,0%,320,29.28%,123,26.17%,CanaMa00,Maurice Canady,rav
CB,0,0%,0,0%,25,5.32%,JeanSt00,Stanley Jean-Baptiste,rav
CB,0,0%,597,54.62%,170,36.17%,HumpMa00,Marlon Humphrey,rav
CB,0,0%,16,1.46%,64,13.62%,HillJa01,Jaylen Hill,rav
CB,0,0%,0,0%,48,10.21%,McRaTo00,Tony McRae,rav
SS,0,0%,1085,99.27%,67,14.26%,JeffTo00,Tony Jefferson,rav
SS,0,0%,262,23.97%,364,77.45%,LeviAn00,Anthony Levine,rav
FS,0,0%,1084,99.18%,0,0%,WeddEr99,Eric Weddle,rav
FS,0,0%,374,34.22%,64,13.62%,WebbLa99,Lardarius Webb,rav
FS,0,0%,59,5.40%,354,75.32%,ClarCh00,Chuck Clark,rav
LS,0,0%,0,0%,165,35.11%,CoxxMo00,Morgan Cox,rav
K,0,0%,0,0%,166,35.32%,TuckJu00,Justin Tucker,rav
P,0,0%,0,0%,165,35.11%,KochSa20,Sam Koch,rav
QB,927,88.12%,0,0%,0,0%,TaylTy00,Tyrod Taylor,buf
QB,39,3.71%,0,0%,278,63.62%,WebbJo00,Joe Webb,buf
QB,98,9.32%,0,0%,0,0%,PeteNa00,Nathan Peterman,buf
RB,719,68.35%,0,0%,0,0%,McCoLe01,LeSean McCoy,buf
RB,103,9.79%,0,0%,41,9.38%,CadeTr00,Travaris Cadet,buf
RB,0,0%,0,0%,54,12.36%,BanyJo00,Joe Banyard,buf
RB,14,1.33%,0,0%,2,.46%,MurpMa03,Marcus Murphy,buf
RB,3,.29%,0,0%,128,29.29%,JoneTa00,Taiwan Jones,buf
FB,265,25.19%,0,0%,168,38.44%,DiMaPa00,Patrick DiMarco,buf
FB,203,19.30%,0,0%,87,19.91%,TolbMi00,Mike Tolbert,buf
WR,508,48.29%,0,0%,1,.23%,MattJo00,Jordan Matthews,buf
WR,792,75.29%,0,0%,4,.92%,JoneZa00,Zay Jones,buf
WR,339,32.22%,0,0%,208,47.60%,HolmAn00,Andre Holmes,buf
WR,220,20.91%,0,0%,3,.69%,BenjKe00,Kelvin Benjamin,buf
WR,474,45.06%,0,0%,4,.92%,ThomDe04,Deonte Thompson,buf
WR,147,13.97%,0,0%,136,31.12%,TateBr00,Brandon Tate,buf
WR,74,7.03%,0,0%,9,2.06%,ClayKa00,Kaelin Clay,buf
TE,575,54.66%,0,0%,3,.69%,ClayCh00,Charles Clay,buf
TE,547,52.00%,0,0%,77,17.62%,OLeaNi00,Nick O'Leary,buf
TE,47,4.47%,0,0%,9,2.06%,LeexKh00,Khari Lee,buf
TE,155,14.73%,0,0%,48,10.98%,ThomLo00,Logan Thomas,buf
T,1023,97.24%,0,0%,62,14.19%,MillJo02,Jordan Mills,buf
T,275,26.14%,0,0%,24,5.49%,GlenCo00,Cordy Glenn,buf
T,781,74.24%,0,0%,62,14.19%,DawkDi00,Dion Dawkins,buf
T,1,.10%,0,0%,15,3.43%,McDeCo00,Conor McDermott,buf
T,44,4.18%,0,0%,25,5.72%,HendSe00,Seantrel Henderson,buf
G,256,24.33%,0,0%,16,3.66%,MillJo04,John Miller,buf
G,1040,98.86%,0,0%,62,14.19%,IncoRi20,Richie Incognito,buf
G,796,75.67%,0,0%,46,10.53%,DucaVl20,Vlad Ducasse,buf
G,53,5.04%,0,0%,116,26.54%,GroyRy00,Ryan Groy,buf
C,1052,100.00%,0,0%,35,8.01%,WoodEr20,Eric Wood,buf
DE,0,0%,735,66.34%,8,1.83%,HughJe99,Jerry Hughes,buf
DE,0,0%,436,39.35%,39,8.92%,LawsSh00,Shaq Lawson,buf
DE,0,0%,88,7.94%,19,4.35%,CapiNo00,Nordly Capi,buf
DE,0,0%,457,41.25%,118,27.00%,DaviRy00,Ryan Davis,buf
DE,0,0%,462,41.70%,16,3.66%,YarbEd01,Eddie Yarbrough,buf
DT,1,.10%,756,68.23%,78,17.85%,WillKy20,Kyle Williams,buf
DT,0,0%,138,12.45%,18,4.12%,DareMa00,Marcell Dareus,buf
DT,0,0%,129,11.64%,20,4.58%,ColeDe01,Deandre Coleman,buf
DT,0,0%,25,2.26%,2,.46%,HatlRi00,Rickey Hatley,buf
DT,0,0%,115,10.38%,2,.46%,WortJe00,Jerel Worthy,buf
DT,0,0%,509,45.94%,44,10.07%,WashAd00,Adolphus Washington,buf
DT,0,0%,387,34.93%,61,13.96%,ThorCe00,Cedric Thornton,buf
LB,0,0%,569,51.35%,96,21.97%,HumbRa00,Ramon Humber,buf
LB,0,0%,1098,99.10%,81,18.54%,BrowPr00,Preston Brown,buf
LB,0,0%,672,60.65%,251,57.44%,AlexLo99,Lorenzo Alexander,buf
LB,0,0%,450,40.61%,226,51.72%,MilaMa00,Matt Milano,buf
LB,0,0%,8,.72%,285,65.22%,LaceDe00,Deon Lacey,buf
LB,0,0%,13,1.17%,256,58.58%,VallTa00,Tanner Vallejo,buf
CB,0,0%,1093,98.65%,80,18.31%,WhitTr01,Tre'Davious White,buf
CB,0,0%,673,60.74%,87,19.91%,JohnLe03,Leonard Johnson,buf
CB,0,0%,654,59.03%,41,9.38%,GainE.00,E.J. Gaines,buf
CB,0,0%,28,2.53%,4,.92%,MabiGr00,Greg Mabin,buf
CB,0,0%,455,41.06%,102,23.34%,WrigSh00,Shareece Wright,buf
CB,0,0%,30,2.71%,138,31.58%,PittLa00,Lafayette Pitts,buf
SS,0,0%,1065,96.12%,82,18.76%,HydeMi00,Micah Hyde,buf
SS,0,0%,6,.54%,177,40.50%,ThomSh00,Shamarko Thomas,buf
SS,0,0%,99,8.94%,153,35.01%,ElstTr01,Trae Elston,buf
FS,0,0%,1038,93.68%,79,18.08%,PoyeJo00,Jordan Poyer,buf
FS,0,0%,0,0%,34,7.78%,BlanRo00,Robert Blanton,buf
FS,0,0%,0,0%,65,14.87%,AndeCo01,Colt Anderson,buf
LS,0,0%,0,0%,141,32.27%,FergRe00,Reid Ferguson,buf
K,0,0%,0,0%,137,31.35%,HausSt00,Stephen Hauschka,buf
P,0,0%,0,0%,141,32.27%,SchmCo00,Colton Schmidt,buf
QB,1051,98.59%,0,0%,0,0%,NewtCa00,Cam Newton,car
QB,15,1.41%,0,0%,0,0%,AndeDe00,Derek Anderson,car
RB,746,69.98%,0,0%,48,10.93%,McCaCh01,Christian McCaffrey,car
RB,403,37.80%,0,0%,0,0%,StewJo00,Jonathan Stewart,car
RB,44,4.13%,0,0%,187,42.60%,WhitFo00,Fozzy Whittaker,car
RB,36,3.38%,0,0%,227,51.71%,ArtiCa00,Cameron Artis-Payne,car
RB,46,4.32%,0,0%,148,33.71%,ArmaAl00,Alex Armah,car
WR,841,78.89%,0,0%,4,.91%,FuncDe00,Devin Funchess,car
WR,378,35.46%,0,0%,2,.46%,BenjKe00,Kelvin Benjamin,car
WR,479,44.93%,0,0%,143,32.57%,ShepRu00,Russell Shepard,car
WR,186,17.45%,0,0%,59,13.44%,ByrdDa00,Damiere Byrd,car
WR,225,21.11%,0,0%,121,27.56%,SamuCu00,Curtis Samuel,car
WR,176,16.51%,0,0%,53,12.07%,ClayKa00,Kaelin Clay,car
WR,162,15.20%,0,0%,65,14.81%,BersBr00,Brenton Bersin,car
WR,4,.38%,0,0%,4,.91%,FrazMo00,Mose Frazier,car
TE,358,33.58%,0,0%,2,.46%,OlseGr00,Greg Olsen,car
TE,870,81.61%,0,0%,128,29.16%,DickEd00,Ed Dickson,car
TE,288,27.02%,0,0%,114,25.97%,ManhCh00,Chris Manhertz,car
T,1066,100.00%,0,0%,67,15.26%,WillDa06,Daryl Williams,car
T,1064,99.81%,0,0%,37,8.43%,KaliMa00,Matt Kalil,car
"G,T",247,23.17%,0,0%,68,15.49%,SilaAm00,Amini Silatolu,car
T,63,5.91%,0,0%,75,17.08%,MotoTa00,Taylor Moton,car
G,1066,100.00%,0,0%,67,15.26%,NorwAn01,Andrew Norwell,car
G,844,79.17%,0,0%,54,12.30%,TurnTr01,Trai Turner,car
"C,G",10,.94%,0,0%,72,16.40%,VanRGr00,Greg Van Roten,car
C,338,31.71%,0,0%,0,0%,KaliRy20,Ryan Kalil,car
"C,G",720,67.54%,0,0%,38,8.66%,LarsTy00,Tyler Larsen,car
DE,0,0%,650,65.26%,18,4.10%,AddiMa00,Mario Addison,car
DE,0,0%,499,50.10%,91,20.73%,PeppJu99,Julius Peppers,car
DE,0,0%,389,39.06%,0,0%,JohnCh98,Charles Johnson,car
DE,0,0%,359,36.04%,22,5.01%,HortWe00,Wes Horton,car
DE,0,0%,129,12.95%,43,9.79%,CoxxBr01,Bryan Cox Jr.,car
DE,0,0%,9,.90%,0,0%,HallDa01,Daeshon Hall,car
DT,0,0%,701,70.38%,82,18.68%,ShorKa00,Kawann Short,car
DT,0,0%,586,58.84%,82,18.68%,LotuSt00,Star Lotulelei,car
DT,0,0%,377,37.85%,0,0%,LoveKy00,Kyle Love,car
DT,0,0%,294,29.52%,61,13.90%,ButlVe00,Vernon Butler,car
LB,0,0%,915,91.87%,72,16.40%,KuecLu00,Luke Kuechly,car
LB,0,0%,791,79.42%,49,11.16%,DaviTh20,Thomas Davis,car
LB,0,0%,640,64.26%,117,26.65%,ThomSh01,Shaq Thompson,car
LB,0,0%,0,0%,50,11.39%,PaysSp00,Spencer Paysinger,car
LB,0,0%,0,0%,201,45.79%,NorrJa00,Jared Norris,car
LB,0,0%,0,0%,106,24.15%,GachAn00,Andrew Gachkar,car
LB,0,0%,1,.10%,292,66.51%,JacoBe00,Ben Jacobs,car
LB,0,0%,133,13.35%,310,70.62%,MayoDa00,David Mayo,car
LB,0,0%,0,0%,13,2.96%,CashJe00,Jeremy Cash,car
CB,0,0%,986,99.00%,131,29.84%,BradJa00,James Bradberry,car
CB,0,0%,726,72.89%,131,29.84%,WorlDa00,Daryl Worley,car
CB,0,0%,387,38.86%,7,1.59%,MunnCa99,Captain Munnerlyn,car
CB,0,0%,0,0%,11,2.51%,SoutDe00,Dezmen Southward,car
CB,0,0%,0,0%,37,8.43%,GuntLa00,Ladarius Gunter,car
CB,0,0%,318,31.93%,189,43.05%,SeymKe00,Kevon Seymour,car
SS,0,0%,963,96.69%,80,18.22%,AdamMi21,Mike Adams,car
SS,0,0%,38,3.82%,40,9.11%,CoxxDe00,Demetrious Cox,car
FS,0,0%,716,71.89%,58,13.21%,ColeKu99,Kurt Coleman,car
FS,0,0%,136,13.65%,63,14.35%,ByrdJa99,Jairus Byrd,car
FS,0,0%,213,21.39%,256,58.31%,JoneCo01,Colin Jones,car
LS,0,0%,0,0%,141,32.12%,JansJ.00,J.J. Jansen,car
K,0,0%,0,0%,150,34.17%,GanoGr44,Graham Gano,car
P,0,0%,0,0%,141,32.12%,PalaMi00,Michael Palardy,car
QB,264,26.72%,0,0%,0,0%,GlenMi00,Mike Glennon,chi
QB,724,73.28%,0,0%,0,0%,TrubMi00,Mitchell Trubisky,chi
RB,576,58.30%,0,0%,0,0%,HowaJo00,Jordan Howard,chi
RB,360,36.44%,0,0%,123,29.36%,CoheTa00,Tarik Cohen,chi
RB,175,17.71%,0,0%,229,54.65%,CunnBe01,Benny Cunningham,chi
RB,2,.20%,0,0%,8,1.91%,MizzTa00,Taquan Mizzell,chi
FB,179,18.12%,0,0%,125,29.83%,BurtMi00,Michael Burton,chi
WR,416,42.11%,0,0%,0,0%,InmaDo00,Dontrelle Inman,chi
WR,186,18.83%,0,0%,25,5.97%,ThomDe04,Deonte Thompson,chi
WR,47,4.76%,0,0%,0,0%,WhitKe00,Kevin White,chi
WR,437,44.23%,0,0%,101,24.11%,BellJo02,Josh Bellamy,chi
WR,187,18.93%,0,0%,0,0%,WheaMa00,Markus Wheaton,chi
WR,580,58.70%,0,0%,0,0%,WrigKe01,Kendall Wright,chi
WR,182,18.42%,0,0%,11,2.63%,GentTa00,Tanner Gentry,chi
WR,234,23.68%,0,0%,10,2.39%,McBrTr00,Tre McBride,chi
TE,580,58.70%,0,0%,41,9.79%,SimsDi00,Dion Sims,chi
TE,314,31.78%,0,0%,5,1.19%,MillZa02,Zach Miller,chi
TE,239,24.19%,0,0%,149,35.56%,ShahAd00,Adam Shaheen,chi
TE,4,.40%,0,0%,147,35.08%,BrauBe00,Ben Braunecker,chi
TE,241,24.39%,0,0%,179,42.72%,BrowDa04,Daniel Brown,chi
T,912,92.31%,0,0%,47,11.22%,MassBo00,Bobby Massie,chi
T,988,100.00%,0,0%,50,11.93%,LenoCh00,Charles Leno Jr.,chi
T,342,34.62%,0,0%,33,7.88%,CompTo00,Tom Compton,chi
T,297,30.06%,0,0%,50,11.93%,SoweBr00,Bradley Sowell,chi
G,712,72.06%,0,0%,34,8.11%,SittJo20,Josh Sitton,chi
G,447,45.24%,0,0%,16,3.82%,LongKy00,Kyle Long,chi
G,20,2.02%,0,0%,5,1.19%,LeexCa01,Cameron Lee,chi
C,964,97.57%,0,0%,12,2.86%,WhitCo03,Cody Whitehair,chi
C,259,26.21%,0,0%,3,.72%,GrasHr00,Hroniss Grasu,chi
DE,0,0%,899,84.97%,31,7.40%,HickAk00,Akiem Hicks,chi
DE,0,0%,389,36.77%,92,21.96%,UnreMi00,Mitch Unrein,chi
DE,0,0%,212,20.04%,164,39.14%,RobeRo00,Roy Robertson-Harris,chi
DE,0,0%,438,41.40%,63,15.04%,BullJo00,Jonathan Bullard,chi
NT,0,0%,609,57.56%,47,11.22%,GoldEd00,Eddie Goldman,chi
NT,0,0%,10,.95%,1,.24%,CowaRa00,Rashaad Coward,chi
NT,0,0%,109,10.30%,44,10.50%,JenkJo00,John Jenkins,chi
LB,0,0%,231,21.83%,0,0%,HousLa99,Lamarr Houston,chi
LB,0,0%,639,60.40%,223,53.22%,AchoSa00,Sam Acho,chi
LB,0,0%,56,5.29%,0,0%,FreeJe00,Jerrell Freeman,chi
LB,0,0%,582,55.01%,1,.24%,FloyLe00,Leonard Floyd,chi
LB,0,0%,713,67.39%,4,.95%,TrevDa00,Danny Trevathan,chi
LB,0,0%,136,12.85%,193,46.06%,TimuJo00,John Timu,chi
LB,0,0%,31,2.93%,241,57.52%,AndeJo01,Jonathan Anderson,chi
LB,0,0%,382,36.11%,100,23.87%,KwiaNi00,Nick Kwiatkoski,chi
LB,0,0%,623,58.88%,233,55.61%,JoneCh05,Christian Jones,chi
LB,0,0%,119,11.25%,1,.24%,YounWi99,Willie Young,chi
LB,0,0%,34,3.21%,7,1.67%,JoneHo01,Howard Jones,chi
LB,0,0%,385,36.39%,7,1.67%,McPhPe00,Pernell McPhee,chi
LB,0,0%,41,3.88%,90,21.48%,IrviIs00,Isaiah Irving,chi
CB,0,0%,246,23.25%,147,35.08%,CoopMa00,Marcus Cooper,chi
CB,0,0%,1017,96.12%,65,15.51%,FullKy00,Kyle Fuller,chi
CB,0,0%,849,80.25%,22,5.25%,AmukPr00,Prince Amukamara,chi
CB,0,0%,512,48.39%,1,.24%,CallBr00,Bryce Callahan,chi
CB,0,0%,31,2.93%,269,64.20%,McMaSh99,Sherrick McManis,chi
CB,0,0%,1,.09%,21,5.01%,HallDe02,Deiondre' Hall,chi
CB,0,0%,212,20.04%,94,22.43%,LeBlCr01,Cre'von LeBlanc,chi
SS,0,0%,177,16.73%,0,0%,DempQu99,Quintin Demps,chi
SS,0,0%,86,8.13%,183,43.68%,BushDe00,Deon Bush,chi
FS,0,0%,128,12.10%,7,1.67%,ProsCh00,Chris Prosinski,chi
FS,0,0%,1055,99.72%,129,30.79%,JackEd01,Eddie Jackson,chi
FS,0,0%,670,63.33%,147,35.08%,AmosAd00,Adrian Amos,chi
FS,0,0%,16,1.51%,193,46.06%,HousDe00,DeAndre Houston-Carson,chi
LS,0,0%,0,0%,138,32.94%,DePaAn00,Andrew DePaola,chi
K,0,0%,0,0%,30,7.16%,nugenmik01,Mike Nugent,chi
K,0,0%,0,0%,70,16.71%,barthco01,Connor Barth,chi
K,0,0%,0,0%,6,1.43%,SantCa01,Cairo Santos,chi
P,0,0%,0,0%,142,33.89%,ODonPa00,Pat O'Donnell,chi
QB,936,97.30%,0,0%,0,0%,DaltAn00,Andy Dalton,cin
QB,26,2.70%,0,0%,0,0%,McCaA.00,A.J. McCarron,cin
RB,482,50.10%,0,0%,25,5.56%,BernGi00,Giovani Bernard,cin
RB,384,39.92%,0,0%,15,3.33%,MixoJo00,Joe Mixon,cin
RB,77,8.00%,0,0%,7,1.56%,HillJe01,Jeremy Hill,cin
RB,19,1.98%,0,0%,111,24.67%,HillBr02,Brian Hill,cin
RB,1,.10%,0,0%,2,.44%,WillJa07,Jarveon Williams,cin
WR,860,89.40%,0,0%,1,.22%,LaFeBr00,Brandon LaFell,cin
WR,852,88.57%,2,.17%,0,0%,GreeA.00,A.J. Green,cin
WR,307,31.91%,0,0%,6,1.33%,BoydTy00,Tyler Boyd,cin
WR,65,6.76%,0,0%,227,50.44%,CoreCo00,Cody Core,cin
WR,185,19.23%,0,0%,171,38.00%,EricAl01,Alex Erickson,cin
WR,247,25.68%,0,0%,23,5.11%,MaloJo00,Josh Malone,cin
WR,17,1.77%,0,0%,0,0%,RossJo00,John Ross,cin
TE,104,10.81%,0,0%,0,0%,EifeTy00,Tyler Eifert,cin
TE,211,21.93%,0,0%,249,55.33%,UzomC.00,C.J. Uzomah,cin
TE,106,11.02%,0,0%,208,46.22%,HewiRy00,Ryan Hewitt,cin
TE,825,85.76%,0,0%,55,12.22%,KrofTy00,Tyler Kroft,cin
TE,49,5.09%,0,0%,284,63.11%,CartCe00,Cethan Carter,cin
T,361,37.53%,0,0%,24,5.33%,FishJa00,Jake Fisher,cin
T,667,69.33%,0,0%,9,2.00%,OgbuCe00,Cedric Ogbuehi,cin
T,6,.62%,0,0%,0,0%,PerkKe00,Kent Perkins,cin
T,536,55.72%,0,0%,43,9.56%,SmitAn23,Andre Smith,cin
G,962,100.00%,0,0%,54,12.00%,BoliCl00,Clint Boling,cin
G,87,9.04%,0,0%,11,2.44%,WestCh02,Christian Westerman,cin
G,707,73.49%,0,0%,41,9.11%,HopkTr01,Trey Hopkins,cin
G,104,10.81%,5,.44%,17,3.78%,RedmAl01,Alex Redmond,cin
G,201,20.89%,0,0%,29,6.44%,WinsEr20,Eric Winston,cin
C,962,100.00%,0,0%,0,0%,BodiRu00,Russell Bodine,cin
C,236,24.53%,0,0%,42,9.33%,JohnTJ00,T.J. Johnson,cin
DE,0,0%,876,76.44%,76,16.89%,DunlCa99,Carlos Dunlap,cin
DE,0,0%,360,31.41%,136,30.22%,WillJo09,Jordan Willis,cin
DE,0,0%,401,34.99%,87,19.33%,SmitCh03,Chris Smith,cin
DE,0,0%,685,59.77%,69,15.33%,JohnMi98,Michael Johnson,cin
DT,0,0%,754,65.79%,2,.44%,AtkiGe99,Geno Atkins,cin
DT,0,0%,412,35.95%,170,37.78%,GlasRy00,Ryan Glasgow,cin
DT,0,0%,19,1.66%,0,0%,TupoJo00,Josh Tupou,cin
"DT,NT",0,0%,304,26.53%,0,0%,SimsPa99,Pat Sims,cin
NT,0,0%,334,29.14%,1,.22%,BillAn00,Andrew Billings,cin
LB,0,0%,759,66.23%,101,22.44%,VigiNi00,Nick Vigil,cin
LB,0,0%,606,52.88%,171,38.00%,ReyxVi00,Vincent Rey,cin
LB,0,0%,588,51.31%,3,.67%,BurfVo00,Vontaze Burfict,cin
LB,0,0%,198,17.28%,5,1.11%,MintKe00,Kevin Minter,cin
LB,0,0%,477,41.62%,155,34.44%,LawsCa00,Carl Lawson,cin
LB,0,0%,311,27.14%,246,54.67%,EvanJo01,Jordan Evans,cin
LB,0,0%,36,3.14%,65,14.44%,BellBr01,Brandon Bell,cin
LB,0,0%,158,13.79%,271,60.22%,NickHa02,Hardy Nickerson,cin
CB,0,0%,899,78.45%,149,33.11%,DennDa00,Darqueze Dennard,cin
CB,0,0%,868,75.74%,0,0%,KirkDr00,Dre Kirkpatrick,cin
CB,0,0%,299,26.09%,6,1.33%,JonePa20,Adam Jones,cin
CB,0,0%,697,60.82%,96,21.33%,JackWi02,William Jackson III,cin
CB,0,0%,552,48.17%,220,48.89%,ShawJo00,Josh Shaw,cin
CB,0,0%,16,1.40%,61,13.56%,McRaTo00,Tony McRae,cin
CB,0,0%,46,4.01%,90,20.00%,RussKe00,KeiVarae Russell,cin
SS,0,0%,578,50.44%,12,2.67%,WillSh02,Shawn Williams,cin
SS,0,0%,1,.09%,58,12.89%,SmitDe05,Derron Smith,cin
FS,0,0%,989,86.30%,131,29.11%,IlokGe00,George Iloka,cin
FS,0,0%,376,32.81%,372,82.67%,FejeCl00,Clayton Fejedelem,cin
S,0,0%,0,0%,133,29.56%,WilsBr01,Brandon Wilson,cin
LS,0,0%,0,0%,143,31.78%,HarrCl20,Clark Harris,cin
K,0,0%,0,0%,3,.67%,KoehMa00,Marshall Koehn,cin
K,0,0%,0,0%,118,26.22%,BullRa00,Randy Bullock,cin
P,0,0%,0,0%,143,31.78%,HubeKe20,Kevin Huber,cin
QB,886,82.96%,0,0%,0,0%,KizeDe00,DeShone Kizer,cle
QB,48,4.49%,0,0%,0,0%,KessCo00,Cody Kessler,cle
QB,134,12.55%,0,0%,0,0%,HogaKe00,Kevin Hogan,cle
RB,536,50.19%,0,0%,0,0%,CrowIs00,Isaiah Crowell,cle
RB,566,53.00%,0,0%,7,1.62%,JohnDu00,Duke Johnson,cle
RB,41,3.84%,0,0%,283,65.51%,DayeMa00,Matthew Dayes,cle
RB,10,.94%,0,0%,0,0%,WillMa09,Marquez Williams,cle
FB,133,12.45%,0,0%,210,48.61%,VitaDa00,Danny Vitale,cle
WR,663,62.08%,0,0%,0,0%,HiggRa00,Rashard Higgins,cle
WR,449,42.04%,0,0%,0,0%,ColeCo00,Corey Coleman,cle
WR,352,32.96%,0,0%,1,.23%,BritKe00,Kenny Britt,cle
WR,258,24.16%,0,0%,0,0%,GordJo02,Josh Gordon,cle
WR,162,15.17%,0,0%,13,3.01%,TregBr00,Bryce Treggs,cle
WR,26,2.43%,0,0%,22,5.09%,LeslJo00,Jordan Leslie,cle
WR,574,53.75%,0,0%,139,32.18%,LouiRi00,Ricardo Louis,cle
WR,92,8.61%,0,0%,148,34.26%,CoatSa00,Sammie Coates,cle
WR,133,12.45%,0,0%,16,3.70%,WillKa02,Kasen Williams,cle
TE,531,49.72%,0,0%,198,45.83%,DevaSe00,Seth Devalve,cle
TE,500,46.82%,0,0%,167,38.66%,NjokDa00,David Njoku,cle
TE,299,28.00%,0,0%,39,9.03%,TelfRa00,Randall Telfer,cle
TE,1,.09%,0,0%,4,.93%,LengMa00,Matt Lengel,cle
T,1044,97.75%,0,0%,46,10.65%,ColeSh00,Shon Coleman,cle
T,465,43.54%,0,0%,0,0%,ThomJo28,Joe Thomas,cle
T,27,2.53%,0,0%,18,4.17%,BannZa00,Zach Banner,cle
G,1068,100.00%,0,0%,46,10.65%,ZeitKe00,Kevin Zeitler,cle
G,1068,100.00%,0,0%,46,10.65%,BitoJo00,Joel Bitonio,cle
G,606,56.74%,0,0%,46,10.65%,DranSp00,Spencer Drango,cle
C,1068,100.00%,0,0%,0,0%,TretJC00,J.C. Tretter,cle
C,8,.75%,0,0%,46,10.65%,ReitAu00,Austin Reiter,cle
DE,0,0%,462,43.26%,75,17.36%,OgbaEm00,Emmanuel Ogbah,cle
DE,0,0%,643,60.21%,124,28.70%,NassCa00,Carl Nassib,cle
DE,0,0%,518,48.50%,55,12.73%,GarrMy00,Myles Garrett,cle
DE,0,0%,431,40.36%,65,15.05%,OrchNa00,Nate Orchard,cle
"DE,LB",0,0%,36,3.37%,17,3.94%,HolmTy01,Tyrone Holmes,cle
DT,0,0%,656,61.42%,38,8.80%,ColeTr01,Trevon Coley,cle
DT,0,0%,467,43.73%,7,1.62%,ShelDa01,Danny Shelton,cle
DT,0,0%,301,28.18%,51,11.81%,OgunLa00,Larry Ogunjobi,cle
DT,0,0%,179,16.76%,71,16.44%,MedeJa00,Jamie Meder,cle
DT,0,0%,217,20.32%,2,.46%,BranCa00,Caleb Brantley,cle
NT,0,0%,41,3.84%,1,.23%,McGiT.00,T.Y. McGill,cle
LB,0,0%,1068,100.00%,85,19.68%,KirkCh00,Christian Kirksey,cle
LB,0,0%,1068,100.00%,136,31.48%,SchoJo00,Joe Schobert,cle
LB,0,0%,330,30.90%,26,6.02%,CollJa00,Jamie Collins,cle
LB,0,0%,646,60.49%,168,38.89%,BurgJa01,James Burgess,cle
LB,0,0%,0,0%,144,33.33%,KeyeJo00,Josh Keyes,cle
LB,0,0%,47,4.40%,0,0%,EdwaLa00,Lavar Edwards,cle
LB,0,0%,73,6.84%,294,68.06%,BellB.00,B.J. Bello,cle
LB,0,0%,0,0%,70,16.20%,AlexDo01,Dominique Alexander,cle
LB,0,0%,3,.28%,159,36.81%,KingDe00,Deon King,cle
CB,0,0%,965,90.36%,117,27.08%,TaylJa01,Jamar Taylor,cle
CB,0,0%,899,84.18%,47,10.88%,McCoJa99,Jason McCourty,cle
CB,0,0%,536,50.19%,152,35.19%,BoddBr01,Briean Boddy-Calhoun,cle
CB,0,0%,9,.84%,23,5.32%,SmitC.00,C.J. Smith,cle
CB,0,0%,0,0%,7,1.62%,HillDa02,Darius Hillary,cle
CB,0,0%,1,.09%,14,3.24%,PortRe01,Reggie Porter,cle
CB,0,0%,209,19.57%,169,39.12%,JordMi00,Mike Jordan,cle
SS,0,0%,690,64.61%,141,32.64%,KindDe00,Derrick Kindred,cle
SS,0,0%,2,.19%,119,27.55%,SmitDe05,Derron Smith,cle
SS,0,0%,35,3.28%,47,10.88%,CurrJu00,Justin Currie,cle
SS,0,0%,214,20.04%,139,32.18%,NacuKa00,Kai Nacua,cle
FS,0,0%,805,75.37%,168,38.89%,PeppJa00,Jabrill Peppers,cle
FS,0,0%,196,18.35%,162,37.50%,CampIb00,Ibraheim Campbell,cle
LS,0,0%,0,0%,128,29.63%,HughCh01,Charley Hughlett,cle
K,0,0%,0,0%,103,23.84%,GonzZa00,Zane Gonzalez,cle
P,0,0%,0,0%,129,29.86%,ColqBr00,Britton Colquitt,cle
QB,1050,98.59%,0,0%,0,0%,PresDa01,Dak Prescott,dal
QB,15,1.41%,0,0%,0,0%,RushCo00,Cooper Rush,dal
RB,589,55.31%,0,0%,2,.47%,ElliEz00,Ezekiel Elliott,dal
RB,204,19.15%,0,0%,1,.24%,MorrAl00,Alfred Morris,dal
RB,1,.09%,0,0%,0,0%,McFaDa00,Darren McFadden,dal
FB,231,21.69%,0,0%,261,61.85%,SmitRo06,Rod Smith,dal
FB,128,12.02%,0,0%,239,56.64%,SmitKe03,Keith Smith,dal
WR,892,83.76%,0,0%,2,.47%,BryaDe01,Dez Bryant,dal
WR,572,53.71%,0,0%,12,2.84%,BeasCo00,Cole Beasley,dal
WR,687,64.51%,0,0%,0,0%,WillTe01,Terrance Williams,dal
WR,261,24.51%,0,0%,6,1.42%,ButlBr00,Brice Butler,dal
WR,161,15.12%,0,0%,118,27.96%,BrowNo00,Noah Brown,dal
WR,92,8.64%,0,0%,133,31.52%,SwitRy00,Ryan Switzer,dal
WR,0,0%,0,0%,5,1.18%,LenoLa00,Lance Lenoir,dal
TE,1048,98.40%,0,0%,70,16.59%,WittJa00,Jason Witten,dal
TE,275,25.82%,0,0%,150,35.55%,HannJa00,James Hanna,dal
TE,172,16.15%,0,0%,191,45.26%,SwaiGe00,Geoff Swaim,dal
TE,3,.28%,0,0%,9,2.13%,JarwBl00,Blake Jarwin,dal
T,1065,100.00%,0,0%,53,12.56%,CollLa01,La'el Collins,dal
T,758,71.17%,0,0%,53,12.56%,SmitTy00,Tyron Smith,dal
T,243,22.82%,0,0%,51,12.09%,BellBy00,Byron Bell,dal
G,1018,95.59%,0,0%,68,16.11%,MartZa00,Zack Martin,dal
G,256,24.04%,0,0%,60,14.22%,GreeCh02,Chaz Green,dal
G,835,78.40%,0,0%,53,12.56%,CoopJo01,Jonathan Cooper,dal
C,1065,100.00%,0,0%,68,16.11%,FredTr00,Travis Frederick,dal
C,94,8.83%,0,0%,68,16.11%,LoonJo01,Joe Looney,dal
DE,0,0%,338,32.34%,35,8.29%,IrviDa00,David Irving,dal
DE,0,0%,58,5.55%,31,7.35%,MoorDa01,Damontre Moore,dal
DE,0,0%,701,67.08%,67,15.88%,LawrDe00,DeMarcus Lawrence,dal
DE,0,0%,381,36.46%,3,.71%,MayoBe00,Benson Mayowa,dal
DE,0,0%,399,38.18%,3,.71%,CharTa00,Taco Charlton,dal
DE,0,0%,626,59.90%,69,16.35%,CrawTy00,Tyrone Crawford,dal
DE,0,0%,117,11.20%,5,1.18%,JoneDa03,Datone Jones,dal
DE,0,0%,37,3.54%,9,2.13%,TappCh00,Charles Tapper,dal
DT,0,0%,684,65.45%,59,13.98%,CollMa00,Maliek Collins,dal
DT,0,0%,145,13.88%,10,2.37%,PaeaSt00,Stephen Paea,dal
DT,0,0%,233,22.30%,10,2.37%,AshxRi00,Richard Ash,dal
DT,0,0%,140,13.40%,1,.24%,NealLe00,Lewis Neal,dal
DT,0,0%,150,14.35%,19,4.50%,PricBr00,Brian Price,dal
DT,0,0%,56,5.36%,1,.24%,RossDa02,Daniel Ross,dal
LB,0,0%,622,59.52%,34,8.06%,LeexSe99,Sean Lee,dal
LB,0,0%,545,52.15%,32,7.58%,HitcAn00,Anthony Hitchens,dal
LB,0,0%,321,30.72%,354,83.89%,WilsDa02,Damien Wilson,dal
LB,0,0%,575,55.02%,9,2.13%,SmitJa05,Jaylon Smith,dal
LB,0,0%,39,3.73%,351,83.18%,WilbKy00,Kyle Wilber,dal
LB,0,0%,0,0%,44,10.43%,MarcJu00,Justin March,dal
LB,0,0%,158,15.12%,1,.24%,DuraJu99,Justin Durant,dal
LB,0,0%,0,0%,1,.24%,ElliJa02,Jayrone Elliott,dal
CB,0,0%,746,71.39%,35,8.29%,LewiJo01,Jourdan Lewis,dal
CB,0,0%,82,7.85%,15,3.55%,CarrNo00,Nolan Carroll,dal
CB,0,0%,847,81.05%,184,43.60%,BrowAn02,Anthony Brown,dal
CB,0,0%,309,29.57%,49,11.61%,AwuzCh00,Chidobe Awuzie,dal
CB,0,0%,10,.96%,144,34.12%,BenwBe00,Bene Benwikere,dal
CB,0,0%,614,58.76%,42,9.95%,ScanOr99,Orlando Scandrick,dal
SS,0,0%,880,84.21%,257,60.90%,HeatJe00,Jeff Heath,dal
SS,0,0%,222,21.24%,260,61.61%,FrazKa00,Kavon Frazier,dal
FS,0,0%,910,87.08%,219,51.90%,JoneBy00,Byron Jones,dal
FS,0,0%,549,52.54%,202,47.87%,WoodXa00,Xavier Woods,dal
LS,0,0%,0,0%,136,32.23%,LadoL.20,L.P. Ladouceur,dal
K,0,0%,0,0%,36,8.53%,nugenmik01,Mike Nugent,dal
K,0,0%,0,0%,104,24.64%,BailDa00,Dan Bailey,dal
P,0,0%,0,0%,136,32.23%,JoneCh02,Chris Jones,dal
QB,677,60.07%,0,0%,0,0%,SiemTr00,Trevor Siemian,den
QB,98,8.70%,0,0%,0,0%,LyncPa00,Paxton Lynch,den
QB,352,31.23%,0,0%,0,0%,OsweBr00,Brock Osweiler,den
RB,618,54.84%,0,0%,0,0%,AndeC.00,C.J. Anderson,den
RB,291,25.82%,0,0%,131,28.73%,BookDe00,Devontae Booker,den
RB,206,18.28%,0,0%,0,0%,CharJa00,Jamaal Charles,den
RB,20,1.77%,0,0%,63,13.82%,HendDe01,De'Angelo Henderson,den
FB,164,14.55%,0,0%,307,67.32%,JanoAn00,Andy Janovich,den
WR,889,78.88%,0,0%,1,.22%,ThomDe03,Demaryius Thomas,den
WR,636,56.43%,0,0%,2,.44%,SandEm00,Emmanuel Sanders,den
WR,575,51.02%,0,0%,227,49.78%,FowlBe00,Bennie Fowler,den
WR,29,2.57%,0,0%,12,2.63%,SharHu01,Hunter Sharp,den
WR,379,33.63%,0,0%,131,28.73%,LatiCo00,Cody Latimer,den
WR,258,22.89%,0,0%,104,22.81%,TaylJo01,Jordan Taylor,den
WR,131,11.62%,0,0%,73,16.01%,McKeIs00,Isaiah McKenzie,den
TE,266,23.60%,0,0%,19,4.17%,TrayAu00,Austin Traylor,den
TE,534,47.38%,0,0%,125,27.41%,GreeVi00,Virgil Green,den
TE,285,25.29%,0,0%,48,10.53%,DerbA.00,A.J. Derby,den
TE,321,28.48%,0,0%,27,5.92%,HeueJe00,Jeff Heuerman,den
TE,13,1.15%,0,0%,5,1.10%,LaCoMa00,Matt LaCosse,den
T,1106,98.14%,0,0%,55,12.06%,BollGa00,Garett Bolles,den
T,447,39.66%,0,0%,33,7.24%,WatsMe00,Menelik Watson,den
T,303,26.89%,0,0%,16,3.51%,StepDo00,Donald Stephenson,den
T,72,6.39%,0,0%,10,2.19%,KouaCy00,Cyrus Kouandjio,den
T,2,.18%,0,0%,33,7.24%,WilkEl00,Elijah Wilkinson,den
G,46,4.08%,0,0%,0,0%,TurnBi00,Billy Turner,den
G,552,48.98%,0,0%,62,13.60%,BarbAl20,Allen Barbre,den
G,711,63.09%,0,0%,18,3.95%,LearRo00,Ronald Leary,den
G,869,77.11%,0,0%,60,13.16%,GarcMa00,Max Garcia,den
C,1127,100.00%,0,0%,46,10.09%,ParaMa00,Matt Paradis,den
C,418,37.09%,0,0%,48,10.53%,McGoCo00,Connor McGovern,den
DE,0,0%,458,46.36%,37,8.11%,WolfDe00,Derek Wolfe,den
DE,0,0%,515,52.13%,75,16.45%,HarrSh00,Shelby Harris,den
DE,0,0%,555,56.17%,123,26.97%,GotsAd00,Adam Gotsis,den
DE,0,0%,249,25.20%,30,6.58%,KerrZa00,Zach Kerr,den
DT,0,0%,95,9.62%,12,2.63%,PekoKy00,Kyle Peko,den
DT,0,0%,13,1.32%,4,.88%,RubiAh99,Ahtyba Rubin,den
NT,2,.18%,460,46.56%,34,7.46%,PekoDo20,Domata Peko,den
NT,0,0%,3,.30%,0,0%,JarrTy00,Tyrique Jarrett,den
LB,0,0%,664,67.21%,153,33.55%,BarrSh00,Shaquil Barrett,den
LB,0,0%,846,85.63%,8,1.75%,MillVo00,Von Miller,den
LB,0,0%,909,92.00%,9,1.97%,MarsBr01,Brandon Marshall,den
LB,0,0%,354,35.83%,3,.66%,RayxSh00,Shane Ray,den
LB,0,0%,44,4.45%,115,25.22%,NelsCo00,Corey Nelson,den
LB,0,0%,0,0%,159,34.87%,JoneJo05,Joseph Jones,den
LB,0,0%,520,52.63%,20,4.39%,DaviTo01,Todd Davis,den
LB,0,0%,44,4.45%,142,31.14%,MounDe00,Deiontrez Mount,den
LB,0,0%,0,0%,31,6.80%,SnydKe00,Kevin Snyder,den
LB,0,0%,135,13.66%,274,60.09%,AndeZa01,Zaire Anderson,den
LB,0,0%,23,2.33%,165,36.18%,GarcJe01,Jerrol Garcia-Williams,den
LB,0,0%,55,5.57%,163,35.75%,EdebKa00,Kasim Edebali,den
LB,0,0%,100,10.12%,0,0%,WalkDe03,DeMarcus Walker,den
CB,0,0%,750,75.91%,28,6.14%,TaliAq99,Aqib Talib,den
CB,0,0%,869,87.96%,4,.88%,HarrCh01,Chris Harris Jr.,den
CB,0,0%,674,68.22%,115,25.22%,RobyBr00,Bradley Roby,den
CB,0,0%,47,4.76%,105,23.03%,RiosMa00,Marcus Rios,den
CB,0,0%,8,.81%,57,12.50%,DossLo00,Lorenzo Doss,den
CB,0,0%,108,10.93%,183,40.13%,LangBr00,Brendan Langley,den
SS,0,0%,736,74.49%,159,34.87%,SimmJu00,Justin Simmons,den
SS,0,0%,77,7.79%,340,74.56%,CartJa02,Jamal Carter,den
FS,0,0%,596,60.32%,349,76.54%,ParkWi01,Will Parks,den
FS,0,0%,888,89.88%,5,1.10%,StewDa00,Darian Stewart,den
S,0,0%,71,7.19%,41,8.99%,ThomDy01,Dymonte Thomas,den
LS,0,0%,0,0%,139,30.48%,KreiCa00,Casey Kreiter,den
K,0,0%,0,0%,132,28.95%,McMaBr01,Brandon McManus,den
P,0,0%,0,0%,141,30.92%,DixoRi00,Riley Dixon,den
QB,1032,99.14%,0,0%,0,0%,StafMa00,Matthew Stafford,det
QB,9,.86%,0,0%,4,.85%,RudoJa00,Jake Rudock,det
RB,378,36.31%,0,0%,11,2.34%,AbduAm00,Ameer Abdullah,det
RB,50,4.80%,0,0%,69,14.65%,WashDw00,Dwayne Washington,det
RB,65,6.24%,0,0%,155,32.91%,ZennZa00,Zach Zenner,det
RB,89,8.55%,0,0%,24,5.10%,GreeTi00,Tion Green,det
RB,469,45.05%,0,0%,0,0%,RiddTh00,Theo Riddick,det
WR,1002,96.25%,0,0%,2,.42%,JoneMa02,Marvin Jones,det
WR,789,75.79%,0,0%,9,1.91%,TateGo00,Golden Tate,det
WR,473,45.44%,0,0%,1,.21%,GollKe00,Kenny Golladay,det
WR,402,38.62%,0,0%,59,12.53%,JoneT.00,T.J. Jones,det
WR,0,0%,0,0%,19,4.03%,MarqBr00,Bradley Marquez,det
WR,117,11.24%,0,0%,91,19.32%,AbbrJa00,Jared Abbrederis,det
WR,4,.38%,0,0%,32,6.79%,JoneAn01,Andy Jones,det
WR,2,.19%,0,0%,7,1.49%,BillJa00,Jace Billingsley,det
TE,549,52.74%,0,0%,0,0%,EbroEr00,Eric Ebron,det
TE,549,52.74%,0,0%,157,33.33%,FellDa01,Darren Fells,det
TE,18,1.73%,0,0%,18,3.82%,VallHa00,Hakeem Valles,det
TE,220,21.13%,0,0%,148,31.42%,RobeMi01,Michael Roberts,det
T,791,75.98%,0,0%,62,13.16%,WagnRi00,Ricky Wagner,det
T,394,37.85%,0,0%,26,5.52%,RobiGr01,Greg Robinson,det
T,324,31.12%,0,0%,37,7.86%,RobiCo00,Corey Robinson,det
T,471,45.24%,0,0%,20,4.25%,DeckTa00,Taylor Decker,det
T,10,.96%,0,0%,5,1.06%,SkipDa00,Dan Skipper,det
T,191,18.35%,0,0%,90,19.11%,MihaBr00,Brian Mihalik,det
T,60,5.76%,0,0%,51,10.83%,CleaEm01,Emmett Cleary,det
G,70,6.72%,0,0%,6,1.27%,KeriZa00,Zac Kerin,det
G,1041,100.00%,0,0%,78,16.56%,GlasGr00,Graham Glasgow,det
G,808,77.62%,0,0%,47,9.98%,LangT.20,T.J. Lang,det
G,28,2.69%,0,0%,18,3.82%,LeliTi00,Tim Lelito,det
G,126,12.10%,0,0%,11,2.34%,BarcDo00,Don Barclay,det
G,182,17.48%,0,0%,26,5.52%,DahlJo00,Joe Dahl,det
C,709,68.11%,0,0%,53,11.25%,SwanTr00,Travis Swanson,det
DE,0,0%,753,69.15%,44,9.34%,ZettAn00,Anthony Zettel,det
DE,0,0%,488,44.81%,63,13.38%,WashCo00,Cornelius Washington,det
DE,0,0%,516,47.38%,4,.85%,AnsaEz00,Ezekiel Ansah,det
DE,0,0%,68,6.24%,2,.42%,SmitJa01,Jacquies Smith,det
DE,0,0%,78,7.16%,13,2.76%,JohnGe00,George Johnson,det
DE,0,0%,126,11.57%,2,.42%,FreeDw00,Dwight Freeney,det
DE,0,0%,153,14.05%,16,3.40%,ValoJe00,Jeremiah Valoaga,det
DE,3,.29%,25,2.30%,0,0%,BarrAl00,Alex Barrett,det
DT,0,0%,145,13.31%,18,3.82%,NgatHa20,Haloti Ngata,det
DT,0,0%,735,67.49%,84,17.83%,RobiAS00,A'Shawn Robinson,det
DT,0,0%,349,32.05%,120,25.48%,LedbJe00,Jeremiah Ledbetter,det
DT,0,0%,662,60.79%,11,2.34%,SpenAk00,Akeem Spence,det
DT,0,0%,130,11.94%,0,0%,RingCh00,Christian Ringo,det
DT,0,0%,18,1.65%,1,.21%,ReidCa00,Caraun Reid,det
DT,0,0%,68,6.24%,16,3.40%,ThorKh00,Khyri Thornton,det
LB,0,0%,828,76.03%,68,14.44%,DaviJa01,Jarrad Davis,det
LB,13,1.25%,106,9.73%,308,65.39%,BellNi01,Nick Bellore,det
LB,0,0%,951,87.33%,83,17.62%,WhitTa00,Tahir Whitehead,det
LB,0,0%,272,24.98%,229,48.62%,WorrPa00,Paul Worrilow,det
LB,0,0%,14,1.29%,302,64.12%,LongSt00,Steve Longa,det
LB,0,0%,239,21.95%,264,56.05%,ReevJa00,Jalen Reeves-Maybin,det
"DE,LB",0,0%,47,4.32%,12,2.55%,EdebKa00,Kasim Edebali,det
CB,0,0%,1064,97.70%,83,17.62%,SlayDa00,Darius Slay,det
CB,0,0%,789,72.45%,123,26.11%,DiggQu00,Quandre Diggs,det
CB,0,0%,488,44.81%,94,19.96%,HaydDJ00,D.J. Hayden,det
CB,0,0%,555,50.96%,161,34.18%,LawsNe00,Nevin Lawson,det
CB,12,1.15%,69,6.34%,203,43.10%,AgneJa00,Jamal Agnew,det
CB,0,0%,190,17.45%,75,15.92%,TaboTe00,Teez Tabor,det
SS,0,0%,546,50.14%,4,.85%,WilsTa00,Tavon Wilson,det
SS,0,0%,353,32.42%,277,58.81%,KillMi00,Miles Killebrew,det
FS,0,0%,1054,96.79%,81,17.20%,QuinGl99,Glover Quin,det
FS,0,0%,0,0%,304,64.54%,CareDo00,Don Carey,det
FS,0,0%,97,8.91%,304,64.54%,WashCh01,Charles Washington,det
LS,0,0%,0,0%,154,32.70%,MuhlDo20,Don Muhlbach,det
K,0,0%,0,0%,99,21.02%,PratMa20,Matt Prater,det
P,0,0%,0,0%,76,16.14%,LockJe00,Jeff Locke,det
P,0,0%,0,0%,141,29.94%,MartSa01,Sam Martin,det
P,0,0%,0,0%,3,.64%,RedfKa00,Kasey Redfern,det
QB,417,39.83%,0,0%,0,0%,RodgAa00,Aaron Rodgers,gnb
QB,7,.67%,0,0%,0,0%,CallJo00,Joe Callahan,gnb
QB,623,59.50%,0,0%,0,0%,HundBr00,Brett Hundley,gnb
RB,275,26.27%,0,0%,5,1.18%,MontTy01,Ty Montgomery,gnb
RB,236,22.54%,0,0%,32,7.58%,JoneAa00,Aaron Jones,gnb
RB,441,42.12%,0,0%,61,14.45%,WillJa06,Jamaal Williams,gnb
RB,14,1.34%,0,0%,51,12.09%,MaysDe00,Devante Mays,gnb
FB,180,17.19%,0,0%,196,46.45%,RipkAa00,Aaron Ripkowski,gnb
FB,3,.29%,0,0%,23,5.45%,KerrJo00,Joe Kerridge,gnb
WR,805,76.89%,0,0%,1,.24%,NelsJo00,Jordy Nelson,gnb
WR,343,32.76%,0,0%,148,35.07%,AlliGe01,Geronimo Allison,gnb
WR,777,74.21%,0,0%,0,0%,AdamDa01,Davante Adams,gnb
WR,743,70.96%,0,0%,0,0%,CobbRa00,Randall Cobb,gnb
WR,75,7.16%,0,0%,0,0%,ClarMi00,Michael Clark,gnb
WR,50,4.78%,0,0%,247,58.53%,JaniJe00,Jeff Janis,gnb
WR,103,9.84%,0,0%,171,40.52%,DaviTr03,Trevor Davis,gnb
TE,388,37.06%,0,0%,1,.24%,BennMa00,Martellus Bennett,gnb
TE,468,44.70%,0,0%,66,15.64%,KendLa00,Lance Kendricks,gnb
TE,11,1.05%,0,0%,0,0%,ByrdEm00,Emanuel Byrd,gnb
TE,305,29.13%,0,0%,108,25.59%,RodgRi00,Richard Rodgers,gnb
T,228,21.78%,0,0%,11,2.61%,MurpKy00,Kyle Murphy,gnb
T,754,72.02%,0,0%,36,8.53%,BakhDa00,David Bakhtiari,gnb
T,232,22.16%,0,0%,16,3.79%,BulaBr20,Bryan Bulaga,gnb
T,40,3.82%,0,0%,16,3.79%,JohnUl00,Ulrick John,gnb
T,278,26.55%,0,0%,17,4.03%,SpriJa00,Jason Spriggs,gnb
G,939,89.68%,0,0%,48,11.37%,TaylLa01,Lane Taylor,gnb
G,912,87.11%,0,0%,53,12.56%,EvanJa21,Jahri Evans,gnb
G,227,21.68%,1,.10%,51,12.09%,PatrLu00,Lucas Patrick,gnb
G,595,56.83%,0,0%,35,8.29%,McCrJu00,Justin McCray,gnb
G,0,0%,0,0%,1,.24%,PankAd00,Adam Pankey,gnb
C,1047,100.00%,0,0%,0,0%,LinsCo00,Corey Linsley,gnb
DE,0,0%,494,46.96%,128,30.33%,LowrDe00,Dean Lowry,gnb
DT,0,0%,629,59.79%,59,13.98%,DaniMi00,Mike Daniels,gnb
DT,0,0%,60,5.70%,1,.24%,JeanRi99,Ricky Jean-Francois,gnb
DT,0,0%,66,6.27%,22,5.21%,AdamMo00,Montravius Adams,gnb
NT,0,0%,310,29.47%,100,23.70%,DialQu00,Quinton Dial,gnb
NT,0,0%,684,65.02%,69,16.35%,ClarKe01,Kenny Clark,gnb
LB,0,0%,86,8.17%,18,4.27%,GilbRe01,Reggie Gilbert,gnb
LB,0,0%,979,93.06%,115,27.25%,MartBl01,Blake Martinez,gnb
LB,0,0%,656,62.36%,34,8.06%,MattCl99,Clay Matthews,gnb
LB,0,0%,542,51.52%,25,5.92%,PerrNi00,Nick Perry,gnb
LB,0,0%,447,42.49%,354,83.89%,FackKy00,Kyler Fackrell,gnb
LB,0,0%,121,11.50%,138,32.70%,BiegVi00,Vince Biegel,gnb
LB,0,0%,104,9.89%,213,50.47%,ThomJo04,Joe Thomas,gnb
LB,0,0%,507,48.19%,210,49.76%,RyanJa00,Jake Ryan,gnb
LB,0,0%,346,32.89%,13,3.08%,BrooAh21,Ahmad Brooks,gnb
LB,0,0%,59,5.61%,13,3.08%,OdomCh00,Chris Odom,gnb
CB,0,0%,139,13.21%,63,14.93%,RollQu00,Quinten Rollins,gnb
CB,0,0%,659,62.64%,46,10.90%,HousDa00,Davon House,gnb
CB,0,0%,717,68.16%,47,11.14%,RandDa00,Damarious Randall,gnb
CB,0,0%,122,11.60%,113,26.78%,PipkLe00,Lenzy Pipkins,gnb
CB,0,0%,2,.19%,14,3.32%,GuntLa00,Ladarius Gunter,gnb
CB,0,0%,380,36.12%,71,16.82%,KingKe01,Kevin King,gnb
CB,0,0%,403,38.31%,125,29.62%,HawkJo00,Josh Hawkins,gnb
CB,0,0%,1,.10%,17,4.03%,BrowDo02,Donatello Brown,gnb
SS,0,0%,725,68.92%,24,5.69%,BurnMo99,Morgan Burnett,gnb
SS,0,0%,731,69.49%,156,36.97%,JoneJo06,Josh Jones,gnb
SS,0,0%,147,13.97%,331,78.44%,EvanMa00,Marwin Evans,gnb
FS,0,0%,289,27.47%,86,20.38%,BricKe00,Kentrell Brice,gnb
FS,0,0%,1044,99.24%,73,17.30%,ClinHa00,Ha Ha Clinton-Dix,gnb
FS,0,0%,120,11.41%,190,45.02%,WhitJe02,Jermaine Whitehead,gnb
LS,0,0%,0,0%,34,8.06%,PeppTa00,Taybor Pepper,gnb
LS,0,0%,0,0%,76,18.01%,GoodBr99,Brett Goode,gnb
LS,0,0%,0,0%,17,4.03%,HartDe01,Derek Hart,gnb
K,0,0%,0,0%,124,29.38%,CrosMa20,Mason Crosby,gnb
P,0,0%,0,0%,127,30.09%,VogeJu00,Justin Vogel,gnb
QB,464,42.37%,0,0%,0,0%,WatsDe00,Deshaun Watson,htx
QB,200,18.26%,0,0%,0,0%,YateT.00,T.J. Yates,htx
QB,420,38.36%,0,0%,0,0%,SavaTo00,Tom Savage,htx
QB,9,.82%,0,0%,0,0%,HeinTa00,Taylor Heinicke,htx
RB,752,68.68%,0,0%,0,0%,MillLa01,Lamar Miller,htx
RB,86,7.85%,0,0%,47,9.55%,ErviTy00,Tyler Ervin,htx
RB,69,6.30%,0,0%,0,0%,ElliAn00,Andre Ellington,htx
RB,156,14.25%,0,0%,198,40.24%,BlueAl00,Alfred Blue,htx
RB,0,0%,0,0%,266,54.07%,TodmJo00,Jordan Todman,htx
RB,147,13.42%,0,0%,5,1.02%,ForeDO00,D'Onta Foreman,htx
FB,148,13.52%,0,0%,308,62.60%,ProsJa00,Jay Prosch,htx
WR,1021,93.24%,1,.10%,0,0%,HopkDe00,DeAndre Hopkins,htx
WR,523,47.76%,0,0%,25,5.08%,FullWi01,Will Fuller,htx
WR,426,38.90%,0,0%,21,4.27%,MillBr03,Braxton Miller,htx
WR,89,8.13%,0,0%,6,1.22%,WhitDe01,DeAndrew White,htx
WR,590,53.88%,0,0%,28,5.69%,ElliBr00,Bruce Ellington,htx
WR,99,9.04%,0,0%,269,54.67%,ThomCh05,Chris Thompson,htx
WR,20,1.83%,0,0%,9,1.83%,StroJa01,Jaelen Strong,htx
WR,53,4.84%,0,0%,15,3.05%,HamiCo00,Cobi Hamilton,htx
WR,1,.09%,0,0%,0,0%,JoneAn01,Andy Jones,htx
TE,436,39.82%,0,0%,122,24.80%,AndeSt01,Stephen Anderson,htx
TE,229,20.91%,0,0%,0,0%,FiedC.00,C.J. Fiedorowicz,htx
TE,13,1.19%,0,0%,10,2.03%,PruiMy00,MyCole Pruitt,htx
TE,16,1.46%,0,0%,3,.61%,BaylEv00,Evan Baylis,htx
TE,8,.73%,0,0%,19,3.86%,MallRy02,Ryan Malleck,htx
TE,349,31.87%,0,0%,32,6.50%,GrifRy00,Ryan Griffin,htx
T,1095,100.00%,0,0%,62,12.60%,GiacBr20,Breno Giacomini,htx
T,68,6.21%,0,0%,6,1.22%,BrowDu20,Duane Brown,htx
T,159,14.52%,0,0%,36,7.32%,LammKe00,Kendall Lamm,htx
T,238,21.74%,0,0%,31,6.30%,DaveJu00,Julién Davenport,htx
T,548,50.05%,0,0%,39,7.93%,ClarCh21,Chris Clark,htx
G,1075,98.17%,0,0%,62,12.60%,Sua-Xa00,Xavier Su'a-Filo,htx
G,728,66.48%,0,0%,46,9.35%,AlleJe01,Jeff Allen,htx
G,89,8.13%,0,0%,40,8.13%,FullKy01,Kyle Fuller,htx
G,163,14.89%,0,0%,14,2.85%,SladCh01,Chad Slade,htx
G,28,2.56%,0,0%,4,.81%,QuesDa00,David Quessenberry,htx
C,971,88.68%,0,0%,5,1.02%,MartNi00,Nick Martin,htx
"C,G",560,51.14%,0,0%,28,5.69%,MancGr00,Greg Mancz,htx
DE,0,0%,217,21.19%,12,2.44%,WattJ.00,J.J. Watt,htx
DE,0,0%,323,31.54%,43,8.74%,HeatJo00,Joel Heath,htx
DE,0,0%,166,16.21%,26,5.28%,CoviCh00,Christian Covington,htx
DE,0,0%,193,18.85%,23,4.67%,BlacAn00,Angelo Blackson,htx
DE,0,0%,328,32.03%,57,11.59%,WatkCa00,Carlos Watkins,htx
DE,0,0%,0,0%,1,.20%,LangKe98,Kendall Langford,htx
DT,0,0%,46,4.49%,1,.20%,ClemCh00,Chunky Clements,htx
NT,0,0%,526,51.37%,56,11.38%,ReadD.00,D.J. Reader,htx
NT,0,0%,416,40.63%,65,13.21%,DunnBr00,Brandon Dunn,htx
LB,0,0%,959,93.65%,85,17.28%,McKiBe00,Benardrick McKinney,htx
LB,0,0%,203,19.82%,15,3.05%,MercWh00,Whitney Mercilus,htx
LB,0,0%,895,87.40%,80,16.26%,ClowJa00,Jadeveon Clowney,htx
LB,0,0%,67,6.54%,57,11.59%,PresGi00,Gimel President,htx
LB,0,0%,812,79.30%,210,42.68%,CunnZa00,Zach Cunningham,htx
LB,0,0%,163,15.92%,26,5.28%,CushBr99,Brian Cushing,htx
LB,0,0%,184,17.97%,47,9.55%,KamaUf00,Ufomba Kamalu,htx
LB,0,0%,205,20.02%,227,46.14%,ColeDy00,Dylan Cole,htx
LB,0,0%,66,6.45%,3,.61%,LewiLa01,LaTroy Lewis,htx
LB,0,0%,67,6.54%,356,72.36%,PeteBr00,Brian Peters,htx
LB,0,0%,8,.78%,107,21.75%,HeenBe00,Ben Heeney,htx
LB,0,0%,302,29.49%,202,41.06%,ScarBr00,Brennan Scarlett,htx
LB,0,0%,81,7.91%,46,9.35%,JenkJe00,Jelani Jenkins,htx
LB,0,0%,146,14.26%,1,.20%,HousLa99,Lamarr Houston,htx
CB,0,0%,147,14.36%,122,24.80%,WillMa03,Marcus Williams,htx
CB,0,0%,579,56.54%,43,8.74%,JohnKe04,Kevin Johnson,htx
CB,0,0%,868,84.77%,68,13.82%,JackKa99,Kareem Jackson,htx
CB,0,0%,746,72.85%,33,6.71%,JoseJo20,Johnathan Joseph,htx
CB,0,0%,88,8.59%,10,2.03%,BankJo00,Johnthan Banks,htx
CB,0,0%,39,3.81%,62,12.60%,BurlMa00,Marcus Burley,htx
CB,0,0%,50,4.88%,91,18.50%,DecoTr00,Treston Decoud,htx
SS,0,0%,239,23.34%,255,51.83%,MoorCo00,Corey Moore,htx
SS,0,0%,306,29.88%,245,49.80%,PleaEd00,Eddie Pleasant,htx
SS,0,0%,74,7.23%,328,66.67%,DrumKu01,Kurtis Drummond,htx
FS,0,0%,939,91.70%,75,15.24%,HalxAn00,Andre Hal,htx
FS,0,0%,813,79.39%,86,17.48%,GilcMa00,Marcus Gilchrist,htx
FS,0,0%,0,0%,22,4.47%,CromMa01,Marcus Cromartie,htx
FS,0,0%,0,0%,19,3.86%,CampIb00,Ibraheim Campbell,htx
LS,0,0%,0,0%,155,31.50%,WeekJo00,Jon Weeks,htx
K,0,0%,0,0%,137,27.85%,FairKa01,Ka'imi Fairbairn,htx
P,0,0%,0,0%,156,31.71%,LechSh20,Shane Lechler,htx
QB,41,3.98%,0,0%,0,0%,TolzSc00,Scott Tolzien,clt
QB,989,96.02%,0,0%,0,0%,BrisJa00,Jacoby Brissett,clt
RB,124,12.04%,0,0%,83,18.32%,TurbRo00,Robert Turbin,clt
RB,555,53.88%,0,0%,0,0%,GoreFr00,Frank Gore,clt
RB,30,2.91%,0,0%,91,20.09%,FergJo02,Josh Ferguson,clt
RB,309,30.00%,0,0%,24,5.30%,MackMa00,Marlon Mack,clt
RB,9,.87%,0,0%,40,8.83%,JoneMa04,Matt Jones,clt
WR,613,59.51%,0,0%,5,1.10%,MoncDo00,Donte Moncrief,clt
WR,926,89.90%,0,0%,0,0%,HiltT.00,T.Y. Hilton,clt
WR,588,57.09%,0,0%,105,23.18%,AikeKa00,Kamar Aiken,clt
WR,58,5.63%,0,0%,124,27.37%,BrayQu00,Quan Bray,clt
WR,10,.97%,0,0%,14,3.09%,HogaKr00,Krishawn Hogan,clt
WR,447,43.40%,0,0%,31,6.84%,RogeCh02,Chester Rogers,clt
WR,24,2.33%,0,0%,9,1.99%,BrenK.00,K.J. Brent,clt
WR,11,1.07%,0,0%,28,6.18%,HazeMa01,Matt Hazel,clt
TE,909,88.25%,0,0%,62,13.69%,DoylJa00,Jack Doyle,clt
TE,294,28.54%,0,0%,191,42.16%,WillBr04,Brandon Williams,clt
TE,7,.68%,0,0%,18,3.97%,KrieHe00,Henry Krieger-Coble,clt
TE,4,.39%,0,0%,62,13.69%,VandJa00,Jason Vander Laan,clt
TE,196,19.03%,0,0%,169,37.31%,DaniDa02,Darrell Daniels,clt
TE,24,2.33%,0,0%,2,.44%,TravRo00,Ross Travis,clt
T,293,28.45%,0,0%,17,3.75%,GoodDe01,Denzelle Good,clt
T,1030,100.00%,0,0%,20,4.42%,CastAn00,Anthony Castonzo,clt
T,1,.10%,0,0%,4,.88%,BurwTy00,Tyreek Burwell,clt
"G,T",323,31.36%,0,0%,56,12.36%,ClarLe01,Le'Raven Clark,clt
G,1030,100.00%,0,0%,59,13.02%,VujnJe00,Jeremy Vujnovich,clt
G,313,30.39%,0,0%,20,4.42%,MewhJa00,Jack Mewhort,clt
G,987,95.83%,0,0%,59,13.02%,HaegJo00,Joe Haeg,clt
G,149,14.47%,0,0%,17,3.75%,KaliKy00,Kyle Kalis,clt
C,394,38.25%,0,0%,0,0%,KellRy00,Ryan Kelly,clt
C,189,18.35%,0,0%,0,0%,BondDe01,Deyshawn Bond,clt
C,58,5.63%,0,0%,20,4.42%,RedmAd00,Adam Redmond,clt
C,317,30.78%,0,0%,30,6.62%,PersMi00,Michael Person,clt
C,78,7.57%,0,0%,12,2.65%,FabiAn00,Anthony Fabiano,clt
DE,0,0%,576,53.53%,206,45.47%,HuntMa00,Margus Hunt,clt
DE,0,0%,380,35.32%,62,13.69%,AndeHe00,Henry Anderson,clt
DE,0,0%,5,.46%,60,13.25%,JohnAn04,Anthony Johnson,clt
DT,0,0%,686,63.75%,30,6.62%,HankJo00,Johnathan Hankins,clt
DT,0,0%,177,16.45%,77,17.00%,RidgHa00,Hassan Ridgeway,clt
DT,0,0%,96,8.92%,14,3.09%,MbuxJo01,Joey Mbu,clt
NT,0,0%,564,52.42%,76,16.78%,WoodAl99,Al Woods,clt
NT,0,0%,255,23.70%,96,21.19%,StewGr00,Grover Stewart,clt
LB,0,0%,914,84.94%,50,11.04%,BostJo00,Jonathan Bostic,clt
LB,0,0%,811,75.37%,165,36.42%,MorrAn01,Antonio Morrison,clt
LB,0,0%,470,43.68%,61,13.47%,SimoJo01,John Simon,clt
LB,0,0%,900,83.64%,0,0%,SheaJa00,Jabaal Sheard,clt
LB,0,0%,501,46.56%,287,63.36%,MingBa00,Barkevious Mingo,clt
LB,0,0%,181,16.82%,278,61.37%,GeorJe01,Jeremiah George,clt
LB,0,0%,0,0%,72,15.89%,SpenSe00,Sean Spence,clt
LB,0,0%,220,20.45%,164,36.20%,BashTa00,Tarell Basham,clt
LB,0,0%,4,.37%,29,6.40%,PerrJo01,Joshua Perry,clt
LB,0,0%,0,0%,100,22.08%,SankDa00,Darnell Sankey,clt
LB,0,0%,0,0%,69,15.23%,GracJe00,Jermaine Grace,clt
LB,0,0%,115,10.69%,137,30.24%,WalkAn01,Anthony Walker,clt
CB,0,0%,375,34.85%,11,2.43%,DesiPi00,Pierre Desir,clt
CB,0,0%,330,30.67%,0,0%,DaviVo99,Vontae Davis,clt
CB,0,0%,552,51.30%,24,5.30%,MelvRa00,Rashaan Melvin,clt
CB,0,0%,537,49.91%,34,7.51%,HairNa00,Nate Hairston,clt
CB,0,0%,55,5.11%,5,1.10%,WhitD.00,D.J. White,clt
CB,0,0%,20,1.86%,334,73.73%,MiltCh00,Christopher Milton,clt
CB,0,0%,403,37.45%,19,4.19%,WilsQu01,Quincy Wilson,clt
CB,0,0%,381,35.41%,287,63.36%,MoorKe03,Kenny Moore,clt
SS,0,0%,379,35.22%,143,31.57%,GreeT.00,T.J. Green,clt
SS,0,0%,927,86.15%,160,35.32%,FarlMa00,Matthias Farley,clt
SS,0,0%,0,0%,18,3.97%,MartRo01,Ronald Martin,clt
FS,0,0%,502,46.65%,62,13.69%,ButlDa99,Darius Butler,clt
FS,0,0%,409,38.01%,27,5.96%,HookMa00,Malik Hooker,clt
FS,0,0%,112,10.41%,30,6.62%,GeatCl00,Clayton Geathers,clt
LS,0,0%,0,0%,146,32.23%,RhodLu00,Luke Rhodes,clt
K,0,0%,0,0%,59,13.02%,vinatada01,Adam Vinatieri,clt
P,0,0%,0,0%,216,47.68%,SancRi00,Rigoberto Sanchez,clt
QB,1103,97.96%,0,0%,0,0%,BortBl00,Blake Bortles,jax
QB,23,2.04%,0,0%,0,0%,HennCh01,Chad Henne,jax
RB,562,49.91%,0,0%,0,0%,FourLe00,Leonard Fournette,jax
RB,297,26.38%,0,0%,0,0%,IvorCh00,Chris Ivory,jax
RB,226,20.07%,0,0%,0,0%,YeldT.00,T.J. Yeldon,jax
RB,49,4.35%,0,0%,253,52.16%,GranCo00,Corey Grant,jax
FB,273,24.25%,0,0%,183,37.73%,BohaTo00,Tommy Bohanon,jax
WR,737,65.45%,0,0%,24,4.95%,LeexMa00,Marqise Lee,jax
WR,537,47.69%,0,0%,1,.21%,HurnAl01,Allen Hurns,jax
WR,42,3.73%,0,0%,0,0%,StroJa01,Jaelen Strong,jax
WR,380,33.75%,0,0%,2,.41%,WestDe00,Dede Westbrook,jax
WR,749,66.52%,0,0%,79,16.29%,ColeKe00,Keelan Cole,jax
WR,80,7.10%,0,0%,150,30.93%,BennAr00,Arrelious Benn,jax
WR,8,.71%,0,0%,59,12.16%,PinkLa00,Larry Pinkard,jax
WR,103,9.15%,0,0%,156,32.16%,MickJa01,Jaydon Mickens,jax
WR,3,.27%,0,0%,0,0%,RobiAl02,Allen Robinson,jax
WR,18,1.60%,0,0%,13,2.68%,McCaMa01,Max McCaffrey,jax
TE,894,79.40%,0,0%,79,16.29%,LewiMa00,Marcedes Lewis,jax
TE,413,36.68%,0,0%,29,5.98%,KoyaBe00,Ben Koyack,jax
TE,236,20.96%,0,0%,318,65.57%,O'ShJa00,James O'Shaughnessy,jax
T,886,78.69%,0,0%,67,13.81%,ParnJe00,Jermey Parnell,jax
T,889,78.95%,0,0%,27,5.57%,RobiCa00,Cam Robinson,jax
T,464,41.21%,0,0%,60,12.37%,WellJo02,Josh Wells,jax
G,1034,91.83%,0,0%,72,14.85%,CannA.00,A.J. Cann,jax
G,859,76.29%,0,0%,63,12.99%,OmamPa00,Patrick Omameh,jax
G,4,.36%,0,0%,4,.82%,WalkJo00,Josh Walker,jax
G,211,18.74%,0,0%,18,3.71%,ReedCh00,Chris Reed,jax
C,925,82.15%,0,0%,62,12.78%,LindBr00,Brandon Linder,jax
C,381,33.84%,0,0%,78,16.08%,ShatTy00,Tyler Shatley,jax
DE,0,0%,801,77.39%,160,32.99%,CampCa99,Calais Campbell,jax
DE,0,0%,767,74.11%,78,16.08%,NgakYa00,Yannick Ngakoue,jax
DE,0,0%,464,44.83%,0,0%,FowlDa00,Dante Fowler,jax
DE,0,0%,252,24.35%,188,38.76%,SmooDa00,Dawuane Smoot,jax
DE,0,0%,2,.19%,73,15.05%,PhilCa00,Carroll Phillips,jax
DT,0,0%,756,73.04%,2,.41%,JackMa02,Malik Jackson,jax
DT,0,0%,18,1.74%,6,1.24%,BennMi01,Michael Bennett,jax
DT,0,0%,125,12.08%,42,8.66%,DayxSh00,Sheldon Day,jax
DT,0,0%,278,26.86%,40,8.25%,DareMa00,Marcell Dareus,jax
"DT,NT",0,0%,488,47.15%,124,25.57%,JoneAb00,Abry Jones,jax
"DT,NT",0,0%,172,16.62%,13,2.68%,AnkoEl00,Eli Ankou,jax
LB,0,0%,846,81.74%,66,13.61%,SmitTe01,Telvin Smith,jax
LB,0,0%,1013,97.87%,84,17.32%,JackMy00,Myles Jack,jax
LB,0,0%,48,4.64%,224,46.19%,BrowBl00,Blair Brown,jax
LB,0,0%,21,2.03%,267,55.05%,McCrLe01,Lerentee McCray,jax
LB,0,0%,478,46.18%,162,33.40%,PoluPa99,Paul Posluszny,jax
LB,0,0%,3,.29%,225,46.39%,PaynDo00,Donald Payne,jax
CB,0,0%,1010,97.58%,64,13.20%,BouyA.00,A.J. Bouye,jax
CB,0,0%,993,95.94%,50,10.31%,RamsJa00,Jalen Ramsey,jax
CB,0,0%,700,67.63%,115,23.71%,ColvAa00,Aaron Colvin,jax
CB,0,0%,10,.97%,96,19.79%,PittLa00,Lafayette Pitts,jax
CB,0,0%,45,4.35%,80,16.49%,PatmTy00,Tyler Patmon,jax
CB,0,0%,22,2.13%,69,14.23%,MyriJa00,Jalen Myrick,jax
SS,0,0%,986,95.27%,112,23.09%,ChurBa99,Barry Church,jax
SS,0,0%,52,5.02%,269,55.46%,WilsJa00,Jarrod Wilson,jax
SS,0,0%,0,0%,28,5.77%,PryoCa00,Calvin Pryor,jax
FS,0,0%,1013,97.87%,74,15.26%,GipsTa00,Tashaun Gipson,jax
FS,0,0%,21,2.03%,316,65.15%,ThomPe00,Peyton Thompson,jax
LS,0,0%,0,0%,77,15.88%,HolbCo00,Colin Holba,jax
LS,0,0%,0,0%,90,18.56%,OverMa00,Matt Overton,jax
K,0,0%,0,0%,68,14.02%,MyerJa00,Jason Myers,jax
K,0,0%,0,0%,103,21.24%,LambJo00,Josh Lambo,jax
P,0,0%,0,0%,172,35.46%,NortBr00,Brad Nortman,jax
QB,961,93.57%,0,0%,0,0%,SmitAl03,Alex Smith,kan
QB,62,6.04%,0,0%,0,0%,MahoPa00,Patrick Mahomes,kan
QB,4,.39%,0,0%,0,0%,BrayTy00,Tyler Bray,kan
RB,665,64.75%,0,0%,0,0%,HuntKa00,Kareem Hunt,kan
RB,223,21.71%,0,0%,29,6.28%,WestCh01,Charcandrick West,kan
RB,12,1.17%,0,0%,5,1.08%,SpilC.00,C.J. Spiller,kan
RB,52,5.06%,0,0%,171,37.01%,HuntAk01,Akeem Hunt,kan
FB,180,17.53%,0,0%,343,74.24%,SherAn00,Anthony Sherman,kan
WR,292,28.43%,0,0%,2,.43%,ConlCh00,Chris Conley,kan
WR,536,52.19%,0,0%,56,12.12%,WilsAl02,Albert Wilson,kan
WR,776,75.56%,0,0%,65,14.07%,HillTy00,Tyreek Hill,kan
WR,197,19.18%,0,0%,247,53.46%,ThomDe05,De'Anthony Thomas,kan
WR,83,8.08%,0,0%,215,46.54%,ChesJe00,Jehu Chesson,kan
WR,585,56.96%,0,0%,43,9.31%,RobiDe01,Demarcus Robinson,kan
WR,8,.78%,0,0%,4,.87%,KempMa00,Marcus Kemp,kan
TE,872,84.91%,1,.09%,0,0%,KelcTr00,Travis Kelce,kan
TE,481,46.84%,0,0%,300,64.94%,HarrDe03,Demetrius Harris,kan
TE,59,5.74%,0,0%,87,18.83%,CharOr00,Orson Charles,kan
TE,90,8.76%,0,0%,53,11.47%,TravRo00,Ross Travis,kan
T,961,93.57%,0,0%,86,18.61%,FishEr00,Eric Fisher,kan
T,1027,100.00%,0,0%,86,18.61%,SchwMi00,Mitchell Schwartz,kan
T,276,26.87%,0,0%,41,8.87%,ErviCa00,Cameron Erving,kan
G,632,61.54%,0,0%,51,11.04%,DuveLa00,Laurent Duvernay-Tardif,kan
G,877,85.39%,0,0%,86,18.61%,WitzBr00,Bryan Witzmann,kan
G,66,6.43%,0,0%,5,1.08%,EhinPa00,Parker Ehinger,kan
G,790,76.92%,0,0%,81,17.53%,FultZa00,Zach Fulton,kan
G,147,14.31%,0,0%,54,11.69%,DeveJo00,Jordan Devey,kan
C,383,37.29%,0,0%,26,5.63%,MorsMi00,Mitch Morse,kan
DE,0,0%,626,56.86%,47,10.17%,BailAl00,Allen Bailey,kan
DE,0,0%,678,61.58%,21,4.55%,JoneCh09,Chris Jones,kan
DE,0,0%,392,35.60%,55,11.90%,NuneRa00,Rakeem Nunez-Roches,kan
DE,0,0%,220,19.98%,4,.87%,JenkJa01,Jarvis Jenkins,kan
DT,0,0%,45,4.09%,4,.87%,HamiJu00,Justin Hamilton,kan
"DT,NT",0,0%,572,51.95%,56,12.12%,LogaBe00,Bennie Logan,kan
NT,0,0%,15,1.36%,0,0%,ThomCa99,Cam Thomas,kan
"DT,NT",0,0%,77,6.99%,1,.22%,MillRo99,Roy Miller,kan
LB,0,0%,845,76.75%,0,0%,JohnDe25,Derrick Johnson,kan
LB,0,0%,950,86.29%,1,.22%,HousJu00,Justin Houston,kan
LB,0,0%,316,28.70%,0,0%,FordDe00,Dee Ford,kan
LB,0,0%,588,53.41%,247,53.46%,ZombFr00,Frank Zombo,kan
LB,0,0%,251,22.80%,249,53.90%,PierKe00,Kevin Pierre-Louis,kan
LB,0,0%,125,11.35%,76,16.45%,WilsRa00,Ramik Wilson,kan
LB,0,0%,65,5.90%,306,66.23%,SmitTe04,Terrance Smith,kan
LB,0,0%,99,8.99%,0,0%,HaliTa20,Tamba Hali,kan
LB,0,0%,322,29.25%,0,0%,RaglRe00,Reggie Ragland,kan
LB,0,0%,65,5.90%,211,45.67%,EligUk00,Ukeme Eligwe,kan
LB,0,0%,158,14.35%,105,22.73%,KpasTa00,Tanoh Kpassagnon,kan
CB,0,0%,967,87.83%,1,.22%,PeteMa00,Marcus Peters,kan
CB,0,0%,705,64.03%,16,3.46%,MitcTe00,Terrance Mitchell,kan
CB,0,0%,50,4.54%,19,4.11%,ReasKe00,Keith Reaser,kan
CB,0,0%,419,38.06%,142,30.74%,GainPh00,Phillip Gaines,kan
CB,0,0%,512,46.50%,35,7.58%,NelsSt01,Steven Nelson,kan
CB,0,0%,191,17.35%,0,0%,ReviDa99,Darrelle Revis,kan
CB,0,0%,208,18.89%,226,48.92%,AckeKe00,Kenneth Acker,kan
SS,0,0%,991,90.01%,159,34.42%,SoreDa01,Daniel Sorensen,kan
SS,0,0%,70,6.36%,0,0%,BerrEr99,Eric Berry,kan
FS,0,0%,1032,93.73%,5,1.08%,ParkRo01,Ron Parker,kan
FS,0,0%,438,39.78%,293,63.42%,MurrEr00,Eric Murray,kan
FS,0,0%,71,6.45%,153,33.12%,TerrSt00,Steven Terrell,kan
DB,0,0%,46,4.18%,18,3.90%,McQuLe01,Leon McQuay,kan
LS,0,0%,0,0%,156,33.77%,WincJa00,James Winchester,kan
K,0,0%,0,0%,34,7.36%,SantCa01,Cairo Santos,kan
K,0,0%,0,0%,148,32.03%,ButkHa00,Harrison Butker,kan
P,0,0%,0,0%,157,33.98%,ColqDu20,Dustin Colquitt,kan
QB,932,92.46%,0,0%,0,0%,CarrDe02,Derek Carr,rai
QB,76,7.54%,0,0%,0,0%,ManuEJ00,EJ Manuel,rai
RB,461,45.73%,0,0%,0,0%,LyncMa00,Marshawn Lynch,rai
RB,220,21.83%,0,0%,135,31.54%,WashDe00,DeAndre Washington,rai
RB,216,21.43%,0,0%,143,33.41%,RichJa01,Jalen Richard,rai
RB,0,0%,0,0%,8,1.87%,HoodEl00,Elijah Hood,rai
FB,82,8.13%,0,0%,195,45.56%,OlawJa00,Jamize Olawale,rai
WR,710,70.44%,0,0%,2,.47%,CoopAm00,Amari Cooper,rai
WR,749,74.31%,0,0%,0,0%,RobeSe00,Seth Roberts,rai
WR,599,59.42%,0,0%,0,0%,CrabMi00,Michael Crabtree,rai
WR,430,42.66%,0,0%,157,36.68%,PattCo00,Cordarrelle Patterson,rai
WR,16,1.59%,0,0%,16,3.74%,WhitIs00,Isaac Whitney,rai
WR,230,22.82%,0,0%,187,43.69%,HoltJo00,Johnny Holton,rai
TE,791,78.47%,0,0%,10,2.34%,CookJa02,Jared Cook,rai
TE,338,33.53%,0,0%,141,32.94%,SmitLe00,Lee Smith,rai
TE,39,3.87%,0,0%,13,3.04%,BrowPh01,Pharaoh Brown,rai
TE,130,12.90%,0,0%,58,13.55%,WalfCl00,Clive Walford,rai
T,820,81.35%,0,0%,0,0%,PennDo20,Donald Penn,rai
T,842,83.53%,0,0%,43,10.05%,NewhMa20,Marshall Newhouse,rai
T,256,25.40%,0,0%,50,11.68%,AlexVa00,Vadal Alexander,rai
T,124,12.30%,0,0%,13,3.04%,SharDa02,David Sharpe,rai
T,0,0%,0,0%,2,.47%,WareJy00,Jylan Ware,rai
G,1007,99.90%,0,0%,55,12.85%,OsemKe00,Kelechi Osemele,rai
G,888,88.10%,0,0%,48,11.21%,JackGa00,Gabe Jackson,rai
G,124,12.30%,0,0%,108,25.23%,FeliJo00,Jon Feliciano,rai
C,1008,100.00%,0,0%,10,2.34%,HudsRo00,Rodney Hudson,rai
C,0,0%,0,0%,5,1.17%,StonJa02,James Stone,rai
DE,0,0%,930,89.51%,85,19.86%,MackKh00,Khalil Mack,rai
DE,0,0%,475,45.72%,69,16.12%,EdwaMa01,Mario Edwards,rai
DE,0,0%,594,57.17%,88,20.56%,AutrDe00,Denico Autry,rai
DE,0,0%,125,12.03%,1,.23%,WardJi02,Jihad Ward,rai
DT,0,0%,464,44.66%,83,19.39%,VandEd00,Eddie Vanderdoes,rai
DT,0,0%,346,33.30%,77,17.99%,HestTr00,Treyvon Hester,rai
NT,0,0%,462,44.47%,71,16.59%,ElliJu01,Justin Ellis,rai
NT,0,0%,56,5.39%,20,4.67%,LathDa01,Darius Latham,rai
LB,0,0%,880,84.70%,16,3.74%,IrviBr00,Bruce Irvin,rai
LB,0,0%,455,43.79%,10,2.34%,JameCo00,Cory James,rai
LB,0,0%,643,61.89%,2,.47%,BowmNa99,NaVorro Bowman,rai
LB,0,0%,99,9.53%,118,27.57%,AdamTy00,Tyrell Adams,rai
LB,0,0%,171,16.46%,180,42.06%,LeexMa01,Marquel Lee,rai
LB,0,0%,102,9.82%,139,32.48%,CalhSh00,Shilique Calhoun,rai
LB,0,0%,552,53.13%,179,41.82%,MorrNi00,Nicholas Morrow,rai
LB,0,0%,154,14.82%,300,70.09%,CowsJa00,James Cowser,rai
LB,0,0%,44,4.23%,208,48.60%,WoodXa01,Xavier Woodson-Luster,rai
LB,0,0%,0,0%,16,3.74%,ShelBr01,Brady Sheldon,rai
CB,0,0%,287,27.62%,0,0%,AmerDa00,David Amerson,rai
CB,0,0%,1023,98.46%,99,23.13%,CarrTr00,T.J. Carrie,rai
CB,0,0%,701,67.47%,0,0%,SmitSe99,Sean Smith,rai
CB,0,0%,55,5.29%,89,20.79%,HamiAn01,Antonio Hamilton,rai
CB,0,0%,534,51.40%,95,22.20%,McDoDe02,Dexter McDonald,rai
CB,0,0%,0,0%,23,5.37%,McCrDe00,Demetrius McCray,rai
SS,0,0%,867,83.45%,59,13.79%,JoseKa00,Karl Joseph,rai
SS,0,0%,3,.29%,286,66.82%,HarrEr00,Erik Harris,rai
FS,0,0%,1026,98.75%,1,.23%,NelsRe99,Reggie Nelson,rai
FS,0,0%,69,6.64%,279,65.19%,McGiKe00,Keith McGill,rai
FS,0,0%,186,17.90%,289,67.52%,LuanSh00,Shalom Luani,rai
DB,0,0%,92,8.85%,5,1.17%,ConlGa00,Gareon Conley,rai
DB,0,0%,34,3.27%,42,9.81%,MeliOb00,Obi Melifonwu,rai
LS,0,0%,0,0%,129,30.14%,CondJo20,Jon Condo,rai
K,0,0%,0,0%,119,27.80%,TaveGi00,Giorgio Tavecchio,rai
P,0,0%,0,0%,129,30.14%,KingMa00,Marquette King,rai
QB,1027,96.61%,0,0%,0,0%,RivePh00,Philip Rivers,sdg
QB,36,3.39%,0,0%,43,10.02%,ClemKe00,Kellen Clemens,sdg
RB,749,70.46%,0,0%,0,0%,GordMe00,Melvin Gordon,sdg
RB,195,18.34%,0,0%,209,48.72%,EkelAu00,Austin Ekeler,sdg
RB,106,9.97%,0,0%,35,8.16%,OlivBr01,Branden Oliver,sdg
RB,13,1.22%,0,0%,112,26.11%,WillAn00,Andre Williams,sdg
FB,142,13.36%,0,0%,336,78.32%,WattDe00,Derek Watt,sdg
WR,851,80.06%,0,0%,11,2.56%,WillTy00,Tyrell Williams,sdg
WR,896,84.29%,2,.19%,3,.70%,AlleKe00,Keenan Allen,sdg
WR,566,53.25%,0,0%,81,18.88%,BenjTr00,Travis Benjamin,sdg
WR,39,3.67%,0,0%,6,1.40%,InmaDo00,Dontrelle Inman,sdg
WR,12,1.13%,0,0%,7,1.63%,DaviGe00,Geremy Davis,sdg
WR,235,22.11%,0,0%,0,0%,WillMi07,Mike Williams,sdg
TE,148,13.92%,0,0%,81,18.88%,CumbJe00,Jeff Cumberland,sdg
TE,500,47.04%,0,0%,0,0%,GateAn00,Antonio Gates,sdg
TE,598,56.26%,0,0%,23,5.36%,HenrHu00,Hunter Henry,sdg
TE,11,1.03%,0,0%,0,0%,CulkSe00,Sean Culkin,sdg
TE,218,20.51%,0,0%,167,38.93%,McGrSe00,Sean McGrath,sdg
T,926,87.11%,0,0%,58,13.52%,OkunRu20,Russell Okung,sdg
T,658,61.90%,0,0%,46,10.72%,BarkJo00,Joe Barksdale,sdg
T,15,1.41%,0,0%,1,.23%,OlaxMi00,Michael Ola,sdg
T,23,2.16%,0,0%,9,2.10%,HairCh00,Chris Hairston,sdg
T,136,12.79%,0,0%,90,20.98%,TeviSa00,Sam Tevi,sdg
G,424,39.89%,0,0%,25,5.83%,SlauMa20,Matt Slauson,sdg
G,1041,97.93%,0,0%,67,15.62%,WiggKe00,Kenny Wiggins,sdg
G,666,62.65%,0,0%,68,15.85%,FeenDa00,Dan Feeney,sdg
G,407,38.29%,0,0%,71,16.55%,SchoMi00,Michael Schofield,sdg
G,0,0%,0,0%,2,.47%,BoykBr01,Brett Boyko,sdg
C,1055,99.25%,0,0%,0,0%,PullSp00,Spencer Pulley,sdg
DE,0,0%,890,84.92%,22,5.13%,IngrMe00,Melvin Ingram,sdg
DE,0,0%,851,81.20%,2,.47%,BosaJo00,Joey Bosa,sdg
DE,0,0%,59,5.63%,43,10.02%,AttaJe00,Jeremiah Attaochu,sdg
DE,0,0%,52,4.96%,43,10.02%,RochIs00,Isaac Rochell,sdg
DE,0,0%,241,23.00%,110,25.64%,McCaCh00,Chris McCain,sdg
DT,0,0%,415,39.60%,43,10.02%,LiugCo00,Corey Liuget,sdg
DT,0,0%,270,25.76%,140,32.63%,PaleTe00,Tenny Palepoi,sdg
DT,0,0%,509,48.57%,64,14.92%,PhilDa01,Darius Philon,sdg
NT,0,0%,535,51.05%,10,2.33%,MebaBr99,Brandon Mebane,sdg
NT,0,0%,363,34.64%,54,12.59%,SquaDa00,Damion Square,sdg
LB,0,0%,505,48.19%,72,16.78%,BrowJa05,Jatavis Brown,sdg
LB,0,0%,272,25.95%,0,0%,PerrDe00,Denzel Perryman,sdg
LB,0,0%,302,28.82%,153,35.66%,EmanKy00,Kyle Emanuel,sdg
LB,0,0%,266,25.38%,85,19.81%,ToomKo00,Korey Toomer,sdg
LB,0,0%,475,45.32%,22,5.13%,PullHa00,Hayes Pullard,sdg
LB,0,0%,29,2.77%,95,22.14%,HarrNi00,Nigel Harris,sdg
LB,0,0%,0,0%,181,42.19%,OnwuJa00,James Onwualu,sdg
LB,0,0%,0,0%,27,6.29%,KeyeJo00,Josh Keyes,sdg
LB,0,0%,2,.19%,229,53.38%,DzubNi00,Nick Dzubnar,sdg
CB,0,0%,63,6.01%,4,.93%,VerrJa00,Jason Verrett,sdg
CB,0,0%,1003,95.71%,7,1.63%,HaywCa00,Casey Hayward,sdg
CB,0,0%,1005,95.90%,82,19.11%,WillTr05,Trevor Williams,sdg
CB,0,0%,1,.10%,39,9.09%,MageCr00,Craig Mager,sdg
CB,0,0%,716,68.32%,190,44.29%,KingDe01,Desmond King,sdg
CB,0,0%,36,3.44%,281,65.50%,DaviMi03,Michael Davis,sdg
SS,0,0%,1031,98.38%,62,14.45%,AddaJa00,Jahleel Addae,sdg
SS,0,0%,518,49.43%,253,58.97%,PhilAd00,Adrian Phillips,sdg
SS,0,0%,76,7.25%,316,73.66%,JenkRa00,Rayshawn Jenkins,sdg
FS,0,0%,1041,99.33%,84,19.58%,BostTr00,Tre Boston,sdg
FS,0,0%,0,0%,46,10.72%,McCoDe00,Dexter McCoil,sdg
LS,0,0%,0,0%,148,34.50%,WindMi00,Mike Windt,sdg
K,0,0%,0,0%,29,6.76%,CoonTr00,Travis Coons,sdg
K,0,0%,0,0%,65,15.15%,novaknic01,Nick Novak,sdg
K,0,0%,0,0%,29,6.76%,KooxYo00,Younghoe Koo,sdg
K,0,0%,0,0%,18,4.20%,RoseNi00,Nick Rose,sdg
P,0,0%,0,0%,115,26.81%,KaseDr00,Drew Kaser,sdg
QB,932,90.22%,0,0%,0,0%,GoffJa00,Jared Goff,ram
QB,101,9.78%,0,0%,0,0%,MannSe00,Sean Mannion,ram
RB,788,76.28%,0,0%,0,0%,GurlTo01,Todd Gurley,ram
RB,149,14.42%,0,0%,138,27.77%,BrowMa03,Malcolm Brown,ram
RB,39,3.78%,0,0%,22,4.43%,DunbLa00,Lance Dunbar,ram
RB,6,.58%,0,0%,34,6.84%,DaviJu00,Justin Davis,ram
WR,645,62.44%,0,0%,1,.20%,WoodRo02,Robert Woods,ram
WR,736,71.25%,0,0%,6,1.21%,KuppCo00,Cooper Kupp,ram
WR,774,74.93%,0,0%,1,.20%,WatkSa00,Sammy Watkins,ram
WR,205,19.85%,0,0%,240,48.29%,CoopPh00,Pharoh Cooper,ram
WR,100,9.68%,0,0%,144,28.97%,ThomMi04,Mike Thomas,ram
WR,279,27.01%,0,0%,97,19.52%,ReynJo00,Josh Reynolds,ram
WR,228,22.07%,0,0%,33,6.64%,AustTa00,Tavon Austin,ram
TE,730,70.67%,0,0%,131,26.36%,HigbTy00,Tyler Higbee,ram
TE,185,17.91%,0,0%,242,48.69%,CarrDe00,Derek Carrier,ram
TE,297,28.75%,0,0%,39,7.85%,EverGe00,Gerald Everett,ram
TE,4,.39%,0,0%,39,7.85%,MundJo00,Johnny Mundt,ram
T,965,93.42%,0,0%,91,18.31%,HaveRo00,Rob Havenstein,ram
T,65,6.29%,0,0%,3,.60%,LucaCo01,Cornelius Lucas,ram
T,917,88.77%,0,0%,82,16.50%,WhitAn20,Andrew Whitworth,ram
T,121,11.71%,0,0%,94,18.91%,WillDa07,Darrell Williams,ram
G,1031,99.81%,0,0%,94,18.91%,BrowJa04,Jamon Brown,ram
G,944,91.38%,0,0%,89,17.91%,SaffRo20,Rodger Saffold,ram
C,65,6.29%,0,0%,3,.60%,NearAa00,Aaron Neary,ram
C,860,83.25%,0,0%,0,0%,SullJo24,John Sullivan,ram
C,197,19.07%,0,0%,94,18.91%,BlytAu00,Austin Blythe,ram
DE,0,0%,332,30.91%,11,2.21%,WestEt00,Ethan Westbrooks,ram
DE,0,0%,334,31.10%,94,18.91%,FoxxMo00,Morgan Fox,ram
DT,0,0%,790,73.56%,72,14.49%,DonaAa00,Aaron Donald,ram
DT,0,0%,728,67.78%,81,16.30%,BrocMi00,Michael Brockers,ram
DT,0,0%,306,28.49%,27,5.43%,SmarTa00,Tanzel Smart,ram
DT,0,0%,309,28.77%,84,16.90%,WalkTy00,Tyrunn Walker,ram
LB,0,0%,923,85.94%,63,12.68%,OgleAl00,Alec Ogletree,ram
LB,0,0%,825,76.82%,4,.80%,BarrMa00,Mark Barron,ram
LB,0,0%,656,61.08%,54,10.87%,BarwCo99,Connor Barwin,ram
LB,0,0%,18,1.68%,20,4.02%,SickGa00,Garrett Sickels,ram
LB,0,0%,277,25.79%,364,73.24%,LittCo01,Cory Littleton,ram
LB,0,0%,351,32.68%,257,51.71%,EbukSa00,Samson Ebukam,ram
LB,0,0%,153,14.25%,310,62.37%,HageBr00,Bryce Hager,ram
"DE,LB",0,0%,379,35.29%,91,18.31%,LongMa00,Matt Longacre,ram
LB,0,0%,631,58.75%,40,8.05%,QuinRo00,Robert Quinn,ram
LB,0,0%,21,1.96%,3,.60%,PricEj00,Ejuan Price,ram
LB,0,0%,10,.93%,57,11.47%,LyncCa00,Cameron Lynch,ram
LB,0,0%,51,4.75%,58,11.67%,ThomCa02,Carlos Thompson,ram
CB,0,0%,266,24.77%,154,30.99%,HillTr01,Troy Hill,ram
CB,0,0%,934,86.96%,22,4.43%,JohnTr05,Trumaine Johnson,ram
CB,0,0%,656,61.08%,99,19.92%,RobeNi00,Nickell Robey-Coleman,ram
CB,0,0%,552,51.40%,5,1.01%,WebsKa00,Kayvon Webster,ram
CB,0,0%,68,6.33%,206,41.45%,HatfDo00,Dominique Hatfield,ram
CB,0,0%,97,9.03%,112,22.54%,PeteKe01,Kevin Peterson,ram
SS,0,0%,226,21.04%,34,6.84%,AlexMa00,Maurice Alexander,ram
SS,0,0%,164,15.27%,325,65.39%,CounBl00,Blake Countess,ram
SS,0,0%,715,66.57%,177,35.61%,JohnJo10,John Johnson,ram
SS,0,0%,46,4.28%,256,51.51%,ChriMa00,Marqui Christian,ram
FS,0,0%,280,26.07%,118,23.74%,DaviCo02,Cody Davis,ram
FS,0,0%,26,2.42%,21,4.23%,JohnIs01,Isaiah Johnson,ram
FS,0,0%,688,64.06%,4,.80%,JoynLa00,Lamarcus Joyner,ram
LS,0,0%,0,0%,162,32.60%,McQuJa00,Jake McQuaide,ram
K,0,0%,0,0%,181,36.42%,ZuerGr00,Greg Zuerlein,ram
K,0,0%,0,0%,16,3.22%,FickSa00,Sam Ficken,ram
P,0,0%,0,0%,162,32.60%,HekkJo00,Johnny Hekker,ram
QB,1062,99.53%,0,0%,0,0%,WilsRu00,Russell Wilson,sea
QB,5,.47%,0,0%,0,0%,DaviAu00,Austin Davis,sea
RB,153,14.34%,0,0%,4,.84%,CarsCh00,Chris Carson,sea
RB,74,6.94%,0,0%,9,1.89%,ProsC.00,C.J. Prosise,sea
RB,218,20.43%,0,0%,1,.21%,RawlTh00,Thomas Rawls,sea
RB,175,16.40%,0,0%,0,0%,DaviMi01,Mike Davis,sea
RB,137,12.84%,0,0%,0,0%,LacyEd00,Eddie Lacy,sea
FB,67,6.28%,0,0%,150,31.45%,MaddTr01,Tre Madden,sea
WR,853,79.94%,0,0%,18,3.77%,BaldDo00,Doug Baldwin,sea
WR,817,76.57%,0,0%,6,1.26%,RichPa01,Paul Richardson,sea
WR,691,64.76%,0,0%,167,35.01%,LockTy00,Tyler Lockett,sea
WR,213,19.96%,0,0%,264,55.35%,McEvTa01,Tanner McEvoy,sea
WR,297,27.84%,0,0%,106,22.22%,McKiJ.00,J.D. McKissic,sea
WR,9,.84%,0,0%,1,.21%,MoorDa03,David Moore,sea
WR,191,17.90%,0,0%,159,33.33%,DarbAm00,Amara Darboh,sea
TE,729,68.32%,0,0%,11,2.31%,GrahJi00,Jimmy Graham,sea
TE,378,35.43%,0,0%,235,49.27%,WillLu00,Luke Willson,sea
TE,278,26.05%,0,0%,227,47.59%,VannNi00,Nick Vannett,sea
TE,2,.19%,0,0%,0,0%,SwooTy00,Tyrone Swoopes,sea
T,552,51.73%,0,0%,8,1.68%,BrowDu20,Duane Brown,sea
T,484,45.36%,0,0%,31,6.50%,OdhiRe00,Rees Odhiambo,sea
T,1067,100.00%,0,0%,69,14.47%,IfedGe00,Germain Ifedi,sea
T,81,7.59%,0,0%,94,19.71%,TobiMa00,Matt Tobin,sea
G,557,52.20%,0,0%,39,8.18%,AbouOd00,Oday Aboushi,sea
G,198,18.56%,0,0%,90,18.87%,GlowMa00,Mark Glowinski,sea
G,702,65.79%,0,0%,44,9.22%,JoecLu00,Luke Joeckel,sea
G,48,4.50%,0,0%,50,10.48%,RoosJo00,Jordan Roos,sea
C,1061,99.44%,0,0%,58,12.16%,BritJu00,Justin Britt,sea
C,638,59.79%,0,0%,87,18.24%,PociEt00,Ethan Pocic,sea
DE,0,0%,931,84.79%,6,1.26%,BennMi99,Michael Bennett,sea
DE,0,0%,151,13.75%,1,.21%,AvriCl99,Cliff Avril,sea
DE,0,0%,740,67.40%,23,4.82%,ClarFr01,Frank Clark,sea
DE,0,0%,135,12.30%,28,5.87%,JordDi00,Dion Jordan,sea
"DE,LB",0,0%,25,2.28%,20,4.19%,BassDa00,David Bass,sea
DE,0,0%,263,23.95%,46,9.64%,JackBr04,Branden Jackson,sea
DE,0,0%,101,9.20%,1,.21%,FreeDw00,Dwight Freeney,sea
DE,0,0%,253,23.04%,91,19.08%,SmitMa03,Marcus Smith,sea
DT,0,0%,654,59.56%,62,13.00%,RichSh00,Sheldon Richardson,sea
DT,0,0%,616,56.10%,57,11.95%,ReedJa02,Jarran Reed,sea
DT,0,0%,284,25.87%,42,8.81%,JoneNa00,Nazair Jones,sea
DT,0,0%,129,11.75%,6,1.26%,JeffQu00,Quinton Jefferson,sea
DT,0,0%,115,10.47%,6,1.26%,SmitGa01,Garrison Smith,sea
DT,0,0%,2,.18%,0,0%,CoexRo00,Rodney Coe,sea
LB,0,0%,1022,93.08%,74,15.51%,WagnBo00,Bobby Wagner,sea
LB,0,0%,956,87.07%,80,16.77%,WrigK.00,K.J. Wright,sea
LB,0,0%,195,17.76%,253,53.04%,GarvTe00,Terence Garvin,sea
LB,0,0%,306,27.87%,226,47.38%,WilhMi00,Michael Wilhoite,sea
LB,0,0%,3,.27%,47,9.85%,McDoDe01,Dewey McDonald,sea
LB,0,0%,20,1.82%,246,51.57%,AlexD.00,D.J. Alexander,sea
LB,0,0%,1,.09%,27,5.66%,ForrJo00,Josh Forrest,sea
LB,0,0%,0,0%,15,3.14%,PalaKa00,Kache Palacio,sea
LB,0,0%,0,0%,53,11.11%,DawsPa00,Paul Dawson,sea
LB,0,0%,0,0%,9,1.89%,MarcJu00,Justin March,sea
CB,0,0%,572,52.09%,38,7.97%,SherRi00,Richard Sherman,sea
CB,0,0%,875,79.69%,49,10.27%,GrifSh00,Shaquill Griffin,sea
CB,0,0%,473,43.08%,7,1.47%,MaxwBy00,Byron Maxwell,sea
CB,0,0%,654,59.56%,223,46.75%,ColeJu01,Justin Coleman,sea
CB,0,0%,22,2.00%,320,67.09%,ThorNe00,Neiko Thorpe,sea
CB,0,0%,0,0%,45,9.43%,SheaDe00,DeShawn Shead,sea
CB,0,0%,346,31.51%,84,17.61%,LaneJe00,Jeremy Lane,sea
SS,0,0%,598,54.46%,38,7.97%,ChanKa99,Kam Chancellor,sea
SS,0,0%,8,.73%,104,21.80%,ThomTe00,Tedric Thompson,sea
SS,0,0%,32,2.91%,280,58.70%,HillDe02,Lano Hill,sea
FS,0,0%,921,83.88%,0,0%,ThomEa99,Earl Thomas,sea
FS,0,0%,675,61.48%,236,49.48%,McDoBr01,Bradley McDougald,sea
LS,0,0%,0,0%,161,33.75%,OttxTy00,Tyler Ott,sea
K,0,0%,0,0%,147,30.82%,WalsBl00,Blair Walsh,sea
P,0,0%,0,0%,163,34.17%,RyanJo21,Jon Ryan,sea
QB,358,32.55%,0,0%,0,0%,HoyeBr00,Brian Hoyer,sfo
QB,351,31.91%,0,0%,0,0%,GaroJi00,Jimmy Garoppolo,sfo
QB,391,35.55%,0,0%,0,0%,BeatC.00,C.J. Beathard,sfo
RB,783,71.18%,0,0%,3,.65%,HydeCa00,Carlos Hyde,sfo
RB,310,28.18%,0,0%,168,36.21%,BreiMa00,Matt Breida,sfo
RB,0,0%,0,0%,26,5.60%,McNiJe00,Jeremy McNichols,sfo
RB,15,1.36%,0,0%,204,43.97%,MostRa00,Raheem Mostert,sfo
FB,394,35.82%,0,0%,67,14.44%,JuszKy00,Kyle Juszczyk,sfo
WR,430,39.09%,0,0%,0,0%,GarcPi00,Pierre Garcon,sfo
WR,769,69.91%,0,0%,1,.22%,GoodMa00,Marquise Goodwin,sfo
WR,494,44.91%,0,0%,72,15.52%,TaylTr02,Trent Taylor,sfo
WR,223,20.27%,0,0%,5,1.08%,MurpLo00,Louis Murphy,sfo
WR,439,39.91%,0,0%,83,17.89%,RobiAl00,Aldrick Robinson,sfo
WR,283,25.73%,0,0%,34,7.33%,BourKe00,Kendrick Bourne,sfo
WR,27,2.45%,0,0%,122,26.29%,BoldVi00,Victor Bolden,sfo
TE,592,53.82%,0,0%,6,1.29%,KittGe00,George Kittle,sfo
TE,560,50.91%,0,0%,228,49.14%,CeleGa00,Garrett Celek,sfo
TE,32,2.91%,0,0%,38,8.19%,HikuCo00,Cole Hikutini,sfo
TE,144,13.09%,0,0%,154,33.19%,PaulLo00,Logan Paulsen,sfo
T,983,89.36%,0,0%,66,14.22%,StalJo20,Joe Staley,sfo
T,670,60.91%,0,0%,33,7.11%,BrowTr02,Trent Brown,sfo
T,3,.27%,0,0%,34,7.33%,WillDa08,Darrell Williams,sfo
T,38,3.45%,0,0%,26,5.60%,GillGa01,Garry Gilliam,sfo
G,1084,98.55%,0,0%,65,14.01%,FuscBr00,Brandon Fusco,sfo
G,395,35.91%,0,0%,71,15.30%,BeadZa20,Zane Beadles,sfo
G,1043,94.82%,0,0%,46,9.91%,TomlLa01,Laken Tomlinson,sfo
"G,T",187,17.00%,0,0%,11,2.37%,MagnEr00,Erik Magnuson,sfo
C,1099,99.91%,0,0%,71,15.30%,KilgDa00,Daniel Kilgore,sfo
C,2,.18%,0,0%,0,0%,BarnTi01,Tim Barnes,sfo
DE,0,0%,304,27.02%,28,6.03%,ArmsAr01,Arik Armstead,sfo
DE,0,0%,221,19.64%,22,4.74%,DouzLe00,Leger Douzable,sfo
DE,0,0%,696,61.87%,58,12.50%,ThomSo00,Solomon Thomas,sfo
DE,0,0%,189,16.80%,117,25.22%,MarsCa00,Cassius Marsh,sfo
DE,0,0%,214,19.02%,15,3.23%,CarrCo00,Tank Carradine,sfo
DE,0,0%,88,7.82%,18,3.88%,JoneDa03,Datone Jones,sfo
DE,0,0%,157,13.96%,1,.22%,LyncAa00,Aaron Lynch,sfo
DE,0,0%,0,0%,28,6.03%,TaumPi00,Pita Taumoepenu,sfo
DE,0,0%,341,30.31%,9,1.94%,DumeEl20,Elvis Dumervil,sfo
DT,0,0%,863,76.71%,87,18.75%,BuckDe00,DeForest Buckner,sfo
DT,0,0%,140,12.44%,25,5.39%,BlaiRo00,Ronald Blair,sfo
DT,1,.09%,622,55.29%,74,15.95%,MitcEa99,Earl Mitchell,sfo
DT,0,0%,195,17.33%,2,.43%,DayxSh00,Sheldon Day,sfo
DT,0,0%,69,6.13%,0,0%,McDaTo20,Tony McDaniel,sfo
DT,0,0%,147,13.07%,43,9.27%,JoneD.01,D.J. Jones,sfo
DT,0,0%,103,9.16%,0,0%,CoopXa00,Xavier Cooper,sfo
LB,0,0%,354,31.47%,3,.65%,BowmNa99,NaVorro Bowman,sfo
LB,0,0%,427,37.96%,109,23.49%,ArmsRa01,Ray-Ray Armstrong,sfo
LB,0,0%,452,40.18%,231,49.78%,HaroEl00,Eli Harold,sfo
LB,0,0%,88,7.82%,288,62.07%,WatsDe99,Dekoda Watson,sfo
LB,0,0%,9,.80%,179,38.58%,NzeoMa00,Mark Nzeocha,sfo
LB,0,0%,18,1.60%,274,59.05%,LeexEl00,Elijah Lee,sfo
LB,0,0%,646,57.42%,191,41.16%,CoylBr00,Brock Coyle,sfo
LB,0,0%,553,49.16%,11,2.37%,FostRe00,Reuben Foster,sfo
CB,0,0%,1026,91.20%,197,42.46%,JohnDo02,Dontae Johnson,sfo
CB,0,0%,479,42.58%,69,14.87%,RobiRa00,Rashard Robinson,sfo
CB,0,0%,206,18.31%,52,11.21%,HallLe98,Leon Hall,sfo
CB,0,0%,632,56.18%,11,2.37%,WillKW00,K'Waun Williams,sfo
CB,0,0%,1,.09%,71,15.30%,JackAs00,Asa Jackson,sfo
CB,0,0%,660,58.67%,111,23.92%,WithAh00,Ahkello Witherspoon,sfo
CB,0,0%,0,0%,10,2.16%,ReasKe00,Keith Reaser,sfo
CB,0,0%,44,3.91%,74,15.95%,MabiGr00,Greg Mabin,sfo
SS,0,0%,736,65.42%,68,14.66%,ReidEr00,Eric Reid,sfo
SS,0,0%,595,52.89%,84,18.10%,TartJa00,Jaquiski Tartt,sfo
FS,0,0%,429,38.13%,36,7.76%,WardJi01,Jimmie Ward,sfo
FS,0,0%,11,.98%,136,29.31%,McCoDe00,Dexter McCoil,sfo
FS,0,0%,17,1.51%,52,11.21%,PoweTy01,Tyvis Powell,sfo
FS,0,0%,41,3.64%,23,4.96%,ExumAn00,Antone Exum,sfo
FS,0,0%,72,6.40%,44,9.48%,JeroLo00,Lorenzo Jerome,sfo
FS,0,0%,530,47.11%,168,36.21%,ColbAd00,Adrian Colbert,sfo
LS,0,0%,0,0%,148,31.90%,NelsKy00,Kyle Nelson,sfo
K,0,0%,0,0%,75,16.16%,gouldrob01,Robbie Gould,sfo
P,0,0%,0,0%,227,48.92%,PiniBr00,Bradley Pinion,sfo
QB,790,72.54%,0,0%,0,0%,WinsJa00,Jameis Winston,tam
QB,299,27.46%,0,0%,0,0%,FitzRy00,Ryan Fitzpatrick,tam
RB,168,15.43%,0,0%,144,33.80%,RodgJa00,Jacquizz Rodgers,tam
RB,287,26.35%,0,0%,0,0%,MartDo00,Doug Martin,tam
RB,254,23.32%,0,0%,192,45.07%,BarbPe01,Peyton Barber,tam
RB,380,34.89%,0,0%,36,8.45%,SimsCh00,Charles Sims,tam
WR,881,80.90%,0,0%,0,0%,EvanMi00,Mike Evans,tam
WR,681,62.53%,0,0%,25,5.87%,HumpAd00,Adam Humphries,tam
WR,446,40.96%,0,0%,195,45.77%,GodwCh00,Chris Godwin,tam
WR,609,55.92%,0,0%,0,0%,JackDe00,DeSean Jackson,tam
WR,64,5.88%,0,0%,115,27.00%,MartFr00,Freddie Martino,tam
WR,24,2.20%,0,0%,81,19.01%,ReedBe01,Bernard Reedy,tam
WR,19,1.74%,0,0%,18,4.23%,WilsJe00,Bobo Wilson,tam
TE,608,55.83%,0,0%,47,11.03%,HowaO.00,O.J. Howard,tam
TE,582,53.44%,0,0%,8,1.88%,BratCa00,Cameron Brate,tam
TE,116,10.65%,0,0%,90,21.13%,StocLu00,Luke Stocker,tam
"FB,TE",117,10.74%,0,0%,140,32.86%,CrosAl00,Alan Cross,tam
TE,168,15.43%,0,0%,104,24.41%,AuclAn00,Antony Auclair,tam
T,1059,97.25%,0,0%,64,15.02%,SmitDo02,Donovan Smith,tam
T,715,65.66%,0,0%,45,10.56%,DotsDe00,Demar Dotson,tam
T,359,32.97%,0,0%,48,11.27%,BeneCa00,Caleb Benenoch,tam
T,59,5.42%,0,0%,36,8.45%,WestLe00,Leonard Wester,tam
G,903,82.92%,0,0%,53,12.44%,SweeJ.00,J.R. Sweezy,tam
G,683,62.72%,0,0%,49,11.50%,DietEv00,Evan Dietrich-Smith,tam
G,782,71.81%,0,0%,56,13.15%,PampKe00,Kevin Pamphile,tam
G,0,0%,0,0%,2,.47%,LiedMi00,Mike Liedtke,tam
C,723,66.39%,0,0%,3,.70%,MarpAl00,Ali Marpet,tam
C,203,18.64%,0,0%,3,.70%,HawlJo20,Joe Hawley,tam
DE,0,0%,587,55.43%,42,9.86%,AyerRo99,Robert Ayers,tam
DE,0,0%,456,43.06%,71,16.67%,RussRy00,Ryan Russell,tam
DE,0,0%,247,23.32%,0,0%,SpenNo00,Noah Spence,tam
DE,0,0%,447,42.21%,75,17.61%,GholWi00,William Gholston,tam
DE,0,0%,56,5.29%,12,2.82%,TappDa20,Darryl Tapp,tam
DE,0,0%,313,29.56%,189,44.37%,ClarWi00,Will Clarke,tam
DE,0,0%,7,.66%,0,0%,SmitJa01,Jacquies Smith,tam
DE,0,0%,13,1.23%,8,1.88%,OConPa00,Pat O'Connor,tam
DT,0,0%,806,76.11%,65,15.26%,McCoGe99,Gerald McCoy,tam
DT,0,0%,461,43.53%,52,12.21%,McDoCl99,Clinton McDonald,tam
DT,0,0%,455,42.97%,11,2.58%,BakeCh99,Chris Baker,tam
DT,0,0%,117,11.05%,64,15.02%,SiliSe00,Sealver Siliga,tam
DT,0,0%,2,.19%,1,.23%,WardCh00,Channing Ward,tam
LB,0,0%,846,79.89%,102,23.94%,BeckKe00,Kendell Beckwith,tam
LB,0,0%,813,76.77%,62,14.55%,DaviLa00,Lavonte David,tam
LB,0,0%,284,26.82%,213,50.00%,GlanAd00,Adarius Taylor,tam
LB,0,0%,136,12.84%,255,59.86%,BondDe00,Devante Bond,tam
LB,0,0%,7,.66%,48,11.27%,BullRi00,Riley Bullough,tam
LB,0,0%,0,0%,17,3.99%,HarrNi00,Nigel Harris,tam
LB,0,0%,716,67.61%,55,12.91%,AlexKw00,Kwon Alexander,tam
LB,0,0%,1,.09%,197,46.24%,LyncCa00,Cameron Lynch,tam
CB,0,0%,502,47.40%,47,11.03%,HargVe00,Vernon Hargreaves III,tam
CB,0,0%,844,79.70%,16,3.76%,GrimBr20,Brent Grimes,tam
CB,0,0%,690,65.16%,139,32.63%,McClRo98,Robert McClain,tam
CB,0,0%,0,0%,41,9.62%,OlatAy00,Ayodeji Olatoye,tam
CB,0,0%,596,56.28%,151,35.45%,SmitRy00,Ryan Smith,tam
CB,0,0%,129,12.18%,88,20.66%,ElliJa01,Javien Elliott,tam
CB,0,0%,0,0%,3,.70%,RiveDa00,David Rivers,tam
SS,0,0%,771,72.80%,91,21.36%,ContCh00,Chris Conte,tam
SS,0,0%,716,67.61%,107,25.12%,EvanJu00,Justin Evans,tam
FS,0,0%,225,21.25%,222,52.11%,TandKe00,Keith Tandy,tam
FS,0,0%,405,38.24%,40,9.39%,WardT.99,T.J. Ward,tam
FS,0,0%,0,0%,68,15.96%,JohnIs00,Isaiah Johnson,tam
FS,0,0%,1,.09%,166,38.97%,RobiJo01,Josh Robinson,tam
LS,0,0%,0,0%,133,31.22%,SanbGa00,Garrison Sanborn,tam
K,0,0%,0,0%,39,9.15%,FolkNi20,Nick Folk,tam
K,0,0%,0,0%,104,24.41%,MurrPa01,Patrick Murray,tam
P,0,0%,0,0%,133,31.22%,AngeBr00,Bryan Anger,tam
QB,943,92.27%,0,0%,0,0%,MariMa01,Marcus Mariota,oti
QB,77,7.53%,0,0%,0,0%,CassMa00,Matt Cassel,oti
RB,647,63.31%,0,0%,0,0%,MurrDe00,DeMarco Murray,oti
RB,408,39.92%,0,0%,0,0%,HenrDe00,Derrick Henry,oti
RB,17,1.66%,0,0%,318,67.09%,FlueDa00,David Fluellen,oti
FB,94,9.20%,0,0%,1,.21%,FowlJa00,Jalston Fowler,oti
WR,733,71.72%,0,0%,4,.84%,DeckEr00,Eric Decker,oti
WR,749,73.29%,0,0%,0,0%,MattRi00,Rishard Matthews,oti
WR,517,50.59%,2,.18%,0,0%,DaviCo03,Corey Davis,oti
WR,23,2.25%,0,0%,0,0%,DougHa00,Harry Douglas,oti
WR,15,1.47%,0,0%,315,66.46%,WeemEr00,Eric Weems,oti
WR,246,24.07%,0,0%,101,21.31%,TaylTa00,Taywan Taylor,oti
TE,742,72.60%,0,0%,4,.84%,WalkHu00,Delanie Walker,oti
TE,552,54.01%,0,0%,99,20.89%,SmitJo01,Jonnu Smith,oti
TE,206,20.16%,0,0%,285,60.13%,SupePh00,Phillip Supernaw,oti
TE,58,5.68%,0,0%,26,5.49%,StocLu00,Luke Stocker,oti
T,1021,99.90%,0,0%,75,15.82%,ConkJa00,Jack Conklin,oti
T,935,91.49%,0,0%,71,14.98%,LewaTa00,Taylor Lewan,oti
T,180,17.61%,0,0%,75,15.82%,KellDe00,Dennis Kelly,oti
G,876,85.71%,0,0%,62,13.08%,SpaiQu00,Quinton Spain,oti
G,1021,99.90%,0,0%,75,15.82%,KlinJo01,Josh Kline,oti
C,1022,100.00%,0,0%,13,2.74%,JoneBe01,Ben Jones,oti
C,148,14.48%,0,0%,74,15.61%,SchwBr00,Brian Schwenke,oti
DE,0,0%,436,40.07%,109,23.00%,JoneDa04,DaQuan Jones,oti
DE,0,0%,111,10.20%,34,7.17%,KingDa00,David King,oti
DT,0,0%,866,79.60%,74,15.61%,CaseJu00,Jurrell Casey,oti
DT,0,0%,325,29.87%,138,29.11%,KlugKa00,Karl Klug,oti
NT,0,0%,319,29.32%,123,25.95%,JohnAu01,Austin Johnson,oti
NT,0,0%,349,32.08%,44,9.28%,WillSy00,Sylvester Williams,oti
LB,0,0%,716,65.81%,0,0%,MorgDe99,Derrick Morgan,oti
LB,0,0%,487,44.76%,212,44.73%,BrowJa06,Jayon Brown,oti
LB,0,0%,1016,93.38%,103,21.73%,WoodWe20,Wesley Woodyard,oti
LB,0,0%,837,76.93%,1,.21%,OrakBr99,Brian Orakpo,oti
LB,0,0%,654,60.11%,33,6.96%,WillAv00,Avery Williamson,oti
LB,0,0%,581,53.40%,75,15.82%,WaldEr99,Erik Walden,oti
LB,0,0%,18,1.65%,39,8.23%,WallAa00,Aaron Wallace,oti
LB,0,0%,92,8.46%,6,1.27%,DoddKe00,Kevin Dodd,oti
LB,0,0%,26,2.39%,171,36.08%,PalmNa01,Nate Palmer,oti
LB,0,0%,0,0%,378,79.75%,BateDa00,Daren Bates,oti
LB,0,0%,0,0%,2,.42%,CarrJo00,Josh Carraway,oti
CB,0,0%,921,84.65%,64,13.50%,RyanLo00,Logan Ryan,oti
CB,12,1.17%,1020,93.75%,225,47.47%,JackAd00,Adoree' Jackson,oti
CB,0,0%,413,37.96%,144,30.38%,McCaBr99,Brice McCain,oti
CB,0,0%,427,39.25%,178,37.55%,SimsLe00,LeShaun Sims,oti
CB,0,0%,125,11.49%,253,53.38%,SmitTy01,Tye Smith,oti
CB,0,0%,7,.64%,20,4.22%,ReedKa00,Kalan Reed,oti
SS,0,0%,605,55.61%,0,0%,CyprJo00,Johnathan Cyprien,oti
SS,0,0%,364,33.46%,161,33.97%,SearDa00,Da'Norris Searcy,oti
FS,0,0%,1085,99.72%,68,14.35%,ByarKe01,Kevin Byard,oti
FS,0,0%,161,14.80%,104,21.94%,RileCu00,Curtis Riley,oti
FS,0,0%,4,.37%,399,84.18%,TrawBr00,Brynden Trawick,oti
LS,0,0%,0,0%,151,31.86%,BrinBe00,Beau Brinkley,oti
K,0,0%,0,0%,155,32.70%,SuccRy44,Ryan Succop,oti
P,0,0%,0,0%,151,31.86%,KernBr20,Brett Kern,oti
QB,1017,93.91%,0,0%,0,0%,MannEl00,Eli Manning,nyg
QB,66,6.09%,0,0%,0,0%,SmitGe00,Geno Smith,nyg
RB,324,29.92%,0,0%,71,15.78%,VereSh00,Shane Vereen,nyg
RB,323,29.82%,0,0%,174,38.67%,GallWa00,Wayne Gallman,nyg
RB,123,11.36%,0,0%,101,22.44%,PerkPa00,Paul Perkins,nyg
RB,314,28.99%,0,0%,62,13.78%,DarkOr00,Orleans Darkwa,nyg
FB,50,4.62%,0,0%,192,42.67%,SmitSh02,Shane Smith,nyg
WR,64,5.91%,0,0%,0,0%,BundMa00,Marquis Bundy,nyg
WR,687,63.43%,0,0%,0,0%,ShepSt00,Sterling Shepard,nyg
WR,695,64.17%,0,0%,65,14.44%,LewiRo03,Roger Lewis,nyg
WR,256,23.64%,0,0%,0,0%,MarsBr00,Brandon Marshall,nyg
WR,48,4.43%,0,0%,0,0%,PoweDa02,Darius Powe,nyg
WR,393,36.29%,0,0%,2,.44%,KingTa00,Tavarres King,nyg
WR,211,19.48%,0,0%,4,.89%,BeckOd00,Odell Beckham Jr.,nyg
WR,79,7.29%,0,0%,19,4.22%,SharHu01,Hunter Sharp,nyg
WR,252,23.27%,0,0%,0,0%,RudoTr00,Travis Rudolph,nyg
WR,33,3.05%,0,0%,97,21.56%,RaymKa00,Kalif Raymond,nyg
WR,8,.74%,0,0%,88,19.56%,HarrDw00,Dwayne Harris,nyg
WR,11,1.02%,0,0%,11,2.44%,EagaEd00,Ed Eagan,nyg
TE,777,71.75%,0,0%,115,25.56%,EngrEv00,Evan Engram,nyg
TE,538,49.68%,0,0%,224,49.78%,ElliRh00,Rhett Ellison,nyg
TE,38,3.51%,0,0%,2,.44%,LaCoMa00,Matt LaCosse,nyg
TE,7,.65%,0,0%,0,0%,OMalRy00,Ryan O'Malley,nyg
TE,173,15.97%,0,0%,208,46.22%,AdamJe01,Jerell Adams,nyg
T,78,7.20%,0,0%,2,.44%,BisnAd00,Adam Bisnowaty,nyg
T,523,48.29%,0,0%,6,1.33%,HartBo00,Bobby Hart,nyg
T,1001,92.43%,0,0%,44,9.78%,FlowEr00,Ereck Flowers,nyg
T,261,24.10%,0,0%,33,7.33%,WheeCh00,Chad Wheeler,nyg
G,436,40.26%,0,0%,22,4.89%,PughJu00,Justin Pugh,nyg
G,958,88.46%,0,0%,46,10.22%,JerrJo20,John Jerry,nyg
G,105,9.70%,0,0%,16,3.56%,GrecJo20,John Greco,nyg
G,446,41.18%,0,0%,29,6.44%,FlukDJ00,D.J. Fluker,nyg
G,403,37.21%,0,0%,25,5.56%,HalaJo00,Jon Halapio,nyg
C,241,22.25%,0,0%,0,0%,RichWe00,Weston Richburg,nyg
C,966,89.20%,0,0%,17,3.78%,JoneBr04,Brett Jones,nyg
DE,0,0%,698,63.34%,47,10.44%,VernOl00,Olivier Vernon,nyg
DE,0,0%,1010,91.65%,60,13.33%,PierJa99,Jason Pierre-Paul,nyg
DE,0,0%,11,1.00%,16,3.56%,WillJo05,Jordan Williams,nyg
DE,0,0%,0,0%,77,17.11%,CapiNo00,Nordly Capi,nyg
DE,0,0%,82,7.44%,26,5.78%,OkwaRo01,Romeo Okwara,nyg
DE,0,0%,10,.91%,9,2.00%,TaylDe00,Devin Taylor,nyg
DE,1,.09%,252,22.87%,164,36.44%,WynnKe00,Kerry Wynn,nyg
DE,0,0%,248,22.50%,18,4.00%,MossAv00,Avery Moss,nyg
DT,0,0%,588,53.36%,114,25.33%,TomlDa00,Dalvin Tomlinson,nyg
DT,0,0%,644,58.44%,11,2.44%,HarrDa03,Damon Harrison,nyg
DT,7,.65%,235,21.32%,52,11.56%,ThomRo04,Robert Thomas,nyg
DT,0,0%,425,38.57%,30,6.67%,BromJa00,Jay Bromley,nyg
LB,0,0%,374,33.94%,12,2.67%,GoodB.00,B.J. Goodson,nyg
LB,0,0%,456,41.38%,15,3.33%,CasiJo99,Jonathan Casillas,nyg
LB,0,0%,292,26.50%,5,1.11%,RobiKe01,Keenan Robinson,nyg
LB,0,0%,544,49.36%,143,31.78%,KennDe00,Devon Kennard,nyg
LB,0,0%,386,35.03%,3,.67%,ShepKe00,Kelvin Sheppard,nyg
LB,0,0%,4,.36%,54,12.00%,HarrNi00,Nigel Harris,nyg
LB,0,0%,0,0%,38,8.44%,ThomJ.02,J.T. Thomas,nyg
LB,0,0%,53,4.81%,93,20.67%,ArmsRa01,Ray-Ray Armstrong,nyg
LB,0,0%,0,0%,49,10.89%,SkinDe00,Deontae Skinner,nyg
LB,0,0%,388,35.21%,209,46.44%,MunsCa00,Calvin Munson,nyg
LB,0,0%,4,.36%,113,25.11%,AyerAk00,Akeem Ayers,nyg
LB,0,0%,109,9.89%,214,47.56%,GranCu01,Curtis Grant,nyg
LB,0,0%,0,0%,11,2.44%,MathDe00,Derrick Mathews,nyg
CB,0,0%,619,56.17%,15,3.33%,JenkJa03,Jackrabbit Jenkins,nyg
CB,0,0%,649,58.89%,75,16.67%,ApplEl00,Eli Apple,nyg
CB,0,0%,256,23.23%,5,1.11%,DixoBr00,Brandon Dixon,nyg
CB,0,0%,606,54.99%,152,33.78%,RodgDo99,Dominique Rodgers-Cromartie,nyg
CB,0,0%,94,8.53%,19,4.22%,DeayDo01,Donte Deayon,nyg
CB,0,0%,113,10.25%,43,9.56%,MorrDa01,Darryl Morris,nyg
CB,0,0%,4,.36%,20,4.44%,HuntMi00,Michael Hunter,nyg
CB,0,0%,679,61.62%,114,25.33%,CockRo00,Ross Cockrell,nyg
SS,0,0%,907,82.30%,95,21.11%,CollLa00,Landon Collins,nyg
SS,0,0%,5,.45%,49,10.89%,MurpRy00,Ryan Murphy,nyg
SS,0,0%,40,3.63%,267,59.33%,BerhNa00,Nat Berhe,nyg
FS,0,0%,1064,96.55%,115,25.56%,ThomDa05,Darian Thompson,nyg
FS,0,0%,274,24.86%,316,70.22%,AdamAn00,Andrew Adams,nyg
FS,0,0%,0,0%,1,.22%,ScotTi00,Tim Scott,nyg
LS,0,0%,0,0%,147,32.67%,DeOsZa99,Zak DeOssie,nyg
K,0,0%,0,0%,110,24.44%,RosaAl00,Aldrick Rosas,nyg
P,0,0%,0,0%,147,32.67%,WingBr00,Brad Wing,nyg
QB,819,79.05%,0,0%,0,0%,McCoJo01,Josh McCown,nyj
QB,217,20.95%,0,0%,0,0%,PettBr01,Bryce Petty,nyj
RB,401,38.71%,0,0%,65,13.83%,PoweBi00,Bilal Powell,nyj
RB,361,34.85%,0,0%,0,0%,FortMa00,Matt Forte,nyj
RB,13,1.25%,0,0%,15,3.19%,CadeTr00,Travaris Cadet,nyj
RB,267,25.77%,0,0%,94,20.00%,McGuEl00,Elijah McGuire,nyj
WR,810,78.19%,0,0%,0,0%,AndeRo04,Robbie Chosen,nyj
WR,879,84.85%,0,0%,4,.85%,KearJe01,Jermaine Kearse,nyj
WR,277,26.74%,0,0%,40,8.51%,KerlJe00,Jeremy Kerley,nyj
WR,231,22.30%,0,0%,132,28.09%,StewAr00,ArDarius Stewart,nyj
WR,28,2.70%,0,0%,56,11.91%,PeakCh00,Charone Peake,nyj
WR,341,32.92%,0,0%,34,7.23%,HansCh00,Chad Hansen,nyj
WR,21,2.03%,0,0%,80,17.02%,NatsJo00,Jojo Natson,nyj
WR,0,0%,0,0%,21,4.47%,RaymKa00,Kalif Raymond,nyj
TE,101,9.75%,0,0%,17,3.62%,TyexWi00,Will Tye,nyj
TE,653,63.03%,0,0%,12,2.55%,SefeAu00,Austin Seferian-Jenkins,nyj
TE,411,39.67%,0,0%,189,40.21%,TomlEr01,Eric Tomlinson,nyj
"TE,WR",100,9.65%,0,0%,133,28.30%,SterNe00,Neal Sterling,nyj
T,697,67.28%,0,0%,29,6.17%,ShelBr00,Brandon Shell,nyj
T,1035,99.90%,0,0%,25,5.32%,BeacKe00,Kelvin Beachum,nyj
T,394,38.03%,0,0%,114,24.26%,QvalBr01,Brent Qvale,nyj
T,56,5.41%,0,0%,42,8.94%,IjalBe00,Ben Ijalana,nyj
G,807,77.90%,0,0%,26,5.53%,WintBr00,Brian Winters,nyj
G,1036,100.00%,0,0%,61,12.98%,CarpJa00,James Carpenter,nyj
G,249,24.03%,0,0%,61,12.98%,DoziDa00,Dakota Dozier,nyj
C,938,90.54%,0,0%,0,0%,JohnWe00,Wesley Johnson,nyj
C,103,9.94%,0,0%,43,9.15%,HarrJo03,Jonotthan Harrison,nyj
DE,0,0%,877,78.58%,77,16.38%,WillLe02,Leonard Williams,nyj
DE,0,0%,698,62.54%,48,10.21%,WilkMu00,Muhammad Wilkerson,nyj
DE,0,0%,452,40.50%,39,8.30%,EalyKo00,Kony Ealy,nyj
"DE,FB",151,14.58%,24,2.15%,147,31.28%,ThomLa04,Lawrence Thomas,nyj
DE,0,0%,17,1.52%,0,0%,PeloCl00,Claude Pelon,nyj
DT,0,0%,51,4.57%,0,0%,StinEd00,Ed Stinson,nyj
DT,0,0%,203,18.19%,2,.43%,CoopXa00,Xavier Cooper,nyj
NT,0,0%,487,43.64%,74,15.74%,McLeSt00,Steve McLendon,nyj
NT,0,0%,303,27.15%,125,26.60%,PennMi00,Mike Pennel,nyj
LB,0,0%,1116,100.00%,109,23.19%,DaviDe00,Demario Davis,nyj
LB,0,0%,1026,91.94%,85,18.09%,LeexDa00,Darron Lee,nyj
LB,0,0%,489,43.82%,269,57.23%,MartJo02,Josh Martin,nyj
LB,0,0%,715,64.07%,144,30.64%,JenkJo01,Jordan Jenkins,nyj
LB,0,0%,91,8.15%,387,82.34%,StanJu00,Julian Stanford,nyj
LB,0,0%,22,1.97%,88,18.72%,GwacOb00,Obum Gwacham,nyj
LB,0,0%,0,0%,18,3.83%,RobiEd00,Edmond Robinson,nyj
LB,0,0%,326,29.21%,148,31.49%,BassDa00,David Bass,nyj
LB,0,0%,53,4.75%,38,8.09%,DonaDy00,Dylan Donahue,nyj
LB,0,0%,97,8.69%,16,3.40%,BishFr00,Freddie Bishop,nyj
LB,0,0%,10,.90%,254,54.04%,CartBr00,Bruce Carter,nyj
CB,0,0%,1011,90.59%,81,17.23%,SkriBu00,Buster Skrine,nyj
CB,0,0%,920,82.44%,10,2.13%,ClaiMo00,Morris Claiborne,nyj
CB,0,0%,41,3.67%,28,5.96%,NelsRo00,Robert Nelson,nyj
CB,0,0%,336,30.11%,185,39.36%,BurrJu00,Juston Burris,nyj
CB,0,0%,38,3.41%,67,14.26%,WillMa03,Marcus Williams,nyj
CB,0,0%,467,41.85%,145,30.85%,RobeDa00,Darryl Roberts,nyj
CB,0,0%,20,1.79%,45,9.57%,RobiRa00,Rashard Robinson,nyj
CB,0,0%,3,.27%,7,1.49%,ColeXa00,Xavier Coleman,nyj
CB,0,0%,0,0%,5,1.06%,ClarJe04,Jeremy Clark,nyj
CB,0,0%,0,0%,18,3.83%,JoneDe02,Derrick Jones,nyj
SS,0,0%,1101,98.66%,104,22.13%,AdamJa00,Jamal Adams,nyj
SS,0,0%,92,8.24%,292,62.13%,BrooTe00,Terrence Brooks,nyj
FS,0,0%,1064,95.34%,50,10.64%,MayeMa00,Marcus Maye,nyj
FS,0,0%,124,11.11%,326,69.36%,MileRo00,Rontez Miles,nyj
LS,0,0%,0,0%,150,31.91%,HennTh00,Thomas Hennessy,nyj
K,0,0%,0,0%,132,28.09%,CataCh00,Chandler Catanzaro,nyj
P,0,0%,0,0%,158,33.62%,EdwaLa01,Lac Edwards,nyj
QB,881,77.90%,0,0%,0,0%,WentCa00,Carson Wentz,phi
QB,40,3.54%,0,0%,0,0%,SudfNa00,Nate Sudfeld,phi
QB,210,18.57%,0,0%,0,0%,FoleNi00,Nick Foles,phi
RB,89,7.87%,0,0%,11,2.41%,SproDa00,Darren Sproles,phi
RB,173,15.30%,0,0%,47,10.31%,SmalWe00,Wendell Smallwood,phi
RB,354,31.30%,0,0%,0,0%,BlouLe00,LeGarrette Blount,phi
RB,187,16.53%,0,0%,0,0%,AjayJa00,Jay Ajayi,phi
RB,256,22.63%,0,0%,290,63.60%,ClemCo00,Corey Clement,phi
RB,77,6.81%,0,0%,125,27.41%,BarnKe00,Kenjon Barner,phi
WR,927,81.96%,2,.19%,0,0%,JeffAl00,Alshon Jeffery,phi
WR,735,64.99%,0,0%,2,.44%,SmitTo02,Torrey Smith,phi
WR,811,71.71%,0,0%,0,0%,AghoNe00,Nelson Agholor,phi
WR,146,12.91%,0,0%,59,12.94%,JohnMa07,Marcus Johnson,phi
WR,287,25.38%,0,0%,231,50.66%,HollMa00,Mack Hollins,phi
WR,17,1.50%,0,0%,43,9.43%,GibsSh00,Shelton Gibson,phi
TE,776,68.61%,0,0%,83,18.20%,ErtzZa00,Zach Ertz,phi
TE,465,41.11%,0,0%,152,33.33%,CeleBr00,Brent Celek,phi
TE,300,26.53%,0,0%,308,67.54%,BurtTr01,Trey Burton,phi
T,964,85.23%,0,0%,69,15.13%,JohnLa01,Lane Johnson,phi
T,829,73.30%,0,0%,80,17.54%,VaitHa00,Halapoulivaati Vaitai,phi
T,40,3.54%,0,0%,0,0%,BeatWi20,Will Beatty,phi
T,423,37.40%,0,0%,0,0%,PeteJa21,Jason Peters,phi
G,285,25.20%,0,0%,68,14.91%,SeumIs00,Isaac Seumalo,phi
G,1077,95.23%,0,0%,80,17.54%,BrooBr00,Brandon Brooks,phi
G,316,27.94%,0,0%,41,8.99%,WarmCh00,Chance Warmack,phi
C,1079,95.40%,0,0%,0,0%,KelcJa00,Jason Kelce,phi
"C,G",697,61.63%,0,0%,64,14.04%,WisnSt01,Stefen Wisniewski,phi
DE,0,0%,663,64.37%,62,13.60%,GrahBr99,Brandon Graham,phi
DE,0,0%,576,55.92%,64,14.04%,CurrVi00,Vinny Curry,phi
DE,0,0%,424,41.17%,76,16.67%,BarnDe01,Derek Barnett,phi
DE,0,0%,496,48.16%,29,6.36%,LongCh99,Chris Long,phi
DE,0,0%,53,5.15%,50,10.96%,MeanSt00,Steven Means,phi
DT,0,0%,607,58.93%,6,1.32%,CoxxFl00,Fletcher Cox,phi
DT,0,0%,493,47.86%,55,12.06%,JernTi00,Timmy Jernigan,phi
DT,0,0%,423,41.07%,136,29.82%,AlleBe00,Beau Allen,phi
DT,0,0%,231,22.43%,13,2.85%,VaeaDe01,Destiny Vaeao,phi
DT,0,0%,44,4.27%,4,.88%,HamiJu00,Justin Hamilton,phi
DT,0,0%,104,10.10%,11,2.41%,QualEl00,Elijah Qualls,phi
LB,0,0%,268,26.02%,19,4.17%,HickJo00,Jordan Hicks,phi
LB,0,0%,922,89.51%,59,12.94%,BradNi00,Nigel Bradham,phi
LB,0,0%,614,59.61%,61,13.38%,KendMy00,Mychal Kendricks,phi
LB,0,0%,12,1.17%,66,14.47%,BramBr00,Bryan Braman,phi
LB,0,0%,85,8.25%,343,75.22%,GrugKa00,Kamu Grugier-Hill,phi
LB,0,0%,200,19.42%,294,64.47%,GoodNa00,Najee Goode,phi
LB,0,0%,20,1.94%,180,39.47%,GerrNa00,Nathan Gerry,phi
LB,0,0%,97,9.42%,127,27.85%,WalkJo01,Joe Walker,phi
LB,0,0%,76,7.38%,10,2.19%,ElleDa99,Dannell Ellerbe,phi
CB,0,0%,931,90.39%,63,13.82%,MillJa02,Jalen Mills,phi
CB,0,0%,710,68.93%,156,34.21%,RobiPa99,Patrick Robinson,phi
CB,0,0%,422,40.97%,82,17.98%,DougRa00,Rasul Douglas,phi
CB,0,0%,29,2.82%,7,1.54%,JoneSi00,Sidney Jones,phi
CB,0,0%,379,36.80%,9,1.97%,DarbRo00,Ronald Darby,phi
CB,0,0%,53,5.15%,135,29.61%,McDoDe00,Dexter McDougle,phi
SS,0,0%,947,91.94%,144,31.58%,JenkMa99,Malcolm Jenkins,phi
SS,0,0%,168,16.31%,164,35.96%,WatkJa01,Jaylen Watkins,phi
SS,0,0%,70,6.80%,126,27.63%,MaraCh99,Chris Maragos,phi
SS,0,0%,0,0%,7,1.54%,ElstTr01,Trae Elston,phi
FS,0,0%,844,81.94%,53,11.62%,McLeRo00,Rodney McLeod,phi
FS,0,0%,367,35.63%,180,39.47%,GrahCo99,Corey Graham,phi
LS,0,0%,0,0%,149,32.68%,LovaRi00,Rick Lovato,phi
K,0,0%,0,0%,11,2.41%,SturCa00,Caleb Sturgis,phi
K,0,0%,0,0%,159,34.87%,ElliJa03,Jake Elliott,phi
P,0,0%,0,0%,149,32.68%,JoneDo21,Donnie Jones,phi
QB,1036,93.67%,0,0%,0,0%,RoetBe00,Ben Roethlisberger,pit
QB,70,6.33%,0,0%,0,0%,JoneLa02,Landry Jones,pit
RB,943,85.26%,0,0%,2,.45%,BellLe00,Le'Veon Bell,pit
RB,39,3.53%,0,0%,91,20.59%,TousFi00,Fitzgerald Toussaint,pit
RB,6,.54%,0,0%,147,33.26%,WatsTe00,Terrell Watson,pit
RB,68,6.15%,0,0%,69,15.61%,ConnJa00,James Conner,pit
RB,39,3.53%,0,0%,0,0%,RidlSt00,Stevan Ridley,pit
FB,181,16.37%,0,0%,306,69.23%,NixxRo01,Roosevelt Nix,pit
WR,888,80.29%,0,0%,42,9.50%,BrowAn04,Antonio Brown,pit
WR,681,61.57%,0,0%,22,4.98%,BryaMa00,Martavis Bryant,pit
WR,387,34.99%,0,0%,43,9.73%,RogeEl00,Eli Rogers,pit
WR,704,63.65%,0,0%,51,11.54%,SmitJu00,JuJu Smith-Schuster,pit
WR,89,8.05%,0,0%,232,52.49%,HeywDa00,Darrius Heyward-Bey,pit
WR,66,5.97%,0,0%,0,0%,HuntJu00,Justin Hunter,pit
TE,906,81.92%,0,0%,77,17.42%,JameJe00,Jesse James,pit
TE,271,24.50%,0,0%,37,8.37%,McDoVa00,Vance McDonald,pit
TE,169,15.28%,0,0%,42,9.50%,GrimXa00,Xavier Grimble,pit
T,397,35.90%,0,0%,26,5.88%,GilbMa00,Marcus Gilbert,pit
T,1077,97.38%,0,0%,73,16.52%,VillAl00,Alejandro Villanueva,pit
T,780,70.52%,0,0%,84,19.00%,HubbCh00,Chris Hubbard,pit
T,48,4.34%,0,0%,0,0%,HawkJe00,Jerald Hawkins,pit
T,75,6.78%,0,0%,11,2.49%,FeilMa00,Matt Feiler,pit
G,928,83.91%,0,0%,65,14.71%,FostRa21,Ramon Foster,pit
G,1047,94.67%,0,0%,74,16.74%,DeCaDa00,David DeCastro,pit
C,1036,93.67%,0,0%,0,0%,PounMa20,Maurkice Pouncey,pit
C,235,21.25%,0,0%,63,14.25%,FinnB.01,B.J. Finney,pit
DE,0,0%,782,79.71%,123,27.83%,HeywCa01,Cameron Heyward,pit
DE,0,0%,434,44.24%,39,8.82%,AluaTy99,Tyson Alualu,pit
DE,0,0%,144,14.68%,89,20.14%,WaltLe00,Leterrius Walton,pit
DE,0,0%,570,58.10%,88,19.91%,TuitSt00,Stephon Tuitt,pit
NT,0,0%,455,46.38%,20,4.52%,HargJa00,Javon Hargrave,pit
"DT,NT",0,0%,13,1.33%,5,1.13%,McCuDa00,Daniel McCullers,pit
LB,0,0%,269,27.42%,317,71.72%,ChicAn00,Anthony Chickillo,pit
LB,0,0%,751,76.55%,149,33.71%,WattT.00,T.J. Watt,pit
LB,0,0%,671,68.40%,36,8.14%,ShazRy00,Ryan Shazier,pit
LB,0,0%,795,81.04%,49,11.09%,DuprAl00,Bud Dupree,pit
LB,0,0%,734,74.82%,136,30.77%,WillVi01,Vince Williams,pit
LB,0,0%,164,16.72%,20,4.52%,SpenSe00,Sean Spence,pit
LB,0,0%,0,0%,22,4.98%,JohnSt02,Steven Johnson,pit
LB,0,0%,77,7.85%,285,64.48%,FortL.00,L.J. Fort,pit
LB,0,0%,60,6.12%,281,63.57%,MataTy00,Tyler Matakevich,pit
LB,0,0%,84,8.56%,96,21.72%,MoatAr00,Arthur Moats,pit
LB,0,0%,40,4.08%,0,0%,HarrJa23,James Harrison,pit
CB,0,0%,613,62.49%,41,9.28%,HadeJo99,Joe Haden,pit
CB,0,0%,974,99.29%,132,29.86%,BurnAr00,Artie Burns,pit
CB,0,0%,577,58.82%,129,29.19%,HiltMi01,Mike Hilton,pit
CB,0,0%,266,27.12%,0,0%,GayxWi99,William Gay,pit
CB,0,0%,0,0%,81,18.33%,AlleBr01,Brian Allen,pit
CB,0,0%,241,24.57%,137,31.00%,SensCo00,Coty Sensabaugh,pit
SS,0,0%,948,96.64%,115,26.02%,DaviSe00,Sean Davis,pit
SS,0,0%,205,20.90%,300,67.87%,GoldRo00,Robert Golden,pit
FS,0,0%,679,69.22%,45,10.18%,MitcMi99,Mike Mitchell,pit
FS,0,0%,134,13.66%,73,16.52%,WilcJ.00,J.J. Wilcox,pit
DB,0,0%,113,11.52%,37,8.37%,SuttCa00,Cameron Sutton,pit
LS,0,0%,0,0%,145,32.81%,CanaKa00,Kameron Canaday,pit
K,0,0%,0,0%,168,38.01%,BoswCh00,Chris Boswell,pit
P,0,0%,0,0%,145,32.81%,BerrJo00,Jordan Berry,pit
QB,1116,97.98%,0,0%,0,0%,BradTo00,Tom Brady,nwe
QB,23,2.02%,0,0%,0,0%,HoyeBr00,Brian Hoyer,nwe
RB,383,33.63%,0,0%,6,1.33%,WhitJa02,James White,nwe
RB,171,15.01%,0,0%,0,0%,GillMi00,Mike Gillislee,nwe
RB,42,3.69%,0,0%,271,60.09%,BoldBr00,Brandon Bolden,nwe
RB,195,17.12%,0,0%,102,22.62%,BurkRe00,Rex Burkhead,nwe
RB,405,35.56%,0,0%,65,14.41%,LewiDi00,Dion Lewis,nwe
FB,344,30.20%,0,0%,168,37.25%,DeveJa00,James Develin,nwe
WR,591,51.89%,0,0%,10,2.22%,HogaCh00,Chris Hogan,nwe
WR,1056,92.71%,0,0%,2,.44%,CookBr00,Brandin Cooks,nwe
WR,568,49.87%,0,0%,67,14.86%,AmenDa00,Danny Amendola,nwe
WR,377,33.10%,0,0%,0,0%,DorsPh00,Phillip Dorsett,nwe
WR,13,1.14%,0,0%,126,27.94%,SlatMa00,Matthew Slater,nwe
WR,40,3.51%,0,0%,0,0%,BritKe00,Kenny Britt,nwe
WR,0,0%,0,0%,5,1.11%,ReedBe01,Bernard Reedy,nwe
TE,903,79.28%,1,.09%,4,.89%,GronRo00,Rob Gronkowski,nwe
TE,475,41.70%,0,0%,59,13.08%,AlleDw00,Dwayne Allen,nwe
TE,86,7.55%,0,0%,188,41.69%,HollJa03,Jacob Hollister,nwe
TE,24,2.11%,0,0%,0,0%,BennMa00,Martellus Bennett,nwe
T,478,41.97%,0,0%,34,7.54%,CannMa00,Marcus Cannon,nwe
T,1114,97.81%,0,0%,89,19.73%,SoldNa00,Nate Solder,nwe
T,334,29.32%,0,0%,62,13.75%,WaddLa01,LaAdrian Waddle,nwe
T,369,32.40%,0,0%,65,14.41%,FlemCa00,Cameron Fleming,nwe
G,1136,99.74%,0,0%,89,19.73%,MasoSh01,Shaq Mason,nwe
G,1134,99.56%,0,0%,87,19.29%,ThunJo00,Joe Thuney,nwe
G,8,.70%,0,0%,1,.22%,CrosCo00,Cole Croston,nwe
C,990,86.92%,0,0%,0,0%,AndrDa00,David Andrews,nwe
C,151,13.26%,0,0%,88,19.51%,KarrTe00,Ted Karras,nwe
DE,0,0%,802,75.66%,0,0%,FlowTr00,Trey Flowers,nwe
DE,0,0%,266,25.09%,150,33.26%,MarsCa00,Cassius Marsh,nwe
DE,0,0%,582,54.91%,166,36.81%,GuyxLa00,Lawrence Guy,nwe
DE,0,0%,281,26.51%,11,2.44%,LeexEr00,Eric Lee,nwe
DE,0,0%,543,51.23%,33,7.32%,WiseDe00,Deatrich Wise Jr.,nwe
DT,0,0%,537,50.66%,50,11.09%,BrowMa01,Malcom Brown,nwe
DT,0,0%,274,25.85%,105,23.28%,BranAl99,Alan Branch,nwe
DT,0,0%,473,44.62%,55,12.20%,ButlAd00,Adam Butler,nwe
DT,0,0%,88,8.30%,5,1.11%,JeanRi99,Ricky Jean-Francois,nwe
LB,0,0%,710,66.98%,76,16.85%,VanNKy00,Kyle Van Noy,nwe
LB,0,0%,237,22.36%,20,4.43%,HighDo01,Dont'a Hightower,nwe
LB,0,0%,27,2.55%,7,1.55%,HarrJa23,James Harrison,nwe
LB,0,0%,283,26.70%,209,46.34%,FlowMa00,Marquis Flowers,nwe
"DE,LB",0,0%,26,2.45%,153,33.92%,GrisGe00,Geneo Grissom,nwe
LB,0,0%,558,52.64%,54,11.97%,RobeEl00,Elandon Roberts,nwe
LB,0,0%,6,.57%,12,2.66%,LangHa00,Harvey Langi,nwe
LB,0,0%,18,1.70%,0,0%,FreeJo01,Jonathan Freeny,nwe
LB,0,0%,57,5.38%,94,20.84%,ReilTr00,Trevor Reilly,nwe
LB,0,0%,14,1.32%,79,17.52%,GrigNi01,Nicholas Grigsby,nwe
LB,0,0%,181,17.08%,12,2.66%,HarrDa99,David Harris,nwe
CB,0,0%,816,76.98%,32,7.10%,GilmSt00,Stephon Gilmore,nwe
CB,0,0%,1037,97.83%,0,0%,ButlMa01,Malcolm Butler,nwe
CB,0,0%,259,24.43%,13,2.88%,RoweEr00,Eric Rowe,nwe
CB,0,0%,439,41.42%,289,64.08%,JoneJo03,Jonathan Jones,nwe
CB,0,0%,214,20.19%,284,62.97%,BadeJo00,Johnson Bademosi,nwe
SS,0,0%,272,25.66%,309,68.51%,RichJo00,Jordan Richards,nwe
SS,0,0%,928,87.55%,146,32.37%,ChunPa99,Patrick Chung,nwe
SS,0,0%,0,0%,172,38.14%,EbneNa00,Nate Ebner,nwe
FS,3,.26%,1029,97.08%,110,24.39%,McCoDe99,Devin McCourty,nwe
FS,0,0%,702,66.23%,12,2.66%,HarmDu00,Duron Harmon,nwe
FS,0,0%,0,0%,236,52.33%,KingBr02,Brandon King,nwe
LS,0,0%,0,0%,147,32.59%,CardJo00,Joe Cardona,nwe
K,0,0%,0,0%,186,41.24%,GostSt20,Stephen Gostkowski,nwe
P,0,0%,0,0%,147,32.59%,AlleRy01,Ryan Allen,nwe
QB,1008,99.60%,0,0%,0,0%,CousKi00,Kirk Cousins,was
QB,4,.40%,0,0%,0,0%,McCoCo00,Colt McCoy,was
RB,338,33.40%,0,0%,41,8.61%,ThomCh03,Chris Thompson,was
RB,136,13.44%,0,0%,13,2.73%,KellRo00,Robert Kelley,was
RB,14,1.38%,0,0%,47,9.87%,BrowMa02,Mack Brown,was
RB,102,10.08%,0,0%,9,1.89%,BibbKa00,Kapri Bibbs,was
RB,50,4.94%,0,0%,34,7.14%,MarsBy01,Byron Marshall,was
RB,359,35.47%,0,0%,80,16.81%,PeriSa00,Samaje Perine,was
RB,14,1.38%,0,0%,22,4.62%,DaniLe00,LeShun Daniels,was
RB,1,.10%,0,0%,10,2.10%,OgunDa00,Dare Ogunbowale,was
WR,76,7.51%,0,0%,36,7.56%,HarrMa05,Maurice Harris,was
WR,378,37.35%,0,0%,0,0%,PryoTe00,Terrelle Pryor,was
WR,670,66.21%,0,0%,76,15.97%,CrowJa00,Jamison Crowder,was
WR,612,60.47%,0,0%,54,11.34%,GranRy01,Ryan Grant,was
WR,752,74.31%,0,0%,0,0%,DoctJo00,Josh Doctson,was
WR,77,7.61%,0,0%,84,17.65%,QuicBr00,Brian Quick,was
WR,0,0%,0,0%,3,.63%,DaviRo00,Robert Davis,was
TE,234,23.12%,0,0%,0,0%,ReedJo02,Jordan Reed,was
TE,799,78.95%,0,0%,3,.63%,DaviVe00,Vernon Davis,was
TE,300,29.64%,0,0%,219,46.01%,PaulNi00,Niles Paul,was
TE,126,12.45%,0,0%,125,26.26%,SpriJe00,Jeremy Sprinkle,was
T,958,94.66%,0,0%,60,12.61%,MoseMo00,Morgan Moses,was
T,615,60.77%,0,0%,2,.42%,WillTr21,Trent Williams,was
T,142,14.03%,0,0%,26,5.46%,ClemT.00,T.J. Clemmings,was
T,305,30.14%,0,0%,35,7.35%,NsekTy00,Ty Nsekhe,was
G,867,85.67%,0,0%,57,11.97%,ScheBr00,Brandon Scherff,was
G,531,52.47%,0,0%,41,8.61%,LauvSh20,Shawn Lauvao,was
G,187,18.48%,0,0%,9,1.89%,CataTy00,Tyler Catalina,was
G,424,41.90%,0,0%,28,5.88%,KouaAr00,Arie Kouandjio,was
G,193,19.07%,0,0%,32,6.72%,BergTo00,Tony Bergstrom,was
G,0,0%,0,0%,1,.21%,FranOr00,Orlando Franklin,was
C,397,39.23%,0,0%,28,5.88%,LongSp00,Spencer Long,was
C,457,45.16%,0,0%,74,15.55%,RoulCh00,Chase Roullier,was
C,0,0%,0,0%,2,.42%,RhanDe00,Demetrius Rhaney,was
DE,0,0%,584,53.28%,149,31.30%,IoanMa01,Matthew Ioannidis,was
DE,0,0%,159,14.51%,26,5.46%,AlleJo01,Jonathan Allen,was
DE,0,0%,328,29.93%,48,10.08%,McClTe00,Terrell McClain,was
DE,0,0%,432,39.42%,32,6.72%,McGeSt01,Stacy McGee,was
DE,0,0%,12,1.09%,6,1.26%,BankBr01,Brandon Banks,was
DE,0,0%,339,30.93%,70,14.71%,LaniAn00,Anthony Lanier,was
DT,0,0%,23,2.10%,3,.63%,JoneAr22,Arthur Jones,was
DT,0,0%,164,14.96%,29,6.09%,FranA.00,A.J. Francis,was
NT,0,0%,539,49.18%,75,15.76%,HoodEv99,Evander Hood,was
LB,0,0%,288,26.28%,38,7.98%,FostMa00,Mason Foster,was
LB,0,0%,834,76.09%,32,6.72%,BrowZa00,Zach Brown,was
LB,0,0%,820,74.82%,89,18.70%,KerrRy00,Ryan Kerrigan,was
LB,0,0%,754,68.80%,79,16.60%,SmitPr00,Preston Smith,was
LB,0,0%,27,2.46%,95,19.96%,RobePe01,Pete Robertson,was
LB,0,0%,2,.18%,330,69.33%,CartCh00,Chris Carter,was
LB,0,0%,394,35.95%,72,15.13%,VigiZa00,Zach Vigil,was
LB,0,0%,150,13.69%,125,26.26%,CompWi00,William Compton,was
LB,0,0%,413,37.68%,206,43.28%,SpaiMa00,Martrell Spaight,was
LB,0,0%,93,8.49%,206,43.28%,HarvJo01,Josh Harvey-Clemons,was
LB,0,0%,407,37.14%,0,0%,GaleJu00,Junior Galette,was
LB,0,0%,0,0%,58,12.18%,PeteOt00,Otha Peters,was
LB,6,.59%,193,17.61%,146,30.67%,AndeRy00,Ryan Anderson,was
CB,0,0%,855,78.01%,82,17.23%,BreeBa00,Bashaud Breeland,was
CB,0,0%,901,82.21%,31,6.51%,NormJo01,Josh Norman,was
CB,0,0%,720,65.69%,161,33.82%,FullKe00,Kendall Fuller,was
CB,0,0%,9,.82%,227,47.69%,HolsJo01,Joshua Holsey,was
CB,0,0%,59,5.38%,349,73.32%,MoreFa00,Fabian Moreau,was
CB,0,0%,372,33.94%,223,46.85%,DunbQu00,Quinton Dunbar,was
SS,0,0%,589,53.74%,235,49.37%,EverDe01,Deshazor Everett,was
SS,0,0%,23,2.10%,128,26.89%,McClSt01,Stefan McClure,was
FS,0,0%,158,14.42%,7,1.47%,HallDe99,DeAngelo Hall,was
FS,0,0%,1092,99.64%,86,18.07%,SweaDJ00,D.J. Swearinger,was
FS,0,0%,319,29.11%,58,12.18%,NichMo00,Montae Nicholson,was
FS,0,0%,4,.36%,28,5.88%,SmitFi00,Fish Smithson,was
LS,0,0%,0,0%,154,32.35%,SundNi00,Nick Sundberg,was
K,0,0%,0,0%,69,14.50%,RoseNi00,Nick Rose,was
K,0,0%,0,0%,76,15.97%,HopkDu00,Dustin Hopkins,was
P,0,0%,0,0%,155,32.56%,WayxTr00,Tress Way,was
QB,762,73.48%,0,0%,0,0%,CutlJa00,Jay Cutler,mia
QB,203,19.58%,0,0%,0,0%,MoorMa01,Matt Moore,mia
QB,71,6.85%,0,0%,0,0%,FaleDa00,David Fales,mia
RB,320,30.86%,0,0%,0,0%,AjayJa00,Jay Ajayi,mia
RB,475,45.81%,0,0%,138,30.94%,DrakKe00,Kenyan Drake,mia
RB,6,.58%,0,0%,65,14.57%,SmitDe06,De'Veon Smith,mia
RB,194,18.71%,0,0%,126,28.25%,WillDa05,Damien Williams,mia
RB,26,2.51%,0,0%,274,61.43%,PerrSe00,Senorise Perry,mia
WR,929,89.59%,0,0%,40,8.97%,LandJa00,Jarvis Landry,mia
WR,675,65.09%,0,0%,0,0%,ParkDe01,DeVante Parker,mia
WR,939,90.55%,0,0%,0,0%,StilKe00,Kenny Stills,mia
WR,1,.10%,0,0%,17,3.81%,ScotRa01,Rashawn Scott,mia
WR,144,13.89%,0,0%,85,19.06%,CarrLe00,Leonte Carroo,mia
WR,132,12.73%,0,0%,145,32.51%,GranJa00,Jakeem Grant,mia
TE,639,61.62%,0,0%,0,0%,ThomJu00,Julius Thomas,mia
TE,51,4.92%,0,0%,14,3.14%,DerbA.00,A.J. Derby,mia
TE,519,50.05%,0,0%,56,12.56%,FasaAn00,Anthony Fasano,mia
TE,127,12.25%,0,0%,225,50.45%,GrayMa00,MarQueis Gray,mia
T,934,90.07%,0,0%,47,10.54%,TunsLa00,Laremy Tunsil,mia
T,494,47.64%,0,0%,22,4.93%,JameJa01,Ja'Wuan James,mia
T,75,7.23%,0,0%,23,5.16%,SterZa00,Zach Sterup,mia
T,451,43.49%,0,0%,34,7.62%,YounSa21,Sam Young,mia
G,604,58.24%,0,0%,26,5.83%,BushJe20,Jermon Bushrod,mia
G,521,50.24%,0,0%,30,6.73%,LarsTe20,Ted Larsen,mia
G,327,31.53%,0,0%,18,4.04%,SteeAn00,Anthony Steen,mia
G,747,72.03%,2,.19%,52,11.66%,DaviJe00,Jesse Davis,mia
G,0,0%,0,0%,2,.45%,AsiaIs00,Isaac Asiata,mia
C,971,93.64%,0,0%,0,0%,PounMi00,Mike Pouncey,mia
C,67,6.46%,0,0%,87,19.51%,BrenJa01,Jake Brendel,mia
DE,0,0%,561,53.63%,7,1.57%,BranAn00,Andre Branch,mia
DE,0,0%,610,58.32%,7,1.57%,WakeCa00,Cameron Wake,mia
DE,0,0%,107,10.23%,17,3.81%,MalvCa00,Cameron Malveaux,mia
DE,0,0%,272,26.00%,47,10.54%,HayeWi99,William Hayes,mia
DE,0,0%,497,47.51%,64,14.35%,HarrCh03,Charles Harris,mia
DE,0,0%,172,16.44%,335,75.11%,FedeTe00,Terrence Fede,mia
DT,0,0%,877,83.84%,11,2.47%,SuhxNd99,Ndamukong Suh,mia
DT,0,0%,500,47.80%,81,18.16%,GodcDa00,Davon Godchaux,mia
DT,0,0%,23,2.20%,4,.90%,WrigGa00,Gabe Wright,mia
DT,0,0%,402,38.43%,57,12.78%,PhilJo01,Jordan Phillips,mia
DT,0,0%,185,17.69%,93,20.85%,TaylVi00,Vincent Taylor,mia
LB,0,0%,792,75.72%,6,1.35%,TimmLa99,Lawrence Timmons,mia
LB,0,0%,183,17.50%,341,76.46%,HullMi01,Mike Hull,mia
LB,0,0%,1008,96.37%,10,2.24%,AlonKi00,Kiko Alonso,mia
LB,3,.29%,177,16.92%,2,.45%,MauaRe99,Rey Maualuga,mia
LB,0,0%,219,20.94%,355,79.60%,AlleCh02,Chase Allen,mia
LB,0,0%,11,1.05%,115,25.78%,HewiNe00,Neville Hewitt,mia
LB,0,0%,0,0%,36,8.07%,MarcJu00,Justin March,mia
LB,0,0%,133,12.72%,40,8.97%,AnthSt00,Stephone Anthony,mia
CB,0,0%,638,60.99%,30,6.73%,TankCo00,Cordrea Tankersley,mia
CB,0,0%,662,63.29%,189,42.38%,McCaBo01,Bobby McCain,mia
CB,0,0%,1017,97.23%,27,6.05%,HowaXa00,Xavien Howard,mia
CB,0,0%,107,10.23%,0,0%,MaxwBy00,Byron Maxwell,mia
CB,0,0%,13,1.24%,383,85.87%,AikeWa00,Walt Aikens,mia
CB,0,0%,25,2.39%,182,40.81%,LucaJo00,Jordan Lucas,mia
CB,0,0%,65,6.21%,54,12.11%,McTyTo00,Torry McTyer,mia
CB,0,0%,156,14.91%,106,23.77%,VernAl99,Alterraun Verner,mia
SS,0,0%,539,51.53%,10,2.24%,McDoTJ00,T.J. McDonald,mia
SS,0,0%,1016,97.13%,3,.67%,JoneRe99,Reshad Jones,mia
SS,0,0%,151,14.44%,286,64.13%,ThomMi02,Michael Thomas,mia
FS,0,0%,362,34.61%,3,.67%,AlleNa99,Nate Allen,mia
FS,0,0%,23,2.20%,82,18.39%,SmitMa04,Maurice Smith,mia
LS,0,0%,0,0%,136,30.49%,DennJo20,John Denney,mia
K,0,0%,0,0%,119,26.68%,ParkCo03,Cody Parkey,mia
P,0,0%,0,0%,139,31.17%,HaacMa00,Matt Haack,mia
QB,1016,91.04%,0,0%,0,0%,KeenCa00,Case Keenum,min
QB,91,8.15%,0,0%,0,0%,BradSa00,Sam Bradford,min
QB,9,.81%,0,0%,0,0%,BridTe00,Teddy Bridgewater,min
RB,169,15.14%,0,0%,0,0%,CookDa01,Dalvin Cook,min
RB,527,47.22%,0,0%,70,15.63%,McKiJe00,Jerick McKinnon,min
RB,0,0%,0,0%,8,1.79%,BrowMa02,Mack Brown,min
RB,421,37.72%,0,0%,0,0%,MurrLa00,Latavius Murray,min
FB,204,18.28%,0,0%,290,64.73%,HamxC.00,C.J. Ham,min
WR,1032,92.47%,0,0%,4,.89%,ThieAd00,Adam Thielen,min
WR,780,69.89%,0,0%,0,0%,DiggSt00,Stefon Diggs,min
WR,500,44.80%,0,0%,46,10.27%,TreaLa00,Laquon Treadwell,min
WR,152,13.62%,0,0%,0,0%,FloyMi00,Michael Floyd,min
WR,254,22.76%,0,0%,0,0%,WrigJa02,Jarius Wright,min
WR,20,1.79%,0,0%,27,6.03%,ColeSt00,Stacy Coley,min
TE,922,82.62%,0,0%,50,11.16%,RudoKy00,Kyle Rudolph,min
TE,393,35.22%,0,0%,106,23.66%,MorgDa01,David Morgan,min
TE,28,2.51%,0,0%,18,4.02%,CartKy01,Kyle Carter,min
TE,145,12.99%,0,0%,205,45.76%,BellBl00,Blake Bell,min
T,1008,90.32%,0,0%,59,13.17%,ReifRi00,Riley Reiff,min
T,675,60.48%,0,0%,46,10.27%,RemmMi00,Mike Remmers,min
T,591,52.96%,0,0%,30,6.70%,HillRa01,Rashod Hill,min
T,28,2.51%,0,0%,3,.67%,CollAv00,Aviante Collins,min
G,1114,99.82%,0,0%,74,16.52%,BergJo20,Joe Berger,min
G,748,67.03%,0,0%,52,11.61%,EastNi00,Nick Easton,min
G,344,30.82%,0,0%,67,14.96%,SirlJe00,Jeremiah Sirles,min
G,147,13.17%,0,0%,35,7.81%,IsidDa00,Danny Isidora,min
C,958,85.84%,0,0%,41,9.15%,ElflPa00,Pat Elflein,min
DE,0,0%,790,79.40%,46,10.27%,GrifEv99,Everson Griffen,min
DE,0,0%,772,77.59%,78,17.41%,HuntDa01,Danielle Hunter,min
DE,0,0%,562,56.48%,17,3.79%,RobiBr98,Brian Robison,min
DE,0,0%,90,9.05%,202,45.09%,WeatSt00,Stephen Weatherly,min
DE,0,0%,10,1.01%,5,1.12%,BoweTa00,Tashawn Bower,min
DT,0,0%,673,67.64%,50,11.16%,JohnTo01,Tom Johnson,min
DT,0,0%,41,4.12%,3,.67%,JohnJa09,Jaleel Johnson,min
NT,0,0%,384,38.59%,147,32.81%,StepSh00,Shamar Stephen,min
NT,0,0%,663,66.63%,34,7.59%,JoseLi99,Linval Joseph,min
LB,0,0%,923,92.76%,61,13.62%,BarrAn00,Anthony Barr,min
LB,0,0%,967,97.19%,62,13.84%,KendEr00,Eric Kendricks,min
LB,0,0%,244,24.52%,368,82.14%,GedeBe00,Ben Gedeon,min
LB,0,0%,0,0%,306,68.30%,WilsEr00,Eric Wilson,min
LB,0,0%,9,.90%,307,68.53%,BrotKe00,Kentrell Brothers,min
LB,0,0%,78,7.84%,166,37.05%,LamuEm00,Emmanuel Lamur,min
CB,0,0%,915,91.96%,86,19.20%,WaynTr00,Trae Waynes,min
CB,0,0%,904,90.85%,15,3.35%,RhodXa00,Xavier Rhodes,min
CB,0,0%,555,55.78%,10,2.23%,NewmTe20,Terence Newman,min
CB,0,0%,323,32.46%,127,28.35%,AlexMa01,Mackensie Alexander,min
CB,0,0%,51,5.13%,119,26.56%,BrocTr00,Tramaine Brock,min
CB,0,0%,20,2.01%,319,71.21%,SherMa20,Marcus Sherels,min
SS,0,0%,777,78.09%,66,14.73%,SendAn00,Andrew Sendejo,min
SS,0,0%,28,2.81%,304,67.86%,KearJa00,Jayron Kearse,min
FS,0,0%,970,97.49%,53,11.83%,SmitHa00,Harrison Smith,min
FS,0,0%,197,19.80%,284,63.39%,HarrAn01,Anthony Harris,min
LS,0,0%,0,0%,12,2.68%,OverJe00,Jeff Overbaugh,min
LS,0,0%,0,0%,133,29.69%,McDeKe00,Kevin McDermott,min
K,0,0%,0,0%,166,37.05%,ForbKa00,Kai Forbath,min
P,0,0%,0,0%,151,33.71%,QuigRy00,Ryan Quigley,min
QB,1032,99.52%,0,0%,0,0%,BreeDr00,Drew Brees,nor
QB,1,.10%,0,0%,71,15.37%,HillTa00,Taysom Hill,nor
QB,5,.48%,0,0%,0,0%,DaniCh00,Chase Daniel,nor
RB,466,44.94%,0,0%,44,9.52%,KamaAl00,Alvin Kamara,nor
RB,569,54.87%,0,0%,0,0%,IngrMa01,Mark Ingram,nor
RB,13,1.25%,0,0%,286,61.90%,EdmuTr00,Trey Edmunds,nor
RB,0,0%,0,0%,38,8.23%,LascDa00,Daniel Lasco,nor
RB,44,4.24%,0,0%,0,0%,PeteAd01,Adrian Peterson,nor
FB,168,16.20%,0,0%,126,27.27%,LineZa01,Zach Line,nor
FB,12,1.16%,0,0%,14,3.03%,KuhnJo00,John Kuhn,nor
WR,851,82.06%,0,0%,6,1.30%,ThomMi05,Michael Thomas,nor
WR,651,62.78%,0,0%,27,5.84%,ColeBr00,Brandon Coleman,nor
WR,614,59.21%,0,0%,52,11.26%,GinnTe00,Ted Ginn Jr.,nor
WR,259,24.98%,0,0%,58,12.55%,SneaWi00,Willie Snead,nor
WR,112,10.80%,0,0%,70,15.15%,LewiTo00,Tommylee Lewis,nor
WR,3,.29%,0,0%,6,1.30%,CarrAu00,Austin Carr,nor
TE,586,56.51%,0,0%,167,36.15%,HillJo02,Josh Hill,nor
TE,269,25.94%,0,0%,4,.87%,FleeCo00,Coby Fleener,nor
TE,419,40.41%,0,0%,130,28.14%,HoomMi00,Michael Hoomanawanui,nor
TE,8,.77%,0,0%,15,3.25%,PhilJo00,John Phillips,nor
TE,38,3.66%,0,0%,12,2.60%,GrifGa00,Garrett Griffin,nor
T,1037,100.00%,0,0%,92,19.91%,RamcRy00,Ryan Ramczyk,nor
T,541,52.17%,0,0%,0,0%,ArmsTe00,Terron Armstead,nor
T,83,8.00%,0,0%,4,.87%,StriZa20,Zach Strief,nor
T,2,.19%,0,0%,17,3.68%,HarrBr01,Bryce Harris,nor
G,824,79.46%,0,0%,75,16.23%,WarfLa00,Larry Warford,nor
G,919,88.62%,0,0%,65,14.07%,PeatAn00,Andrus Peat,nor
G,632,60.95%,0,0%,79,17.10%,KeleSe00,Senio Kelemete,nor
G,0,0%,0,0%,1,.22%,FullJo00,John Fullington,nor
C,1037,100.00%,0,0%,89,19.26%,UngeMa20,Max Unger,nor
C,205,19.77%,0,0%,93,20.13%,LeRiJo00,Josh LeRibeus,nor
DE,0,0%,987,93.29%,71,15.37%,JordCa00,Cameron Jordan,nor
DE,0,0%,486,45.94%,43,9.31%,OkafAl00,Alex Okafor,nor
DE,0,0%,123,11.63%,29,6.28%,JohnGe00,George Johnson,nor
DE,0,0%,209,19.75%,26,5.63%,KikaHa00,Hau'oli Kikaha,nor
DE,0,0%,281,26.56%,70,15.15%,HendTr00,Trey Hendrickson,nor
DE,0,0%,24,2.27%,21,4.55%,MuhaAl00,Al-Quadin Muhammad,nor
DT,0,0%,810,76.56%,14,3.03%,RankSh00,Sheldon Rankins,nor
DT,0,0%,588,55.58%,81,17.53%,DaviTy01,Tyeler Davison,nor
DT,0,0%,597,56.43%,90,19.48%,OnyeDa00,David Onyemata,nor
DT,0,0%,22,2.08%,9,1.95%,McDaTo20,Tony McDaniel,nor
DT,0,0%,7,.66%,31,6.71%,LoewMi00,Mitchell Loewen,nor
DT,0,0%,159,15.03%,0,0%,HughJo00,John Hughes,nor
DT,0,0%,3,.28%,0,0%,ParrDa00,David Parry,nor
LB,0,0%,664,62.76%,63,13.64%,KleiAJ00,A.J. Klein,nor
LB,0,0%,158,14.93%,28,6.06%,AnzaAl00,Alex Anzalone,nor
LB,0,0%,790,74.67%,184,39.83%,RobeCr00,Craig Robertson,nor
LB,0,0%,501,47.35%,73,15.80%,TeoxMa00,Manti Te'o,nor
LB,0,0%,63,5.95%,237,51.30%,MautMi00,Michael Mauti,nor
LB,0,0%,0,0%,79,17.10%,StupNa01,Nathan Stupar,nor
LB,0,0%,12,1.13%,178,38.53%,HodgGe00,Gerald Hodges,nor
LB,0,0%,0,0%,41,8.87%,BighAd00,Adam Bighill,nor
LB,0,0%,29,2.74%,12,2.60%,FreeJo01,Jonathan Freeny,nor
CB,0,0%,632,59.74%,87,18.83%,WillP.00,P.J. Williams,nor
CB,0,0%,168,15.88%,176,38.10%,HarrDe04,De'Vante Harris,nor
CB,0,0%,751,70.98%,49,10.61%,LattMa01,Marshon Lattimore,nor
CB,0,0%,820,77.50%,50,10.82%,CrawKe02,Ken Crawley,nor
CB,0,0%,0,0%,13,2.81%,McDoDe00,Dexter McDougle,nor
CB,0,0%,104,9.83%,20,4.33%,MoorSt00,Sterling Moore,nor
SS,7,.68%,691,65.31%,51,11.04%,VaccKe00,Kenny Vaccaro,nor
SS,0,0%,34,3.21%,332,71.86%,BanjCh00,Chris Banjo,nor
SS,0,0%,181,17.11%,130,28.14%,BushRa00,Rafael Bush,nor
FS,0,0%,958,90.55%,112,24.24%,WillMa06,Marcus Williams,nor
FS,0,0%,785,74.20%,188,40.69%,BellVo00,Vonn Bell,nor
DB,0,0%,0,0%,107,23.16%,MaulAr00,Arthur Maulet,nor
DB,0,0%,0,0%,254,54.98%,HardJu01,Justin Hardee,nor
LS,0,0%,0,0%,152,32.90%,WoodZa00,Zach Wood,nor
K,0,0%,0,0%,186,40.26%,LutzWi00,Wil Lutz,nor
P,0,0%,0,0%,153,33.12%,MorsTh00,Thomas Morstead,nor
