pos,offense,off_pct,defense,def_pct,special_teams,st_pct,player_id,player_name,team
QB,135,14.33%,0,0%,0,0%,BradSa00,Sam Bradford,crd
QB,26,2.76%,0,0%,0,0%,GlenMi00,Mike Glennon,crd
QB,781,82.91%,0,0%,0,0%,RoseJo01,Josh Rosen,crd
RB,749,79.51%,0,0%,0,0%,JohnDa08,David Johnson,crd
RB,198,21.02%,0,0%,167,38.39%,EdmoCh00,Chase Edmonds,crd
RB,21,2.23%,0,0%,53,12.18%,LogaT.00,T.J. Logan,crd
FB,74,7.86%,0,0%,316,72.64%,ColeDe00,Derrick Coleman,crd
WR,872,92.57%,0,0%,1,.23%,FitzLa00,Larry Fitzgerald,crd
WR,430,45.65%,0,0%,0,0%,WillCh05,Chad Williams,crd
WR,542,57.54%,0,0%,58,13.33%,KirkCh01,Christian Kirk,crd
WR,77,8.17%,0,0%,30,6.90%,TollJa00,Jalen Tolliver,crd
WR,5,.53%,0,0%,0,0%,DuprMa01,Malachi Dupre,crd
WR,343,36.41%,0,0%,80,18.39%,SherTr00,Trent Sherfield,crd
WR,0,0%,0,0%,13,2.99%,CoopPh00,Pharoh Cooper,crd
WR,213,22.61%,0,0%,1,.23%,NelsJJ00,JJ Nelson,crd
TE,536,56.90%,0,0%,13,2.99%,SealRi00,Ricky Seals-Jones,crd
TE,18,1.91%,0,0%,33,7.59%,DaniDa02,Darrell Daniels,crd
TE,130,13.80%,0,0%,69,15.86%,PhilJo00,John Phillips,crd
TE,417,44.27%,0,0%,23,5.29%,GresJe00,Jermaine Gresham,crd
TE,81,8.60%,0,0%,68,15.63%,HolmGa00,Gabe Holmes,crd
T,244,25.90%,0,0%,10,2.30%,BarkJo00,Joe Barksdale,crd
T,349,37.05%,0,0%,17,3.91%,CunnKo00,Korey Cunningham,crd
T,522,55.41%,0,0%,20,4.60%,HumpD.00,D.J. Humphries,crd
T,426,45.22%,0,0%,14,3.22%,SmitAn23,Andre Smith,crd
T,339,35.99%,0,0%,18,4.14%,WetzJo00,John Wetzel,crd
T,2,.21%,0,0%,5,1.15%,ClauBl01,Blaine Clausell,crd
T,0,0%,0,0%,1,.23%,OdhiRe00,Rees Odhiambo,crd
G,147,15.61%,0,0%,4,.92%,HoldWi00,Will Holden,crd
G,343,36.41%,0,0%,14,3.22%,PughJu00,Justin Pugh,crd
G,477,50.64%,0,0%,16,3.68%,IupaMi20,Mike Iupati,crd
G,407,43.21%,0,0%,21,4.83%,AbouOd00,Oday Aboushi,crd
G,282,29.94%,0,0%,11,2.53%,GossCo00,Colby Gossett,crd
G,147,15.61%,0,0%,12,2.76%,VujnJe00,Jeremy Vujnovich,crd
G,1,.11%,0,0%,4,.92%,GoldZa00,Zack Golditch,crd
C,942,100.00%,0,0%,9,2.07%,ColeMa02,Mason Cole,crd
C,86,9.13%,6,.54%,41,9.43%,MunyDa00,Daniel Munyer,crd
DE,0,0%,968,86.82%,76,17.47%,JoneCh03,Chandler Jones,crd
DE,0,0%,550,49.33%,0,0%,MayoBe00,Benson Mayowa,crd
DE,0,0%,29,2.60%,23,5.29%,SmitJa01,Jacquies Smith,crd
DE,0,0%,245,21.97%,126,28.97%,MoorZa00,Zach Moore,crd
DE,0,0%,42,3.77%,39,8.97%,MalvCa00,Cameron Malveaux,crd
DE,0,0%,393,35.25%,2,.46%,GoldMa00,Markus Golden,crd
DE,0,0%,7,.63%,0,0%,OdenIf00,Ifeadi Odenigbo,crd
DT,0,0%,734,65.83%,101,23.22%,PeteCo00,Corey Peters,crd
DT,0,0%,426,38.21%,18,4.14%,NkemRo00,Robert Nkemdiche,crd
DT,0,0%,641,57.49%,32,7.36%,GuntRo00,Rodney Gunter,crd
DT,0,0%,16,1.43%,1,.23%,TasiPa00,Pasoni Tasini,crd
DT,0,0%,43,3.86%,0,0%,ValeVi00,Vincent Valentine,crd
DT,0,0%,30,2.69%,1,.23%,SmitGa01,Garrison Smith,crd
DT,0,0%,245,21.97%,37,8.51%,PierOl00,Olsen Pierre,crd
LB,0,0%,725,65.02%,60,13.79%,ByneJo00,Josh Bynes,crd
LB,0,0%,389,34.89%,169,38.85%,BucaDe00,Deone Bucannon,crd
LB,0,0%,846,75.87%,121,27.82%,ReddHa00,Haason Reddick,crd
LB,0,0%,0,0%,353,81.15%,WalkJo01,Joe Walker,crd
LB,0,0%,0,0%,385,88.51%,GardDe01,Dennis Gardeck,crd
LB,0,0%,356,31.93%,265,60.92%,HodgGe00,Gerald Hodges,crd
LB,0,0%,18,1.61%,347,79.77%,TurnZe00,Zeke Turner,crd
LB,0,0%,0,0%,5,1.15%,ArmbTh00,Thurston Armbrister,crd
LB,0,0%,67,6.01%,10,2.30%,DoraVo00,Vontarrius Dora,crd
CB,0,0%,1106,99.19%,108,24.83%,PetePa00,Patrick Peterson,crd
CB,0,0%,296,26.55%,38,8.74%,TaylJa01,Jamar Taylor,crd
CB,0,0%,293,26.28%,14,3.22%,AmerDa00,David Amerson,crd
CB,0,0%,88,7.89%,54,12.41%,JohnLe03,Leonard Johnson,crd
CB,0,0%,560,50.22%,124,28.51%,BenwBe00,Bene Benwikere,crd
CB,0,0%,85,7.62%,309,71.03%,WillBr07,Brandon Williams,crd
CB,0,0%,0,0%,11,2.53%,NichDe00,Deatrick Nichols,crd
CB,0,0%,0,0%,15,3.45%,JoneCh06,Chris Jones,crd
SS,0,0%,938,84.13%,72,16.55%,BakeBu00,Budda Baker,crd
SS,0,0%,62,5.56%,286,65.75%,FordRu00,Rudy Ford,crd
SS,0,0%,0,0%,16,3.68%,PleaEd00,Eddie Pleasant,crd
FS,0,0%,950,85.20%,38,8.74%,BostTr00,Tre Boston,crd
FS,0,0%,1111,99.64%,11,2.53%,BethAn20,Antoine Bethea,crd
LS,0,0%,0,0%,136,31.26%,BrewAa00,Aaron Brewer,crd
K,0,0%,0,0%,34,7.82%,GonzZa00,Zane Gonzalez,crd
K,0,0%,0,0%,7,1.61%,McCrMa00,Matthew McCrane,crd
K,0,0%,0,0%,55,12.64%,dawsophi01,Phil Dawson,crd
P,0,0%,0,0%,137,31.49%,LeexAn20,Andy Lee,crd
QB,1048,98.87%,0,0%,0,0%,RyanMa00,Matt Ryan,atl
QB,12,1.13%,0,0%,0,0%,SchaMa00,Matt Schaub,atl
RB,67,6.32%,0,0%,0,0%,FreeDe00,Devonta Freeman,atl
RB,580,54.72%,0,0%,0,0%,ColeTe01,Tevin Coleman,atl
RB,16,1.51%,0,0%,13,2.95%,LangJe00,Jeremy Langford,atl
RB,311,29.34%,0,0%,26,5.91%,SmitIt00,Ito Smith,atl
RB,66,6.23%,0,0%,87,19.77%,HillBr02,Brian Hill,atl
FB,139,13.11%,0,0%,89,20.23%,OrtiRi00,Ricky Ortiz,atl
WR,818,77.17%,5,.46%,3,.68%,JoneJu02,Julio Jones,atl
WR,830,78.30%,0,0%,3,.68%,SanuMo00,Mohamed Sanu,atl
WR,644,60.75%,0,0%,9,2.05%,RidlCa00,Calvin Ridley,atl
WR,0,0%,5,.46%,18,4.09%,BurtDe00,Deante Burton,atl
WR,185,17.45%,0,0%,203,46.14%,HallMa02,Marvin Hall,atl
WR,221,20.85%,0,0%,157,35.68%,HardJu00,Justin Hardy,atl
WR,60,5.66%,0,0%,280,63.64%,GageRu00,Russell Gage,atl
TE,809,76.32%,0,0%,67,15.23%,HoopAu00,Austin Hooper,atl
TE,178,16.79%,0,0%,292,66.36%,SaubEr00,Eric Saubert,atl
TE,362,34.15%,0,0%,191,43.41%,PaulLo00,Logan Paulsen,atl
T,1057,99.72%,0,0%,71,16.14%,MattJa00,Jake Matthews,atl
T,865,81.60%,0,0%,71,16.14%,SchrRy00,Ryan Schraeder,atl
T,266,25.09%,0,0%,71,16.14%,SambTy00,Ty Sambrailo,atl
G,436,41.13%,0,0%,29,6.59%,FuscBr00,Brandon Fusco,atl
G,82,7.74%,0,0%,4,.91%,LeviAn20,Andy Levitre,atl
G,279,26.32%,0,0%,38,8.64%,BeadZa20,Zane Beadles,atl
G,371,35.00%,2,.18%,69,15.68%,GarlBe00,Ben Garland,atl
C,1057,99.72%,0,0%,10,2.27%,MackAl20,Alex Mack,atl
C,901,85.00%,0,0%,65,14.77%,SchwWe00,Wes Schweitzer,atl
DE,0,0%,618,56.59%,7,1.59%,McKiTa00,Takkarist McKinley,atl
DE,0,0%,458,41.94%,87,19.77%,ReedBr00,Brooks Reed,atl
DE,0,0%,135,12.36%,22,5.00%,ShelDe00,Derrick Shelby,atl
DE,0,0%,162,14.84%,12,2.73%,MeanSt00,Steven Means,atl
DE,0,0%,221,20.24%,0,0%,IrviBr00,Bruce Irvin,atl
DT,0,0%,711,65.11%,64,14.55%,JarrGr00,Grady Jarrett,atl
DT,0,0%,374,34.25%,63,14.32%,McClTe00,Terrell McClain,atl
DT,0,0%,623,57.05%,53,12.05%,CrawJa00,Jack Crawford,atl
DT,0,0%,39,3.57%,0,0%,BennMi01,Michael Bennett,atl
DT,0,0%,9,.82%,0,0%,ZimmJu00,Justin Zimmer,atl
NT,0,0%,370,33.88%,19,4.32%,SenaDe00,Deadrin Senat,atl
LB,0,0%,901,82.51%,42,9.55%,CampDe00,De'Vondre Campbell,atl
LB,0,0%,384,35.16%,21,4.77%,JoneDe01,Deion Jones,atl
LB,0,0%,701,64.19%,9,2.05%,BeasVi00,Vic Beasley,atl
LB,0,0%,525,48.08%,182,41.36%,OluoFo00,Foyesade Oluokun,atl
LB,0,0%,407,37.27%,220,50.00%,RileDu00,Duke Riley,atl
LB,0,0%,0,0%,18,4.09%,NelsCo00,Corey Nelson,atl
LB,0,0%,0,0%,17,3.86%,JarvRi00,Richard Jarvis,atl
LB,0,0%,78,7.14%,188,42.73%,CartBr00,Bruce Carter,atl
CB,0,0%,958,87.73%,76,17.27%,AlfoRo00,Robert Alford,atl
CB,0,0%,832,76.19%,115,26.14%,PoolBr01,Brian Poole,atl
CB,0,0%,1060,97.07%,11,2.50%,TrufDe00,Desmond Trufant,atl
CB,0,0%,241,22.07%,143,32.50%,OlivIs00,Isaiah Oliver,atl
CB,0,0%,0,0%,259,58.86%,BethJu00,Justin Bethel,atl
CB,0,0%,30,2.75%,37,8.41%,WrehBl00,Blidi Wreh-Wilson,atl
CB,0,0%,0,0%,13,2.95%,NealRy00,Ryan Neal,atl
SS,0,0%,205,18.77%,7,1.59%,AlleRi00,Ricardo Allen,atl
SS,0,0%,428,39.19%,165,37.50%,RichJo00,Jordan Richards,atl
SS,0,0%,991,90.75%,87,19.77%,KazeDa00,Damontae Kazee,atl
SS,0,0%,436,39.93%,166,37.73%,NeasSh00,Sharrod Neasman,atl
FS,0,0%,37,3.39%,3,.68%,NealKe01,Keanu Neal,atl
FS,0,0%,64,5.86%,330,75.00%,IshmKe00,Kemal Ishmael,atl
FS,0,0%,2,.18%,107,24.32%,TandKe00,Keith Tandy,atl
LS,0,0%,0,0%,84,19.09%,HarrJo02,Josh Harris,atl
LS,0,0%,0,0%,9,2.05%,OverJe00,Jeff Overbaugh,atl
LS,0,0%,0,0%,41,9.32%,CondJo20,Jon Condo,atl
K,0,0%,0,0%,13,2.95%,TaveGi00,Giorgio Tavecchio,atl
K,0,0%,0,0%,58,13.18%,bryanmat01,Matt Bryant,atl
P,0,0%,0,0%,223,50.68%,BoshMa00,Matthew Bosher,atl
QB,641,53.91%,0,0%,0,0%,FlacJo00,Joe Flacco,rav
QB,585,49.20%,0,0%,0,0%,JackLa00,Lamar Jackson,rav
QB,21,1.77%,0,0%,0,0%,GrifRo01,Robert Griffin III,rav
RB,310,26.07%,0,0%,189,42.28%,AlleJa01,Javorius Allen,rav
RB,286,24.05%,0,0%,65,14.54%,EdwaGu00,Gus Edwards,rav
RB,311,26.16%,0,0%,0,0%,CollAl00,Alex Collins,rav
RB,152,12.78%,0,0%,0,0%,DixoKe00,Kenneth Dixon,rav
RB,9,.76%,0,0%,70,15.66%,TurnDe01,De'Lance Turner,rav
RB,114,9.59%,0,0%,37,8.28%,MontTy01,Ty Montgomery,rav
WR,805,67.70%,0,0%,0,0%,CrabMi00,Michael Crabtree,rav
WR,757,63.67%,0,0%,0,0%,BrowJo02,John Brown,rav
WR,821,69.05%,0,0%,5,1.12%,SneaWi00,Willie Snead,rav
WR,467,39.28%,0,0%,297,66.44%,MoorCh00,Chris Moore,rav
WR,20,1.68%,0,0%,24,5.37%,GranJa01,Janarion Grant,rav
WR,2,.17%,0,0%,46,10.29%,WhitTi00,Tim White,rav
TE,651,54.75%,0,0%,125,27.96%,BoylNi00,Nick Boyle,rav
TE,374,31.46%,0,0%,184,41.16%,WillMa04,Maxx Williams,rav
TE,414,34.82%,0,0%,81,18.12%,AndrMa00,Mark Andrews,rav
TE,275,23.13%,0,0%,31,6.94%,HursHa00,Hayden Hurst,rav
T,1085,91.25%,0,0%,34,7.61%,StanRo00,Ronnie Stanley,rav
"G,T",707,59.46%,0,0%,41,9.17%,LewiAl01,Alex Lewis,rav
T,760,63.92%,0,0%,76,17.00%,BrowOr00,Orlando Brown Jr.,rav
G,676,56.85%,0,0%,49,10.96%,HursJa00,James Hurst,rav
G,1163,97.81%,0,0%,0,0%,YandMa20,Marshal Yanda,rav
G,94,7.91%,0,0%,43,9.62%,ElueJe00,Jermaine Eluemunor,rav
C,1189,100.00%,0,0%,76,17.00%,SkurMa01,Matt Skura,rav
C,214,18.00%,0,0%,65,14.54%,BozeBr00,Bradley Bozeman,rav
C,80,6.73%,0,0%,11,2.46%,GrasHr00,Hroniss Grasu,rav
DE,0,0%,522,50.43%,75,16.78%,UrbaBr00,Brent Urban,rav
DE,0,0%,17,1.64%,0,0%,SielZa00,Zach Sieler,rav
"DT,NT",0,0%,401,38.74%,108,24.16%,WormCh00,Chris Wormley,rav
DT,0,0%,82,7.92%,0,0%,HenrWi00,Willie Henry,rav
DT,0,0%,517,49.95%,62,13.87%,WillBr02,Brandon Williams,rav
"DT,NT",96,8.07%,47,4.54%,45,10.07%,RicaPa00,Patrick Ricard,rav
NT,0,0%,389,37.58%,35,7.83%,PierMi00,Michael Pierce,rav
LB,0,0%,875,84.54%,0,0%,MoslC.00,C.J. Mosley,rav
LB,0,0%,162,15.65%,260,58.17%,BowsTy00,Tyus Bowser,rav
LB,0,0%,24,2.32%,139,31.10%,McClAl00,Albert McClellan,rav
LB,0,0%,369,35.65%,178,39.82%,YounKe03,Kenny Young,rav
LB,0,0%,119,11.50%,40,8.95%,WillTi00,Tim Williams,rav
LB,0,0%,673,65.02%,118,26.40%,JudoMa00,Matt Judon,rav
LB,0,0%,434,41.93%,199,44.52%,OnwuPa00,Patrick Onwuasor,rav
LB,0,0%,690,66.67%,26,5.82%,SmitZa00,Za'Darius Smith,rav
LB,0,0%,14,1.35%,356,79.64%,BoarCh00,Chris Board,rav
LB,0,0%,744,71.88%,0,0%,SuggTe99,Terrell Suggs,rav
CB,0,0%,602,58.16%,80,17.90%,YounTa01,Tavon Young,rav
CB,0,0%,718,69.37%,33,7.38%,HumpMa00,Marlon Humphrey,rav
CB,0,0%,876,84.64%,3,.67%,CarrBr99,Brandon Carr,rav
CB,0,0%,611,59.03%,2,.45%,SmitJi03,Jimmy Smith,rav
CB,0,0%,10,.97%,157,35.12%,CanaMa00,Maurice Canady,rav
CB,0,0%,5,.48%,192,42.95%,JoneCy00,Cyrus Jones,rav
CB,0,0%,0,0%,10,2.24%,DaniRo01,Robertson Daniel,rav
CB,0,0%,0,0%,26,5.82%,WillDa09,Darious Williams,rav
SS,0,0%,863,83.38%,45,10.07%,JeffTo00,Tony Jefferson,rav
SS,0,0%,280,27.05%,232,51.90%,LeviAn00,Anthony Levine,rav
FS,0,0%,252,24.35%,347,77.63%,ClarCh00,Chuck Clark,rav
FS,0,0%,1016,98.16%,0,0%,WeddEr99,Eric Weddle,rav
"CB,DB",0,0%,71,6.86%,147,32.89%,AverAn00,Anthony Averett,rav
LS,0,0%,0,0%,140,31.32%,CoxxMo00,Morgan Cox,rav
K,0,0%,0,0%,169,37.81%,TuckJu00,Justin Tucker,rav
P,0,0%,0,0%,140,31.32%,KochSa20,Sam Koch,rav
QB,73,6.89%,0,0%,0,0%,BarkMa00,Matt Barkley,buf
QB,118,11.14%,0,0%,0,0%,AndeDe00,Derek Anderson,buf
QB,719,67.89%,0,0%,0,0%,AlleJo02,Josh Allen,buf
QB,148,13.98%,0,0%,0,0%,PeteNa00,Nathan Peterman,buf
RB,71,6.70%,0,0%,0,0%,FordKe00,Keith Ford,buf
RB,490,46.27%,0,0%,0,0%,McCoLe01,LeSean McCoy,buf
RB,196,18.51%,0,0%,79,18.00%,MurpMa03,Marcus Murphy,buf
RB,2,.19%,0,0%,92,20.96%,JoneTa00,Taiwan Jones,buf
RB,300,28.33%,0,0%,5,1.14%,IvorCh00,Chris Ivory,buf
FB,168,15.86%,0,0%,233,53.08%,DiMaPa00,Patrick DiMarco,buf
WR,106,10.01%,0,0%,0,0%,PryoTe00,Terrelle Pryor,buf
WR,941,88.86%,0,0%,2,.46%,JoneZa00,Zay Jones,buf
WR,44,4.15%,0,0%,3,.68%,KerlJe00,Jeremy Kerley,buf
WR,511,48.25%,0,0%,1,.23%,BenjKe00,Kelvin Benjamin,buf
WR,278,26.25%,0,0%,233,53.08%,HolmAn00,Andre Holmes,buf
WR,80,7.55%,0,0%,20,4.56%,ThomDe04,Deonte Thompson,buf
WR,27,2.55%,0,0%,8,1.82%,PhilCa01,Cam Phillips,buf
WR,450,42.49%,0,0%,42,9.57%,FostRo01,Robert Foster,buf
WR,121,11.43%,0,0%,10,2.28%,McClRa00,Ray-Ray McCloud,buf
WR,222,20.96%,0,0%,43,9.79%,McKeIs00,Isaiah McKenzie,buf
WR,3,.28%,0,0%,38,8.66%,ScotDa02,Da'Mari Scott,buf
WR,3,.28%,0,0%,9,2.05%,BoldVi00,Victor Bolden,buf
TE,284,26.82%,0,0%,190,43.28%,ThomLo00,Logan Thomas,buf
TE,46,4.34%,0,0%,12,2.73%,LeexKh00,Khari Lee,buf
TE,504,47.59%,0,0%,1,.23%,ClayCh00,Charles Clay,buf
TE,387,36.54%,0,0%,146,33.26%,CrooJa00,Jason Croom,buf
T,1011,95.47%,0,0%,53,12.07%,MillJo02,Jordan Mills,buf
T,1057,99.81%,0,0%,55,12.53%,DawkDi00,Dion Dawkins,buf
T,14,1.32%,0,0%,11,2.51%,NewhMa20,Marshall Newhouse,buf
T,22,2.08%,0,0%,23,5.24%,McDeCo00,Conor McDermott,buf
G,883,83.38%,0,0%,45,10.25%,MillJo04,John Miller,buf
G,528,49.86%,0,0%,56,12.76%,GroyRy00,Ryan Groy,buf
G,563,53.16%,0,0%,28,6.38%,DucaVl20,Vlad Ducasse,buf
G,475,44.85%,0,0%,27,6.15%,TellWy00,Wyatt Teller,buf
G,76,7.18%,0,0%,7,1.59%,BoetIk00,Ike Boettger,buf
G,138,13.03%,0,0%,45,10.25%,SirlJe00,Jeremiah Sirles,buf
C,588,55.52%,0,0%,5,1.14%,BodiRu00,Russell Bodine,buf
DE,0,0%,668,65.88%,15,3.42%,HughJe99,Jerry Hughes,buf
DE,0,0%,440,43.39%,14,3.19%,LawsSh00,Shaq Lawson,buf
DE,0,0%,307,30.28%,78,17.77%,YarbEd01,Eddie Yarbrough,buf
DE,0,0%,440,43.39%,48,10.93%,MurpTr00,Trent Murphy,buf
DE,0,0%,48,4.73%,29,6.61%,LoveMi00,Mike Love,buf
DE,0,0%,35,3.45%,5,1.14%,OrchNa00,Nate Orchard,buf
DT,2,.19%,656,64.69%,80,18.22%,WillKy20,Kyle Williams,buf
DT,0,0%,475,46.84%,75,17.08%,LotuSt00,Star Lotulelei,buf
DT,0,0%,389,38.36%,78,17.77%,PhilHa00,Harrison Phillips,buf
DT,0,0%,32,3.16%,0,0%,WashAd00,Adolphus Washington,buf
DT,0,0%,268,26.43%,47,10.71%,PhilJo01,Jordan Phillips,buf
DT,0,0%,17,1.68%,0,0%,ThomRo04,Robert Thomas,buf
LB,0,0%,741,73.08%,142,32.35%,MilaMa00,Matt Milano,buf
LB,0,0%,926,91.32%,71,16.17%,EdmuTr01,Tremaine Edmunds,buf
LB,0,0%,629,62.03%,171,38.95%,AlexLo99,Lorenzo Alexander,buf
LB,0,0%,60,5.92%,171,38.95%,HumbRa00,Ramon Humber,buf
LB,0,0%,14,1.38%,299,68.11%,LaceDe00,Deon Lacey,buf
LB,0,0%,89,8.78%,225,51.25%,StanJu00,Julian Stanford,buf
LB,0,0%,80,7.89%,104,23.69%,ThomCo02,Corey Thompson,buf
CB,0,0%,367,36.19%,41,9.34%,GainPh00,Phillip Gaines,buf
CB,0,0%,960,94.67%,88,20.05%,WhitTr01,Tre'Davious White,buf
CB,0,0%,415,40.93%,47,10.71%,WallLe00,Levi Wallace,buf
CB,0,0%,150,14.79%,45,10.25%,LewiRy01,Ryan Lewis,buf
CB,0,0%,29,2.86%,4,.91%,DaviVo99,Vontae Davis,buf
CB,0,0%,83,8.19%,281,64.01%,PittLa00,Lafayette Pitts,buf
CB,0,0%,21,2.07%,6,1.37%,JohnDo02,Dontae Johnson,buf
CB,0,0%,405,39.94%,60,13.67%,JohnTa01,Taron Johnson,buf
CB,0,0%,0,0%,47,10.71%,RiceDe00,Denzel Rice,buf
SS,0,0%,881,86.88%,112,25.51%,HydeMi00,Micah Hyde,buf
SS,0,0%,54,5.33%,19,4.33%,MarlDe00,Dean Marlowe,buf
SS,0,0%,452,44.58%,146,33.26%,BushRa00,Rafael Bush,buf
SS,0,0%,15,1.48%,249,56.72%,NealSi00,Siran Neal,buf
FS,0,0%,1009,99.51%,101,23.01%,PoyeJo00,Jordan Poyer,buf
LS,0,0%,0,0%,142,32.35%,FergRe00,Reid Ferguson,buf
K,0,0%,0,0%,122,27.79%,HausSt00,Stephen Hauschka,buf
P,0,0%,0,0%,69,15.72%,BojoCo00,Corey Bojorquez,buf
P,0,0%,0,0%,43,9.79%,DarrMa00,Matt Darr,buf
P,0,0%,0,0%,30,6.83%,SchmCo00,Colton Schmidt,buf
QB,885,83.65%,0,0%,0,0%,NewtCa00,Cam Newton,car
QB,13,1.23%,0,0%,0,0%,GilbGa01,Garrett Gilbert,car
QB,68,6.43%,0,0%,0,0%,AlleKy00,Kyle Allen,car
QB,92,8.70%,0,0%,0,0%,HeinTa00,Taylor Heinicke,car
RB,966,91.30%,0,0%,1,.24%,McCaCh01,Christian McCaffrey,car
RB,115,10.87%,0,0%,243,58.13%,ArmaAl00,Alex Armah,car
RB,24,2.27%,0,0%,9,2.15%,CadeTr00,Travaris Cadet,car
RB,6,.57%,0,0%,67,16.03%,BarnKe00,Kenjon Barner,car
RB,48,4.54%,0,0%,114,27.27%,ArtiCa00,Cameron Artis-Payne,car
RB,54,5.10%,0,0%,20,4.78%,AndeC.00,C.J. Anderson,car
WR,622,58.79%,0,0%,1,.24%,FuncDe00,Devin Funchess,car
WR,324,30.62%,0,0%,0,0%,SmitTo02,Torrey Smith,car
WR,33,3.12%,0,0%,16,3.83%,FrazMo00,Mose Frazier,car
WR,529,50.00%,0,0%,10,2.39%,WrigJa02,Jarius Wright,car
WR,733,69.28%,0,0%,86,20.57%,MoorD.00,D.J. Moore,car
WR,467,44.14%,0,0%,114,27.27%,SamuCu00,Curtis Samuel,car
WR,44,4.16%,0,0%,96,22.97%,ByrdDa00,Damiere Byrd,car
TE,526,49.72%,0,0%,107,25.60%,ThomIa00,Ian Thomas,car
TE,344,32.51%,0,0%,111,26.56%,ManhCh00,Chris Manhertz,car
TE,429,40.55%,0,0%,1,.24%,OlseGr00,Greg Olsen,car
T,818,77.32%,0,0%,52,12.44%,ClarCh21,Chris Clark,car
T,1053,99.53%,0,0%,63,15.07%,MotoTa00,Taylor Moton,car
T,56,5.29%,0,0%,0,0%,WillDa06,Daryl Williams,car
T,0,0%,0,0%,3,.72%,RobiCo00,Corey Robinson,car
T,197,18.62%,0,0%,36,8.61%,NewhMa20,Marshall Newhouse,car
G,761,71.93%,0,0%,39,9.33%,TurnTr01,Trai Turner,car
G,1058,100.00%,0,0%,63,15.07%,VanRGr00,Greg Van Roten,car
G,21,1.98%,0,0%,24,5.74%,SilaAm00,Amini Silatolu,car
G,0,0%,0,0%,13,3.11%,HearTa00,Taylor Hearn,car
G,0,0%,0,0%,9,2.15%,MahoBr00,Brendan Mahon,car
G,324,30.62%,0,0%,63,15.07%,LarsTy00,Tyler Larsen,car
C,1028,97.16%,0,0%,1,.24%,KaliRy20,Ryan Kalil,car
DE,0,0%,472,47.34%,66,15.79%,HortWe00,Wes Horton,car
DE,0,0%,666,66.80%,10,2.39%,AddiMa00,Mario Addison,car
DE,0,0%,46,4.61%,30,7.18%,HaynMa01,Marquis Haynes,car
DE,0,0%,200,20.06%,91,21.77%,CoxxBr01,Bryan Cox Jr.,car
DE,0,0%,507,50.85%,74,17.70%,PeppJu99,Julius Peppers,car
DE,0,0%,187,18.76%,71,16.99%,ObadEf00,Efe Obada,car
DT,0,0%,584,58.58%,69,16.51%,ShorKa00,Kawann Short,car
DT,0,0%,330,33.10%,65,15.55%,ButlVe00,Vernon Butler,car
NT,0,0%,515,51.65%,23,5.50%,PoexDo00,Dontari Poe,car
NT,0,0%,468,46.94%,9,2.15%,LoveKy00,Kyle Love,car
LB,0,0%,650,65.20%,49,11.72%,DaviTh20,Thomas Davis,car
LB,0,0%,598,59.98%,188,44.98%,ThomSh01,Shaq Thompson,car
LB,0,0%,928,93.08%,71,16.99%,KuecLu00,Luke Kuechly,car
LB,0,0%,143,14.34%,281,67.22%,MayoDa00,David Mayo,car
LB,0,0%,0,0%,52,12.44%,NorrJa00,Jared Norris,car
LB,0,0%,11,1.10%,49,11.72%,SmitAn04,Andre Smith,car
LB,0,0%,6,.60%,281,67.22%,JacoBe00,Ben Jacobs,car
LB,0,0%,84,8.43%,270,64.59%,CartJe00,Jermaine Carter Jr.,car
CB,0,0%,993,99.60%,118,28.23%,BradJa00,James Bradberry,car
CB,0,0%,630,63.19%,13,3.11%,MunnCa99,Captain Munnerlyn,car
CB,0,0%,0,0%,19,4.55%,DossLo00,Lorenzo Doss,car
CB,0,0%,6,.60%,72,17.22%,HawkJo00,Josh Hawkins,car
CB,0,0%,61,6.12%,190,45.45%,EldeCo00,Corn Elder,car
SS,0,0%,737,73.92%,9,2.15%,ReidEr00,Eric Reid,car
SS,0,0%,70,7.02%,4,.96%,SearDa00,Da'Norris Searcy,car
SS,0,0%,97,9.73%,345,82.54%,JoneCo01,Colin Jones,car
FS,0,0%,939,94.18%,70,16.75%,AdamMi21,Mike Adams,car
FS,0,0%,143,14.34%,147,35.17%,GaulRa00,Rashaan Gaulden,car
"CB,DB",0,0%,896,89.87%,105,25.12%,JackDo02,Donte Jackson,car
LS,0,0%,0,0%,125,29.90%,JansJ.00,J.J. Jansen,car
K,0,0%,0,0%,29,6.94%,CataCh00,Chandler Catanzaro,car
K,0,0%,0,0%,112,26.79%,GanoGr44,Graham Gano,car
P,0,0%,0,0%,125,29.90%,PalaMi00,Michael Palardy,car
QB,929,86.42%,0,0%,0,0%,TrubMi00,Mitchell Trubisky,chi
QB,148,13.77%,0,0%,0,0%,DaniCh00,Chase Daniel,chi
RB,624,58.05%,0,0%,0,0%,HowaJo00,Jordan Howard,chi
RB,495,46.05%,0,0%,90,21.18%,CoheTa00,Tarik Cohen,chi
RB,70,6.51%,0,0%,96,22.59%,MizzTa00,Taquan Mizzell,chi
RB,37,3.44%,0,0%,249,58.59%,CunnBe01,Benny Cunningham,chi
FB,49,4.56%,0,0%,50,11.76%,BurtMi00,Michael Burton,chi
WR,765,71.16%,0,0%,7,1.65%,RobiAl02,Allen Robinson,chi
WR,830,77.21%,0,0%,1,.24%,GabrTa00,Taylor Gabriel,chi
WR,576,53.58%,0,0%,39,9.18%,MillAn02,Anthony Miller,chi
WR,321,29.86%,0,0%,245,57.65%,BellJo02,Josh Bellamy,chi
WR,170,15.81%,0,0%,5,1.18%,WhitKe00,Kevin White,chi
WR,30,2.79%,0,0%,5,1.18%,WimsJa00,Javon Wims,chi
TE,860,80.00%,0,0%,11,2.59%,BurtTr01,Trey Burton,chi
TE,195,18.14%,0,0%,64,15.06%,SimsDi00,Dion Sims,chi
TE,119,11.07%,0,0%,239,56.24%,BrauBe00,Ben Braunecker,chi
TE,160,14.88%,0,0%,1,.24%,ShahAd00,Adam Shaheen,chi
TE,23,2.14%,0,0%,223,52.47%,BrowDa04,Daniel Brown,chi
T,1070,99.53%,0,0%,75,17.65%,MassBo00,Bobby Massie,chi
T,1067,99.26%,0,0%,75,17.65%,LenoCh00,Charles Leno Jr.,chi
T,50,4.65%,0,0%,75,17.65%,SoweBr00,Bradley Sowell,chi
G,344,32.00%,0,0%,63,14.82%,KushEr00,Eric Kush,chi
G,511,47.53%,0,0%,37,8.71%,LongKy00,Kyle Long,chi
G,533,49.58%,0,0%,43,10.12%,WitzBr00,Bryan Witzmann,chi
C,1075,100.00%,0,0%,75,17.65%,WhitCo03,Cody Whitehair,chi
C,762,70.88%,0,0%,75,17.65%,DaniJa01,James Daniels,chi
DE,3,.28%,353,33.56%,115,27.06%,RobeRo00,Roy Robertson-Harris,chi
DE,1,.09%,298,28.33%,64,15.06%,BullJo00,Jonathan Bullard,chi
DT,3,.28%,780,74.14%,24,5.65%,HickAk00,Akiem Hicks,chi
DT,0,0%,44,4.18%,0,0%,WillNi01,Nick Williams,chi
DT,1,.09%,328,31.18%,22,5.18%,NichBi00,Bilal Nichols,chi
NT,0,0%,552,52.47%,48,11.29%,GoldEd00,Eddie Goldman,chi
LB,0,0%,986,93.73%,60,14.12%,TrevDa00,Danny Trevathan,chi
LB,1,.09%,111,10.55%,304,71.53%,KwiaNi00,Nick Kwiatkoski,chi
LB,0,0%,793,75.38%,12,2.82%,FloyLe00,Leonard Floyd,chi
LB,0,0%,755,71.77%,0,0%,MackKh00,Khalil Mack,chi
LB,0,0%,27,2.57%,36,8.47%,AchoSa00,Sam Acho,chi
LB,0,0%,353,33.56%,13,3.06%,LyncAa00,Aaron Lynch,chi
LB,0,0%,116,11.03%,186,43.76%,IrviIs00,Isaiah Irving,chi
LB,0,0%,23,2.19%,317,74.59%,IyieJo00,Joel Iyiegbuniwe,chi
LB,0,0%,58,5.51%,25,5.88%,FittKy00,Kylie Fitts,chi
LB,0,0%,880,83.65%,17,4.00%,SmitRo07,Roquan Smith,chi
CB,0,0%,1013,96.29%,96,22.59%,FullKy00,Kyle Fuller,chi
CB,1,.09%,910,86.50%,18,4.24%,AmukPr00,Prince Amukamara,chi
CB,0,0%,675,64.16%,13,3.06%,CallBr00,Bryce Callahan,chi
CB,0,0%,236,22.43%,251,59.06%,McMaSh99,Sherrick McManis,chi
CB,0,0%,3,.29%,23,5.41%,CoopMa00,Marcus Cooper,chi
CB,0,0%,12,1.14%,17,4.00%,WillMa03,Marcus Williams,chi
CB,0,0%,135,12.83%,112,26.35%,ToliKe00,Kevin Toliver,chi
SS,0,0%,152,14.45%,248,58.35%,BushDe00,Deon Bush,chi
FS,0,0%,1028,97.72%,64,15.06%,AmosAd00,Adrian Amos,chi
FS,2,.19%,905,86.03%,39,9.18%,JackEd01,Eddie Jackson,chi
FS,0,0%,46,4.37%,260,61.18%,HousDe00,DeAndre Houston-Carson,chi
LS,0,0%,0,0%,140,32.94%,ScalPa00,Patrick Scales,chi
K,0,0%,0,0%,164,38.59%,ParkCo03,Cody Parkey,chi
P,0,0%,0,0%,140,32.94%,ODonPa00,Pat O'Donnell,chi
QB,627,62.89%,0,0%,0,0%,DaltAn00,Andy Dalton,cin
QB,372,37.31%,0,0%,0,0%,DrisJe00,Jeff Driskel,cin
RB,595,59.68%,0,0%,0,0%,MixoJo00,Joe Mixon,cin
RB,5,.50%,0,0%,38,8.41%,CarsTr01,Tra Carson,cin
RB,329,33.00%,0,0%,11,2.43%,BernGi00,Giovani Bernard,cin
RB,93,9.33%,0,0%,137,30.31%,WaltMa00,Mark Walton,cin
RB,0,0%,0,0%,2,.44%,RawlTh00,Thomas Rawls,cin
WR,458,45.94%,0,0%,0,0%,GreeA.00,A.J. Green,cin
WR,773,77.53%,0,0%,0,0%,BoydTy00,Tyler Boyd,cin
WR,602,60.38%,0,0%,0,0%,RossJo00,John Ross,cin
WR,310,31.09%,0,0%,189,41.81%,CoreCo00,Cody Core,cin
WR,77,7.72%,0,0%,43,9.51%,TateAu00,Auden Tate,cin
WR,68,6.82%,0,0%,27,5.97%,MaloJo00,Josh Malone,cin
WR,364,36.51%,0,0%,168,37.17%,EricAl01,Alex Erickson,cin
TE,839,84.15%,0,0%,127,28.10%,UzomC.00,C.J. Uzomah,cin
TE,117,11.74%,0,0%,49,10.84%,KrofTy00,Tyler Kroft,cin
TE,17,1.71%,0,0%,103,22.79%,FranJo03,Jordan Franks,cin
TE,133,13.34%,0,0%,0,0%,EifeTy00,Tyler Eifert,cin
TE,21,2.11%,0,0%,102,22.57%,SchrMa00,Mason Schreck,cin
TE,131,13.14%,0,0%,115,25.44%,LengMa00,Matt Lengel,cin
T,994,99.70%,0,0%,62,13.72%,HartBo00,Bobby Hart,cin
T,765,76.73%,0,0%,0,0%,GlenCo00,Cordy Glenn,cin
T,26,2.61%,0,0%,1,.22%,SmitAn23,Andre Smith,cin
T,54,5.42%,0,0%,4,.88%,OgbuCe00,Cedric Ogbuehi,cin
T,45,4.51%,0,0%,33,7.30%,FishJa00,Jake Fisher,cin
G,928,93.08%,0,0%,54,11.95%,RedmAl01,Alex Redmond,cin
G,969,97.19%,0,0%,61,13.50%,BoliCl00,Clint Boling,cin
G,589,59.08%,0,0%,64,14.16%,HopkTr01,Trey Hopkins,cin
G,96,9.63%,1,.09%,52,11.50%,WestCh02,Christian Westerman,cin
C,558,55.97%,0,0%,34,7.52%,PricBi01,Billy Price,cin
DE,0,0%,839,74.31%,86,19.03%,DunlCa99,Carlos Dunlap,cin
DE,0,0%,467,41.36%,68,15.04%,JohnMi98,Michael Johnson,cin
DE,0,0%,537,47.56%,84,18.58%,WillJo09,Jordan Willis,cin
DE,12,1.20%,508,45.00%,232,51.33%,HubbSa00,Sam Hubbard,cin
DE,0,0%,2,.18%,9,1.99%,EdebKa00,Kasim Edebali,cin
DT,0,0%,795,70.42%,24,5.31%,AtkiGe99,Geno Atkins,cin
DT,0,0%,92,8.15%,29,6.42%,GlasRy00,Ryan Glasgow,cin
DT,0,0%,102,9.03%,1,.22%,WashAd00,Adolphus Washington,cin
DT,0,0%,144,12.75%,1,.22%,RingCh00,Christian Ringo,cin
NT,0,0%,632,55.98%,65,14.38%,BillAn00,Andrew Billings,cin
NT,0,0%,154,13.64%,11,2.43%,TupoJo00,Josh Tupou,cin
NT,0,0%,46,4.07%,1,.22%,ScotNi00,Niles Scott,cin
LB,0,0%,672,59.52%,57,12.61%,VigiNi00,Nick Vigil,cin
LB,0,0%,538,47.65%,208,46.02%,NickHa02,Hardy Nickerson,cin
LB,0,0%,375,33.22%,16,3.54%,BrowPr00,Preston Brown,cin
"DE,LB",0,0%,225,19.93%,6,1.33%,LawsCa00,Carl Lawson,cin
LB,0,0%,298,26.40%,2,.44%,BurfVo00,Vontaze Burfict,cin
LB,0,0%,510,45.17%,168,37.17%,EvanJo01,Jordan Evans,cin
LB,0,0%,178,15.77%,344,76.11%,ReyxVi00,Vincent Rey,cin
LB,0,0%,0,0%,115,25.44%,BellBr01,Brandon Bell,cin
LB,0,0%,0,0%,37,8.19%,WorlCh00,Chris Worley,cin
LB,0,0%,11,.97%,215,47.57%,JeffMa00,Malik Jefferson,cin
CB,0,0%,1063,94.15%,0,0%,JackWi02,William Jackson III,cin
CB,0,0%,774,68.56%,0,0%,KirkDr00,Dre Kirkpatrick,cin
CB,0,0%,675,59.79%,88,19.47%,DennDa00,Darqueze Dennard,cin
CB,0,0%,82,7.26%,187,41.37%,McRaTo00,Tony McRae,cin
CB,0,0%,137,12.13%,67,14.82%,RussKe00,KeiVarae Russell,cin
CB,0,0%,0,0%,15,3.32%,HarrDa05,Davontae Harris,cin
SS,0,0%,995,88.13%,135,29.87%,WillSh02,Shawn Williams,cin
"FS,SS",0,0%,167,14.79%,372,82.30%,FejeCl00,Clayton Fejedelem,cin
"DB,FS",0,0%,1114,98.67%,25,5.53%,BateJe00,Jessie Bates III,cin
"CB,DB",0,0%,232,20.55%,125,27.65%,PhilDa02,Darius Phillips,cin
"FS,S",0,0%,54,4.78%,281,62.17%,WilsBr01,Brandon Wilson,cin
LS,0,0%,0,0%,139,30.75%,HarrCl20,Clark Harris,cin
K,0,0%,0,0%,143,31.64%,BullRa00,Randy Bullock,cin
P,0,0%,0,0%,139,30.75%,HubeKe20,Kevin Huber,cin
QB,185,16.96%,0,0%,0,0%,TaylTy00,Tyrod Taylor,cle
QB,906,83.04%,0,0%,0,0%,MayfBa00,Baker Mayfield,cle
RB,237,21.72%,0,0%,0,0%,HydeCa00,Carlos Hyde,cle
RB,459,42.07%,0,0%,12,2.58%,JohnDu00,Duke Johnson,cle
RB,395,36.21%,0,0%,106,22.80%,ChubNi00,Nick Chubb,cle
RB,58,5.32%,0,0%,149,32.04%,HillDo00,Dontrell Hilliard,cle
WR,957,87.72%,0,0%,6,1.29%,LandJa00,Jarvis Landry,cle
WR,69,6.32%,0,0%,0,0%,GordJo02,Josh Gordon,cle
WR,483,44.27%,0,0%,12,2.58%,HiggRa00,Rashard Higgins,cle
WR,23,2.11%,0,0%,41,8.82%,StreRo00,Rod Streater,cle
WR,765,70.12%,0,0%,30,6.45%,CallAn00,Antonio Callaway,cle
WR,30,2.75%,0,0%,82,17.63%,WillDe06,Derrick Willies,cle
WR,218,19.98%,0,0%,4,.86%,PerrBr02,Breshad Perriman,cle
WR,176,16.13%,0,0%,97,20.86%,RatlDa00,Damion Ratley,cle
TE,871,79.84%,0,0%,0,0%,NjokDa00,David Njoku,cle
TE,420,38.50%,0,0%,186,40.00%,FellDa01,Darren Fells,cle
TE,173,15.86%,0,0%,265,56.99%,CharOr00,Orson Charles,cle
TE,98,8.98%,0,0%,170,36.56%,DevaSe00,Seth Devalve,cle
T,595,54.54%,0,0%,23,4.95%,HarrDe05,Desmond Harrison,cle
T,14,1.28%,0,0%,42,9.03%,CorbAu00,Austin Corbett,cle
T,498,45.65%,0,0%,60,12.90%,RobiGr01,Greg Robinson,cle
G,1091,100.00%,0,0%,60,12.90%,ZeitKe00,Kevin Zeitler,cle
G,1091,100.00%,0,0%,60,12.90%,BitoJo00,Joel Bitonio,cle
G,1091,100.00%,0,0%,60,12.90%,HubbCh00,Chris Hubbard,cle
G,6,.55%,0,0%,51,10.97%,WatfEa00,Earl Watford,cle
G,1,.09%,0,0%,10,2.15%,KaliKy00,Kyle Kalis,cle
C,1091,100.00%,0,0%,0,0%,TretJC00,J.C. Tretter,cle
DE,0,0%,1012,85.98%,82,17.63%,GarrMy00,Myles Garrett,cle
DE,0,0%,336,28.55%,22,4.73%,SmitCh03,Chris Smith,cle
DE,0,0%,806,68.48%,123,26.45%,OgbaEm00,Emmanuel Ogbah,cle
DE,0,0%,22,1.87%,0,0%,ThomCh06,Chad Thomas,cle
DT,0,0%,930,79.01%,62,13.33%,OgunLa00,Larry Ogunjobi,cle
DT,0,0%,614,52.17%,77,16.56%,ColeTr01,Trevon Coley,cle
DT,0,0%,193,16.40%,3,.65%,PricBr00,Brian Price,cle
DT,0,0%,158,13.42%,71,15.27%,ZettAn00,Anthony Zettel,cle
DT,0,0%,2,.17%,0,0%,LawrDe02,Devaroe Lawrence,cle
NT,0,0%,31,2.63%,8,1.72%,DaviCa01,Carl Davis,cle
LB,0,0%,897,76.21%,46,9.89%,SchoJo00,Joe Schobert,cle
LB,0,0%,474,40.27%,19,4.09%,KirkCh00,Christian Kirksey,cle
LB,0,0%,1067,90.65%,47,10.11%,CollJa00,Jamie Collins,cle
LB,0,0%,76,6.46%,31,6.67%,BurgJa01,James Burgess,cle
LB,0,0%,684,58.11%,90,19.35%,AverGe00,Genard Avery,cle
LB,0,0%,145,12.32%,275,59.14%,VallTa00,Tanner Vallejo,cle
LB,0,0%,0,0%,239,51.40%,HineDJ00,D'Juan Hines,cle
LB,0,0%,26,2.21%,139,29.89%,ArmsRa01,Ray-Ray Armstrong,cle
LB,0,0%,0,0%,42,9.03%,WoodXa01,Xavier Woodson-Luster,cle
CB,0,0%,445,37.81%,30,6.45%,MitcTe00,Terrance Mitchell,cle
CB,0,0%,0,0%,25,5.38%,McKiJe01,Jeremiah McKinnon,cle
CB,0,0%,35,2.97%,172,36.99%,RiceDe00,Denzel Rice,cle
CB,0,0%,907,77.06%,197,42.37%,CarrTr00,T.J. Carrie,cle
CB,0,0%,0,0%,69,14.84%,BurrJu00,Juston Burris,cle
CB,0,0%,41,3.48%,55,11.83%,GainPh00,Phillip Gaines,cle
CB,0,0%,17,1.44%,191,41.08%,ThomTa01,Tavierre Thomas,cle
CB,0,0%,181,15.38%,30,6.45%,GainE.00,E.J. Gaines,cle
SS,0,0%,497,42.23%,304,65.38%,KindDe00,Derrick Kindred,cle
SS,0,0%,764,64.91%,282,60.65%,PeppJa00,Jabrill Peppers,cle
FS,0,0%,1083,92.01%,25,5.38%,RandDa00,Damarious Randall,cle
FS,0,0%,656,55.73%,250,53.76%,BoddBr01,Briean Boddy-Calhoun,cle
FS,0,0%,6,.51%,92,19.78%,WhitJe02,Jermaine Whitehead,cle
"CB,DB",0,0%,841,71.45%,54,11.61%,WardDe02,Denzel Ward,cle
LS,0,0%,0,0%,146,31.40%,HughCh01,Charley Hughlett,cle
K,0,0%,0,0%,120,25.81%,JoseGr00,Greg Joseph,cle
K,0,0%,0,0%,19,4.09%,GonzZa00,Zane Gonzalez,cle
P,0,0%,0,0%,147,31.61%,ColqBr00,Britton Colquitt,cle
QB,1070,99.44%,0,0%,0,0%,PresDa01,Dak Prescott,dal
QB,6,.56%,0,0%,0,0%,RushCo00,Cooper Rush,dal
RB,890,82.71%,0,0%,5,1.20%,ElliEz00,Ezekiel Elliott,dal
RB,150,13.94%,0,0%,261,62.74%,SmitRo06,Rod Smith,dal
"RB,WR",115,10.69%,0,0%,21,5.05%,AustTa00,Tavon Austin,dal
RB,18,1.67%,0,0%,11,2.64%,JackDa01,Darius Jackson,dal
FB,114,10.59%,0,0%,262,62.98%,OlawJa00,Jamize Olawale,dal
WR,511,47.49%,0,0%,2,.48%,CoopAm00,Amari Cooper,dal
WR,712,66.17%,0,0%,49,11.78%,BeasCo00,Cole Beasley,dal
WR,451,41.91%,0,0%,3,.72%,HurnAl01,Allen Hurns,dal
WR,170,15.80%,0,0%,41,9.86%,ThomDe04,Deonte Thompson,dal
WR,739,68.68%,0,0%,0,0%,GallMi00,Michael Gallup,dal
WR,102,9.48%,0,0%,126,30.29%,BrowNo00,Noah Brown,dal
WR,38,3.53%,0,0%,0,0%,WillTe01,Terrance Williams,dal
WR,8,.74%,0,0%,106,25.48%,LenoLa00,Lance Lenoir,dal
WR,3,.28%,0,0%,0,0%,ButlBr00,Brice Butler,dal
TE,512,47.58%,0,0%,89,21.39%,SwaiGe00,Geoff Swaim,dal
TE,386,35.87%,0,0%,164,39.42%,JarwBl00,Blake Jarwin,dal
TE,146,13.57%,0,0%,8,1.92%,GathRi00,Rico Gathers,dal
TE,300,27.88%,0,0%,66,15.87%,SchuDa00,Dalton Schultz,dal
T,849,78.90%,0,0%,52,12.50%,SmitTy00,Tyron Smith,dal
T,1075,99.91%,0,0%,70,16.83%,CollLa01,La'el Collins,dal
T,232,21.56%,0,0%,54,12.98%,FlemCa00,Cameron Fleming,dal
G,494,45.91%,0,0%,25,6.01%,Sua-Xa00,Xavier Su'a-Filo,dal
G,688,63.94%,0,0%,44,10.58%,WillCo00,Connor Williams,dal
G,877,81.51%,0,0%,56,13.46%,MartZa00,Zack Martin,dal
G,96,8.92%,0,0%,47,11.30%,RedmAd00,Adam Redmond,dal
C,1076,100.00%,0,0%,70,16.83%,LoonJo01,Joe Looney,dal
DE,0,0%,632,61.72%,67,16.11%,CrawTy00,Tyrone Crawford,dal
DE,0,0%,401,39.16%,19,4.57%,CharTa00,Taco Charlton,dal
DE,0,0%,734,71.68%,69,16.59%,LawrDe00,DeMarcus Lawrence,dal
DE,0,0%,56,5.47%,11,2.64%,IrviDa00,David Irving,dal
DE,0,0%,273,26.66%,49,11.78%,ArmsDo00,Dorance Armstrong Jr.,dal
DE,0,0%,457,44.63%,39,9.38%,GregRa00,Randy Gregory,dal
DT,0,0%,185,18.07%,16,3.85%,ReidCa00,Caraun Reid,dal
DT,0,0%,497,48.54%,43,10.34%,CollMa00,Maliek Collins,dal
DT,0,0%,249,24.32%,13,3.13%,RossDa02,Daniel Ross,dal
DT,0,0%,8,.78%,0,0%,RingCh00,Christian Ringo,dal
DT,0,0%,5,.49%,0,0%,JoneDa03,Datone Jones,dal
NT,0,0%,583,56.93%,35,8.41%,WoodAn02,Antwaun Woods,dal
LB,0,0%,976,95.31%,79,18.99%,SmitJa05,Jaylon Smith,dal
LB,0,0%,220,21.48%,18,4.33%,LeexSe99,Sean Lee,dal
LB,0,0%,286,27.93%,345,82.93%,WilsDa02,Damien Wilson,dal
LB,0,0%,784,76.56%,181,43.51%,VandLe00,Leighton Vander Esch,dal
LB,0,0%,58,5.66%,138,33.17%,ThomJo04,Joe Thomas,dal
LB,0,0%,8,.78%,190,45.67%,MarcJu00,Justin March,dal
LB,0,0%,1,.10%,28,6.73%,CoviCh01,Chris Covington,dal
CB,0,0%,1019,99.51%,210,50.48%,JoneBy00,Byron Jones,dal
CB,0,0%,884,86.33%,102,24.52%,AwuzCh00,Chidobe Awuzie,dal
CB,0,0%,690,67.38%,124,29.81%,BrowAn02,Anthony Brown,dal
CB,0,0%,3,.29%,50,12.02%,GoodC.00,C.J. Goodwin,dal
CB,8,.74%,187,18.26%,84,20.19%,LewiJo01,Jourdan Lewis,dal
CB,0,0%,0,0%,5,1.20%,DecoTr00,Treston Decoud,dal
SS,0,0%,998,97.46%,252,60.58%,HeatJe00,Jeff Heath,dal
SS,0,0%,185,18.07%,224,53.85%,FrazKa00,Kavon Frazier,dal
FS,0,0%,882,86.13%,58,13.94%,WoodXa00,Xavier Woods,dal
FS,0,0%,1,.10%,26,6.25%,CampIb00,Ibraheim Campbell,dal
FS,0,0%,1,.10%,54,12.98%,ThomDa05,Darian Thompson,dal
LS,0,0%,0,0%,133,31.97%,LadoL.20,L.P. Ladouceur,dal
K,0,0%,0,0%,147,35.34%,MaheBr01,Brett Maher,dal
P,0,0%,0,0%,133,31.97%,JoneCh02,Chris Jones,dal
QB,1073,99.91%,0,0%,0,0%,KeenCa00,Case Keenum,den
QB,1,.09%,0,0%,0,0%,KellCh00,Chad Kelly,den
RB,453,42.18%,0,0%,63,14.13%,LindPh00,Phillip Lindsay,den
RB,308,28.68%,0,0%,0,0%,FreeRo00,Royce Freeman,den
RB,316,29.42%,0,0%,125,28.03%,BookDe00,Devontae Booker,den
FB,239,22.25%,0,0%,273,61.21%,JanoAn00,Andy Janovich,den
WR,658,61.27%,0,0%,0,0%,SandEm00,Emmanuel Sanders,den
WR,819,76.26%,0,0%,27,6.05%,SuttCo00,Courtland Sutton,den
WR,405,37.71%,0,0%,0,0%,ThomDe03,Demaryius Thomas,den
WR,393,36.59%,0,0%,216,48.43%,PatrTi00,Tim Patrick,den
WR,471,43.85%,0,0%,93,20.85%,HamiDa01,DaeSean Hamilton,den
WR,28,2.61%,0,0%,37,8.30%,HolmAn00,Andre Holmes,den
WR,27,2.51%,0,0%,109,24.44%,CracRi00,River Cracraft,den
WR,3,.28%,0,0%,3,.67%,McKeIs00,Isaiah McKenzie,den
TE,555,51.68%,0,0%,0,0%,HeueJe00,Jeff Heuerman,den
TE,97,9.03%,0,0%,22,4.93%,ButtJa00,Jake Butt,den
TE,4,.37%,0,0%,74,16.59%,HemiTe00,Temarrick Hemingway,den
TE,146,13.59%,0,0%,129,28.92%,ParkBr00,Brian Parker,den
TE,418,38.92%,0,0%,102,22.87%,LaCoMa00,Matt LaCosse,den
T,1062,98.88%,0,0%,60,13.45%,BollGa00,Garett Bolles,den
T,704,65.55%,0,0%,10,2.24%,VeldJa20,Jared Veldheer,den
T,520,48.42%,0,0%,44,9.87%,WilkEl00,Elijah Wilkinson,den
T,8,.74%,0,0%,9,2.02%,KouaCy00,Cyrus Kouandjio,den
G,1056,98.32%,0,0%,60,13.45%,McGoCo00,Connor McGovern,den
G,383,35.66%,0,0%,0,0%,LearRo00,Ronald Leary,den
G,824,76.72%,0,0%,60,13.45%,TurnBi00,Billy Turner,den
G,242,22.53%,0,0%,38,8.52%,GarcMa00,Max Garcia,den
C,569,52.98%,0,0%,35,7.85%,ParaMa00,Matt Paradis,den
C,15,1.40%,0,0%,13,2.91%,JoneSa00,Sam Jones,den
C,17,1.58%,0,0%,25,5.61%,GradGi00,Gino Gradkowski,den
DE,0,0%,709,65.83%,79,17.71%,WolfDe00,Derek Wolfe,den
DE,0,0%,512,47.54%,149,33.41%,GotsAd00,Adam Gotsis,den
DE,0,0%,394,36.58%,70,15.70%,KerrZa00,Zach Kerr,den
DE,0,0%,21,1.95%,6,1.35%,WalkDe03,DeMarcus Walker,den
NT,0,0%,522,48.47%,75,16.82%,PekoDo20,Domata Peko,den
NT,0,0%,390,36.21%,91,20.40%,HarrSh00,Shelby Harris,den
LB,0,0%,844,78.37%,8,1.79%,ChubBr00,Bradley Chubb,den
LB,0,0%,844,78.37%,0,0%,MillVo00,Von Miller,den
LB,0,0%,468,43.45%,0,0%,MarsBr01,Brandon Marshall,den
LB,0,0%,842,78.18%,67,15.02%,DaviTo01,Todd Davis,den
LB,0,0%,459,42.62%,309,69.28%,JeweJo00,Josey Jewell,den
LB,0,0%,275,25.53%,251,56.28%,BarrSh00,Shaquil Barrett,den
LB,0,0%,253,23.49%,44,9.87%,RayxSh00,Shane Ray,den
LB,0,0%,25,2.32%,346,77.58%,JoneJo05,Joseph Jones,den
LB,0,0%,43,3.99%,9,2.02%,HollJe01,Jeff Holland,den
LB,0,0%,18,1.67%,293,65.70%,BierKe00,Keishawn Bierria,den
LB,0,0%,0,0%,13,2.91%,JohnAl01,Alexander Johnson,den
CB,0,0%,747,69.36%,14,3.14%,HarrCh01,Chris Harris Jr.,den
CB,0,0%,926,85.98%,4,.90%,RobyBr00,Bradley Roby,den
CB,0,0%,148,13.74%,33,7.40%,JonePa20,Adam Jones,den
CB,0,0%,263,24.42%,176,39.46%,YiadIs00,Isaac Yiadom,den
CB,0,0%,437,40.58%,74,16.59%,BrocTr00,Tramaine Brock,den
CB,0,0%,0,0%,77,17.26%,LangBr00,Brendan Langley,den
CB,0,0%,9,.84%,19,4.26%,TaylJa01,Jamar Taylor,den
SS,0,0%,874,81.15%,0,0%,StewDa00,Darian Stewart,den
SS,0,0%,117,10.86%,41,9.19%,CravSu00,Su'a Cravens,den
SS,0,0%,572,53.11%,151,33.86%,ParkWi01,Will Parks,den
SS,0,0%,19,1.76%,112,25.11%,ThomSh00,Shamarko Thomas,den
SS,0,0%,0,0%,22,4.93%,MarsTr00,Trey Marshall,den
FS,0,0%,1077,100.00%,91,20.40%,SimmJu00,Justin Simmons,den
FS,0,0%,42,3.90%,219,49.10%,ThomDy01,Dymonte Thomas,den
LS,0,0%,0,0%,148,33.18%,KreiCa00,Casey Kreiter,den
K,0,0%,0,0%,134,30.04%,McMaBr01,Brandon McManus,den
P,0,0%,0,0%,36,8.07%,KingMa00,Marquette King,den
P,0,0%,0,0%,112,25.11%,WadmCo00,Colby Wadman,den
QB,1052,97.86%,0,0%,0,0%,StafMa00,Matthew Stafford,det
QB,23,2.14%,0,0%,0,0%,CassMa00,Matt Cassel,det
RB,415,38.60%,0,0%,0,0%,RiddTh00,Theo Riddick,det
RB,118,10.98%,0,0%,238,54.97%,BellNi01,Nick Bellore,det
RB,118,10.98%,0,0%,137,31.64%,ZennZa00,Zach Zenner,det
RB,346,32.19%,0,0%,1,.23%,JohnKe06,Kerryon Johnson,det
RB,281,26.14%,0,0%,0,0%,BlouLe00,LeGarrette Blount,det
RB,11,1.02%,0,0%,13,3.00%,AbduAm00,Ameer Abdullah,det
WR,904,84.09%,1,.10%,1,.23%,GollKe00,Kenny Golladay,det
WR,538,50.05%,0,0%,1,.23%,JoneMa02,Marvin Jones,det
WR,366,34.05%,0,0%,4,.92%,TateGo00,Golden Tate,det
WR,35,3.26%,0,0%,10,2.31%,LacyCh00,Chris Lacy,det
WR,152,14.14%,0,0%,11,2.54%,ElliBr00,Bruce Ellington,det
WR,7,.65%,0,0%,18,4.16%,MarqBr00,Bradley Marquez,det
WR,256,23.81%,0,0%,84,19.40%,JoneAn01,Andy Jones,det
WR,461,42.88%,0,0%,89,20.55%,JoneT.00,T.J. Jones,det
WR,99,9.21%,0,0%,35,8.08%,PoweBr00,Brandon Powell,det
TE,424,39.44%,0,0%,124,28.64%,WillLu00,Luke Willson,det
TE,527,49.02%,0,0%,95,21.94%,ToilLe00,Levine Toilolo,det
TE,159,14.79%,0,0%,18,4.16%,RobeMi01,Michael Roberts,det
TE,29,2.70%,0,0%,0,0%,VallHa00,Hakeem Valles,det
TE,53,4.93%,0,0%,8,1.85%,CunnJe00,Jerome Cunningham,det
T,984,91.53%,0,0%,59,13.63%,WagnRi00,Ricky Wagner,det
T,1062,98.79%,0,0%,36,8.31%,DeckTa00,Taylor Decker,det
T,128,11.91%,0,0%,30,6.93%,CrosTy00,Tyrell Crosby,det
T,0,0%,0,0%,9,2.08%,DonnAn00,Andrew Donnal,det
G,1074,99.91%,0,0%,64,14.78%,RagnFr00,Frank Ragnow,det
G,282,26.23%,0,0%,9,2.08%,LangT.20,T.J. Lang,det
G,796,74.05%,0,0%,64,14.78%,WiggKe00,Kenny Wiggins,det
G,49,4.56%,0,0%,34,7.85%,DahlJo00,Joe Dahl,det
C,1074,99.91%,0,0%,63,14.55%,GlasGr00,Graham Glasgow,det
DE,0,0%,153,15.50%,14,3.23%,HydeKe01,Kerry Hyder,det
DE,0,0%,455,46.10%,48,11.09%,HandDa00,Da'Shawn Hand,det
DE,0,0%,716,72.54%,40,9.24%,OkwaRo01,Romeo Okwara,det
DE,0,0%,146,14.79%,8,1.85%,AnsaEz00,Ezekiel Ansah,det
DE,0,0%,97,9.83%,19,4.39%,LeexEr00,Eric Lee,det
DT,0,0%,405,41.03%,71,16.40%,JeanRi99,Ricky Jean-Francois,det
DT,0,0%,148,14.99%,32,7.39%,WillSy00,Sylvester Williams,det
DT,0,0%,357,36.17%,37,8.55%,HarrDa03,Damon Harrison,det
DT,0,0%,415,42.05%,77,17.78%,RobiAS00,A'Shawn Robinson,det
NT,0,0%,40,4.05%,5,1.15%,AtkiJo01,John Atkins,det
LB,0,0%,864,87.54%,66,15.24%,KennDe00,Devon Kennard,det
LB,0,0%,976,98.89%,78,18.01%,DaviJa01,Jarrad Davis,det
LB,0,0%,110,11.14%,159,36.72%,ReevJa00,Jalen Reeves-Maybin,det
LB,0,0%,643,65.15%,140,32.33%,JoneCh05,Christian Jones,det
LB,0,0%,12,1.22%,72,16.63%,FlowMa00,Marquis Flowers,det
LB,0,0%,2,.20%,156,36.03%,BateTr00,Trevor Bates,det
LB,0,0%,11,1.11%,108,24.94%,ShepKe00,Kelvin Sheppard,det
LB,0,0%,183,18.54%,104,24.02%,HaroEl00,Eli Harold,det
LB,0,0%,0,0%,31,7.16%,GrigNi01,Nicholas Grigsby,det
CB,0,0%,877,88.86%,115,26.56%,LawsNe00,Nevin Lawson,det
CB,0,0%,875,88.65%,46,10.62%,SlayDa00,Darius Slay,det
CB,2,.19%,117,11.85%,69,15.94%,AgneJa00,Jamal Agnew,det
CB,0,0%,316,32.02%,57,13.16%,FordMi01,Mike Ford,det
CB,0,0%,29,2.94%,30,6.93%,LeBlCr01,Cre'von LeBlanc,det
CB,0,0%,247,25.03%,166,38.34%,SheaDe00,DeShawn Shead,det
CB,0,0%,275,27.86%,163,37.64%,TaboTe00,Teez Tabor,det
CB,0,0%,0,0%,57,13.16%,VirgDe00,Dee Virgin,det
CB,0,0%,0,0%,18,4.16%,PipkLe00,Lenzy Pipkins,det
CB,0,0%,36,3.65%,34,7.85%,CoopMa00,Marcus Cooper,det
SS,0,0%,948,96.05%,47,10.85%,DiggQu00,Quandre Diggs,det
SS,0,0%,304,30.80%,122,28.18%,WilsTa00,Tavon Wilson,det
SS,0,0%,267,27.05%,227,52.42%,WalkTr01,Tracy Walker,det
FS,0,0%,829,83.99%,87,20.09%,QuinGl99,Glover Quin,det
FS,0,0%,0,0%,337,77.83%,KillMi00,Miles Killebrew,det
FS,0,0%,0,0%,18,4.16%,CareDo00,Don Carey,det
FS,0,0%,0,0%,228,52.66%,WashCh01,Charles Washington,det
LS,0,0%,0,0%,139,32.10%,MuhlDo20,Don Muhlbach,det
K,0,0%,0,0%,70,16.17%,PratMa20,Matt Prater,det
P,0,0%,0,0%,213,49.19%,MartSa01,Sam Martin,det
QB,1012,94.23%,0,0%,0,0%,RodgAa00,Aaron Rodgers,gnb
QB,62,5.77%,0,0%,0,0%,KizeDe00,DeShone Kizer,gnb
RB,522,48.60%,0,0%,50,10.62%,WillJa06,Jamaal Williams,gnb
RB,150,13.97%,0,0%,49,10.40%,MontTy01,Ty Montgomery,gnb
RB,376,35.01%,0,0%,19,4.03%,JoneAa00,Aaron Jones,gnb
RB,17,1.58%,0,0%,23,4.88%,BibbKa00,Kapri Bibbs,gnb
RB,0,0%,0,0%,8,1.70%,ColeLa02,Lavon Coleman,gnb
RB,0,0%,0,0%,20,4.25%,JackDa01,Darius Jackson,gnb
RB,0,0%,0,0%,45,9.55%,CarsTr01,Tra Carson,gnb
FB,19,1.77%,0,0%,81,17.20%,VitaDa00,Danny Vitale,gnb
WR,953,88.73%,0,0%,1,.21%,AdamDa01,Davante Adams,gnb
WR,241,22.44%,0,0%,39,8.28%,AlliGe01,Geronimo Allison,gnb
WR,466,43.39%,0,0%,19,4.03%,CobbRa00,Randall Cobb,gnb
WR,0,0%,0,0%,31,6.58%,DaviTr03,Trevor Davis,gnb
WR,136,12.66%,0,0%,74,15.71%,KumeJa00,Jake Kumerow,gnb
WR,691,64.34%,0,0%,45,9.55%,ValdMa00,Marquez Valdes-Scantling,gnb
WR,74,6.89%,0,0%,148,31.42%,MoorJM00,J'Mon Moore,gnb
WR,358,33.33%,0,0%,15,3.18%,St.BEq00,Equanimeous St. Brown,gnb
WR,1,.09%,0,0%,0,0%,LazaAl00,Allen Lazard,gnb
TE,795,74.02%,0,0%,0,0%,GrahJi00,Jimmy Graham,gnb
TE,314,29.24%,0,0%,73,15.50%,KendLa00,Lance Kendricks,gnb
TE,190,17.69%,0,0%,74,15.71%,LewiMa00,Marcedes Lewis,gnb
TE,67,6.24%,0,0%,191,40.55%,TonyRo00,Robert Tonyan,gnb
T,781,72.72%,0,0%,54,11.46%,BulaBr20,Bryan Bulaga,gnb
T,1031,96.00%,0,0%,73,15.50%,BakhDa00,David Bakhtiari,gnb
T,26,2.42%,0,0%,9,1.91%,LighAl00,Alex Light,gnb
T,291,27.09%,0,0%,61,12.95%,SpriJa00,Jason Spriggs,gnb
G,480,44.69%,0,0%,51,10.83%,McCrJu00,Justin McCray,gnb
G,881,82.03%,0,0%,61,12.95%,TaylLa01,Lane Taylor,gnb
G,527,49.07%,0,0%,55,11.68%,BellBy00,Byron Bell,gnb
G,278,25.88%,0,0%,95,20.17%,PatrLu00,Lucas Patrick,gnb
G,1,.09%,0,0%,0,0%,PankAd00,Adam Pankey,gnb
C,1074,100.00%,0,0%,0,0%,LinsCo00,Corey Linsley,gnb
DE,0,0%,115,10.81%,14,2.97%,WilkMu00,Muhammad Wilkerson,gnb
DE,0,0%,419,39.38%,44,9.34%,DaniMi00,Mike Daniels,gnb
DE,0,0%,697,65.51%,152,32.27%,LowrDe00,Dean Lowry,gnb
DE,0,0%,39,3.67%,21,4.46%,BrowFa00,Fadol Brown,gnb
DT,0,0%,19,1.79%,9,1.91%,LoonJa00,James Looney,gnb
DT,0,0%,271,25.47%,38,8.07%,LancTy00,Tyler Lancaster,gnb
NT,0,0%,720,67.67%,66,14.01%,ClarKe01,Kenny Clark,gnb
NT,0,0%,212,19.92%,82,17.41%,AdamMo00,Montravius Adams,gnb
LB,0,0%,1049,98.59%,72,15.29%,MartBl01,Blake Martinez,gnb
LB,0,0%,756,71.05%,5,1.06%,MattCl99,Clay Matthews,gnb
LB,0,0%,486,45.68%,226,47.98%,GilbRe01,Reggie Gilbert,gnb
LB,0,0%,302,28.38%,13,2.76%,PerrNi00,Nick Perry,gnb
LB,0,0%,299,28.10%,266,56.48%,MorrAn01,Antonio Morrison,gnb
LB,0,0%,623,58.55%,243,51.59%,FackKy00,Kyler Fackrell,gnb
LB,0,0%,12,1.13%,102,21.66%,ToomKo00,Korey Toomer,gnb
LB,0,0%,122,11.47%,254,53.93%,BurkOr00,Oren Burks,gnb
LB,0,0%,1,.09%,333,70.70%,CrawJa01,James Crawford,gnb
CB,0,0%,330,31.02%,23,4.88%,BreeBa00,Bashaud Breeland,gnb
CB,0,0%,304,28.57%,49,10.40%,KingKe01,Kevin King,gnb
CB,0,0%,1059,99.53%,49,10.40%,WillTr99,Tramon Williams,gnb
CB,0,0%,760,71.43%,72,15.29%,AlexJa00,Jaire Alexander,gnb
CB,0,0%,718,67.48%,190,40.34%,JackJo01,Josh Jackson,gnb
CB,0,0%,29,2.73%,50,10.62%,HousDa00,Davon House,gnb
CB,0,0%,4,.38%,55,11.68%,RedmWi00,Will Redmond,gnb
SS,0,0%,86,8.08%,66,14.01%,PleaEd00,Eddie Pleasant,gnb
SS,0,0%,501,47.09%,169,35.88%,JoneJo06,Josh Jones,gnb
FS,0,0%,646,60.71%,59,12.53%,BricKe00,Kentrell Brice,gnb
FS,0,0%,459,43.14%,6,1.27%,ClinHa00,Ha Ha Clinton-Dix,gnb
FS,0,0%,221,20.77%,138,29.30%,WhitJe02,Jermaine Whitehead,gnb
FS,0,0%,112,10.53%,54,11.46%,CampIb00,Ibraheim Campbell,gnb
FS,0,0%,43,4.04%,134,28.45%,GreeRa02,Raven Greene,gnb
FS,0,0%,0,0%,23,4.88%,JameNa00,Natrell Jamerson,gnb
"CB,DB",0,0%,287,26.97%,178,37.79%,BrowTo01,Tony Brown,gnb
LS,0,0%,0,0%,148,31.42%,BradHu00,Hunter Bradley,gnb
K,0,0%,0,0%,157,33.33%,CrosMa20,Mason Crosby,gnb
P,0,0%,0,0%,149,31.63%,ScotJK00,JK Scott,gnb
QB,1093,99.91%,0,0%,0,0%,WatsDe00,Deshaun Watson,htx
QB,35,3.20%,0,0%,312,66.95%,WebbJo00,Joe Webb,htx
QB,1,.09%,0,0%,0,0%,WeedBr00,Brandon Weeden,htx
RB,619,56.58%,0,0%,0,0%,MillLa01,Lamar Miller,htx
RB,461,42.14%,0,0%,141,30.26%,BlueAl00,Alfred Blue,htx
RB,31,2.83%,0,0%,0,0%,ForeDO00,D'Onta Foreman,htx
RB,77,7.04%,0,0%,93,19.96%,ErviTy00,Tyler Ervin,htx
RB,3,.27%,0,0%,265,56.87%,HoweGr00,Buddy Howell,htx
WR,267,24.41%,0,0%,0,0%,CoutKe00,Keke Coutee,htx
WR,1084,99.09%,2,.19%,2,.43%,HopkDe00,DeAndre Hopkins,htx
WR,121,11.06%,0,0%,4,.86%,ElliBr00,Bruce Ellington,htx
WR,375,34.28%,0,0%,0,0%,FullWi01,Will Fuller,htx
WR,359,32.82%,0,0%,0,0%,ThomDe03,Demaryius Thomas,htx
WR,179,16.36%,0,0%,12,2.58%,SmitVy00,Vyncint Smith,htx
WR,37,3.38%,0,0%,137,29.40%,CoatSa00,Sammie Coates,htx
WR,201,18.37%,0,0%,56,12.02%,CartDe02,DeAndre Carter,htx
WR,1,.09%,0,0%,0,0%,MitcSt02,Steven Mitchell,htx
TE,743,67.92%,0,0%,139,29.83%,GrifRy00,Ryan Griffin,htx
TE,388,35.47%,0,0%,79,16.95%,AkinJo00,Jordan Akins,htx
TE,470,42.96%,0,0%,46,9.87%,ThomJo05,Jordan Thomas,htx
T,1014,92.69%,0,0%,84,18.03%,DaveJu00,Julién Davenport,htx
T,430,39.31%,0,0%,84,18.03%,RankMa00,Martinas Rankin,htx
T,11,1.01%,0,0%,0,0%,HendSe00,Seantrel Henderson,htx
T,859,78.52%,0,0%,79,16.95%,LammKe00,Kendall Lamm,htx
T,0,0%,0,0%,10,2.15%,SharDa02,David Sharpe,htx
T,0,0%,0,0%,3,.64%,JohnRo06,Roderick Johnson,htx
G,817,74.68%,0,0%,63,13.52%,FultZa00,Zach Fulton,htx
G,895,81.81%,0,0%,74,15.88%,KeleSe00,Senio Kelemete,htx
"C,G",368,33.64%,0,0%,84,18.03%,MancGr00,Greg Mancz,htx
C,1094,100.00%,0,0%,63,13.52%,MartNi00,Nick Martin,htx
DE,0,0%,963,90.08%,62,13.30%,WattJ.00,J.J. Watt,htx
DE,0,0%,430,40.22%,87,18.67%,BlacAn00,Angelo Blackson,htx
DE,0,0%,44,4.12%,22,4.72%,HeatJo00,Joel Heath,htx
DE,0,0%,257,24.04%,17,3.65%,CoviCh00,Christian Covington,htx
DE,0,0%,43,4.02%,2,.43%,WatkCa00,Carlos Watkins,htx
NT,0,0%,638,59.68%,46,9.87%,ReadD.00,D.J. Reader,htx
NT,0,0%,347,32.46%,72,15.45%,DunnBr00,Brandon Dunn,htx
LB,0,0%,902,84.38%,6,1.29%,ClowJa00,Jadeveon Clowney,htx
LB,0,0%,785,73.43%,64,13.73%,MercWh00,Whitney Mercilus,htx
LB,0,0%,919,85.97%,31,6.65%,McKiBe00,Benardrick McKinney,htx
LB,0,0%,119,11.13%,154,33.05%,ColeDy00,Dylan Cole,htx
LB,0,0%,753,70.44%,68,14.59%,CunnZa00,Zach Cunningham,htx
LB,0,0%,24,2.25%,54,11.59%,KeyeJo00,Josh Keyes,htx
LB,0,0%,52,4.86%,208,44.64%,PeteBr00,Brian Peters,htx
LB,0,0%,108,10.10%,226,48.50%,ScarBr00,Brennan Scarlett,htx
LB,0,0%,0,0%,77,16.52%,AdamTy00,Tyrell Adams,htx
LB,0,0%,31,2.90%,298,63.95%,KalaPe00,Peter Kalambayi,htx
LB,0,0%,158,14.78%,56,12.02%,EjioDu00,Duke Ejiofor,htx
CB,0,0%,811,75.87%,39,8.37%,JoseJo20,Johnathan Joseph,htx
CB,0,0%,985,92.14%,12,2.58%,JackKa99,Kareem Jackson,htx
CB,0,0%,65,6.08%,0,0%,JohnKe04,Kevin Johnson,htx
CB,0,0%,62,5.80%,11,2.36%,BurtDe00,Deante Burton,htx
CB,0,0%,317,29.65%,26,5.58%,ColvAa00,Aaron Colvin,htx
CB,0,0%,20,1.87%,309,66.31%,BadeJo00,Johnson Bademosi,htx
CB,0,0%,142,13.28%,100,21.46%,TysoMi00,Michael Tyson,htx
CB,0,0%,505,47.24%,30,6.44%,WrigSh00,Shareece Wright,htx
CB,0,0%,10,.94%,0,0%,WebsKa00,Kayvon Webster,htx
FS,0,0%,1045,97.75%,3,.64%,MathTy00,Tyrann Mathieu,htx
FS,0,0%,237,22.17%,49,10.52%,HalxAn00,Andre Hal,htx
"DB,SS",0,0%,906,84.75%,235,50.43%,ReidJu00,Justin Reid,htx
"DB,FS",0,0%,0,0%,344,73.82%,MoorA.00,A.J. Moore,htx
"DB,FS",0,0%,78,7.30%,89,19.10%,JameNa00,Natrell Jamerson,htx
LS,0,0%,0,0%,158,33.91%,WeekJo00,Jon Weeks,htx
K,0,0%,0,0%,177,37.98%,FairKa01,Ka'imi Fairbairn,htx
P,0,0%,0,0%,158,33.91%,DaniTr00,Trevor Daniel,htx
QB,1119,98.50%,0,0%,0,0%,LuckAn00,Andrew Luck,clt
QB,18,1.58%,0,0%,0,0%,BrisJa00,Jacoby Brissett,clt
RB,198,17.43%,0,0%,138,31.29%,WilkJo01,Jordan Wilkins,clt
RB,499,43.93%,0,0%,16,3.63%,HineNy00,Nyheim Hines,clt
RB,444,39.08%,0,0%,0,0%,MackMa00,Marlon Mack,clt
RB,22,1.94%,0,0%,3,.68%,TurbRo00,Robert Turbin,clt
RB,3,.26%,0,0%,0,0%,MichCh00,Christine Michael,clt
RB,2,.18%,0,0%,0,0%,McNiJe00,Jeremy McNichols,clt
WR,763,67.17%,0,0%,1,.23%,HiltT.00,T.Y. Hilton,clt
WR,560,49.30%,0,0%,21,4.76%,GranRy01,Ryan Grant,clt
WR,593,52.20%,0,0%,68,15.42%,RogeCh02,Chester Rogers,clt
WR,371,32.66%,0,0%,0,0%,InmaDo00,Dontrelle Inman,clt
WR,527,46.39%,0,0%,191,43.31%,PascZa00,Zach Pascal,clt
WR,95,8.36%,0,0%,60,13.61%,JohnMa07,Marcus Johnson,clt
WR,3,.26%,0,0%,3,.68%,FounDa00,Daurice Fountain,clt
TE,331,29.14%,0,0%,32,7.26%,DoylJa00,Jack Doyle,clt
TE,634,55.81%,0,0%,1,.23%,EbroEr00,Eric Ebron,clt
TE,182,16.02%,0,0%,143,32.43%,HewiRy00,Ryan Hewitt,clt
TE,78,6.87%,0,0%,70,15.87%,SwooEr00,Erik Swoope,clt
TE,242,21.30%,0,0%,12,2.72%,AlieMo00,Mo Alie-Cox,clt
T,367,32.31%,0,0%,31,7.03%,HaegJo00,Joe Haeg,clt
T,81,7.13%,0,0%,0,0%,WebbJM20,J'Marcus Webb,clt
T,744,65.49%,0,0%,48,10.88%,CastAn00,Anthony Castonzo,clt
T,365,32.13%,0,0%,50,11.34%,ClarLe01,Le'Raven Clark,clt
T,119,10.48%,0,0%,4,.91%,GoodDe01,Denzelle Good,clt
G,1136,100.00%,0,0%,77,17.46%,NelsQu00,Quenton Nelson,clt
G,376,33.10%,0,0%,22,4.99%,SlauMa20,Matt Slauson,clt
G,357,31.43%,0,0%,36,8.16%,BoehEv00,Evan Boehm,clt
G,853,75.09%,0,0%,5,1.13%,SmitBr06,Braden Smith,clt
G,601,52.90%,0,0%,29,6.58%,GlowMa00,Mark Glowinski,clt
C,777,68.40%,0,0%,0,0%,KellRy00,Ryan Kelly,clt
C,36,3.17%,0,0%,9,2.04%,AndrJo01,Josh Andrews,clt
DE,0,0%,338,32.28%,8,1.81%,LewiTy00,Tyquan Lewis,clt
DE,0,0%,813,77.65%,95,21.54%,SheaJa00,Jabaal Sheard,clt
DE,0,0%,59,5.64%,129,29.25%,PhilCa00,Carroll Phillips,clt
DE,0,0%,144,13.75%,0,0%,WardJi02,Jihad Ward,clt
DE,0,0%,383,36.58%,28,6.35%,TuraKe00,Kemoko Turay,clt
DE,0,0%,9,.86%,13,2.95%,BashTa00,Tarell Basham,clt
DE,0,0%,414,39.54%,77,17.46%,MuhaAl00,Al-Quadin Muhammad,clt
DT,0,0%,724,69.15%,149,33.79%,HuntMa00,Margus Hunt,clt
DT,0,0%,554,52.91%,68,15.42%,AutrDe00,Denico Autry,clt
DT,0,0%,65,6.21%,13,2.95%,RidgHa00,Hassan Ridgeway,clt
NT,0,0%,375,35.82%,84,19.05%,WoodAl99,Al Woods,clt
NT,0,0%,291,27.79%,147,33.33%,StewGr00,Grover Stewart,clt
LB,0,0%,956,91.31%,20,4.54%,LeonDa00,Shaquille Leonard,clt
LB,0,0%,694,66.28%,145,32.88%,WalkAn01,Anthony Walker,clt
LB,0,0%,64,6.11%,344,78.00%,GoodNa00,Najee Goode,clt
LB,0,0%,72,6.88%,38,8.62%,MoorSk00,Skai Moore,clt
LB,0,0%,176,16.81%,230,52.15%,FranZa00,Zaire Franklin,clt
LB,0,0%,215,20.53%,296,67.12%,AdamMa00,Matthew Adams,clt
LB,0,0%,15,1.43%,21,4.76%,ThomAh00,Ahmad Thomas,clt
CB,0,0%,910,86.91%,140,31.75%,MoorKe03,Kenny Moore,clt
CB,0,0%,413,39.45%,118,26.76%,HairNa00,Nate Hairston,clt
CB,0,0%,53,5.06%,2,.45%,PipkLe00,Lenzy Pipkins,clt
CB,0,0%,435,41.55%,57,12.93%,WilsQu01,Quincy Wilson,clt
CB,0,0%,55,5.25%,268,60.77%,MiltCh00,Christopher Milton,clt
CB,0,0%,903,86.25%,102,23.13%,DesiPi00,Pierre Desir,clt
CB,0,0%,92,8.79%,33,7.48%,MaulAr00,Arthur Maulet,clt
SS,0,0%,715,68.29%,61,13.83%,GeatCl00,Clayton Geathers,clt
SS,0,0%,38,3.63%,6,1.36%,WilcJ.00,J.J. Wilcox,clt
"FS,SS",0,0%,51,4.87%,248,56.24%,MoorCo00,Corey Moore,clt
FS,0,0%,224,21.39%,0,0%,MitcMi99,Mike Mitchell,clt
"FS,SS",0,0%,151,14.42%,104,23.58%,FarlMa00,Matthias Farley,clt
FS,0,0%,912,87.11%,10,2.27%,HookMa00,Malik Hooker,clt
FS,0,0%,204,19.48%,286,64.85%,OdumGe00,George Odum,clt
LS,0,0%,0,0%,136,30.84%,RhodLu00,Luke Rhodes,clt
K,0,0%,0,0%,77,17.46%,vinatada01,Adam Vinatieri,clt
P,0,0%,0,0%,223,50.57%,SancRi00,Rigoberto Sanchez,clt
QB,777,74.71%,0,0%,0,0%,BortBl00,Blake Bortles,jax
QB,263,25.29%,0,0%,0,0%,KessCo00,Cody Kessler,jax
RB,507,48.75%,0,0%,0,0%,YeldT.00,T.J. Yeldon,jax
RB,148,14.23%,0,0%,0,0%,HydeCa00,Carlos Hyde,jax
RB,280,26.92%,0,0%,4,.93%,FourLe00,Leonard Fournette,jax
RB,20,1.92%,0,0%,0,0%,CharJa00,Jamaal Charles,jax
RB,65,6.25%,0,0%,26,6.07%,GranCo00,Corey Grant,jax
RB,20,1.92%,0,0%,19,4.44%,WillDa011,David Williams,jax
RB,9,.87%,0,0%,0,0%,WildBr01,Brandon Wilds,jax
FB,161,15.48%,0,0%,117,27.34%,BohaTo00,Tommy Bohanon,jax
WR,687,66.06%,0,0%,72,16.82%,ColeKe00,Keelan Cole,jax
WR,815,78.37%,0,0%,4,.93%,MoncDo00,Donte Moncrief,jax
WR,805,77.40%,0,0%,83,19.39%,WestDe00,Dede Westbrook,jax
WR,291,27.98%,0,0%,166,38.79%,CharDJ00,DJ Chark,jax
WR,3,.29%,0,0%,90,21.03%,MickJa01,Jaydon Mickens,jax
WR,107,10.29%,0,0%,40,9.35%,GreeRa00,Rashad Greene,jax
TE,221,21.25%,0,0%,5,1.17%,SefeAu00,Austin Seferian-Jenkins,jax
TE,533,51.25%,0,0%,119,27.80%,O'ShJa00,James O'Shaughnessy,jax
TE,103,9.90%,0,0%,93,21.73%,PaulNi00,Niles Paul,jax
TE,221,21.25%,0,0%,132,30.84%,BellBl00,Blake Bell,jax
TE,110,10.58%,0,0%,0,0%,KoyaBe00,Ben Koyack,jax
TE,74,7.12%,0,0%,4,.93%,GrinDa00,David Grinnage,jax
T,71,6.83%,0,0%,4,.93%,RobiCa00,Cam Robinson,jax
T,869,83.56%,0,0%,41,9.58%,ParnJe00,Jermey Parnell,jax
T,449,43.17%,0,0%,5,1.17%,FlowEr00,Ereck Flowers,jax
T,306,29.42%,0,0%,20,4.67%,WellJo02,Josh Wells,jax
T,48,4.62%,0,0%,2,.47%,RobiCo00,Corey Robinson,jax
G,726,69.81%,0,0%,38,8.88%,NorwAn01,Andrew Norwell,jax
G,934,89.81%,0,0%,44,10.28%,CannA.00,A.J. Cann,jax
G,178,17.12%,0,0%,25,5.84%,ReedCh00,Chris Reed,jax
G,293,28.17%,0,0%,14,3.27%,WalkJo00,Josh Walker,jax
G,295,28.37%,0,0%,16,3.74%,OmamPa00,Patrick Omameh,jax
C,508,48.85%,0,0%,5,1.17%,LindBr00,Brandon Linder,jax
C,543,52.21%,0,0%,50,11.68%,ShatTy00,Tyler Shatley,jax
DE,0,0%,816,79.69%,136,31.78%,CampCa99,Calais Campbell,jax
DE,0,0%,766,74.80%,72,16.82%,NgakYa00,Yannick Ngakoue,jax
DE,0,0%,100,9.77%,270,63.08%,McCrLe01,Lerentee McCray,jax
DE,0,0%,165,16.11%,4,.93%,FowlDa00,Dante Fowler,jax
DE,0,0%,301,29.39%,74,17.29%,BryaTa00,Taven Bryan,jax
DE,0,0%,171,16.70%,25,5.84%,SmooDa00,Dawuane Smoot,jax
DT,0,0%,628,61.33%,14,3.27%,JackMa02,Malik Jackson,jax
DT,0,0%,48,4.69%,0,0%,AnkoEl00,Eli Ankou,jax
DT,0,0%,34,3.32%,0,0%,JohnLy00,Lyndon Johnson,jax
NT,0,0%,563,54.98%,8,1.87%,DareMa00,Marcell Dareus,jax
NT,0,0%,498,48.63%,100,23.36%,JoneAb00,Abry Jones,jax
LB,0,0%,1020,99.61%,88,20.56%,SmitTe01,Telvin Smith,jax
LB,0,0%,1024,100.00%,92,21.50%,JackMy00,Myles Jack,jax
LB,0,0%,5,.49%,271,63.32%,BrowBl00,Blair Brown,jax
LB,0,0%,0,0%,137,32.01%,PaynDo00,Donald Payne,jax
LB,0,0%,146,14.26%,154,35.98%,JacoLe00,Leon Jacobs,jax
LB,0,0%,76,7.42%,164,38.32%,DeLuNi00,Nick DeLuca,jax
LB,0,0%,0,0%,32,7.48%,SpaiMa00,Martrell Spaight,jax
CB,0,0%,827,80.76%,43,10.05%,BouyA.00,A.J. Bouye,jax
CB,0,0%,1019,99.51%,39,9.11%,RamsJa00,Jalen Ramsey,jax
CB,0,0%,456,44.53%,22,5.14%,HaydDJ00,D.J. Hayden,jax
CB,0,0%,86,8.40%,199,46.50%,HernTr00,Tre Herndon,jax
CB,0,0%,0,0%,9,2.10%,BordBr00,Breon Borders,jax
CB,0,0%,231,22.56%,85,19.86%,PatmTy00,Tyler Patmon,jax
SS,0,0%,670,65.43%,40,9.35%,ChurBa99,Barry Church,jax
SS,0,0%,328,32.03%,160,37.38%,HarrRo02,Ronnie Harrison,jax
SS,0,0%,1,.10%,6,1.40%,DelaDe00,Dee Delaney,jax
FS,0,0%,1006,98.24%,9,2.10%,GipsTa00,Tashaun Gipson,jax
FS,0,0%,222,21.68%,262,61.21%,WilsJa00,Jarrod Wilson,jax
FS,0,0%,10,.98%,363,84.81%,DaviCo02,Cody Davis,jax
FS,0,0%,0,0%,56,13.08%,ReavC.00,C.J. Reavis,jax
"CB,DB",0,0%,47,4.59%,137,32.01%,MeekQu00,Quenton Meeks,jax
LS,0,0%,0,0%,42,9.81%,TinkCa00,Carson Tinker,jax
LS,0,0%,0,0%,96,22.43%,OverMa00,Matt Overton,jax
K,0,0%,0,0%,96,22.43%,LambJo00,Josh Lambo,jax
K,0,0%,0,0%,8,1.87%,ForbKa00,Kai Forbath,jax
P,0,0%,0,0%,149,34.81%,CookLo00,Logan Cooke,jax
QB,1032,98.76%,0,0%,0,0%,MahoPa00,Patrick Mahomes,kan
QB,13,1.24%,0,0%,0,0%,HennCh01,Chad Henne,kan
RB,502,48.04%,0,0%,0,0%,HuntKa00,Kareem Hunt,kan
RB,39,3.73%,0,0%,67,14.44%,WillDa10,Darrel Williams,kan
RB,207,19.81%,0,0%,152,32.76%,WillDa05,Damien Williams,kan
RB,247,23.64%,0,0%,62,13.36%,WareSp00,Spencer Ware,kan
RB,30,2.87%,0,0%,13,2.80%,WestCh01,Charcandrick West,kan
FB,98,9.38%,0,0%,345,74.35%,SherAn00,Anthony Sherman,kan
WR,459,43.92%,0,0%,0,0%,WatkSa00,Sammy Watkins,kan
WR,802,76.75%,0,0%,28,6.03%,ConlCh00,Chris Conley,kan
WR,905,86.60%,0,0%,52,11.21%,HillTy00,Tyreek Hill,kan
WR,35,3.35%,0,0%,87,18.75%,ThomDe05,De'Anthony Thomas,kan
WR,32,3.06%,0,0%,46,9.91%,DietGe00,Gehrig Dieter,kan
WR,36,3.44%,0,0%,299,64.44%,KempMa00,Marcus Kemp,kan
WR,26,2.49%,0,0%,0,0%,BenjKe00,Kelvin Benjamin,kan
WR,419,40.10%,0,0%,133,28.66%,RobiDe01,Demarcus Robinson,kan
TE,993,95.02%,0,0%,0,0%,KelcTr00,Travis Kelce,kan
TE,371,35.50%,0,0%,367,79.09%,HarrDe03,Demetrius Harris,kan
TE,11,1.05%,0,0%,11,2.37%,ElliAl01,Alex Ellis,kan
TE,1,.10%,0,0%,6,1.29%,YeldDe00,Deon Yelder,kan
T,1042,99.71%,0,0%,96,20.69%,FishEr00,Eric Fisher,kan
T,830,79.43%,0,0%,30,6.47%,ErviCa00,Cameron Erving,kan
T,1045,100.00%,0,0%,96,20.69%,SchwMi00,Mitchell Schwartz,kan
T,687,65.74%,0,0%,96,20.69%,WyliAn00,Andrew Wylie,kan
G,331,31.67%,0,0%,29,6.25%,DuveLa00,Laurent Duvernay-Tardif,kan
G,224,21.44%,0,0%,51,10.99%,AlleJe01,Jeff Allen,kan
C,678,64.88%,0,0%,60,12.93%,MorsMi00,Mitch Morse,kan
C,134,12.82%,0,0%,45,9.70%,DeveJo00,Jordan Devey,kan
C,266,25.45%,0,0%,67,14.44%,ReitAu00,Austin Reiter,kan
C,0,0%,0,0%,12,2.59%,MurrJi00,Jimmy Murray,kan
DE,0,0%,773,65.62%,66,14.22%,JoneCh09,Chris Jones,kan
DE,0,0%,847,71.90%,69,14.87%,BailAl00,Allen Bailey,kan
DE,0,0%,206,17.49%,9,1.94%,JenkJa01,Jarvis Jenkins,kan
DE,0,0%,1,.08%,1,.22%,OrchNa00,Nate Orchard,kan
DT,0,0%,424,35.99%,10,2.16%,WillXa00,Xavier Williams,kan
DT,0,0%,54,4.58%,1,.22%,HamiJu00,Justin Hamilton,kan
NT,0,0%,448,38.03%,65,14.01%,NnadDe00,Derrick Nnadi,kan
LB,0,0%,944,80.14%,65,14.01%,HitcAn00,Anthony Hitchens,kan
LB,0,0%,1022,86.76%,0,0%,FordDe00,Dee Ford,kan
LB,0,0%,719,61.04%,1,.22%,HousJu00,Justin Houston,kan
LB,0,0%,172,14.60%,134,28.88%,SmitTe04,Terrance Smith,kan
LB,0,0%,582,49.41%,4,.86%,RaglRe00,Reggie Ragland,kan
LB,0,0%,29,2.46%,190,40.95%,ZombFr00,Frank Zombo,kan
LB,0,0%,115,9.76%,111,23.92%,KpasTa00,Tanoh Kpassagnon,kan
LB,0,0%,476,40.41%,16,3.45%,SpeaBr00,Breeland Speaks,kan
LB,0,0%,302,25.64%,282,60.78%,ODanDo00,Dorian O'Daniel,kan
LB,0,0%,63,5.35%,259,55.82%,NiemBe00,Ben Niemann,kan
CB,0,0%,1078,91.51%,60,12.93%,FullKe00,Kendall Fuller,kan
CB,0,0%,1164,98.81%,1,.22%,NelsSt01,Steven Nelson,kan
CB,0,0%,788,66.89%,26,5.60%,ScanOr99,Orlando Scandrick,kan
CB,0,0%,32,2.72%,51,10.99%,ShawJo00,Josh Shaw,kan
CB,0,0%,262,22.24%,218,46.98%,LucaJo00,Jordan Lucas,kan
CB,0,0%,139,11.80%,258,55.60%,WardCh01,Charvarius Ward,kan
SS,0,0%,354,30.05%,53,11.42%,SoreDa01,Daniel Sorensen,kan
SS,0,0%,99,8.40%,0,0%,BerrEr99,Eric Berry,kan
FS,0,0%,702,59.59%,134,28.88%,MurrEr00,Eric Murray,kan
FS,0,0%,1027,87.18%,0,0%,ParkRo01,Ron Parker,kan
"DB,FS",0,0%,62,5.26%,75,16.16%,WattAr00,Armani Watts,kan
"CB,DB",0,0%,74,6.28%,196,42.24%,SmitTr04,Tremon Smith,kan
LS,0,0%,0,0%,144,31.03%,WincJa00,James Winchester,kan
K,0,0%,0,0%,206,44.40%,ButkHa00,Harrison Butker,kan
P,0,0%,0,0%,147,31.68%,ColqDu20,Dustin Colquitt,kan
QB,1030,98.85%,0,0%,0,0%,CarrDe02,Derek Carr,rai
QB,12,1.15%,0,0%,0,0%,McCaA.00,A.J. McCarron,rai
RB,413,39.64%,0,0%,51,11.51%,RichJa01,Jalen Richard,rai
RB,209,20.06%,0,0%,0,0%,LyncMa00,Marshawn Lynch,rai
RB,70,6.72%,0,0%,79,17.83%,WashDe00,DeAndre Washington,rai
RB,359,34.45%,0,0%,11,2.48%,MartDo00,Doug Martin,rai
FB,161,15.45%,0,0%,291,65.69%,SmitKe03,Keith Smith,rai
WR,841,80.71%,0,0%,6,1.35%,NelsJo00,Jordy Nelson,rai
WR,323,31.00%,0,0%,1,.23%,CoopAm00,Amari Cooper,rai
WR,370,35.51%,0,0%,1,.23%,AtemMa00,Marcell Ateman,rai
WR,569,54.61%,0,0%,0,0%,RobeSe00,Seth Roberts,rai
WR,220,21.11%,0,0%,0,0%,BryaMa00,Martavis Bryant,rai
WR,16,1.54%,0,0%,0,0%,BlacSa00,Saeed Blacknall,rai
WR,6,.58%,0,0%,25,5.64%,HatcKe00,Keon Hatcher,rai
WR,54,5.18%,0,0%,256,57.79%,HarrDw00,Dwayne Harris,rai
WR,5,.48%,0,0%,5,1.13%,HoltJo00,Johnny Holton,rai
WR,233,22.36%,0,0%,1,.23%,LaFeBr00,Brandon LaFell,rai
TE,767,73.61%,0,0%,1,.23%,CookJa02,Jared Cook,rai
TE,232,22.26%,0,0%,342,77.20%,CarrDe00,Derek Carrier,rai
TE,283,27.16%,0,0%,203,45.82%,SmitLe00,Lee Smith,rai
TE,42,4.03%,0,0%,36,8.13%,WallDa01,Darren Waller,rai
T,188,18.04%,0,0%,12,2.71%,PennDo20,Donald Penn,rai
T,1008,96.74%,0,0%,59,13.32%,MillKo00,Kolton Miller,rai
T,58,5.57%,0,0%,12,2.71%,ClemT.00,T.J. Clemmings,rai
T,780,74.86%,0,0%,56,12.64%,ParkBr01,Brandon Parker,rai
T,50,4.80%,0,0%,5,1.13%,MurrJu00,Justin Murray,rai
T,18,1.73%,0,0%,29,6.55%,SharDa02,David Sharpe,rai
T,187,17.95%,0,0%,11,2.48%,GoodDe01,Denzelle Good,rai
G,855,82.05%,0,0%,46,10.38%,JackGa00,Gabe Jackson,rai
G,735,70.54%,0,0%,38,8.58%,OsemKe00,Kelechi Osemele,rai
G,227,21.79%,0,0%,57,12.87%,FeliJo00,Jon Feliciano,rai
G,0,0%,0,0%,8,1.81%,KirkDe00,Denver Kirkland,rai
G,59,5.66%,0,0%,14,3.16%,GreeCh02,Chaz Green,rai
G,30,2.88%,0,0%,3,.68%,SilbIa00,Ian Silberman,rai
C,1042,100.00%,0,0%,8,1.81%,HudsRo00,Rodney Hudson,rai
DE,0,0%,550,53.50%,40,9.03%,RuckFr99,Frostee Rucker,rai
DE,0,0%,644,62.65%,81,18.28%,KeyxAr00,Arden Key,rai
DE,0,0%,250,24.32%,37,8.35%,IrviBr00,Bruce Irvin,rai
DE,0,0%,46,4.47%,16,3.61%,MoorDa01,Damontre Moore,rai
DE,0,0%,24,2.33%,3,.68%,CarrCo00,Tank Carradine,rai
DE,0,0%,138,13.42%,116,26.19%,CalhSh00,Shilique Calhoun,rai
DE,0,0%,175,17.02%,11,2.48%,BrowFa00,Fadol Brown,rai
DE,0,0%,37,3.60%,0,0%,SmitJa01,Jacquies Smith,rai
DE,0,0%,54,5.25%,0,0%,EalyKo00,Kony Ealy,rai
DT,9,.86%,419,40.76%,79,17.83%,McDoCl99,Clinton McDonald,rai
DT,0,0%,133,12.94%,6,1.35%,ElliJu01,Justin Ellis,rai
DT,0,0%,472,45.91%,4,.90%,HursMa00,Maurice Hurst Jr.,rai
DT,0,0%,511,49.71%,10,2.26%,HallP.00,P.J. Hall,rai
DT,0,0%,573,55.74%,71,16.03%,HankJo00,Johnathan Hankins,rai
DT,0,0%,17,1.65%,0,0%,PricBr00,Brian Price,rai
DT,0,0%,28,2.72%,0,0%,WrigGa00,Gabe Wright,rai
LB,0,0%,1025,99.71%,88,19.86%,WhitTa00,Tahir Whitehead,rai
LB,0,0%,448,43.58%,381,86.00%,LeexMa01,Marquel Lee,rai
LB,0,0%,152,14.79%,1,.23%,JohnDe25,Derrick Johnson,rai
LB,0,0%,59,5.74%,314,70.88%,WilbKy00,Kyle Wilber,rai
LB,0,0%,416,40.47%,282,63.66%,MorrNi00,Nicholas Morrow,rai
LB,0,0%,164,15.95%,47,10.61%,CabiJa00,Jason Cabinda,rai
LB,0,0%,145,14.11%,68,15.35%,LamuEm00,Emmanuel Lamur,rai
CB,0,0%,366,35.60%,6,1.35%,HallLe98,Leon Hall,rai
CB,0,0%,679,66.05%,42,9.48%,ConlGa00,Gareon Conley,rai
CB,0,0%,604,58.75%,76,17.16%,MelvRa00,Rashaan Melvin,rai
CB,0,0%,505,49.12%,56,12.64%,WorlDa00,Daryl Worley,rai
CB,0,0%,147,14.30%,137,30.93%,RodgDo99,Dominique Rodgers-Cromartie,rai
CB,0,0%,311,30.25%,140,31.60%,NelsNi00,Nick Nelson,rai
CB,0,0%,0,0%,9,2.03%,GaffRi00,Rico Gafford,rai
CB,0,0%,32,3.11%,31,7.00%,BenwBe00,Bene Benwikere,rai
SS,0,0%,433,42.12%,376,84.88%,HarrEr00,Erik Harris,rai
SS,0,0%,509,49.51%,96,21.67%,JoseKa00,Karl Joseph,rai
FS,0,0%,871,84.73%,128,28.89%,GilcMa00,Marcus Gilchrist,rai
FS,0,0%,370,35.99%,38,8.58%,NelsRe99,Reggie Nelson,rai
FS,0,0%,1,.10%,22,4.97%,LeavDa00,Dallin Leavitt,rai
LS,0,0%,0,0%,124,27.99%,SiegTr00,Trent Sieg,rai
LS,0,0%,0,0%,2,.45%,DePaAn00,Andrew DePaola,rai
K,0,0%,0,0%,27,6.09%,McCrMa00,Matthew McCrane,rai
K,0,0%,0,0%,79,17.83%,CarlDa00,Daniel Carlson,rai
K,0,0%,0,0%,26,5.87%,nugenmik01,Mike Nugent,rai
P,0,0%,0,0%,132,29.80%,TownJo01,Johnny Townsend,rai
QB,964,96.88%,0,0%,1,.23%,RivePh00,Philip Rivers,sdg
QB,32,3.22%,0,0%,0,0%,SmitGe00,Geno Smith,sdg
RB,524,52.66%,0,0%,0,0%,GordMe00,Melvin Gordon,sdg
RB,348,34.97%,0,0%,174,40.47%,EkelAu00,Austin Ekeler,sdg
RB,149,14.97%,0,0%,122,28.37%,JackJu01,Justin Jackson,sdg
RB,29,2.91%,0,0%,85,19.77%,NewsDe00,Detrez Newsome,sdg
FB,146,14.67%,0,0%,221,51.40%,WattDe00,Derek Watt,sdg
WR,794,79.80%,0,0%,9,2.09%,AlleKe00,Keenan Allen,sdg
WR,761,76.48%,0,0%,5,1.16%,WillTy00,Tyrell Williams,sdg
WR,278,27.94%,0,0%,23,5.35%,BenjTr00,Travis Benjamin,sdg
WR,622,62.51%,0,0%,0,0%,WillMi07,Mike Williams,sdg
WR,74,7.44%,0,0%,173,40.23%,DaviGe00,Geremy Davis,sdg
WR,3,.30%,0,0%,27,6.28%,JoneJJ00,JJ Jones,sdg
TE,674,67.74%,0,0%,76,17.67%,GreeVi00,Virgil Green,sdg
TE,364,36.58%,0,0%,0,0%,GateAn00,Antonio Gates,sdg
TE,191,19.20%,0,0%,72,16.74%,CulkSe00,Sean Culkin,sdg
T,866,87.04%,0,0%,56,13.02%,OkunRu20,Russell Okung,sdg
T,871,87.54%,0,0%,75,17.44%,TeviSa00,Sam Tevi,sdg
T,144,14.47%,0,0%,9,2.09%,BarkJo00,Joe Barksdale,sdg
G,978,98.29%,0,0%,75,17.44%,SchoMi00,Michael Schofield,sdg
G,995,100.00%,0,0%,74,17.21%,FeenDa00,Dan Feeney,sdg
G,17,1.71%,0,0%,0,0%,LampFo00,Forrest Lamp,sdg
G,125,12.56%,0,0%,38,8.84%,ScotTr01,Trenton Scott,sdg
C,954,95.88%,0,0%,0,0%,PounMi00,Mike Pouncey,sdg
C,41,4.12%,0,0%,99,23.02%,QuesSc00,Scott Quessenberry,sdg
C,0,0%,0,0%,4,.93%,ToneCo00,Cole Toner,sdg
DE,0,0%,536,51.74%,172,40.00%,RochIs00,Isaac Rochell,sdg
DE,1,.10%,915,88.32%,0,0%,IngrMe00,Melvin Ingram,sdg
DE,0,0%,314,30.31%,0,0%,BosaJo00,Joey Bosa,sdg
DE,0,0%,104,10.04%,28,6.51%,LandCh00,Chris Landrum,sdg
DT,0,0%,607,58.59%,59,13.72%,PhilDa01,Darius Philon,sdg
DT,0,0%,206,19.88%,16,3.72%,LiugCo00,Corey Liuget,sdg
DT,0,0%,300,28.96%,46,10.70%,JoneJu03,Justin Jones,sdg
DT,0,0%,49,4.73%,7,1.63%,McGiT.00,T.Y. McGill,sdg
NT,0,0%,530,51.16%,45,10.47%,SquaDa00,Damion Square,sdg
NT,0,0%,405,39.09%,3,.70%,MebaBr99,Brandon Mebane,sdg
LB,0,0%,142,13.71%,34,7.91%,WhitKy00,Kyzir White,sdg
LB,0,0%,386,37.26%,0,0%,PerrDe00,Denzel Perryman,sdg
LB,0,0%,216,20.85%,189,43.95%,EmanKy00,Kyle Emanuel,sdg
LB,0,0%,265,25.58%,281,65.35%,NwosUc00,Uchenna Nwosu,sdg
LB,0,0%,637,61.49%,93,21.63%,BrowJa05,Jatavis Brown,sdg
LB,0,0%,2,.19%,293,68.14%,DzubNi00,Nick Dzubnar,sdg
LB,0,0%,0,0%,37,8.60%,ElleEm00,Emmanuel Ellerbee,sdg
LB,0,0%,1,.10%,61,14.19%,JohnTr07,Tre'von Johnson,sdg
LB,0,0%,0,0%,39,9.07%,WilsKy00,Kyle Wilson,sdg
LB,0,0%,91,8.78%,72,16.74%,PullHa00,Hayes Pullard,sdg
CB,0,0%,410,39.58%,67,15.58%,WillTr05,Trevor Williams,sdg
CB,0,0%,1016,98.07%,0,0%,HaywCa00,Casey Hayward,sdg
CB,0,0%,800,77.22%,147,34.19%,KingDe01,Desmond King,sdg
CB,0,0%,626,60.42%,186,43.26%,DaviMi03,Michael Davis,sdg
CB,0,0%,6,.58%,211,49.07%,FacyBr00,Brandon Facyson,sdg
CB,0,0%,0,0%,64,14.88%,RichJe02,Jeff Richards,sdg
CB,0,0%,0,0%,6,1.40%,MageCr00,Craig Mager,sdg
SS,0,0%,1025,98.94%,63,14.65%,AddaJa00,Jahleel Addae,sdg
SS,0,0%,684,66.02%,338,78.60%,PhilAd00,Adrian Phillips,sdg
"FS,SS",0,0%,96,9.27%,270,62.79%,JenkRa00,Rayshawn Jenkins,sdg
"FS,S",0,0%,1027,99.13%,39,9.07%,JameDe00,Derwin James,sdg
LS,0,0%,0,0%,138,32.09%,WindMi00,Mike Windt,sdg
K,0,0%,0,0%,100,23.26%,BadgMi00,Michael Badgley,sdg
K,0,0%,0,0%,63,14.65%,SturCa00,Caleb Sturgis,sdg
P,0,0%,0,0%,105,24.42%,JoneDo21,Donnie Jones,sdg
P,0,0%,0,0%,32,7.44%,KaseDr00,Drew Kaser,sdg
QB,1064,96.73%,0,0%,0,0%,GoffJa00,Jared Goff,ram
QB,36,3.27%,0,0%,0,0%,MannSe00,Sean Mannion,ram
RB,825,75.00%,0,0%,0,0%,GurlTo01,Todd Gurley,ram
RB,98,8.91%,0,0%,0,0%,AndeC.00,C.J. Anderson,ram
RB,123,11.18%,0,0%,132,27.79%,BrowMa03,Malcolm Brown,ram
RB,50,4.55%,0,0%,35,7.37%,KellJo00,John Kelly,ram
RB,5,.45%,0,0%,133,28.00%,DaviJu00,Justin Davis,ram
WR,439,39.91%,0,0%,9,1.89%,KuppCo00,Cooper Kupp,ram
WR,989,89.91%,0,0%,3,.63%,CookBr00,Brandin Cooks,ram
WR,1041,94.64%,0,0%,7,1.47%,WoodRo02,Robert Woods,ram
WR,20,1.82%,0,0%,33,6.95%,WillNi02,Nick Williams,ram
WR,611,55.55%,0,0%,97,20.42%,ReynJo00,Josh Reynolds,ram
WR,0,0%,0,0%,12,2.53%,ThomMi04,Mike Thomas,ram
WR,85,7.73%,0,0%,177,37.26%,HodgKh00,KhaDarel Hodge,ram
WR,0,0%,0,0%,74,15.58%,NatsJo00,Jojo Natson,ram
WR,6,.55%,0,0%,33,6.95%,CoopPh00,Pharoh Cooper,ram
TE,788,71.64%,0,0%,50,10.53%,HigbTy00,Tyler Higbee,ram
TE,40,3.64%,0,0%,127,26.74%,MundJo00,Johnny Mundt,ram
TE,380,34.55%,0,0%,13,2.74%,EverGe00,Gerald Everett,ram
T,1100,100.00%,0,0%,95,20.00%,HaveRo00,Rob Havenstein,ram
T,1037,94.27%,0,0%,90,18.95%,WhitAn20,Andrew Whitworth,ram
T,78,7.09%,0,0%,95,20.00%,NoteJo00,Joseph Noteboom,ram
G,1068,97.09%,0,0%,80,16.84%,SaffRo20,Rodger Saffold,ram
G,1100,100.00%,0,0%,95,20.00%,BlytAu00,Austin Blythe,ram
G,27,2.45%,0,0%,35,7.37%,BrowJa04,Jamon Brown,ram
C,1054,95.82%,0,0%,0,0%,SullJo24,John Sullivan,ram
C,36,3.27%,0,0%,76,16.00%,AlleBr02,Brian Allen,ram
DE,0,0%,680,67.26%,81,17.05%,BrocMi00,Michael Brockers,ram
DE,0,0%,412,40.75%,34,7.16%,FowlDa00,Dante Fowler,ram
DE,0,0%,301,29.77%,9,1.89%,FranJo02,John Franklin-Myers,ram
DT,0,0%,914,90.41%,81,17.05%,DonaAa00,Aaron Donald,ram
DT,0,0%,180,17.80%,2,.42%,WestEt00,Ethan Westbrooks,ram
NT,0,0%,888,87.83%,80,16.84%,SuhxNd99,Ndamukong Suh,ram
NT,0,0%,6,.59%,1,.21%,SmarTa00,Tanzel Smart,ram
LB,0,0%,964,95.35%,146,30.74%,LittCo01,Cory Littleton,ram
LB,0,0%,693,68.55%,126,26.53%,EbukSa00,Samson Ebukam,ram
LB,0,0%,570,56.38%,0,0%,BarrMa00,Mark Barron,ram
LB,0,0%,60,5.93%,5,1.05%,EaslDo00,Dominique Easley,ram
LB,0,0%,157,15.53%,216,45.47%,WilsRa00,Ramik Wilson,ram
LB,0,0%,281,27.79%,98,20.63%,LongMa00,Matt Longacre,ram
LB,0,0%,53,5.24%,379,79.79%,HageBr00,Bryce Hager,ram
LB,0,0%,0,0%,298,62.74%,KiseMi00,Micah Kiser,ram
LB,0,0%,33,3.26%,223,46.95%,LawlJu00,Justin Lawler,ram
LB,0,0%,12,1.19%,0,0%,YounTr00,Trevon Young,ram
CB,0,0%,915,90.50%,0,0%,PeteMa00,Marcus Peters,ram
CB,0,0%,388,38.38%,0,0%,TaliAq99,Aqib Talib,ram
CB,0,0%,556,55.00%,90,18.95%,RobeNi00,Nickell Robey-Coleman,ram
CB,0,0%,4,.40%,16,3.37%,WillDa09,Darious Williams,ram
CB,0,0%,6,.59%,203,42.74%,HatfDo00,Dominique Hatfield,ram
CB,0,0%,339,33.53%,233,49.05%,ShieSa00,Sam Shields,ram
CB,0,0%,427,42.24%,134,28.21%,HillTr01,Troy Hill,ram
SS,0,0%,962,95.15%,35,7.37%,JohnJo10,John Johnson,ram
SS,0,0%,58,5.74%,356,74.95%,CounBl00,Blake Countess,ram
FS,0,0%,908,89.81%,0,0%,JoynLa00,Lamarcus Joyner,ram
FS,0,0%,348,34.42%,360,75.79%,ChriMa00,Marqui Christian,ram
FS,0,0%,5,.49%,31,6.53%,JohnIs01,Isaiah Johnson,ram
LS,0,0%,0,0%,142,29.89%,McQuJa00,Jake McQuaide,ram
K,0,0%,0,0%,143,30.11%,ZuerGr00,Greg Zuerlein,ram
K,0,0%,0,0%,26,5.47%,SantCa01,Cairo Santos,ram
K,0,0%,0,0%,26,5.47%,FickSa00,Sam Ficken,ram
P,0,0%,0,0%,148,31.16%,HekkJo00,Johnny Hekker,ram
QB,1069,100.00%,0,0%,0,0%,WilsRu00,Russell Wilson,sea
RB,454,42.47%,0,0%,12,2.61%,CarsCh00,Chris Carson,sea
RB,391,36.58%,0,0%,38,8.28%,DaviMi01,Mike Davis,sea
RB,181,16.93%,0,0%,16,3.49%,PennRa00,Rashaad Penny,sea
RB,30,2.81%,0,0%,34,7.41%,ProsC.00,C.J. Prosise,sea
FB,86,8.04%,0,0%,254,55.34%,MaddTr01,Tre Madden,sea
WR,908,84.94%,0,0%,134,29.19%,LockTy00,Tyler Lockett,sea
WR,352,32.93%,0,0%,123,26.80%,BrowJa03,Jaron Brown,sea
WR,191,17.87%,0,0%,0,0%,MarsBr00,Brandon Marshall,sea
WR,9,.84%,0,0%,65,14.16%,McKiJ.00,J.D. McKissic,sea
WR,620,58.00%,0,0%,30,6.54%,MoorDa03,David Moore,sea
WR,711,66.51%,0,0%,1,.22%,BaldDo00,Doug Baldwin,sea
WR,42,3.93%,0,0%,5,1.09%,TurnMa00,Malik Turner,sea
WR,21,1.96%,0,0%,0,0%,ReynKe00,Keenan Reynolds,sea
TE,528,49.39%,0,0%,91,19.83%,VannNi00,Nick Vannett,sea
TE,127,11.88%,0,0%,29,6.32%,DissWi00,Will Dissly,sea
TE,27,2.53%,0,0%,5,1.09%,SwooTy00,Tyrone Swoopes,sea
TE,364,34.05%,0,0%,98,21.35%,DickEd00,Ed Dickson,sea
TE,70,6.55%,0,0%,61,13.29%,DaniDa02,Darrell Daniels,sea
T,989,92.52%,0,0%,72,15.69%,IfedGe00,Germain Ifedi,sea
T,1067,99.81%,0,0%,80,17.43%,BrowDu20,Duane Brown,sea
T,1,.09%,0,0%,7,1.53%,NkanEl00,Elijah Nkansah,sea
T,371,34.71%,0,0%,66,14.38%,FantGe00,George Fant,sea
G,607,56.78%,0,0%,0,0%,FlukDJ00,D.J. Fluker,sea
G,948,88.68%,0,0%,69,15.03%,SweeJ.00,J.R. Sweezy,sea
G,195,18.24%,0,0%,6,1.31%,SimmJo00,Jordan Simmons,sea
C,296,27.69%,0,0%,49,10.68%,PociEt00,Ethan Pocic,sea
C,989,92.52%,0,0%,79,17.21%,BritJu00,Justin Britt,sea
C,115,10.76%,0,0%,58,12.64%,HuntJo00,Joey Hunt,sea
DE,0,0%,558,56.31%,68,14.81%,JeffQu00,Quinton Jefferson,sea
DE,0,0%,201,20.28%,15,3.27%,GreeRa01,Rasheem Green,sea
DE,0,0%,728,73.46%,6,1.31%,ClarFr01,Frank Clark,sea
DE,0,0%,258,26.03%,8,1.74%,JackBr04,Branden Jackson,sea
DE,0,0%,295,29.77%,14,3.05%,JordDi00,Dion Jordan,sea
DT,0,0%,773,78.00%,62,13.51%,ReedJa02,Jarran Reed,sea
DT,0,0%,494,49.85%,67,14.60%,StepSh00,Shamar Stephen,sea
DT,0,0%,39,3.94%,0,0%,JohnTo01,Tom Johnson,sea
DT,0,0%,231,23.31%,10,2.18%,FordPo00,Poona Ford,sea
DT,0,0%,132,13.32%,26,5.66%,JoneNa00,Nazair Jones,sea
LB,0,0%,925,93.34%,70,15.25%,WagnBo00,Bobby Wagner,sea
LB,0,0%,517,52.17%,373,81.26%,MingBa00,Barkevious Mingo,sea
LB,0,0%,282,28.46%,233,50.76%,CaliAu00,Austin Calitro,sea
LB,0,0%,183,18.47%,1,.22%,KendMy00,Mychal Kendricks,sea
LB,0,0%,223,22.50%,13,2.83%,WrigK.00,K.J. Wright,sea
LB,0,0%,50,5.05%,225,49.02%,GrifSh01,Shaquem Griffin,sea
LB,0,0%,225,22.70%,279,60.78%,MartJa02,Jacob Martin,sea
LB,0,0%,0,0%,58,12.64%,ElleEm00,Emmanuel Ellerbee,sea
LB,0,0%,0,0%,6,1.31%,GracJe00,Jermaine Grace,sea
CB,0,0%,903,91.12%,83,18.08%,FlowTr01,Tre Flowers,sea
CB,0,0%,941,94.95%,70,15.25%,GrifSh00,Shaquill Griffin,sea
CB,0,0%,672,67.81%,230,50.11%,ColeJu01,Justin Coleman,sea
CB,0,0%,29,2.93%,266,57.95%,ThorNe00,Neiko Thorpe,sea
CB,0,0%,145,14.63%,134,29.19%,KingAk00,Akeem King,sea
SS,0,0%,874,88.19%,61,13.29%,McDoBr01,Bradley McDougald,sea
SS,0,0%,0,0%,133,28.98%,AlexMa00,Maurice Alexander,sea
SS,0,0%,10,1.01%,188,40.96%,LuanSh00,Shalom Luani,sea
FS,0,0%,237,23.92%,0,0%,ThomEa99,Earl Thomas,sea
FS,0,0%,320,32.29%,204,44.44%,HillDe02,Lano Hill,sea
FS,0,0%,656,66.20%,177,38.56%,ThomTe00,Tedric Thompson,sea
LS,0,0%,0,0%,161,35.08%,OttxTy00,Tyler Ott,sea
K,0,0%,0,0%,154,33.55%,janikseb01,Sebastian Janikowski,sea
P,0,0%,0,0%,170,37.04%,DickMi00,Michael Dickson,sea
QB,197,18.64%,0,0%,0,0%,GaroJi00,Jimmy Garoppolo,sfo
QB,519,49.10%,0,0%,0,0%,MullNi00,Nick Mullens,sfo
QB,341,32.26%,0,0%,0,0%,BeatC.00,C.J. Beathard,sfo
RB,197,18.64%,0,0%,24,5.18%,WilsJe01,Jeff Wilson,sfo
RB,364,34.44%,0,0%,12,2.59%,BreiMa00,Matt Breida,sfo
RB,250,23.65%,0,0%,0,0%,MorrAl00,Alfred Morris,sfo
RB,90,8.51%,0,0%,157,33.91%,MostRa00,Raheem Mostert,sfo
RB,3,.28%,0,0%,94,20.30%,DayeMa00,Matthew Dayes,sfo
FB,663,62.72%,0,0%,72,15.55%,JuszKy00,Kyle Juszczyk,sfo
WR,65,6.15%,0,0%,28,6.05%,BoldVi00,Victor Bolden,sfo
WR,380,35.95%,0,0%,0,0%,GarcPi00,Pierre Garcon,sfo
WR,452,42.76%,0,0%,17,3.67%,PettDa00,Dante Pettis,sfo
WR,321,30.37%,0,0%,67,14.47%,TaylTr02,Trent Taylor,sfo
WR,437,41.34%,0,0%,2,.43%,GoodMa00,Marquise Goodwin,sfo
WR,605,57.24%,0,0%,22,4.75%,BourKe00,Kendrick Bourne,sfo
WR,192,18.16%,0,0%,134,28.94%,JameRi00,Richie James,sfo
WR,5,.47%,0,0%,1,.22%,McCaMa01,Max McCaffrey,sfo
WR,1,.09%,0,0%,2,.43%,DunbSt00,Steven Dunbar,sfo
TE,929,87.89%,0,0%,1,.22%,KittGe00,George Kittle,sfo
TE,277,26.21%,0,0%,168,36.29%,CeleGa00,Garrett Celek,sfo
TE,11,1.04%,0,0%,70,15.12%,WickCo00,Cole Wick,sfo
TE,39,3.69%,0,0%,158,34.13%,DwelRo00,Ross Dwelley,sfo
T,1006,95.18%,0,0%,61,13.17%,StalJo20,Joe Staley,sfo
T,1054,99.72%,0,0%,65,14.04%,McGlMi00,Mike McGlinchey,sfo
T,84,7.95%,0,0%,64,13.82%,GillGa01,Garry Gilliam,sfo
G,1027,97.16%,0,0%,62,13.39%,TomlLa01,Laken Tomlinson,sfo
G,999,94.51%,0,0%,12,2.59%,PersMi00,Michael Person,sfo
G,59,5.58%,0,0%,16,3.46%,GarnJo00,Joshua Garnett,sfo
C,968,91.58%,0,0%,39,8.42%,RichWe00,Weston Richburg,sfo
C,89,8.42%,0,0%,4,.86%,MagnEr00,Erik Magnuson,sfo
DE,0,0%,608,56.66%,64,13.82%,ArmsAr01,Arik Armstead,sfo
DE,0,0%,550,51.26%,221,47.73%,MarsCa00,Cassius Marsh,sfo
DE,0,0%,644,60.02%,86,18.57%,ThomSo00,Solomon Thomas,sfo
DE,0,0%,534,49.77%,42,9.07%,BlaiRo00,Ronald Blair,sfo
DE,0,0%,101,9.41%,1,.22%,TaylJu00,Jullian Taylor,sfo
DE,0,0%,21,1.96%,41,8.86%,TaumPi00,Pita Taumoepenu,sfo
DE,0,0%,23,2.14%,5,1.08%,DelaRy00,Ryan Delaire,sfo
DT,0,0%,852,79.40%,164,35.42%,BuckDe00,DeForest Buckner,sfo
DT,3,.28%,363,33.83%,68,14.69%,MitcEa99,Earl Mitchell,sfo
DT,0,0%,239,22.27%,66,14.25%,JoneD.01,D.J. Jones,sfo
DT,0,0%,275,25.63%,6,1.30%,DayxSh00,Sheldon Day,sfo
LB,0,0%,1060,98.79%,111,23.97%,WarnFr00,Fred Warner,sfo
LB,0,0%,337,31.41%,9,1.94%,FostRe00,Reuben Foster,sfo
LB,0,0%,61,5.68%,6,1.30%,CoylBr00,Brock Coyle,sfo
LB,0,0%,175,16.31%,354,76.46%,NzeoMa00,Mark Nzeocha,sfo
LB,0,0%,336,31.31%,31,6.70%,SmitMa02,Malcolm Smith,sfo
LB,0,0%,61,5.68%,64,13.82%,WatsDe99,Dekoda Watson,sfo
LB,0,0%,476,44.36%,308,66.52%,LeexEl00,Elijah Lee,sfo
LB,0,0%,0,0%,87,18.79%,OnwuJa00,James Onwualu,sfo
LB,0,0%,0,0%,15,3.24%,GarvTe00,Terence Garvin,sfo
CB,0,0%,836,77.91%,12,2.59%,SherRi00,Richard Sherman,sfo
CB,0,0%,700,65.24%,112,24.19%,WithAh00,Ahkello Witherspoon,sfo
CB,0,0%,595,55.45%,20,4.32%,WillKW00,K'Waun Williams,sfo
CB,0,0%,388,36.16%,86,18.57%,WardJi01,Jimmie Ward,sfo
CB,0,0%,163,15.19%,221,47.73%,MabiGr00,Greg Mabin,sfo
CB,0,0%,0,0%,3,.65%,MoseEm00,Emmanuel Moseley,sfo
SS,0,0%,437,40.73%,60,12.96%,TartJa00,Jaquiski Tartt,sfo
SS,0,0%,358,33.36%,111,23.97%,HarrMa03,Marcell Harris,sfo
SS,0,0%,594,55.36%,208,44.92%,ExumAn00,Antone Exum,sfo
SS,0,0%,0,0%,52,11.23%,IgweGo00,Godwin Igwebuike,sfo
FS,0,0%,320,29.82%,68,14.69%,ColbAd00,Adrian Colbert,sfo
FS,0,0%,104,9.69%,100,21.60%,PoweTy01,Tyvis Powell,sfo
"CB,DB",0,0%,232,21.62%,329,71.06%,MoorTa00,Tarvarius Moore,sfo
"DB,FS",0,0%,360,33.55%,187,40.39%,ReedD.00,D.J. Reed,sfo
LS,0,0%,0,0%,32,6.91%,HolbCo00,Colin Holba,sfo
LS,0,0%,0,0%,104,22.46%,NelsKy00,Kyle Nelson,sfo
K,0,0%,0,0%,69,14.90%,gouldrob01,Robbie Gould,sfo
P,0,0%,0,0%,213,46.00%,PiniBr00,Bradley Pinion,sfo
QB,427,38.30%,0,0%,0,0%,FitzRy00,Ryan Fitzpatrick,tam
QB,688,61.70%,0,0%,0,0%,WinsJa00,Jameis Winston,tam
RB,616,55.25%,0,0%,0,0%,BarbPe01,Peyton Barber,tam
RB,90,8.07%,0,0%,92,20.13%,JoneRo01,Ronald Jones II,tam
RB,367,32.91%,0,0%,125,27.35%,RodgJa00,Jacquizz Rodgers,tam
RB,2,.18%,0,0%,35,7.66%,OgunDa00,Dare Ogunbowale,tam
RB,22,1.97%,0,0%,51,11.16%,WilsSh01,Shaun Wilson,tam
WR,939,84.22%,3,.29%,0,0%,EvanMi00,Mike Evans,tam
WR,781,70.04%,0,0%,66,14.44%,HumpAd00,Adam Humphries,tam
WR,717,64.30%,0,0%,5,1.09%,GodwCh00,Chris Godwin,tam
WR,24,2.15%,0,0%,71,15.54%,MartFr00,Freddie Martino,tam
WR,69,6.19%,0,0%,72,15.75%,WilsJe00,Bobo Wilson,tam
WR,73,6.55%,0,0%,194,42.45%,WatsJu01,Justin Watson,tam
WR,452,40.54%,0,0%,9,1.97%,JackDe00,DeSean Jackson,tam
TE,435,39.01%,0,0%,19,4.16%,HowaO.00,O.J. Howard,tam
TE,102,9.15%,0,0%,220,48.14%,CrosAl00,Alan Cross,tam
TE,338,30.31%,0,0%,208,45.51%,AuclAn00,Antony Auclair,tam
TE,534,47.89%,0,0%,58,12.69%,BratCa00,Cameron Brate,tam
TE,6,.54%,0,0%,20,4.38%,ErnsDo00,Donnie Ernsberger,tam
T,1004,90.04%,0,0%,50,10.94%,DotsDe00,Demar Dotson,tam
T,1115,100.00%,0,0%,72,15.75%,SmitDo02,Donovan Smith,tam
T,843,75.61%,0,0%,69,15.10%,BeneCa00,Caleb Benenoch,tam
T,116,10.40%,0,0%,72,15.75%,WestLe00,Leonard Wester,tam
G,168,15.07%,0,0%,35,7.66%,DietEv00,Evan Dietrich-Smith,tam
G,104,9.33%,0,0%,25,5.47%,CappAl00,Alex Cappa,tam
G,3,.27%,0,0%,37,8.10%,LiedMi00,Mike Liedtke,tam
C,1115,100.00%,0,0%,72,15.75%,MarpAl00,Ali Marpet,tam
C,1115,100.00%,0,0%,0,0%,JensRy00,Ryan Jensen,tam
DE,0,0%,445,42.50%,50,10.94%,CurrVi00,Vinny Curry,tam
DE,0,0%,933,89.11%,6,1.31%,PierJa99,Jason Pierre-Paul,tam
DE,0,0%,402,38.40%,88,19.26%,GholWi00,William Gholston,tam
DE,0,0%,598,57.12%,35,7.66%,NassCa00,Carl Nassib,tam
DE,0,0%,18,1.72%,45,9.85%,ClarWi00,Will Clarke,tam
DE,0,0%,72,6.88%,2,.44%,WortJe00,Jerel Worthy,tam
DE,0,0%,6,.57%,9,1.97%,HarrDe06,Demone Harris,tam
DE,0,0%,45,4.30%,83,18.16%,SpenNo00,Noah Spence,tam
DT,0,0%,732,69.91%,26,5.69%,McCoGe99,Gerald McCoy,tam
DT,0,0%,493,47.09%,63,13.79%,VeaxVi00,Vita Vea,tam
DT,0,0%,386,36.87%,0,0%,AlleBe00,Beau Allen,tam
DT,0,0%,52,4.97%,7,1.53%,NuneRa00,Rakeem Nunez-Roches,tam
DT,0,0%,17,1.62%,1,.22%,LedbJe00,Jeremiah Ledbetter,tam
LB,0,0%,366,34.96%,33,7.22%,AlexKw00,Kwon Alexander,tam
LB,0,0%,922,88.06%,78,17.07%,DaviLa00,Lavonte David,tam
LB,0,0%,635,60.65%,204,44.64%,GlanAd00,Adarius Taylor,tam
LB,0,0%,248,23.69%,218,47.70%,BondDe00,Devante Bond,tam
LB,0,0%,126,12.03%,160,35.01%,BullRi00,Riley Bullough,tam
LB,0,0%,16,1.53%,299,65.43%,LyncCa00,Cameron Lynch,tam
LB,0,0%,6,.57%,94,20.57%,CichJa00,Jack Cichy,tam
LB,0,0%,22,2.10%,61,13.35%,MintKe00,Kevin Minter,tam
CB,0,0%,791,75.55%,0,0%,GrimBr20,Brent Grimes,tam
CB,0,0%,419,40.02%,286,62.58%,SmitRy00,Ryan Smith,tam
CB,0,0%,53,5.06%,6,1.31%,HargVe00,Vernon Hargreaves III,tam
CB,0,0%,718,68.58%,55,12.04%,DaviCa02,Carlton Davis,tam
CB,0,0%,300,28.65%,138,30.20%,StewM.00,M.J. Stewart,tam
CB,0,0%,97,9.26%,123,26.91%,HarrDe04,De'Vante Harris,tam
CB,0,0%,20,1.91%,29,6.35%,WillMa03,Marcus Williams,tam
CB,0,0%,68,6.49%,78,17.07%,ShawJo00,Josh Shaw,tam
CB,0,0%,0,0%,13,2.84%,RiveDa00,David Rivers,tam
CB,0,0%,351,33.52%,61,13.35%,ElliJa01,Javien Elliott,tam
"FS,SS",0,0%,118,11.27%,12,2.63%,ContCh00,Chris Conte,tam
SS,0,0%,605,57.78%,49,10.72%,EvanJu00,Justin Evans,tam
SS,0,0%,0,0%,12,2.63%,IgweGo00,Godwin Igwebuike,tam
FS,0,0%,404,38.59%,274,59.96%,JohnIs00,Isaiah Johnson,tam
FS,0,0%,370,35.34%,171,37.42%,AdamAn00,Andrew Adams,tam
"S,SS",0,0%,660,63.04%,57,12.47%,WhitJo03,Jordan Whitehead,tam
LS,0,0%,0,0%,131,28.67%,SanbGa00,Garrison Sanborn,tam
K,0,0%,0,0%,91,19.91%,CataCh00,Chandler Catanzaro,tam
K,0,0%,0,0%,66,14.44%,SantCa01,Cairo Santos,tam
P,0,0%,0,0%,132,28.88%,AngeBr00,Bryan Anger,tam
QB,775,78.60%,0,0%,0,0%,MariMa01,Marcus Mariota,oti
QB,211,21.40%,0,0%,0,0%,GabbBl00,Blaine Gabbert,oti
RB,600,60.85%,0,0%,0,0%,LewiDi00,Dion Lewis,oti
RB,401,40.67%,0,0%,0,0%,HenrDe00,Derrick Henry,oti
RB,6,.61%,0,0%,86,20.53%,FlueDa00,David Fluellen,oti
RB,0,0%,0,0%,4,.95%,DawkDa01,Dalyn Dawkins,oti
WR,872,88.44%,0,0%,0,0%,DaviCo03,Corey Davis,oti
WR,591,59.94%,0,0%,5,1.19%,SharTa00,Tajae Sharpe,oti
WR,49,4.97%,0,0%,13,3.10%,WillNi02,Nick Williams,oti
WR,95,9.63%,0,0%,8,1.91%,MattRi00,Rishard Matthews,oti
WR,179,18.15%,0,0%,180,42.96%,JennDa00,Darius Jennings,oti
WR,446,45.23%,0,0%,10,2.39%,TaylTa00,Taywan Taylor,oti
WR,178,18.05%,0,0%,33,7.88%,BatsCa00,Cameron Batson,oti
TE,611,61.97%,0,0%,43,10.26%,SmitJo01,Jonnu Smith,oti
TE,39,3.96%,0,0%,0,0%,WalkHu00,Delanie Walker,oti
TE,480,48.68%,0,0%,190,45.35%,StocLu00,Luke Stocker,oti
TE,180,18.26%,0,0%,95,22.67%,FirkAn00,Anthony Firkser,oti
TE,192,19.47%,0,0%,104,24.82%,PruiMy00,MyCole Pruitt,oti
T,498,50.51%,0,0%,28,6.68%,ConkJa00,Jack Conklin,oti
T,376,38.13%,0,0%,45,10.74%,KellDe00,Dennis Kelly,oti
T,852,86.41%,0,0%,50,11.93%,LewaTa00,Taylor Lewan,oti
G,975,98.88%,0,0%,61,14.56%,KlinJo01,Josh Kline,oti
G,856,86.82%,0,0%,49,11.69%,SpaiQu00,Quinton Spain,oti
G,99,10.04%,0,0%,26,6.21%,MarzTy01,Tyler Marz,oti
G,155,15.72%,0,0%,12,2.86%,PampKe00,Kevin Pamphile,oti
G,0,0%,0,0%,4,.95%,StinAa00,Aaron Stinnie,oti
G,4,.41%,0,0%,7,1.67%,PaszAu00,Austin Pasztor,oti
C,986,100.00%,0,0%,12,2.86%,JoneBe01,Ben Jones,oti
C,140,14.20%,0,0%,61,14.56%,LeviCo00,Corey Levin,oti
DE,0,0%,587,56.12%,70,16.71%,JoneDa04,DaQuan Jones,oti
DE,0,0%,28,2.68%,3,.72%,DickMa00,Matt Dickerson,oti
DT,0,0%,745,71.22%,11,2.63%,CaseJu00,Jurrell Casey,oti
NT,0,0%,399,38.15%,124,29.59%,JohnAu01,Austin Johnson,oti
NT,0,0%,229,21.89%,59,14.08%,LogaBe00,Bennie Logan,oti
NT,0,0%,131,12.52%,43,10.26%,KilgDa01,Darius Kilgo,oti
LB,0,0%,714,68.26%,25,5.97%,WoodWe20,Wesley Woodyard,oti
LB,0,0%,321,30.69%,148,35.32%,CorrKa00,Kamalei Correa,oti
LB,0,0%,851,81.36%,129,30.79%,BrowJa06,Jayon Brown,oti
LB,0,0%,573,54.78%,11,2.63%,OrakBr99,Brian Orakpo,oti
LB,0,0%,591,56.50%,164,39.14%,LandHa00,Harold Landry,oti
LB,0,0%,79,7.55%,200,47.73%,CompWi00,William Compton,oti
LB,0,0%,8,.76%,23,5.49%,WallAa00,Aaron Wallace,oti
LB,0,0%,40,3.82%,348,83.05%,BateDa00,Daren Bates,oti
LB,0,0%,0,0%,20,4.77%,SpilRo00,Robert Spillane,oti
LB,0,0%,532,50.86%,6,1.43%,MorgDe99,Derrick Morgan,oti
LB,0,0%,206,19.69%,183,43.68%,FincSh00,Sharif Finch,oti
LB,0,0%,0,0%,22,5.25%,HarrNi00,Nigel Harris,oti
LB,0,0%,494,47.23%,4,.95%,EvanRa01,Rashaan Evans,oti
CB,0,0%,856,81.84%,48,11.46%,RyanLo00,Logan Ryan,oti
CB,0,0%,834,79.73%,96,22.91%,ButlMa01,Malcolm Butler,oti
CB,0,0%,957,91.49%,100,23.87%,JackAd00,Adoree' Jackson,oti
CB,0,0%,213,20.36%,271,64.68%,SimsLe00,LeShaun Sims,oti
CB,0,0%,0,0%,48,11.46%,KaluJo00,Joshua Kalu,oti
CB,0,0%,11,1.05%,22,5.25%,DurdKe00,Kenneth Durden,oti
SS,0,0%,747,71.41%,35,8.35%,VaccKe00,Kenny Vaccaro,oti
FS,0,0%,1043,99.71%,94,22.43%,ByarKe01,Kevin Byard,oti
FS,0,0%,275,26.29%,217,51.79%,LewiKe00,Kendrick Lewis,oti
FS,0,0%,42,4.02%,203,48.45%,CruiDa00,Dane Cruikshank,oti
FS,0,0%,0,0%,342,81.62%,TrawBr00,Brynden Trawick,oti
LS,0,0%,0,0%,139,33.17%,BrinBe00,Beau Brinkley,oti
K,0,0%,0,0%,133,31.74%,SuccRy44,Ryan Succop,oti
P,0,0%,0,0%,140,33.41%,KernBr20,Brett Kern,oti
QB,1009,98.25%,0,0%,0,0%,MannEl00,Eli Manning,nyg
QB,19,1.85%,0,0%,0,0%,LaulKy00,Kyle Lauletta,nyg
RB,852,82.96%,0,0%,2,.44%,BarkSa00,Saquon Barkley,nyg
RB,9,.88%,0,0%,32,6.97%,SmitSh02,Shane Smith,nyg
RB,123,11.98%,0,0%,88,19.17%,PennEl00,Elijhaa Penny,nyg
RB,155,15.09%,0,0%,84,18.30%,GallWa00,Wayne Gallman,nyg
RB,17,1.66%,0,0%,0,0%,StewJo00,Jonathan Stewart,nyg
WR,716,69.72%,0,0%,20,4.36%,BeckOd00,Odell Beckham Jr.,nyg
WR,934,90.94%,0,0%,9,1.96%,ShepSt00,Sterling Shepard,nyg
WR,209,20.35%,0,0%,21,4.58%,LatiCo00,Cody Latimer,nyg
WR,369,35.93%,0,0%,98,21.35%,FowlBe00,Bennie Fowler,nyg
WR,183,17.82%,0,0%,203,44.23%,ShepRu00,Russell Shepard,nyg
WR,62,6.04%,0,0%,97,21.13%,DaviJa07,Jawill Davis,nyg
WR,8,.78%,0,0%,7,1.53%,RussAl01,Alonzo Russell,nyg
WR,132,12.85%,0,0%,42,9.15%,ColeCo00,Corey Coleman,nyg
WR,0,0%,0,0%,26,5.66%,HendQu00,Quadree Henderson,nyg
WR,0,0%,0,0%,11,2.40%,ClayKa00,Kaelin Clay,nyg
WR,0,0%,0,0%,7,1.53%,ColeSt00,Stacy Coley,nyg
TE,475,46.25%,0,0%,7,1.53%,EngrEv00,Evan Engram,nyg
TE,557,54.24%,0,0%,109,23.75%,ElliRh00,Rhett Ellison,nyg
TE,288,28.04%,0,0%,217,47.28%,SimoSc00,Scott Simonson,nyg
TE,14,1.36%,0,0%,2,.44%,DickGa00,Garrett Dickerson,nyg
T,1027,100.00%,0,0%,61,13.29%,SoldNa00,Nate Solder,nyg
T,139,13.53%,0,0%,18,3.92%,FlowEr00,Ereck Flowers,nyg
T,52,5.06%,0,0%,4,.87%,MihaBr00,Brian Mihalik,nyg
T,857,83.45%,0,0%,63,13.73%,WheeCh00,Chad Wheeler,nyg
G,1027,100.00%,0,0%,65,14.16%,HernWi00,Will Hernandez,nyg
G,384,37.39%,0,0%,25,5.45%,OmamPa00,Patrick Omameh,nyg
G,509,49.56%,0,0%,38,8.28%,BrowJa04,Jamon Brown,nyg
G,488,47.52%,0,0%,46,10.02%,GrecJo20,John Greco,nyg
G,567,55.21%,0,0%,20,4.36%,PullSp00,Spencer Pulley,nyg
C,116,11.30%,0,0%,3,.65%,HalaJo00,Jon Halapio,nyg
DE,0,0%,665,60.62%,0,0%,VernOl00,Olivier Vernon,nyg
DE,0,0%,393,35.82%,221,48.15%,WynnKe00,Kerry Wynn,nyg
DE,0,0%,232,21.15%,0,0%,EdwaMa01,Mario Edwards,nyg
DT,0,0%,628,57.25%,137,29.85%,TomlDa00,Dalvin Tomlinson,nyg
DT,0,0%,249,22.70%,0,0%,HarrDa03,Damon Harrison,nyg
DT,0,0%,642,58.52%,90,19.61%,HillB.00,B.J. Hill,nyg
DT,0,0%,270,24.61%,24,5.23%,MaurJo00,Josh Mauro,nyg
DT,0,0%,65,5.93%,0,0%,McInR.00,R.J. McIntosh,nyg
DT,0,0%,57,5.20%,0,0%,JenkJo00,John Jenkins,nyg
LB,0,0%,610,55.61%,89,19.39%,MartKa00,Kareem Martin,nyg
LB,0,0%,885,80.67%,6,1.31%,OgleAl00,Alec Ogletree,nyg
LB,0,0%,441,40.20%,245,53.38%,CartLo01,Lorenzo Carter,nyg
LB,0,0%,186,16.96%,93,20.26%,ArmsRa01,Ray-Ray Armstrong,nyg
LB,0,0%,513,46.76%,183,39.87%,GoodB.00,B.J. Goodson,nyg
LB,0,0%,289,26.34%,17,3.70%,BarwCo99,Connor Barwin,nyg
LB,0,0%,64,5.83%,338,73.64%,StupNa01,Nathan Stupar,nyg
LB,0,0%,343,31.27%,196,42.70%,DaviTa00,Tae Davis,nyg
LB,0,0%,38,3.46%,183,39.87%,EligUk00,Ukeme Eligwe,nyg
CB,0,0%,296,26.98%,53,11.55%,ApplEl00,Eli Apple,nyg
CB,0,0%,1088,99.18%,127,27.67%,JenkJa03,Jackrabbit Jenkins,nyg
CB,0,0%,1003,91.43%,121,26.36%,WebbBW00,B.W. Webb,nyg
CB,0,0%,0,0%,236,51.42%,HamiAn01,Antonio Hamilton,nyg
CB,0,0%,115,10.48%,7,1.53%,DeayDo01,Donte Deayon,nyg
CB,0,0%,0,0%,21,4.58%,JordMi00,Mike Jordan,nyg
CB,0,0%,24,2.19%,11,2.40%,LippTo00,Tony Lippett,nyg
SS,0,0%,804,73.29%,82,17.86%,CollLa00,Landon Collins,nyg
SS,0,0%,521,47.49%,347,75.60%,ThomMi02,Michael Thomas,nyg
SS,0,0%,20,1.82%,31,6.75%,LadlKe00,Kenny Ladler,nyg
FS,0,0%,1048,95.53%,66,14.38%,RileCu00,Curtis Riley,nyg
FS,0,0%,141,12.85%,241,52.51%,ChanSe00,Sean Chandler,nyg
FS,0,0%,7,.64%,3,.65%,MoorKa01,Kamrin Moore,nyg
"CB,DB",0,0%,429,39.11%,32,6.97%,HaleGr00,Grant Haley,nyg
LS,0,0%,0,0%,137,29.85%,DeOsZa99,Zak DeOssie,nyg
K,0,0%,0,0%,150,32.68%,RosaAl00,Aldrick Rosas,nyg
P,0,0%,0,0%,137,29.85%,DixoRi00,Riley Dixon,nyg
QB,810,80.92%,0,0%,0,0%,DarnSa00,Sam Darnold,nyj
QB,191,19.08%,0,0%,0,0%,McCoJo01,Josh McCown,nyj
RB,318,31.77%,0,0%,3,.60%,McGuEl00,Elijah McGuire,nyj
RB,208,20.78%,0,0%,9,1.81%,PoweBi00,Bilal Powell,nyj
RB,185,18.48%,0,0%,151,30.44%,CannTr00,Trenton Cannon,nyj
RB,332,33.17%,0,0%,0,0%,CrowIs00,Isaiah Crowell,nyj
RB,3,.30%,0,0%,1,.20%,HendDe01,De'Angelo Henderson,nyj
WR,526,52.55%,0,0%,1,.20%,EnunQu00,Quincy Enunwa,nyj
WR,682,68.13%,0,0%,1,.20%,AndeRo04,Robbie Chosen,nyj
WR,89,8.89%,0,0%,241,48.59%,PeakCh00,Charone Peake,nyj
WR,171,17.08%,0,0%,0,0%,PryoTe00,Terrelle Pryor,nyj
WR,626,62.54%,0,0%,2,.40%,KearJe01,Jermaine Kearse,nyj
WR,58,5.79%,0,0%,9,1.81%,MattRi00,Rishard Matthews,nyj
WR,195,19.48%,0,0%,177,35.69%,RobeAn00,Andre Roberts,nyj
WR,128,12.79%,0,0%,0,0%,BurnDe00,Deontay Burnett,nyj
WR,2,.20%,0,0%,0,0%,JoneJJ00,JJ Jones,nyj
TE,129,12.89%,0,0%,50,10.08%,SterNe00,Neal Sterling,nyj
TE,625,62.44%,0,0%,165,33.27%,HernCh00,Chris Herndon,nyj
TE,353,35.26%,0,0%,224,45.16%,TomlEr01,Eric Tomlinson,nyj
TE,326,32.57%,0,0%,93,18.75%,LeggJo00,Jordan Leggett,nyj
TE,2,.20%,0,0%,0,0%,WalfCl00,Clive Walford,nyj
T,850,84.92%,0,0%,59,11.90%,ShelBr00,Brandon Shell,nyj
T,1001,100.00%,0,0%,2,.40%,BeacKe00,Kelvin Beachum,nyj
T,159,15.88%,0,0%,133,26.81%,QvalBr01,Brent Qvale,nyj
G,624,62.34%,0,0%,43,8.67%,CarpJa00,James Carpenter,nyj
G,1001,100.00%,0,0%,69,13.91%,WintBr00,Brian Winters,nyj
G,0,0%,0,0%,8,1.61%,BradBe00,Ben Braden,nyj
G,106,10.59%,0,0%,26,5.24%,DoziDa00,Dakota Dozier,nyj
C,805,80.42%,0,0%,0,0%,LongSp00,Spencer Long,nyj
C,506,50.55%,0,0%,69,13.91%,HarrJo03,Jonotthan Harrison,nyj
DE,0,0%,866,77.32%,91,18.35%,WillLe02,Leonard Williams,nyj
DE,0,0%,668,59.64%,168,33.87%,AndeHe00,Henry Anderson,nyj
DE,0,0%,343,30.63%,5,1.01%,ShepNa00,Nathan Shepherd,nyj
DE,0,0%,89,7.95%,96,19.35%,BashTa00,Tarell Basham,nyj
DE,0,0%,45,4.02%,29,5.85%,KaufBr01,Bronson Kaufusi,nyj
DE,0,0%,3,.27%,0,0%,FatuFo00,Folorunso Fatukasi,nyj
NT,0,0%,358,31.96%,89,17.94%,PennMi00,Mike Pennel,nyj
NT,0,0%,471,42.05%,95,19.15%,McLeSt00,Steve McLendon,nyj
LB,0,0%,1114,99.46%,98,19.76%,WillAv00,Avery Williamson,nyj
LB,0,0%,611,54.55%,328,66.13%,CopeBr00,Brandon Copeland,nyj
LB,0,0%,660,58.93%,218,43.95%,JenkJo01,Jordan Jenkins,nyj
LB,0,0%,808,72.14%,44,8.87%,LeexDa00,Darron Lee,nyj
LB,0,0%,442,39.46%,181,36.49%,LuvuFr00,Frankie Luvu,nyj
LB,0,0%,19,1.70%,11,2.22%,MartJo02,Josh Martin,nyj
LB,0,0%,267,23.84%,283,57.06%,HewiNe00,Neville Hewitt,nyj
LB,0,0%,171,15.27%,95,19.15%,AttaJe00,Jeremiah Attaochu,nyj
LB,0,0%,0,0%,30,6.05%,WintAn00,Anthony Wint,nyj
LB,0,0%,35,3.13%,182,36.69%,PierKe00,Kevin Pierre-Louis,nyj
LB,0,0%,0,0%,3,.60%,LamuEm00,Emmanuel Lamur,nyj
CB,0,0%,693,61.88%,124,25.00%,SkriBu00,Buster Skrine,nyj
CB,0,0%,1002,89.46%,9,1.81%,ClaiMo00,Morris Claiborne,nyj
CB,0,0%,670,59.82%,6,1.21%,JohnTr05,Trumaine Johnson,nyj
CB,0,0%,38,3.39%,3,.60%,JoneDe02,Derrick Jones,nyj
CB,0,0%,725,64.73%,210,42.34%,RobeDa00,Darryl Roberts,nyj
CB,0,0%,83,7.41%,69,13.91%,RobiRa00,Rashard Robinson,nyj
CB,0,0%,0,0%,50,10.08%,BurrJu00,Juston Burris,nyj
CB,0,0%,0,0%,7,1.41%,ClarJe04,Jeremy Clark,nyj
CB,0,0%,212,18.93%,110,22.18%,NickPa00,Parry Nickerson,nyj
SS,0,0%,1119,99.91%,54,10.89%,AdamJa00,Jamal Adams,nyj
SS,0,0%,69,6.16%,392,79.03%,BrooTe00,Terrence Brooks,nyj
SS,0,0%,25,2.23%,33,6.65%,WilcJ.00,J.J. Wilcox,nyj
FS,0,0%,393,35.09%,35,7.06%,MayeMa00,Marcus Maye,nyj
FS,0,0%,231,20.63%,100,20.16%,MiddDo01,Doug Middleton,nyj
FS,0,0%,87,7.77%,201,40.52%,MileRo00,Rontez Miles,nyj
FS,0,0%,1,.09%,12,2.42%,CampIb00,Ibraheim Campbell,nyj
LS,0,0%,0,0%,152,30.65%,HennTh00,Thomas Hennessy,nyj
K,0,0%,0,0%,151,30.44%,MyerJa00,Jason Myers,nyj
P,0,0%,0,0%,153,30.85%,EdwaLa01,Lac Edwards,nyj
QB,724,66.30%,0,0%,0,0%,WentCa00,Carson Wentz,phi
QB,357,32.69%,0,0%,0,0%,FoleNi00,Nick Foles,phi
QB,11,1.01%,0,0%,0,0%,SudfNa00,Nate Sudfeld,phi
RB,149,13.64%,0,0%,29,6.70%,SproDa00,Darren Sproles,phi
RB,238,21.79%,0,0%,125,28.87%,ClemCo00,Corey Clement,phi
RB,120,10.99%,0,0%,0,0%,AjayJa00,Jay Ajayi,phi
RB,324,29.67%,0,0%,215,49.65%,SmalWe00,Wendell Smallwood,phi
RB,0,0%,0,0%,14,3.23%,ScotBo02,Boston Scott,phi
RB,252,23.08%,0,0%,48,11.09%,AdamJo03,Josh Adams,phi
WR,131,12.00%,0,0%,59,13.63%,AikeKa00,Kamar Aiken,phi
WR,982,89.93%,0,0%,1,.23%,AghoNe00,Nelson Agholor,phi
WR,73,6.68%,0,0%,0,0%,WallMi00,Mike Wallace,phi
WR,770,70.51%,0,0%,0,0%,JeffAl00,Alshon Jeffery,phi
WR,83,7.60%,0,0%,48,11.09%,CartDe02,DeAndre Carter,phi
WR,346,31.68%,0,0%,13,3.00%,MattJo00,Jordan Matthews,phi
WR,64,5.86%,0,0%,151,34.87%,GibsSh00,Shelton Gibson,phi
WR,240,21.98%,0,0%,10,2.31%,TateGo00,Golden Tate,phi
WR,2,.18%,0,0%,1,.23%,WheaMa00,Markus Wheaton,phi
TE,1000,91.58%,0,0%,2,.46%,ErtzZa00,Zach Ertz,phi
TE,523,47.89%,0,0%,187,43.19%,GoedDa00,Dallas Goedert,phi
TE,42,3.85%,0,0%,77,17.78%,RodgRi00,Richard Rodgers,phi
TE,95,8.70%,0,0%,156,36.03%,PerkJo02,Joshua Perkins,phi
T,962,88.10%,0,0%,43,9.93%,JohnLa01,Lane Johnson,phi
T,868,79.49%,0,0%,0,0%,PeteJa21,Jason Peters,phi
T,334,30.59%,0,0%,66,15.24%,VaitHa00,Halapoulivaati Vaitai,phi
G,643,58.88%,0,0%,66,15.24%,WisnSt01,Stefen Wisniewski,phi
G,1087,99.54%,0,0%,66,15.24%,BrooBr00,Brandon Brooks,phi
G,7,.64%,0,0%,42,9.70%,WarmCh00,Chance Warmack,phi
G,548,50.18%,0,0%,47,10.85%,SeumIs00,Isaac Seumalo,phi
C,1037,94.96%,0,0%,0,0%,KelcJa00,Jason Kelce,phi
DE,0,0%,754,72.64%,75,17.32%,GrahBr99,Brandon Graham,phi
DE,0,0%,716,68.98%,20,4.62%,BennMi99,Michael Bennett,phi
DE,0,0%,234,22.54%,21,4.85%,BarnDe01,Derek Barnett,phi
DE,0,0%,612,58.96%,47,10.85%,LongCh99,Chris Long,phi
DE,0,0%,16,1.54%,39,9.01%,HallDa01,Daeshon Hall,phi
DE,0,0%,68,6.55%,24,5.54%,SweaJo00,Josh Sweat,phi
DT,0,0%,830,79.96%,2,.46%,CoxxFl00,Fletcher Cox,phi
DT,0,0%,157,15.13%,52,12.01%,VaeaDe01,Destiny Vaeao,phi
DT,0,0%,368,35.45%,57,13.16%,NgatHa20,Haloti Ngata,phi
DT,0,0%,45,4.34%,0,0%,JernTi00,Timmy Jernigan,phi
DT,0,0%,226,21.77%,94,21.71%,HestTr00,Treyvon Hester,phi
DT,0,0%,46,4.43%,1,.23%,McGiT.00,T.Y. McGill,phi
DT,0,0%,82,7.90%,19,4.39%,HectBr00,Bruce Hector,phi
LB,0,0%,705,67.92%,47,10.85%,HickJo00,Jordan Hicks,phi
LB,0,0%,328,31.60%,343,79.21%,GrugKa00,Kamu Grugier-Hill,phi
LB,0,0%,134,12.91%,257,59.35%,GerrNa00,Nathan Gerry,phi
LB,0,0%,919,88.54%,7,1.62%,BradNi00,Nigel Bradham,phi
LB,0,0%,5,.48%,358,82.68%,ReynLa00,LaRoy Reynolds,phi
LB,0,0%,0,0%,237,54.73%,AlexD.00,D.J. Alexander,phi
LB,0,0%,0,0%,46,10.62%,BellB.00,B.J. Bello,phi
CB,0,0%,457,44.03%,52,12.01%,MillJa02,Jalen Mills,phi
CB,0,0%,542,52.22%,0,0%,DarbRo00,Ronald Darby,phi
CB,0,0%,106,10.21%,6,1.39%,McDoDe00,Dexter McDougle,phi
CB,0,0%,321,30.92%,22,5.08%,JoneSi00,Sidney Jones,phi
CB,0,0%,146,14.07%,43,9.93%,BausDe00,De'Vante Bausby,phi
CB,0,0%,540,52.02%,152,35.10%,MaddAv00,Avonte Maddox,phi
CB,0,0%,544,52.41%,120,27.71%,DougRa00,Rasul Douglas,phi
CB,0,0%,0,0%,9,2.08%,HawkJo00,Josh Hawkins,phi
CB,0,0%,6,.58%,175,40.42%,HallDe02,Deiondre' Hall,phi
CB,0,0%,349,33.62%,87,20.09%,LeBlCr01,Cre'von LeBlanc,phi
CB,0,0%,87,8.38%,53,12.24%,SullCh00,Chandon Sullivan,phi
SS,0,0%,1038,100.00%,136,31.41%,JenkMa99,Malcolm Jenkins,phi
FS,0,0%,162,15.61%,19,4.39%,McLeRo00,Rodney McLeod,phi
FS,0,0%,655,63.10%,60,13.86%,GrahCo99,Corey Graham,phi
"S,SS",0,0%,220,21.19%,206,47.58%,SullTr01,Tre Sullivan,phi
LS,0,0%,0,0%,130,30.02%,LovaRi00,Rick Lovato,phi
K,0,0%,0,0%,148,34.18%,ElliJa03,Jake Elliott,phi
P,0,0%,0,0%,130,30.02%,JohnCa02,Cameron Johnston,phi
QB,1086,97.31%,0,0%,0,0%,RoetBe00,Ben Roethlisberger,pit
QB,30,2.69%,0,0%,0,0%,DobbJo00,Joshua Dobbs,pit
RB,718,64.34%,0,0%,1,.22%,ConnJa00,James Conner,pit
RB,0,0%,0,0%,44,9.59%,EdmuTr00,Trey Edmunds,pit
RB,228,20.43%,0,0%,110,23.97%,SamuJa00,Jaylen Samuels,pit
RB,61,5.47%,0,0%,12,2.61%,RidlSt00,Stevan Ridley,pit
FB,110,9.86%,0,0%,316,68.85%,NixxRo01,Roosevelt Nix,pit
WR,998,89.43%,0,0%,5,1.09%,BrowAn04,Antonio Brown,pit
WR,960,86.02%,0,0%,2,.44%,SmitJu00,JuJu Smith-Schuster,pit
WR,123,11.02%,0,0%,1,.22%,HuntJu00,Justin Hunter,pit
WR,109,9.77%,0,0%,0,0%,RogeEl00,Eli Rogers,pit
WR,76,6.81%,0,0%,200,43.57%,HeywDa00,Darrius Heyward-Bey,pit
WR,302,27.06%,0,0%,167,36.38%,SwitRy00,Ryan Switzer,pit
WR,526,47.13%,0,0%,11,2.40%,WashJa00,James Washington,pit
TE,562,50.36%,0,0%,76,16.56%,JameJe00,Jesse James,pit
TE,564,50.54%,0,0%,49,10.68%,McDoVa00,Vance McDonald,pit
TE,174,15.59%,0,0%,89,19.39%,GrimXa00,Xavier Grimble,pit
T,1116,100.00%,0,0%,73,15.90%,VillAl00,Alejandro Villanueva,pit
T,362,32.44%,0,0%,21,4.58%,GilbMa00,Marcus Gilbert,pit
T,155,13.89%,0,0%,11,2.40%,OkorCh00,Chukwuma Okorafor,pit
G,1116,100.00%,0,0%,73,15.90%,FostRa21,Ramon Foster,pit
G,958,85.84%,0,0%,62,13.51%,DeCaDa00,David DeCastro,pit
G,676,60.57%,0,0%,52,11.33%,FeilMa00,Matt Feiler,pit
C,1102,98.75%,0,0%,0,0%,PounMa20,Maurkice Pouncey,pit
C,164,14.70%,0,0%,73,15.90%,FinnB.01,B.J. Finney,pit
DE,0,0%,693,66.38%,94,20.48%,TuitSt00,Stephon Tuitt,pit
DE,0,0%,311,29.79%,27,5.88%,AluaTy99,Tyson Alualu,pit
DE,0,0%,52,4.98%,4,.87%,WaltLe00,Leterrius Walton,pit
DT,0,0%,841,80.56%,128,27.89%,HeywCa01,Cameron Heyward,pit
NT,0,0%,455,43.58%,4,.87%,HargJa00,Javon Hargrave,pit
NT,0,0%,111,10.63%,63,13.73%,McCuDa00,Daniel McCullers,pit
LB,0,0%,743,71.17%,23,5.01%,WillVi01,Vince Williams,pit
LB,0,0%,902,86.40%,61,13.29%,WattT.00,T.J. Watt,pit
LB,0,0%,868,83.14%,61,13.29%,DuprAl00,Bud Dupree,pit
LB,0,0%,560,53.64%,145,31.59%,BostJo00,Jonathan Bostic,pit
LB,0,0%,295,28.26%,327,71.24%,ChicAn00,Anthony Chickillo,pit
LB,0,0%,54,5.17%,317,69.06%,MataTy00,Tyler Matakevich,pit
LB,0,0%,305,29.21%,333,72.55%,FortL.00,L.J. Fort,pit
LB,0,0%,9,.86%,0,0%,AdenOl00,Olasunkanmi Adeniyi,pit
LB,0,0%,4,.38%,95,20.70%,ThomMa00,Matthew Thomas,pit
CB,0,0%,308,29.50%,190,41.39%,BurnAr00,Artie Burns,pit
CB,0,0%,936,89.66%,97,21.13%,HadeJo99,Joe Haden,pit
CB,0,0%,593,56.80%,53,11.55%,HiltMi01,Mike Hilton,pit
CB,0,0%,240,22.99%,213,46.41%,SuttCa00,Cameron Sutton,pit
CB,0,0%,744,71.26%,104,22.66%,SensCo00,Coty Sensabaugh,pit
CB,0,0%,0,0%,98,21.35%,AlleBr01,Brian Allen,pit
SS,0,0%,966,92.53%,223,48.58%,EdmuTe00,Terrell Edmunds,pit
SS,0,0%,389,37.26%,9,1.96%,BurnMo99,Morgan Burnett,pit
SS,0,0%,75,7.18%,315,68.63%,DangJo00,Jordan Dangerfield,pit
FS,0,0%,979,93.77%,124,27.02%,DaviSe00,Sean Davis,pit
FS,0,0%,18,1.72%,12,2.61%,AlleMa03,Marcus Allen,pit
FS,0,0%,32,3.07%,44,9.59%,BerhNa00,Nat Berhe,pit
LS,0,0%,0,0%,138,30.07%,CanaKa00,Kameron Canaday,pit
K,0,0%,0,0%,151,32.90%,BoswCh00,Chris Boswell,pit
K,0,0%,0,0%,8,1.74%,McCrMa00,Matthew McCrane,pit
P,0,0%,0,0%,138,30.07%,BerrJo00,Jordan Berry,pit
QB,1092,97.59%,0,0%,0,0%,BradTo00,Tom Brady,nwe
QB,27,2.41%,0,0%,0,0%,HoyeBr00,Brian Hoyer,nwe
RB,151,13.49%,0,0%,91,20.09%,BurkRe00,Rex Burkhead,nwe
RB,600,53.62%,0,0%,33,7.28%,WhitJa02,James White,nwe
RB,320,28.60%,0,0%,21,4.64%,MichSo00,Sony Michel,nwe
RB,12,1.07%,0,0%,6,1.32%,HillJe01,Jeremy Hill,nwe
RB,42,3.75%,0,0%,23,5.08%,BarnKe00,Kenjon Barner,nwe
FB,398,35.57%,0,0%,158,34.88%,DeveJa00,James Develin,nwe
WR,803,71.76%,0,0%,146,32.23%,HogaCh00,Chris Hogan,nwe
WR,399,35.66%,0,0%,0,0%,DorsPh00,Phillip Dorsett,nwe
WR,747,66.76%,0,0%,54,11.92%,EdelJu00,Julian Edelman,nwe
WR,15,1.34%,0,0%,11,2.43%,McCaRi00,Riley McCarron,nwe
WR,19,1.70%,0,0%,303,66.89%,SlatMa00,Matthew Slater,nwe
WR,230,20.55%,0,0%,74,16.34%,PattCo00,Cordarrelle Patterson,nwe
WR,564,50.40%,3,.29%,0,0%,GordJo02,Josh Gordon,nwe
TE,838,74.89%,2,.19%,2,.44%,GronRo00,Rob Gronkowski,nwe
TE,365,32.62%,0,0%,80,17.66%,AlleDw00,Dwayne Allen,nwe
TE,59,5.27%,0,0%,97,21.41%,HollJa03,Jacob Hollister,nwe
T,1089,97.32%,0,0%,82,18.10%,BrowTr02,Trent Brown,nwe
T,835,74.62%,0,0%,56,12.36%,CannMa00,Marcus Cannon,nwe
T,342,30.56%,0,0%,69,15.23%,WaddLa01,LaAdrian Waddle,nwe
T,4,.36%,0,0%,0,0%,CrosCo00,Cole Croston,nwe
G,1119,100.00%,0,0%,82,18.10%,ThunJo00,Joe Thuney,nwe
G,953,85.17%,0,0%,72,15.89%,MasoSh01,Shaq Mason,nwe
C,1103,98.57%,0,0%,2,.44%,AndrDa00,David Andrews,nwe
C,4,.36%,0,0%,21,4.64%,SchwBr00,Brian Schwenke,nwe
C,8,.71%,0,0%,8,1.77%,FereJa00,James Ferentz,nwe
C,171,15.28%,0,0%,61,13.47%,KarrTe00,Ted Karras,nwe
DE,0,0%,732,70.18%,0,0%,FlowTr00,Trey Flowers,nwe
DE,0,0%,432,41.42%,61,13.47%,WiseDe00,Deatrich Wise Jr.,nwe
DE,0,0%,183,17.55%,2,.44%,DaviKe03,Keionta Davis,nwe
DE,0,0%,185,17.74%,87,19.21%,SimoJo01,John Simon,nwe
DE,0,0%,318,30.49%,0,0%,ClayAd00,Adrian Clayborn,nwe
DE,0,0%,23,2.21%,65,14.35%,GrisGe00,Geneo Grissom,nwe
DE,0,0%,78,7.48%,3,.66%,RiveDe00,Derek Rivers,nwe
DT,0,0%,324,31.06%,98,21.63%,ShelDa01,Danny Shelton,nwe
DT,0,0%,519,49.76%,170,37.53%,GuyxLa00,Lawrence Guy,nwe
DT,0,0%,456,43.72%,51,11.26%,BrowMa01,Malcom Brown,nwe
DT,0,0%,379,36.34%,132,29.14%,ButlAd00,Adam Butler,nwe
LB,0,0%,138,13.23%,46,10.15%,BentJa00,Ja'Whaun Bentley,nwe
LB,0,0%,946,90.70%,125,27.59%,VanNKy00,Kyle Van Noy,nwe
LB,0,0%,774,74.21%,78,17.22%,HighDo01,Dont'a Hightower,nwe
LB,0,0%,430,41.23%,80,17.66%,RobeEl00,Elandon Roberts,nwe
LB,0,0%,0,0%,281,62.03%,KingBr02,Brandon King,nwe
LB,0,0%,21,2.01%,11,2.43%,KamaUf00,Ufomba Kamalu,nwe
LB,0,0%,8,.77%,123,27.15%,McClAl00,Albert McClellan,nwe
LB,0,0%,28,2.68%,163,35.98%,GrigNi01,Nicholas Grigsby,nwe
LB,0,0%,2,.19%,105,23.18%,HumbRa00,Ramon Humber,nwe
CB,0,0%,136,13.04%,0,0%,RoweEr00,Eric Rowe,nwe
CB,0,0%,1014,97.22%,1,.22%,GilmSt00,Stephon Gilmore,nwe
CB,0,0%,515,49.38%,260,57.40%,JoneJo03,Jonathan Jones,nwe
CB,0,0%,395,37.87%,49,10.82%,JackJ.00,J.C. Jackson,nwe
CB,0,0%,834,79.96%,114,25.17%,McCoJa99,Jason McCourty,nwe
CB,0,0%,10,.96%,12,2.65%,JoneCy00,Cyrus Jones,nwe
CB,0,0%,39,3.74%,113,24.94%,CrosKe00,Keion Crossen,nwe
SS,0,0%,887,85.04%,186,41.06%,ChunPa99,Patrick Chung,nwe
"FS,S,SS",0,0%,1,.10%,329,72.63%,EbneNa00,Nate Ebner,nwe
FS,0,0%,1004,96.26%,184,40.62%,McCoDe99,Devin McCourty,nwe
"FS,S,SS",0,0%,636,60.98%,5,1.10%,HarmDu00,Duron Harmon,nwe
DB,0,0%,20,1.92%,25,5.52%,MeliOb00,Obi Melifonwu,nwe
LS,0,0%,0,0%,147,32.45%,CardJo00,Joe Cardona,nwe
K,0,0%,0,0%,177,39.07%,GostSt20,Stephen Gostkowski,nwe
P,0,0%,0,0%,147,32.45%,AlleRy01,Ryan Allen,nwe
QB,651,63.82%,0,0%,0,0%,SmitAl03,Alex Smith,was
QB,65,6.37%,0,0%,0,0%,SancMa00,Mark Sanchez,was
QB,204,20.00%,0,0%,0,0%,JohnJo05,Josh Johnson,was
QB,100,9.80%,0,0%,0,0%,McCoCo00,Colt McCoy,was
RB,479,46.96%,0,0%,0,0%,PeteAd01,Adrian Peterson,was
RB,310,30.39%,0,0%,2,.49%,ThomCh03,Chris Thompson,was
RB,47,4.61%,0,0%,80,19.66%,MarsBy01,Byron Marshall,was
RB,9,.88%,0,0%,18,4.42%,KellRo00,Robert Kelley,was
RB,30,2.94%,0,0%,39,9.58%,PeriSa00,Samaje Perine,was
RB,160,15.69%,0,0%,77,18.92%,BibbKa00,Kapri Bibbs,was
WR,846,82.94%,0,0%,0,0%,DoctJo00,Josh Doctson,was
WR,368,36.08%,0,0%,0,0%,RichPa01,Paul Richardson,was
WR,428,41.96%,0,0%,8,1.97%,CrowJa00,Jamison Crowder,was
WR,7,.69%,0,0%,268,65.85%,ChesJe00,Jehu Chesson,was
WR,107,10.49%,0,0%,16,3.93%,QuinTr00,Trey Quinn,was
WR,345,33.82%,0,0%,64,15.72%,FloyMi00,Michael Floyd,was
WR,81,7.94%,0,0%,44,10.81%,QuicBr00,Brian Quick,was
WR,462,45.29%,0,0%,26,6.39%,HarrMa05,Maurice Harris,was
WR,13,1.27%,0,0%,0,0%,KidsDa00,Darvin Kidsy,was
WR,0,0%,0,0%,1,.25%,SimsCa00,Cam Sims,was
TE,447,43.82%,0,0%,0,0%,DaviVe00,Vernon Davis,was
TE,363,35.59%,0,0%,236,57.99%,SpriJe00,Jeremy Sprinkle,was
TE,512,50.20%,0,0%,0,0%,ReedJo02,Jordan Reed,was
TE,61,5.98%,0,0%,38,9.34%,FlanMa00,Matt Flanagan,was
T,965,94.61%,0,0%,36,8.85%,MoseMo00,Morgan Moses,was
T,792,77.65%,0,0%,0,0%,WillTr21,Trent Williams,was
T,43,4.22%,0,0%,0,0%,ChriGe01,Geron Christian,was
T,6,.59%,0,0%,0,0%,ParrTi00,Timon Parris,was
T,403,39.51%,0,0%,47,11.55%,NsekTy00,Ty Nsekhe,was
T,37,3.63%,0,0%,16,3.93%,HowaAu20,Austin Howard,was
G,506,49.61%,0,0%,26,6.39%,ScheBr00,Brandon Scherff,was
G,284,27.84%,0,0%,8,1.97%,LauvSh20,Shawn Lauvao,was
G,201,19.71%,0,0%,12,2.95%,CoopJo01,Jonathan Cooper,was
G,56,5.49%,0,0%,0,0%,FullKy01,Kyle Fuller,was
G,48,4.71%,0,0%,8,1.97%,KeriZa00,Zac Kerin,was
G,509,49.90%,0,0%,47,11.55%,BergTo00,Tony Bergstrom,was
C,1020,100.00%,0,0%,54,13.27%,RoulCh00,Chase Roullier,was
C,0,0%,0,0%,6,1.47%,DunnCa00,Casey Dunn,was
C,244,23.92%,0,0%,16,3.93%,BowaLu00,Luke Bowanko,was
DE,0,0%,439,42.50%,81,19.90%,IoanMa01,Matthew Ioannidis,was
DE,0,0%,779,75.41%,77,18.92%,AlleJo01,Jonathan Allen,was
DE,0,0%,49,4.74%,19,4.67%,HoodEv99,Evander Hood,was
DE,0,0%,9,.87%,33,8.11%,SmitMa03,Marcus Smith,was
DE,0,0%,137,13.26%,8,1.97%,McGeSt01,Stacy McGee,was
DE,0,0%,37,3.58%,23,5.65%,BranCa00,Caleb Brantley,was
NT,0,0%,796,77.06%,65,15.97%,PaynDa00,Daron Payne,was
NT,0,0%,134,12.97%,122,29.98%,SettTi00,Tim Settle,was
LB,0,0%,1014,98.16%,36,8.85%,FostMa00,Mason Foster,was
LB,0,0%,834,80.74%,2,.49%,SmitPr00,Preston Smith,was
LB,0,0%,38,3.68%,36,8.85%,McKiCa01,Cassanova McKinzy,was
LB,0,0%,819,79.28%,65,15.97%,KerrRy00,Ryan Kerrigan,was
LB,0,0%,703,68.05%,3,.74%,BrowZa00,Zach Brown,was
LB,0,0%,196,18.97%,295,72.48%,HarvJo01,Josh Harvey-Clemons,was
LB,0,0%,19,1.84%,298,73.22%,VigiZa00,Zach Vigil,was
LB,11,1.08%,163,15.78%,162,39.80%,AndeRy00,Ryan Anderson,was
LB,0,0%,129,12.49%,247,60.69%,DionSh00,Shaun Dion Hamilton,was
LB,0,0%,203,19.65%,13,3.19%,McPhPe00,Pernell McPhee,was
CB,0,0%,840,81.32%,41,10.07%,MoreFa00,Fabian Moreau,was
CB,0,0%,1028,99.52%,0,0%,NormJo01,Josh Norman,was
CB,0,0%,373,36.11%,1,.25%,DunbQu00,Quinton Dunbar,was
CB,0,0%,29,2.81%,6,1.47%,HolsJo01,Joshua Holsey,was
CB,0,0%,386,37.37%,179,43.98%,StroGr00,Greg Stroman,was
CB,0,0%,67,6.49%,261,64.13%,JohnDa09,Danny Johnson,was
CB,0,0%,0,0%,13,3.19%,CartAl01,Alex Carter,was
CB,0,0%,11,1.06%,117,28.75%,AlexAd00,Adonis Alexander,was
CB,0,0%,0,0%,12,2.95%,MillHa00,Harlan Miller,was
SS,0,0%,466,45.11%,151,37.10%,NichMo00,Montae Nicholson,was
SS,0,0%,135,13.07%,343,84.28%,EverDe01,Deshazor Everett,was
FS,0,0%,961,93.03%,0,0%,SweaDJ00,D.J. Swearinger,was
FS,0,0%,566,54.79%,34,8.35%,ClinHa00,Ha Ha Clinton-Dix,was
FS,0,0%,2,.19%,30,7.37%,ReavJe00,Jeremy Reaves,was
S,0,0%,0,0%,89,21.87%,LadlKe00,Kenny Ladler,was
"FS,S",0,0%,0,0%,22,5.41%,ApkeTr00,Troy Apke,was
LS,0,0%,0,0%,22,5.41%,EastAn01,Andrew East,was
LS,0,0%,0,0%,115,28.26%,SundNi00,Nick Sundberg,was
K,0,0%,0,0%,125,30.71%,HopkDu00,Dustin Hopkins,was
P,0,0%,0,0%,137,33.66%,WayxTr00,Tress Way,was
QB,580,63.04%,0,0%,0,0%,TannRy00,Ryan Tannehill,mia
QB,340,36.96%,0,0%,0,0%,OsweBr00,Brock Osweiler,mia
RB,545,59.24%,0,0%,34,7.59%,DrakKe00,Kenyan Drake,mia
RB,0,0%,0,0%,303,67.63%,PerrSe00,Senorise Perry,mia
RB,330,35.87%,0,0%,0,0%,GoreFr00,Frank Gore,mia
RB,25,2.72%,0,0%,295,65.85%,BoldBr00,Brandon Bolden,mia
RB,92,10.00%,0,0%,169,37.72%,BallKa00,Kalen Ballage,mia
WR,744,80.87%,0,0%,6,1.34%,StilKe00,Kenny Stills,mia
WR,683,74.24%,0,0%,31,6.92%,AmenDa00,Danny Amendola,mia
WR,232,25.22%,0,0%,28,6.25%,WilsAl02,Albert Wilson,mia
WR,411,44.67%,0,0%,0,0%,ParkDe01,DeVante Parker,mia
WR,282,30.65%,0,0%,80,17.86%,GranJa00,Jakeem Grant,mia
WR,117,12.72%,0,0%,0,0%,ButlBr00,Brice Butler,mia
WR,0,0%,0,0%,37,8.26%,McEvTa01,Tanner McEvoy,mia
WR,13,1.41%,0,0%,0,0%,FordIs00,Isaiah Ford,mia
WR,41,4.46%,0,0%,161,35.94%,CarrLe00,Leonte Carroo,mia
TE,124,13.48%,0,0%,42,9.38%,DerbA.00,A.J. Derby,mia
TE,372,40.43%,0,0%,70,15.63%,OLeaNi00,Nick O'Leary,mia
TE,176,19.13%,0,0%,207,46.21%,SmytDu00,Durham Smythe,mia
TE,400,43.48%,0,0%,2,.45%,GesiMi00,Mike Gesicki,mia
T,815,88.59%,0,0%,51,11.38%,JameJa01,Ja'Wuan James,mia
T,819,89.02%,0,0%,52,11.61%,TunsLa00,Laremy Tunsil,mia
T,121,13.15%,0,0%,39,8.71%,YounSa21,Sam Young,mia
T,92,10.00%,0,0%,23,5.13%,SterZa00,Zach Sterup,mia
G,62,6.74%,0,0%,5,1.12%,SittJo20,Josh Sitton,mia
G,920,100.00%,1,.09%,57,12.72%,DaviJe00,Jesse Davis,mia
G,751,81.63%,0,0%,49,10.94%,LarsTe20,Ted Larsen,mia
G,0,0%,0,0%,4,.89%,AsiaIs00,Isaac Asiata,mia
C,182,19.78%,0,0%,12,2.68%,KilgDa00,Daniel Kilgore,mia
C,643,69.89%,0,0%,27,6.03%,SwanTr00,Travis Swanson,mia
C,26,2.83%,0,0%,37,8.26%,JohnWe00,Wesley Johnson,mia
C,176,19.13%,0,0%,14,3.13%,BrenJa01,Jake Brendel,mia
DE,0,0%,128,11.75%,21,4.69%,WoodJo00,Jonathan Woodard,mia
DE,0,0%,635,58.31%,9,2.01%,QuinRo00,Robert Quinn,mia
DE,0,0%,517,47.47%,4,.89%,WakeCa00,Cameron Wake,mia
DE,0,0%,64,5.88%,1,.22%,HayeWi99,William Hayes,mia
DE,0,0%,131,12.03%,59,13.17%,MalvCa00,Cameron Malveaux,mia
DE,0,0%,347,31.86%,69,15.40%,HarrCh03,Charles Harris,mia
DE,0,0%,483,44.35%,39,8.71%,BranAn00,Andre Branch,mia
DE,0,0%,167,15.34%,35,7.81%,HoodEv99,Evander Hood,mia
DT,0,0%,665,61.07%,83,18.53%,SpenAk00,Akeem Spence,mia
DT,0,0%,124,11.39%,11,2.46%,PhilJo01,Jordan Phillips,mia
DT,0,0%,675,61.98%,85,18.97%,GodcDa00,Davon Godchaux,mia
DT,0,0%,228,20.94%,34,7.59%,WillSy00,Sylvester Williams,mia
DT,0,0%,204,18.73%,50,11.16%,TaylVi00,Vincent Taylor,mia
DT,0,0%,45,4.13%,15,3.35%,PittJa00,Jamiyus Pittman,mia
LB,0,0%,1004,92.19%,5,1.12%,AlonKi00,Kiko Alonso,mia
LB,0,0%,831,76.31%,16,3.57%,McMiRa02,Raekwon McMillan,mia
LB,0,0%,678,62.26%,184,41.07%,BakeJe00,Jerome Baker,mia
LB,0,0%,19,1.74%,95,21.21%,AlleCh02,Chase Allen,mia
LB,0,0%,63,5.79%,191,42.63%,HullMi01,Mike Hull,mia
LB,0,0%,0,0%,90,20.09%,SpaiMa00,Martrell Spaight,mia
LB,0,0%,27,2.48%,353,78.79%,AnthSt00,Stephone Anthony,mia
CB,6,.65%,823,75.57%,46,10.27%,McCaBo01,Bobby McCain,mia
CB,0,0%,803,73.74%,29,6.47%,HowaXa00,Xavien Howard,mia
CB,0,0%,346,31.77%,152,33.93%,McTyTo00,Torry McTyer,mia
CB,0,0%,83,7.62%,268,59.82%,ArmsCo00,Cornell Armstrong,mia
CB,0,0%,29,2.66%,89,19.87%,TankCo00,Cordrea Tankersley,mia
CB,0,0%,48,4.41%,27,6.03%,DaviJa06,Jalen Davis,mia
SS,0,0%,33,3.03%,373,83.26%,AikeWa00,Walt Aikens,mia
FS,0,0%,57,5.23%,107,23.88%,SmitMa04,Maurice Smith,mia
"S,SS",0,0%,952,87.42%,33,7.37%,McDoTJ00,T.J. McDonald,mia
"FS,S",0,0%,825,75.76%,0,0%,JoneRe99,Reshad Jones,mia
"S,SS",0,0%,944,86.69%,100,22.32%,FitzMi00,Minkah Fitzpatrick,mia
LS,0,0%,0,0%,145,32.37%,DennJo20,John Denney,mia
K,0,0%,0,0%,127,28.35%,SandJa00,Jason Sanders,mia
P,0,0%,0,0%,146,32.59%,HaacMa00,Matt Haack,mia
QB,1051,100.00%,0,0%,0,0%,CousKi00,Kirk Cousins,min
RB,491,46.72%,0,0%,0,0%,CookDa01,Dalvin Cook,min
RB,29,2.76%,0,0%,59,13.20%,ThomRo05,Roc Thomas,min
RB,461,43.86%,0,0%,1,.22%,MurrLa00,Latavius Murray,min
RB,36,3.43%,0,0%,26,5.82%,BoonMi00,Mike Boone,min
RB,6,.57%,0,0%,86,19.24%,AbduAm00,Ameer Abdullah,min
FB,139,13.23%,0,0%,272,60.85%,HamxC.00,C.J. Ham,min
WR,1011,96.19%,0,0%,6,1.34%,ThieAd00,Adam Thielen,min
WR,874,83.16%,0,0%,0,0%,DiggSt00,Stefon Diggs,min
WR,543,51.67%,0,0%,38,8.50%,TreaLa00,Laquon Treadwell,min
WR,46,4.38%,0,0%,9,2.01%,BeebCh00,Chad Beebe,min
WR,19,1.81%,0,0%,12,2.68%,ColeSt00,Stacy Coley,min
WR,17,1.62%,0,0%,262,58.61%,ZylsBr00,Brandon Zylstra,min
WR,252,23.98%,0,0%,30,6.71%,RobiAl00,Aldrick Robinson,min
TE,925,88.01%,0,0%,72,16.11%,RudoKy00,Kyle Rudolph,min
TE,231,21.98%,0,0%,21,4.70%,MorgDa01,David Morgan,min
TE,146,13.89%,0,0%,153,34.23%,ConkTy00,Tyler Conklin,min
T,529,50.33%,0,0%,58,12.98%,HillRa01,Rashod Hill,min
T,793,75.45%,0,0%,43,9.62%,ReifRi00,Riley Reiff,min
T,800,76.12%,0,0%,62,13.87%,ONeiBr00,Brian O'Neill,min
T,0,0%,0,0%,3,.67%,NortSt00,Storm Norton,min
G,837,79.64%,0,0%,46,10.29%,CompTo00,Tom Compton,min
G,1048,99.71%,0,0%,33,7.38%,RemmMi00,Mike Remmers,min
G,214,20.36%,0,0%,64,14.32%,IsidDa00,Danny Isidora,min
C,191,18.17%,0,0%,59,13.20%,JoneBr04,Brett Jones,min
C,863,82.11%,0,0%,29,6.49%,ElflPa00,Pat Elflein,min
DE,0,0%,877,84.41%,146,32.66%,HuntDa01,Danielle Hunter,min
DE,0,0%,584,56.21%,51,11.41%,GrifEv99,Everson Griffen,min
DE,0,0%,523,50.34%,129,28.86%,WeatSt00,Stephen Weatherly,min
DE,0,0%,53,5.10%,3,.67%,BoweTa00,Tashawn Bower,min
DT,0,0%,718,69.10%,61,13.65%,RichSh00,Sheldon Richardson,min
DT,0,0%,260,25.02%,34,7.61%,JohnJa09,Jaleel Johnson,min
DT,0,0%,342,32.92%,26,5.82%,JohnTo01,Tom Johnson,min
DT,0,0%,50,4.81%,8,1.79%,ParrDa00,David Parry,min
DT,0,0%,58,5.58%,0,0%,HolmJa01,Jalyn Holmes,min
NT,0,0%,669,64.39%,52,11.63%,JoseLi99,Linval Joseph,min
LB,0,0%,875,84.22%,71,15.88%,KendEr00,Eric Kendricks,min
LB,0,0%,808,77.77%,67,14.99%,BarrAn00,Anthony Barr,min
LB,0,0%,309,29.74%,334,74.72%,GedeBe00,Ben Gedeon,min
LB,0,0%,336,32.34%,267,59.73%,WilsEr00,Eric Wilson,min
LB,0,0%,0,0%,125,27.96%,DownDe00,Devante Downs,min
LB,0,0%,5,.48%,202,45.19%,BrotKe00,Kentrell Brothers,min
CB,0,0%,770,74.11%,1,.22%,RhodXa00,Xavier Rhodes,min
CB,0,0%,243,23.39%,89,19.91%,HughMi00,Mike Hughes,min
CB,0,0%,565,54.38%,28,6.26%,AlexMa01,Mackensie Alexander,min
CB,0,0%,692,66.60%,51,11.41%,WaynTr00,Trae Waynes,min
CB,0,0%,29,2.79%,190,42.51%,SherMa20,Marcus Sherels,min
CB,0,0%,0,0%,25,5.59%,JameCr01,Craig James,min
SS,0,0%,324,31.18%,37,8.28%,SendAn00,Andrew Sendejo,min
SS,0,0%,202,19.44%,241,53.91%,KearJa00,Jayron Kearse,min
FS,9,.86%,1024,98.56%,62,13.87%,SmitHa00,Harrison Smith,min
FS,0,0%,623,59.96%,243,54.36%,HarrAn01,Anthony Harris,min
FS,0,0%,116,11.16%,238,53.24%,IlokGe00,George Iloka,min
"CB,DB",0,0%,374,36.00%,260,58.17%,HillHo00,Holton Hill,min
LS,0,0%,0,0%,140,31.32%,McDeKe00,Kevin McDermott,min
K,0,0%,0,0%,20,4.47%,CarlDa00,Daniel Carlson,min
K,0,0%,0,0%,128,28.64%,BailDa00,Dan Bailey,min
P,0,0%,0,0%,142,31.77%,WileMa01,Matt Wile,min
QB,979,93.15%,0,0%,0,0%,BreeDr00,Drew Brees,nor
QB,182,17.32%,0,0%,343,80.14%,HillTa00,Taysom Hill,nor
QB,71,6.76%,0,0%,0,0%,BridTe00,Teddy Bridgewater,nor
RB,658,62.61%,0,0%,43,10.05%,KamaAl00,Alvin Kamara,nor
RB,350,33.30%,0,0%,0,0%,IngrMa01,Mark Ingram,nor
RB,25,2.38%,0,0%,43,10.05%,GillMi00,Mike Gillislee,nor
RB,46,4.38%,0,0%,173,40.42%,WashDw00,Dwayne Washington,nor
RB,18,1.71%,0,0%,0,0%,WillJo07,Jonathan Williams,nor
FB,226,21.50%,0,0%,189,44.16%,LineZa01,Zach Line,nor
WR,929,88.39%,0,0%,6,1.40%,ThomMi05,Michael Thomas,nor
WR,196,18.65%,0,0%,5,1.17%,GinnTe00,Ted Ginn Jr.,nor
WR,225,21.41%,0,0%,43,10.05%,KirkKe00,Keith Kirkwood,nor
WR,274,26.07%,0,0%,1,.23%,CarrAu00,Austin Carr,nor
WR,126,11.99%,0,0%,3,.70%,MereCa00,Cameron Meredith,nor
WR,70,6.66%,0,0%,36,8.41%,LewiTo00,Tommylee Lewis,nor
WR,567,53.95%,0,0%,11,2.57%,SmitTr03,Tre'Quan Smith,nor
WR,0,0%,0,0%,4,.93%,TateBr00,Brandon Tate,nor
TE,507,48.24%,0,0%,16,3.74%,WatsBe00,Ben Watson,nor
TE,653,62.13%,0,0%,67,15.65%,HillJo02,Josh Hill,nor
TE,141,13.42%,0,0%,6,1.40%,ArnoDa00,Dan Arnold,nor
T,997,94.86%,0,0%,75,17.52%,RamcRy00,Ryan Ramczyk,nor
T,602,57.28%,0,0%,0,0%,ArmsTe00,Terron Armstead,nor
T,740,70.41%,0,0%,60,14.02%,PeatAn00,Andrus Peat,nor
T,52,4.95%,0,0%,2,.47%,LucaCo01,Cornelius Lucas,nor
T,48,4.57%,0,0%,2,.47%,NewtDe00,Derek Newton,nor
T,32,3.04%,0,0%,33,7.71%,OlaxMi00,Michael Ola,nor
G,179,17.03%,1,.10%,29,6.78%,LeRiJo00,Josh LeRibeus,nor
G,981,93.34%,0,0%,79,18.46%,WarfLa00,Larry Warford,nor
G,373,35.49%,0,0%,63,14.72%,BushJe20,Jermon Bushrod,nor
C,1013,96.38%,0,0%,83,19.39%,UngeMa20,Max Unger,nor
C,108,10.28%,0,0%,10,2.34%,ClapWi00,Will Clapp,nor
C,178,16.94%,0,0%,57,13.32%,TomxCa00,Cameron Tom,nor
DE,0,0%,883,85.73%,56,13.08%,JordCa00,Cameron Jordan,nor
DE,0,0%,656,63.69%,98,22.90%,OkafAl00,Alex Okafor,nor
DE,0,0%,416,40.39%,86,20.09%,DaveMa00,Marcus Davenport,nor
DE,0,0%,135,13.11%,34,7.94%,HendTr00,Trey Hendrickson,nor
DE,0,0%,4,.39%,13,3.04%,LoewMi00,Mitchell Loewen,nor
DT,0,0%,616,59.81%,116,27.10%,OnyeDa00,David Onyemata,nor
DT,0,0%,642,62.33%,1,.23%,RankSh00,Sheldon Rankins,nor
DT,0,0%,27,2.62%,18,4.21%,BromJa00,Jay Bromley,nor
NT,0,0%,421,40.87%,111,25.93%,DaviTy01,Tyeler Davison,nor
NT,0,0%,318,30.87%,5,1.17%,StalTa00,Taylor Stallworth,nor
LB,0,0%,877,85.15%,0,0%,DaviDe00,Demario Davis,nor
LB,0,0%,669,64.95%,172,40.19%,KleiAJ00,A.J. Klein,nor
LB,0,0%,486,47.18%,108,25.23%,AnzaAl00,Alex Anzalone,nor
LB,0,0%,141,13.69%,10,2.34%,TeoxMa00,Manti Te'o,nor
LB,0,0%,88,8.54%,343,80.14%,RobeCr00,Craig Robertson,nor
LB,0,0%,2,.19%,241,56.31%,BiegVi00,Vince Biegel,nor
CB,0,0%,906,87.96%,52,12.15%,LattMa01,Marshon Lattimore,nor
CB,0,0%,609,59.13%,0,0%,ApplEl00,Eli Apple,nor
CB,0,0%,409,39.71%,21,4.91%,CrawKe02,Ken Crawley,nor
CB,0,0%,110,10.68%,41,9.58%,RobiPa99,Patrick Robinson,nor
CB,0,0%,0,0%,20,4.67%,MaulAr00,Arthur Maulet,nor
CB,0,0%,693,67.28%,27,6.31%,WillP.00,P.J. Williams,nor
SS,0,0%,359,34.85%,119,27.80%,ColeKu99,Kurt Coleman,nor
SS,0,0%,752,73.01%,84,19.63%,BellVo00,Vonn Bell,nor
FS,15,1.43%,955,92.72%,140,32.71%,WillMa06,Marcus Williams,nor
FS,0,0%,52,5.05%,277,64.72%,BanjCh00,Chris Banjo,nor
FS,0,0%,26,2.52%,214,50.00%,RobiJo01,Josh Robinson,nor
"CB,DB",0,0%,77,7.48%,273,63.79%,HardJu01,Justin Hardee,nor
"DB,SS",0,0%,0,0%,89,20.79%,GrayJ.00,J.T. Gray,nor
LS,0,0%,0,0%,133,31.07%,WoodZa00,Zach Wood,nor
K,0,0%,0,0%,186,43.46%,LutzWi00,Wil Lutz,nor
P,0,0%,0,0%,135,31.54%,MorsTh00,Thomas Morstead,nor
