pos,offense,off_pct,defense,def_pct,special_teams,st_pct,player_id,player_name,team
QB,1009,96.28%,0,0%,0,0%,MurrKy00,Kyler Murray,crd
QB,40,3.82%,0,0%,0,0%,HundBr00,Brett Hundley,crd
RB,437,41.70%,0,0%,1,.22%,JohnDa08,David Johnson,crd
RB,405,38.65%,0,0%,0,0%,DrakKe00,Kenyan Drake,crd
RB,0,0%,0,0%,122,26.52%,FostD.01,D.J. Foster,crd
RB,207,19.75%,0,0%,159,34.57%,EdmoCh00,Chase Edmonds,crd
RB,20,1.91%,0,0%,17,3.70%,ZennZa00,Zach Zenner,crd
RB,3,.29%,0,0%,0,0%,MorrAl00,Alfred Morris,crd
WR,791,75.48%,0,0%,21,4.57%,KirkCh01,Christian Kirk,crd
WR,887,84.64%,0,0%,2,.43%,FitzLa00,Larry Fitzgerald,crd
WR,455,43.42%,0,0%,6,1.30%,ByrdDa00,Damiere Byrd,crd
WR,371,35.40%,0,0%,7,1.52%,JohnKe07,KeeSean Johnson,crd
WR,225,21.47%,0,0%,160,34.78%,CoopPh00,Pharoh Cooper,crd
WR,257,24.52%,0,0%,202,43.91%,SherTr00,Trent Sherfield,crd
WR,31,2.96%,0,0%,0,0%,CrabMi00,Michael Crabtree,crd
WR,157,14.98%,0,0%,64,13.91%,IsabAn00,Andy Isabella,crd
TE,488,46.56%,0,0%,260,56.52%,WillMa04,Maxx Williams,crd
TE,47,4.48%,0,0%,223,48.48%,DaniDa02,Darrell Daniels,crd
TE,59,5.63%,0,0%,14,3.04%,ArnoDa00,Dan Arnold,crd
TE,396,37.79%,0,0%,8,1.74%,ClayCh00,Charles Clay,crd
T,845,80.63%,0,0%,65,14.13%,MurrJu00,Justin Murray,crd
T,1047,99.90%,0,0%,72,15.65%,HumpD.00,D.J. Humphries,crd
T,81,7.73%,0,0%,12,2.61%,MillJo02,Jordan Mills,crd
T,3,.29%,0,0%,26,5.65%,MileJo00,Joshua Miles,crd
G,1002,95.61%,0,0%,73,15.87%,SweeJ.00,J.R. Sweezy,crd
G,1023,97.61%,0,0%,43,9.35%,PughJu00,Justin Pugh,crd
G,0,0%,0,0%,30,6.52%,GarcMa00,Max Garcia,crd
C,1042,99.43%,0,0%,1,.22%,ShipA.20,A.Q. Shipley,crd
C,211,20.13%,0,0%,73,15.87%,ColeMa02,Mason Cole,crd
DE,0,0%,144,12.71%,20,4.35%,AlleZa01,Zach Allen,crd
DE,0,0%,602,53.13%,66,14.35%,GuntRo00,Rodney Gunter,crd
DE,0,0%,122,10.77%,8,1.74%,McDoCl99,Clinton McDonald,crd
DE,0,0%,309,27.27%,40,8.70%,BullJo00,Jonathan Bullard,crd
DE,0,0%,328,28.95%,52,11.30%,KerrZa00,Zach Kerr,crd
DE,0,0%,82,7.24%,12,2.61%,DogbMi00,Michael Dogbe,crd
DT,0,0%,136,12.00%,17,3.70%,ReidCa00,Caraun Reid,crd
NT,0,0%,805,71.05%,162,35.22%,PeteCo00,Corey Peters,crd
NT,0,0%,123,10.86%,4,.87%,BrowMi01,Miles Brown,crd
LB,0,0%,1133,100.00%,98,21.30%,HickJo00,Jordan Hicks,crd
LB,0,0%,1069,94.35%,7,1.52%,JoneCh03,Chandler Jones,crd
LB,0,0%,537,47.40%,332,72.17%,WalkJo01,Joe Walker,crd
LB,0,0%,638,56.31%,0,0%,SuggTe99,Terrell Suggs,crd
LB,0,0%,688,60.72%,27,5.87%,ReddHa00,Haason Reddick,crd
LB,0,0%,0,0%,340,73.91%,GardDe01,Dennis Gardeck,crd
LB,0,0%,4,.35%,293,63.70%,TurnZe00,Zeke Turner,crd
LB,0,0%,37,3.27%,48,10.43%,FittKy00,Kylie Fitts,crd
LB,0,0%,428,37.78%,195,42.39%,MarsCa00,Cassius Marsh,crd
LB,0,0%,29,2.56%,23,5.00%,VallTa00,Tanner Vallejo,crd
LB,0,0%,78,6.88%,121,26.30%,ReedBr00,Brooks Reed,crd
LB,0,0%,0,0%,14,3.04%,BierKe00,Keishawn Bierria,crd
LB,0,0%,7,.62%,7,1.52%,RobePe01,Pete Robertson,crd
LB,0,0%,0,0%,5,1.09%,WilsRa00,Ramik Wilson,crd
CB,0,0%,1105,97.53%,24,5.22%,MurpBy00,Byron Murphy,crd
CB,0,0%,696,61.43%,61,13.26%,PetePa00,Patrick Peterson,crd
CB,0,0%,273,24.10%,148,32.17%,JoneCh06,Chris Jones,crd
CB,0,0%,533,47.04%,15,3.26%,BrocTr00,Tramaine Brock,crd
CB,0,0%,0,0%,21,4.57%,DaviJa06,Jalen Davis,crd
CB,0,0%,0,0%,16,3.48%,WillTr05,Trevor Williams,crd
CB,0,0%,254,22.42%,141,30.65%,PeteKe01,Kevin Peterson,crd
SS,0,0%,282,24.89%,0,0%,SweaDJ00,D.J. Swearinger,crd
SS,0,0%,252,22.24%,144,31.30%,ThomDe06,Deionte Thompson,crd
FS,0,0%,1120,98.85%,67,14.57%,BakeBu00,Budda Baker,crd
FS,0,0%,0,0%,212,46.09%,WashCh01,Charles Washington,crd
FS,0,0%,42,3.71%,290,63.04%,BanjCh00,Chris Banjo,crd
FS,0,0%,607,53.57%,47,10.22%,ThomJa04,Jalen Thompson,crd
LS,0,0%,0,0%,148,32.17%,BrewAa00,Aaron Brewer,crd
K,0,0%,0,0%,158,34.35%,GonzZa00,Zane Gonzalez,crd
P,0,0%,0,0%,136,29.57%,LeexAn20,Andy Lee,crd
P,0,0%,0,0%,10,2.17%,WinsRy00,Ryan Winslow,crd
QB,1065,91.18%,0,0%,0,0%,RyanMa00,Matt Ryan,atl
QB,99,8.48%,0,0%,9,2.05%,SchaMa00,Matt Schaub,atl
RB,149,12.76%,0,0%,7,1.59%,SmitIt00,Ito Smith,atl
RB,658,56.34%,0,0%,0,0%,FreeDe00,Devonta Freeman,atl
RB,235,20.12%,0,0%,135,30.68%,HillBr02,Brian Hill,atl
RB,65,5.57%,0,0%,134,30.45%,BarnKe00,Kenjon Barner,atl
RB,56,4.79%,0,0%,98,22.27%,OlliQa00,Qadree Ollison,atl
FB,196,16.78%,0,0%,258,58.64%,SmitKe03,Keith Smith,atl
WR,379,32.45%,0,0%,6,1.36%,SanuMo00,Mohamed Sanu,atl
WR,712,60.96%,0,0%,0,0%,RidlCa00,Calvin Ridley,atl
WR,812,69.52%,0,0%,0,0%,JoneJu02,Julio Jones,atl
WR,197,16.87%,0,0%,93,21.14%,HardJu00,Justin Hardy,atl
WR,516,44.18%,2,.19%,167,37.95%,GageRu00,Russell Gage,atl
WR,337,28.85%,0,0%,76,17.27%,BlakCh00,Christian Blake,atl
WR,87,7.45%,0,0%,151,34.32%,ZaccOl01,Olamide Zaccheaus,atl
TE,724,61.99%,0,0%,0,0%,HoopAu00,Austin Hooper,atl
TE,26,2.23%,0,0%,8,1.82%,MeieCa00,Carson Meier,atl
TE,436,37.33%,0,0%,190,43.18%,StocLu00,Luke Stocker,atl
TE,208,17.81%,0,0%,309,70.23%,GrahJa01,Jaeden Graham,atl
T,1163,99.57%,0,0%,71,16.14%,MattJa00,Jake Matthews,atl
T,1105,94.61%,0,0%,68,15.45%,McGaKa00,Kaleb McGary,atl
T,96,8.22%,0,0%,32,7.27%,SambTy00,Ty Sambrailo,atl
T,18,1.54%,0,0%,11,2.50%,WetzJo00,John Wetzel,atl
T,40,3.42%,0,0%,20,4.55%,GonoMa00,Matt Gono,atl
G,675,57.79%,0,0%,41,9.32%,CarpJa00,James Carpenter,atl
G,587,50.26%,0,0%,40,9.09%,BrowJa04,Jamon Brown,atl
G,309,26.46%,0,0%,22,5.00%,LindCh00,Chris Lindstrom,atl
G,1,.09%,0,0%,0,0%,HarlSe00,Sean Harlow,atl
C,1156,98.97%,0,0%,4,.91%,MackAl20,Alex Mack,atl
C,697,59.67%,0,0%,49,11.14%,SchwWe00,Wes Schweitzer,atl
DE,0,0%,514,49.33%,72,16.36%,BailAl00,Allen Bailey,atl
DE,0,0%,546,52.40%,2,.45%,McKiTa00,Takkarist McKinley,atl
DE,0,0%,439,42.13%,0,0%,ClayAd00,Adrian Clayborn,atl
DE,0,0%,10,.96%,26,5.91%,LarkAu00,Austin Larkin,atl
DE,0,0%,100,9.60%,30,6.82%,ComiJo00,John Cominsky,atl
DT,0,0%,806,77.35%,56,12.73%,JarrGr00,Grady Jarrett,atl
DT,0,0%,563,54.03%,148,33.64%,DaviTy01,Tyeler Davison,atl
DT,0,0%,433,41.55%,88,20.00%,CrawJa00,Jack Crawford,atl
DT,0,0%,186,17.85%,50,11.36%,TuioJa00,Jacob Tuioti-Mariner,atl
DT,0,0%,21,2.02%,3,.68%,SenaDe00,Deadrin Senat,atl
LB,0,0%,924,88.68%,72,16.36%,CampDe00,De'Vondre Campbell,atl
"DE,LB",0,0%,757,72.65%,1,.23%,BeasVi00,Vic Beasley,atl
LB,0,0%,949,91.07%,78,17.73%,JoneDe01,Deion Jones,atl
LB,0,0%,311,29.85%,297,67.50%,OluoFo00,Foyesade Oluokun,atl
LB,0,0%,1,.10%,79,17.95%,RileDu00,Duke Riley,atl
LB,0,0%,6,.58%,221,50.23%,GracJe00,Jermaine Grace,atl
LB,0,0%,0,0%,15,3.41%,ThomAh00,Ahmad Thomas,atl
CB,0,0%,521,50.00%,0,0%,TrufDe00,Desmond Trufant,atl
CB,0,0%,927,88.96%,64,14.55%,OlivIs00,Isaiah Oliver,atl
CB,0,0%,700,67.18%,140,31.82%,ShefKe00,Kendall Sheffield,atl
CB,0,0%,24,2.30%,93,21.14%,MillJo05,Jordan Miller,atl
CB,0,0%,0,0%,11,2.50%,WhitD.00,D.J. White,atl
CB,0,0%,335,32.15%,106,24.09%,WrehBl00,Blidi Wreh-Wilson,atl
CB,0,0%,20,1.92%,29,6.59%,TaylJa01,Jamar Taylor,atl
SS,0,0%,950,91.17%,5,1.14%,AlleRi00,Ricardo Allen,atl
SS,0,0%,283,27.16%,220,50.00%,IshmKe00,Kemal Ishmael,atl
SS,0,0%,24,2.30%,3,.68%,CyprJo00,Johnathan Cyprien,atl
SS,0,0%,105,10.08%,182,41.36%,CartJa02,Jamal Carter,atl
SS,0,0%,12,1.15%,325,73.86%,NeasSh00,Sharrod Neasman,atl
SS,0,0%,803,77.06%,107,24.32%,KazeDa00,Damontae Kazee,atl
FS,0,0%,166,15.93%,0,0%,NealKe01,Keanu Neal,atl
LS,0,0%,0,0%,129,29.32%,HarrJo02,Josh Harris,atl
K,0,0%,0,0%,94,21.36%,KooxYo00,Younghoe Koo,atl
K,0,0%,0,0%,34,7.73%,bryanmat01,Matt Bryant,atl
P,0,0%,0,0%,25,5.68%,WileMa01,Matt Wile,atl
P,0,0%,0,0%,28,6.36%,RedfKa00,Kasey Redfern,atl
P,0,0%,0,0%,74,16.82%,AlleRy01,Ryan Allen,atl
P,0,0%,0,0%,25,5.68%,BoshMa00,Matthew Bosher,atl
QB,969,87.69%,0,0%,0,0%,JackLa00,Lamar Jackson,rav
QB,139,12.58%,0,0%,0,0%,GrifRo01,Robert Griffin III,rav
QB,1,.09%,0,0%,0,0%,McSoTr00,Trace McSorley,rav
RB,396,35.84%,0,0%,86,19.86%,EdwaGu00,Gus Edwards,rav
RB,187,16.92%,0,0%,95,21.94%,HillJu00,Justice Hill,rav
RB,503,45.52%,0,0%,0,0%,IngrMa01,Mark Ingram,rav
FB,342,30.95%,140,14.29%,102,23.56%,RicaPa00,Patrick Ricard,rav
WR,550,49.77%,0,0%,0,0%,RobeSe00,Seth Roberts,rav
WR,158,14.30%,0,0%,233,53.81%,MoorCh00,Chris Moore,rav
WR,677,61.27%,0,0%,5,1.15%,SneaWi00,Willie Snead,rav
WR,425,38.46%,0,0%,140,32.33%,BoykMi00,Miles Boykin,rav
WR,562,50.86%,0,0%,0,0%,BrowMa04,Marquise Brown,rav
WR,3,.27%,0,0%,123,28.41%,ThomDe05,De'Anthony Thomas,rav
WR,17,1.54%,0,0%,2,.46%,ScotJa02,Jaleel Scott,rav
TE,768,69.50%,0,0%,193,44.57%,BoylNi00,Nick Boyle,rav
TE,457,41.36%,0,0%,45,10.39%,HursHa00,Hayden Hurst,rav
TE,456,41.27%,0,0%,78,18.01%,AndrMa00,Mark Andrews,rav
T,1105,100.00%,0,0%,91,21.02%,BrowOr00,Orlando Brown Jr.,rav
T,938,84.89%,0,0%,65,15.01%,StanRo00,Ronnie Stanley,rav
G,969,87.69%,0,0%,0,0%,YandMa20,Marshal Yanda,rav
G,30,2.71%,0,0%,0,0%,PoweBe00,Ben Powers,rav
G,432,39.10%,0,0%,51,11.78%,MekaPa00,Patrick Mekari,rav
G,193,17.47%,0,0%,91,21.02%,HursJa00,James Hurst,rav
G,54,4.89%,0,0%,11,2.54%,EhinPa00,Parker Ehinger,rav
C,716,64.80%,0,0%,55,12.70%,SkurMa01,Matt Skura,rav
C,1105,100.00%,0,0%,91,21.02%,BozeBr00,Bradley Bozeman,rav
C,1,.09%,0,0%,0,0%,GrasHr00,Hroniss Grasu,rav
DE,0,0%,447,45.61%,157,36.26%,WormCh00,Chris Wormley,rav
DT,0,0%,527,53.78%,57,13.16%,WillBr02,Brandon Williams,rav
DT,0,0%,372,37.96%,13,3.00%,WardJi02,Jihad Ward,rav
DT,0,0%,60,6.12%,0,0%,ElliJu01,Justin Ellis,rav
DT,0,0%,9,.92%,1,.23%,MackDa00,Daylon Mack,rav
DT,0,0%,39,3.98%,2,.46%,SielZa00,Zach Sieler,rav
NT,0,0%,483,49.29%,13,3.00%,PierMi00,Michael Pierce,rav
NT,0,0%,140,14.29%,12,2.77%,PekoDo20,Domata Peko,rav
LB,0,0%,473,48.27%,50,11.55%,OnwuPa00,Patrick Onwuasor,rav
LB,0,0%,792,80.82%,85,19.63%,JudoMa00,Matt Judon,rav
LB,0,0%,392,40.00%,35,8.08%,ByneJo00,Josh Bynes,rav
LB,0,0%,390,39.80%,233,53.81%,BowsTy00,Tyus Bowser,rav
LB,0,0%,64,6.53%,293,67.67%,BoarCh00,Chris Board,rav
LB,0,0%,99,10.10%,53,12.24%,YounKe03,Kenny Young,rav
LB,0,0%,75,7.65%,2,.46%,WillTi00,Tim Williams,rav
LB,0,0%,260,26.53%,0,0%,McPhPe00,Pernell McPhee,rav
LB,0,0%,254,25.92%,249,57.51%,FortL.00,L.J. Fort,rav
LB,0,0%,498,50.82%,48,11.09%,FergJa02,Jaylon Ferguson,rav
CB,0,0%,576,58.78%,3,.69%,PeteMa00,Marcus Peters,rav
CB,0,0%,220,22.45%,65,15.01%,AverAn00,Anthony Averett,rav
CB,0,0%,961,98.06%,39,9.01%,HumpMa00,Marlon Humphrey,rav
CB,0,0%,748,76.33%,5,1.15%,CarrBr99,Brandon Carr,rav
CB,0,0%,14,1.43%,160,36.95%,BethJu00,Justin Bethel,rav
CB,0,0%,158,16.12%,45,10.39%,CanaMa00,Maurice Canady,rav
CB,0,0%,4,.41%,43,9.93%,MarsIm00,Iman Marshall,rav
CB,0,0%,11,1.12%,86,19.86%,JoneCy00,Cyrus Jones,rav
CB,0,0%,404,41.22%,0,0%,SmitJi03,Jimmy Smith,rav
SS,0,0%,281,28.67%,23,5.31%,JeffTo00,Tony Jefferson,rav
SS,0,0%,167,17.04%,308,71.13%,LeviAn00,Anthony Levine,rav
SS,0,0%,1,.10%,175,40.42%,RichJo00,Jordan Richards,rav
FS,0,0%,893,91.12%,0,0%,ThomEa99,Earl Thomas,rav
FS,0,0%,747,76.22%,229,52.89%,ClarCh00,Chuck Clark,rav
FS,0,0%,11,1.12%,127,29.33%,TrawBr00,Brynden Trawick,rav
FS,0,0%,40,4.08%,113,26.10%,ElliDe02,DeShon Elliott,rav
FS,0,0%,27,2.76%,55,12.70%,JackBe00,Bennett Jackson,rav
LS,0,0%,0,0%,135,31.18%,CoxxMo00,Morgan Cox,rav
K,0,0%,0,0%,197,45.50%,TuckJu00,Justin Tucker,rav
P,0,0%,0,0%,135,31.18%,KochSa20,Sam Koch,rav
QB,988,92.42%,0,0%,0,0%,AlleJo02,Josh Allen,buf
QB,78,7.30%,0,0%,0,0%,BarkMa00,Matt Barkley,buf
RB,530,49.58%,0,0%,0,0%,SingDe00,Devin Singletary,buf
RB,370,34.61%,0,0%,0,0%,GoreFr00,Frank Gore,buf
RB,9,.84%,0,0%,194,46.86%,PerrSe00,Senorise Perry,buf
RB,150,14.03%,0,0%,39,9.42%,YeldT.00,T.J. Yeldon,buf
FB,166,15.53%,0,0%,156,37.68%,DiMaPa00,Patrick DiMarco,buf
WR,175,16.37%,0,0%,18,4.35%,WillDu01,Duke Williams,buf
WR,913,85.41%,0,0%,0,0%,BrowJo02,John Brown,buf
WR,729,68.19%,0,0%,3,.72%,BeasCo00,Cole Beasley,buf
WR,169,15.81%,0,0%,14,3.38%,JoneZa00,Zay Jones,buf
WR,214,20.02%,0,0%,157,37.92%,FostRo01,Robert Foster,buf
WR,109,10.20%,0,0%,121,29.23%,RobeAn00,Andre Roberts,buf
WR,451,42.19%,3,.29%,22,5.31%,McKeIs00,Isaiah McKenzie,buf
TE,646,60.43%,0,0%,76,18.36%,KnoxDa00,Dawson Knox,buf
TE,319,29.84%,0,0%,71,17.15%,SmitLe00,Lee Smith,buf
TE,244,22.83%,0,0%,71,17.15%,KrofTy00,Tyler Kroft,buf
TE,129,12.07%,0,0%,5,1.21%,SweeTo00,Tommy Sweeney,buf
T,1016,95.04%,0,0%,60,14.49%,DawkDi00,Dion Dawkins,buf
T,739,69.13%,0,0%,59,14.25%,FordCo00,Cody Ford,buf
T,359,33.58%,0,0%,36,8.70%,NsekTy00,Ty Nsekhe,buf
T,78,7.30%,0,0%,27,6.52%,BateRy02,Ryan Bates,buf
G,947,88.59%,0,0%,56,13.53%,FeliJo00,Jon Feliciano,buf
G,1063,99.44%,0,0%,61,14.73%,SpaiQu00,Quinton Spain,buf
G,54,5.05%,0,0%,4,.97%,BoetIk00,Ike Boettger,buf
C,908,84.94%,0,0%,0,0%,MorsMi00,Mitch Morse,buf
C,174,16.28%,0,0%,54,13.04%,LongSp00,Spencer Long,buf
DE,0,0%,674,65.06%,64,15.46%,MurpTr00,Trent Murphy,buf
DE,0,0%,662,63.90%,8,1.93%,HughJe99,Jerry Hughes,buf
DE,0,0%,225,21.72%,277,66.91%,JohnDa10,Darryl Johnson,buf
DE,0,0%,483,46.62%,29,7.00%,LawsSh00,Shaq Lawson,buf
DT,0,0%,556,53.67%,16,3.86%,OlivEd00,Ed Oliver,buf
DT,0,0%,482,46.53%,46,11.11%,LotuSt00,Star Lotulelei,buf
DT,0,0%,543,52.41%,47,11.35%,PhilJo01,Jordan Phillips,buf
DT,0,0%,77,7.43%,7,1.69%,PhilHa00,Harrison Phillips,buf
DT,0,0%,134,12.93%,10,2.42%,LiugCo00,Corey Liuget,buf
DT,0,0%,78,7.53%,4,.97%,PekoKy00,Kyle Peko,buf
DT,0,0%,48,4.63%,8,1.93%,TaylVi00,Vincent Taylor,buf
LB,0,0%,894,86.29%,112,27.05%,MilaMa00,Matt Milano,buf
LB,0,0%,981,94.69%,61,14.73%,EdmuTr01,Tremaine Edmunds,buf
LB,0,0%,495,47.78%,235,56.76%,AlexLo99,Lorenzo Alexander,buf
LB,0,0%,57,5.50%,188,45.41%,ThomCo02,Corey Thompson,buf
LB,0,0%,52,5.02%,130,31.40%,AlexMa00,Maurice Alexander,buf
LB,0,0%,57,5.50%,297,71.74%,StanJu00,Julian Stanford,buf
CB,0,0%,951,91.80%,77,18.60%,WhitTr01,Tre'Davious White,buf
CB,0,0%,784,75.68%,29,7.00%,WallLe00,Levi Wallace,buf
CB,0,0%,494,47.68%,67,16.18%,JohnTa01,Taron Johnson,buf
CB,0,0%,336,32.43%,232,56.04%,JohnKe04,Kevin Johnson,buf
SS,7,.65%,977,94.31%,132,31.88%,PoyeJo00,Jordan Poyer,buf
SS,0,0%,174,16.80%,242,58.45%,NealSi00,Siran Neal,buf
SS,0,0%,108,10.42%,90,21.74%,MarlDe00,Dean Marlowe,buf
SS,0,0%,53,5.12%,181,43.72%,JohnJa11,Jaquan Johnson,buf
FS,0,0%,969,93.53%,62,14.98%,HydeMi00,Micah Hyde,buf
FS,0,0%,70,6.76%,210,50.72%,ColeKu99,Kurt Coleman,buf
LS,1,.09%,0,0%,143,34.54%,FergRe00,Reid Ferguson,buf
K,1,.09%,0,0%,134,32.37%,HausSt00,Stephen Hauschka,buf
P,1,.09%,0,0%,144,34.78%,BojoCo00,Corey Bojorquez,buf
QB,87,7.82%,0,0%,0,0%,GrieWi00,Will Grier,car
QB,141,12.67%,0,0%,0,0%,NewtCa00,Cam Newton,car
QB,885,79.51%,0,0%,0,0%,AlleKy00,Kyle Allen,car
RB,1039,93.35%,0,0%,0,0%,McCaCh01,Christian McCaffrey,car
RB,8,.72%,0,0%,83,17.44%,DaviMi01,Mike Davis,car
RB,68,6.11%,0,0%,245,51.47%,BonnRe00,Reggie Bonnafon,car
RB,8,.72%,0,0%,113,23.74%,ScarJo00,Jordan Scarlett,car
FB,134,12.04%,0,0%,273,57.35%,ArmaAl00,Alex Armah,car
WR,955,85.80%,0,0%,3,.63%,SamuCu00,Curtis Samuel,car
WR,910,81.76%,0,0%,17,3.57%,MoorD.00,D.J. Moore,car
WR,693,62.26%,0,0%,2,.42%,WrigJa02,Jarius Wright,car
WR,59,5.30%,0,0%,170,35.71%,WhitDe01,DeAndrew White,car
WR,1,.09%,0,0%,117,24.58%,McClRa00,Ray-Ray McCloud,car
WR,154,13.84%,0,0%,65,13.66%,HogaCh00,Chris Hogan,car
WR,68,6.11%,0,0%,88,18.49%,ZylsBr00,Brandon Zylstra,car
WR,0,0%,0,0%,17,3.57%,DortGr01,Greg Dortch,car
WR,25,2.25%,0,0%,0,0%,MoncDo00,Donte Moncrief,car
TE,790,70.98%,0,0%,2,.42%,OlseGr00,Greg Olsen,car
TE,341,30.64%,0,0%,100,21.01%,ManhCh00,Chris Manhertz,car
TE,302,27.13%,0,0%,39,8.19%,ThomIa00,Ian Thomas,car
T,839,75.38%,0,0%,66,13.87%,WillDa06,Daryl Williams,car
T,1107,99.46%,0,0%,66,13.87%,MotoTa00,Taylor Moton,car
T,224,20.13%,0,0%,10,2.10%,LittGr01,Greg Little,car
T,0,0%,0,0%,7,1.47%,McGhGa01,Garrett McGhin,car
G,705,63.34%,0,0%,47,9.87%,VanRGr00,Greg Van Roten,car
G,888,79.78%,0,0%,9,1.89%,TurnTr01,Trai Turner,car
G,7,.63%,0,0%,15,3.15%,WitzBr00,Bryan Witzmann,car
G,686,61.64%,0,0%,38,7.98%,DaleDe00,Dennis Daley,car
G,5,.45%,0,0%,8,1.68%,ReedCh00,Chris Reed,car
C,1094,98.29%,0,0%,44,9.24%,ParaMa00,Matt Paradis,car
C,29,2.61%,0,0%,66,13.87%,LarsTy00,Tyler Larsen,car
C,0,0%,0,0%,3,.63%,LundBr00,Brad Lundblade,car
DE,0,0%,76,6.88%,15,3.15%,ShorKa00,Kawann Short,car
DE,2,.18%,306,27.72%,134,28.15%,ObadEf00,Efe Obada,car
DE,0,0%,439,39.76%,79,16.60%,ButlVe00,Vernon Butler,car
DE,0,0%,93,8.42%,9,1.89%,McGeSt01,Stacy McGee,car
DE,0,0%,117,10.60%,3,.63%,HortWe00,Wes Horton,car
DE,0,0%,11,1.00%,5,1.05%,CoxxBr01,Bryan Cox Jr.,car
DT,0,0%,695,62.95%,94,19.75%,McCoGe99,Gerald McCoy,car
NT,1,.09%,401,36.32%,64,13.45%,PoexDo00,Dontari Poe,car
NT,0,0%,412,37.32%,37,7.77%,LoveKy00,Kyle Love,car
LB,0,0%,1063,96.29%,101,21.22%,KuecLu00,Luke Kuechly,car
LB,0,0%,961,87.05%,98,20.59%,ThomSh01,Shaq Thompson,car
LB,0,0%,209,18.93%,192,40.34%,HaynMa01,Marquis Haynes,car
LB,0,0%,477,43.21%,132,27.73%,BurnBr00,Brian Burns,car
LB,0,0%,729,66.03%,8,1.68%,AddiMa00,Mario Addison,car
LB,1,.09%,261,23.64%,285,59.87%,CartJe00,Jermaine Carter Jr.,car
LB,0,0%,608,55.07%,48,10.08%,IrviBr00,Bruce Irvin,car
LB,1,.09%,25,2.26%,314,65.97%,SmitAn04,Andre Smith,car
LB,1,.09%,7,.63%,166,34.87%,KunaJo00,Jordan Kunaszyk,car
LB,0,0%,91,8.24%,15,3.15%,MillCh04,Christian Miller,car
CB,0,0%,726,65.76%,78,16.39%,JackDo02,Donte Jackson,car
CB,0,0%,1019,92.30%,97,20.38%,BradJa00,James Bradberry,car
CB,0,0%,439,39.76%,165,34.66%,ElliJa01,Javien Elliott,car
CB,0,0%,732,66.30%,105,22.06%,CockRo00,Ross Cockrell,car
CB,0,0%,2,.18%,90,18.91%,JameNa00,Natrell Jamerson,car
CB,0,0%,0,0%,8,1.68%,EldeCo00,Corn Elder,car
SS,0,0%,1093,99.00%,97,20.38%,ReidEr00,Eric Reid,car
SS,1,.09%,18,1.63%,172,36.13%,GaulRa00,Rashaan Gaulden,car
SS,0,0%,0,0%,15,3.15%,GreeT.00,T.J. Green,car
FS,0,0%,1104,100.00%,0,0%,BostTr00,Tre Boston,car
FS,1,.09%,13,1.18%,417,87.61%,JoneCo01,Colin Jones,car
FS,0,0%,15,1.36%,117,24.58%,LukeCo00,Cole Luke,car
LS,1,.09%,0,0%,146,30.67%,JansJ.00,J.J. Jansen,car
K,2,.18%,0,0%,136,28.57%,SlyeJo00,Joey Slye,car
P,2,.18%,0,0%,152,31.93%,PalaMi00,Michael Palardy,car
QB,942,88.12%,0,0%,0,0%,TrubMi00,Mitchell Trubisky,chi
QB,127,11.88%,0,0%,0,0%,DaniCh00,Chase Daniel,chi
RB,533,49.86%,0,0%,83,19.95%,CoheTa00,Tarik Cohen,chi
RB,71,6.64%,0,0%,46,11.06%,DaviMi01,Mike Davis,chi
RB,614,57.44%,0,0%,2,.48%,MontDa01,David Montgomery,chi
RB,8,.75%,0,0%,136,32.69%,NallRy00,Ryan Nall,chi
WR,1003,93.83%,0,0%,3,.72%,RobiAl02,Allen Robinson,chi
WR,445,41.63%,0,0%,0,0%,GabrTa00,Taylor Gabriel,chi
WR,202,18.90%,0,0%,203,48.80%,PattCo00,Cordarrelle Patterson,chi
WR,487,45.56%,0,0%,40,9.62%,WimsJa00,Javon Wims,chi
WR,686,64.17%,0,0%,74,17.79%,MillAn02,Anthony Miller,chi
WR,115,10.76%,0,0%,29,6.97%,HorsJe00,Jesper Horsted,chi
WR,108,10.10%,0,0%,6,1.44%,RidlRi00,Riley Ridley,chi
TE,174,16.28%,0,0%,37,8.89%,ShahAd00,Adam Shaheen,chi
TE,142,13.28%,0,0%,183,43.99%,BrauBe00,Ben Braunecker,chi
TE,47,4.40%,0,0%,22,5.29%,SaubEr00,Eric Saubert,chi
TE,283,26.47%,0,0%,22,5.29%,BurtTr01,Trey Burton,chi
TE,334,31.24%,0,0%,147,35.34%,HoltJ.01,J.P. Holtz,chi
TE,26,2.43%,0,0%,15,3.61%,SoweBr00,Bradley Sowell,chi
T,1066,99.72%,0,0%,57,13.70%,LenoCh00,Charles Leno Jr.,chi
T,612,57.25%,0,0%,32,7.69%,MassBo00,Bobby Massie,chi
T,660,61.74%,0,0%,46,11.06%,CowaRa00,Rashaad Coward,chi
T,11,1.03%,0,0%,18,4.33%,BarsAl01,Alex Bars,chi
T,507,47.43%,0,0%,61,14.66%,LucaCo01,Cornelius Lucas,chi
G,1069,100.00%,0,0%,57,13.70%,WhitCo03,Cody Whitehair,chi
G,250,23.39%,0,0%,14,3.37%,LongKy00,Kyle Long,chi
G,168,15.72%,0,0%,42,10.10%,LarsTe20,Ted Larsen,chi
C,1069,100.00%,0,0%,54,12.98%,DaniJa01,James Daniels,chi
DE,0,0%,183,17.05%,42,10.10%,UrbaBr00,Brent Urban,chi
DE,0,0%,106,9.88%,16,3.85%,AndeAb00,Abdullah Anderson,chi
DE,0,0%,30,2.80%,5,1.20%,HarrJo05,Jonathan Harris,chi
DT,0,0%,192,17.89%,1,.24%,HickAk00,Akiem Hicks,chi
DT,0,0%,445,41.47%,40,9.62%,NichBi00,Bilal Nichols,chi
DT,0,0%,543,50.61%,129,31.01%,RobeRo00,Roy Robertson-Harris,chi
DT,0,0%,531,49.49%,81,19.47%,WillNi01,Nick Williams,chi
NT,0,0%,468,43.62%,28,6.73%,GoldEd00,Eddie Goldman,chi
LB,0,0%,559,52.10%,12,2.88%,TrevDa00,Danny Trevathan,chi
LB,0,0%,719,67.01%,23,5.53%,SmitRo07,Roquan Smith,chi
LB,0,0%,925,86.21%,22,5.29%,MackKh00,Khalil Mack,chi
LB,0,0%,899,83.78%,20,4.81%,FloyLe00,Leonard Floyd,chi
LB,0,0%,512,47.72%,256,61.54%,KwiaNi00,Nick Kwiatkoski,chi
LB,0,0%,213,19.85%,276,66.35%,PierKe00,Kevin Pierre-Louis,chi
LB,0,0%,128,11.93%,154,37.02%,IrviIs00,Isaiah Irving,chi
LB,0,0%,3,.28%,300,72.12%,IyieJo00,Joel Iyiegbuniwe,chi
LB,0,0%,0,0%,147,35.34%,WoodJo02,Josh Woods,chi
LB,0,0%,26,2.42%,24,5.77%,VaugJa01,James Vaughters,chi
LB,0,0%,0,0%,35,8.41%,BondDe00,Devante Bond,chi
LB,0,0%,244,22.74%,13,3.13%,LyncAa00,Aaron Lynch,chi
CB,0,0%,1070,99.72%,80,19.23%,FullKy00,Kyle Fuller,chi
CB,0,0%,891,83.04%,19,4.57%,AmukPr00,Prince Amukamara,chi
CB,0,0%,727,67.75%,119,28.61%,SkriBu00,Buster Skrine,chi
CB,0,0%,8,.75%,53,12.74%,ShelDu00,Duke Shelley,chi
CB,0,0%,175,16.31%,78,18.75%,ToliKe00,Kevin Toliver,chi
SS,0,0%,1067,99.44%,8,1.92%,ClinHa00,Ha Ha Clinton-Dix,chi
SS,0,0%,58,5.41%,262,62.98%,BushDe00,Deon Bush,chi
FS,0,0%,1061,98.88%,24,5.77%,JackEd01,Eddie Jackson,chi
FS,0,0%,26,2.42%,177,42.55%,McMaSh99,Sherrick McManis,chi
FS,0,0%,3,.28%,341,81.97%,HousDe00,DeAndre Houston-Carson,chi
LS,0,0%,0,0%,140,33.65%,ScalPa00,Patrick Scales,chi
K,0,0%,0,0%,109,26.20%,PineEd00,Eddy Piñeiro,chi
P,0,0%,0,0%,155,37.26%,ODonPa00,Pat O'Donnell,chi
QB,908,82.47%,0,0%,0,0%,DaltAn00,Andy Dalton,cin
QB,190,17.26%,0,0%,0,0%,FinlRy00,Ryan Finley,cin
RB,443,40.24%,0,0%,10,2.26%,BernGi00,Giovani Bernard,cin
RB,653,59.31%,0,0%,0,0%,MixoJo00,Joe Mixon,cin
RB,5,.45%,0,0%,104,23.48%,PeriSa00,Samaje Perine,cin
RB,7,.64%,0,0%,124,27.99%,WillTr06,Trayveon Williams,cin
WR,200,18.17%,0,0%,39,8.80%,WillDa11,Damion Willis,cin
WR,403,36.60%,0,0%,0,0%,RossJo00,John Ross,cin
WR,978,88.83%,0,0%,4,.90%,BoydTy00,Tyler Boyd,cin
WR,647,58.76%,0,0%,27,6.09%,TateAu00,Auden Tate,cin
WR,8,.73%,0,0%,13,2.93%,CoopPh00,Pharoh Cooper,cin
WR,615,55.86%,0,0%,75,16.93%,EricAl01,Alex Erickson,cin
WR,143,12.99%,0,0%,177,39.95%,MorgSt02,Stanley Morgan Jr.,cin
WR,9,.82%,0,0%,0,0%,IrwiTr00,Trenton Irwin,cin
TE,644,58.49%,0,0%,158,35.67%,UzomC.00,C.J. Uzomah,cin
TE,491,44.60%,0,0%,2,.45%,EifeTy00,Tyler Eifert,cin
TE,4,.36%,0,0%,19,4.29%,SchrMa00,Mason Schreck,cin
TE,96,8.72%,0,0%,304,68.62%,CartCe00,Cethan Carter,cin
TE,108,9.81%,0,0%,92,20.77%,SampDr00,Drew Sample,cin
T,254,23.07%,0,0%,8,1.81%,SmitAn23,Andre Smith,cin
T,1086,98.64%,0,0%,43,9.71%,HartBo00,Bobby Hart,cin
T,291,26.43%,0,0%,23,5.19%,GlenCo00,Cordy Glenn,cin
G,779,70.75%,0,0%,23,5.19%,MillJo04,John Miller,cin
G,648,58.86%,0,0%,32,7.22%,JordMi01,Michael Jordan,cin
G,189,17.17%,0,0%,3,.68%,RedmAl01,Alex Redmond,cin
G,445,40.42%,0,0%,30,6.77%,JerrJo20,John Jerry,cin
G,0,0%,0,0%,3,.68%,SuthKe00,Keaton Sutherland,cin
G,146,13.26%,0,0%,21,4.74%,JohnFr01,Fred Johnson,cin
C,1097,99.64%,0,0%,57,12.87%,HopkTr01,Trey Hopkins,cin
C,588,53.41%,0,0%,57,12.87%,PricBi01,Billy Price,cin
DE,0,0%,740,69.09%,71,16.03%,DunlCa99,Carlos Dunlap,cin
DE,0,0%,853,79.65%,89,20.09%,HubbSa00,Sam Hubbard,cin
DE,0,0%,242,22.60%,83,18.74%,BrowAn05,Andrew Brown,cin
DE,0,0%,11,1.03%,28,6.32%,WynnKe00,Kerry Wynn,cin
DE,0,0%,457,42.67%,10,2.26%,LawsCa00,Carl Lawson,cin
DE,0,0%,2,.19%,4,.90%,AkinFr01,Freedom Akinmoladun,cin
DT,0,0%,816,76.19%,4,.90%,AtkiGe99,Geno Atkins,cin
DT,0,0%,74,6.91%,16,3.61%,ZettAn00,Anthony Zettel,cin
DT,0,0%,119,11.11%,42,9.48%,GlasRy00,Ryan Glasgow,cin
NT,0,0%,657,61.34%,84,18.96%,BillAn00,Andrew Billings,cin
NT,0,0%,467,43.60%,116,26.19%,TupoJo00,Josh Tupou,cin
NT,0,0%,155,14.47%,46,10.38%,WrenRe00,Renell Wren,cin
LB,0,0%,986,92.06%,95,21.44%,VigiNi00,Nick Vigil,cin
LB,0,0%,412,38.47%,95,21.44%,BrowPr00,Preston Brown,cin
LB,0,0%,46,4.30%,170,38.37%,NickHa02,Hardy Nickerson,cin
LB,0,0%,436,40.71%,189,42.66%,PratGe00,Germaine Pratt,cin
LB,0,0%,76,7.10%,306,69.07%,EvanJo01,Jordan Evans,cin
LB,0,0%,43,4.01%,259,58.47%,ReynLa00,LaRoy Reynolds,cin
LB,0,0%,0,0%,5,1.13%,ShelBr01,Brady Sheldon,cin
CB,0,0%,494,46.13%,46,10.38%,DennDa00,Darqueze Dennard,cin
CB,3,.27%,834,77.87%,27,6.09%,WebbBW00,B.W. Webb,cin
CB,0,0%,335,31.28%,0,0%,KirkDr00,Dre Kirkpatrick,cin
CB,0,0%,831,77.59%,0,0%,JackWi02,William Jackson III,cin
CB,0,0%,198,18.49%,259,58.47%,McRaTo00,Tony McRae,cin
CB,0,0%,109,10.18%,108,24.38%,PhilDa02,Darius Phillips,cin
CB,0,0%,20,1.87%,70,15.80%,MabiGr00,Greg Mabin,cin
CB,0,0%,8,.75%,30,6.77%,McTyTo00,Torry McTyer,cin
SS,0,0%,1003,93.65%,144,32.51%,WillSh02,Shawn Williams,cin
SS,0,0%,112,10.46%,379,85.55%,FejeCl00,Clayton Fejedelem,cin
SS,0,0%,3,.28%,64,14.45%,HendTr01,Trayvon Henderson,cin
FS,0,0%,1059,98.88%,18,4.06%,BateJe00,Jessie Bates III,cin
FS,0,0%,183,17.09%,212,47.86%,WilsBr01,Brandon Wilson,cin
LS,0,0%,0,0%,135,30.47%,HarrCl20,Clark Harris,cin
K,0,0%,0,0%,128,28.89%,BullRa00,Randy Bullock,cin
P,0,0%,0,0%,135,30.47%,HubeKe20,Kevin Huber,cin
QB,1034,99.04%,0,0%,0,0%,MayfBa00,Baker Mayfield,cle
QB,8,.77%,0,0%,0,0%,GilbGa01,Garrett Gilbert,cle
RB,715,68.49%,0,0%,0,0%,ChubNi00,Nick Chubb,cle
RB,309,29.60%,0,0%,0,0%,HuntKa00,Kareem Hunt,cle
RB,129,12.36%,1,.09%,223,51.74%,HillDo00,Dontrell Hilliard,cle
RB,45,4.31%,1,.09%,238,55.22%,JohnDE04,D'Ernest Johnson,cle
WR,976,93.49%,0,0%,23,5.34%,LandJa00,Jarvis Landry,cle
WR,993,95.11%,0,0%,1,.23%,BeckOd00,Odell Beckham Jr.,cle
WR,258,24.71%,0,0%,79,18.33%,RatlDa00,Damion Ratley,cle
WR,172,16.48%,1,.09%,14,3.25%,HiggRa00,Rashard Higgins,cle
WR,129,12.36%,1,.09%,260,60.32%,HodgKh00,KhaDarel Hodge,cle
WR,151,14.46%,0,0%,0,0%,CallAn00,Antonio Callaway,cle
WR,29,2.78%,0,0%,23,5.34%,TaylTa00,Taywan Taylor,cle
TE,99,9.48%,0,0%,0,0%,NjokDa00,David Njoku,cle
TE,204,19.54%,0,0%,113,26.22%,CarlSt00,Stephen Carlson,cle
TE,174,16.67%,1,.09%,134,31.09%,BrowPh01,Pharaoh Brown,cle
TE,550,52.68%,1,.09%,116,26.91%,HarrDe03,Demetrius Harris,cle
TE,243,23.28%,0,0%,49,11.37%,SealRi00,Ricky Seals-Jones,cle
T,894,85.63%,0,0%,50,11.60%,HubbCh00,Chris Hubbard,cle
T,863,82.66%,0,0%,60,13.92%,RobiGr01,Greg Robinson,cle
T,0,0%,0,0%,9,2.09%,ForbDr00,Drew Forbes,cle
T,559,53.54%,0,0%,63,14.62%,TellWy00,Wyatt Teller,cle
T,82,7.85%,0,0%,12,2.78%,LammKe00,Kendall Lamm,cle
G,439,42.05%,0,0%,65,15.08%,KushEr00,Eric Kush,cle
G,1042,99.81%,0,0%,65,15.08%,BitoJo00,Joel Bitonio,cle
G,322,30.84%,0,0%,56,12.99%,McCrJu00,Justin McCray,cle
C,1042,99.81%,0,0%,49,11.37%,TretJC00,J.C. Tretter,cle
C,1,.10%,0,0%,10,2.32%,CorbAu00,Austin Corbett,cle
DE,0,0%,508,47.48%,46,10.67%,VernOl00,Olivier Vernon,cle
DE,0,0%,545,50.93%,44,10.21%,GarrMy00,Myles Garrett,cle
DE,0,0%,197,18.41%,15,3.48%,CoxxBr01,Bryan Cox Jr.,cle
DE,0,0%,25,2.34%,2,.46%,McCrRo00,Rob McCray,cle
DE,0,0%,465,43.46%,52,12.06%,ThomCh06,Chad Thomas,cle
DE,0,0%,144,13.46%,7,1.62%,SmitCh03,Chris Smith,cle
DT,0,0%,779,72.80%,65,15.08%,OgunLa00,Larry Ogunjobi,cle
DT,0,0%,774,72.34%,63,14.62%,RichSh00,Sheldon Richardson,cle
DT,0,0%,42,3.93%,4,.93%,BryaBr00,Brandin Bryant,cle
DT,0,0%,30,2.80%,3,.70%,ZimmJu00,Justin Zimmer,cle
DT,0,0%,223,20.84%,18,4.18%,LawrDe02,Devaroe Lawrence,cle
DT,0,0%,115,10.75%,12,2.78%,EkuaDa00,Daniel Ekuale,cle
DT,0,0%,178,16.64%,13,3.02%,AnkoEl00,Eli Ankou,cle
LB,0,0%,112,10.47%,8,1.86%,KirkCh00,Christian Kirksey,cle
LB,0,0%,1058,98.88%,88,20.42%,SchoJo00,Joe Schobert,cle
LB,0,0%,225,21.03%,57,13.23%,GustPo01,Porter Gustin,cle
LB,0,0%,943,88.13%,127,29.47%,WilsMa03,Mack Wilson,cle
LB,0,0%,60,5.61%,312,72.39%,GlanAd00,Adarius Taylor,cle
LB,0,0%,105,9.81%,245,56.84%,TakiSi00,Sione Takitaki,cle
LB,0,0%,1,.09%,116,26.91%,JeffMa00,Malik Jefferson,cle
LB,0,0%,0,0%,17,3.94%,HarvWi00,Willie Harvey,cle
LB,0,0%,0,0%,143,33.18%,DaviTa00,Tae Davis,cle
LB,0,0%,5,.47%,0,0%,AverGe00,Genard Avery,cle
CB,0,0%,409,38.22%,139,32.25%,BurrJu00,Juston Burris,cle
CB,0,0%,748,69.91%,56,12.99%,WardDe02,Denzel Ward,cle
CB,0,0%,680,63.55%,26,6.03%,WillGr00,Greedy Williams,cle
CB,0,0%,3,.28%,361,83.76%,ThomTa01,Tavierre Thomas,cle
CB,0,0%,329,30.75%,88,20.42%,MitcTe00,Terrance Mitchell,cle
CB,0,0%,677,63.27%,72,16.71%,CarrTr00,T.J. Carrie,cle
CB,0,0%,1,.09%,37,8.58%,JackRo00,Robert Jackson,cle
SS,0,0%,368,34.39%,26,6.03%,BurnMo99,Morgan Burnett,cle
SS,0,0%,14,1.31%,53,12.30%,HassJT00,J.T. Hassell,cle
FS,0,0%,501,46.82%,66,15.31%,WhitJe02,Jermaine Whitehead,cle
FS,0,0%,723,67.57%,30,6.96%,RandDa00,Damarious Randall,cle
FS,0,0%,361,33.74%,84,19.49%,MurrEr00,Eric Murray,cle
FS,0,0%,373,34.86%,149,34.57%,RedwSh00,Sheldrick Redwine,cle
LS,0,0%,0,0%,130,30.16%,HughCh01,Charley Hughlett,cle
K,0,0%,0,0%,140,32.48%,SeibAu00,Austin Seibert,cle
P,0,0%,0,0%,134,31.09%,GillJa00,Jamie Gillan,cle
QB,1116,99.55%,0,0%,0,0%,PresDa01,Dak Prescott,dal
QB,5,.45%,0,0%,0,0%,RushCo00,Cooper Rush,dal
RB,937,83.59%,0,0%,4,.91%,ElliEz00,Ezekiel Elliott,dal
RB,199,17.75%,0,0%,115,26.08%,PollTo00,Tony Pollard,dal
RB,0,0%,0,0%,16,3.63%,ChunJo00,Jordan Chunn,dal
FB,118,10.53%,0,0%,277,62.81%,OlawJa00,Jamize Olawale,dal
WR,846,75.47%,0,0%,0,0%,GallMi00,Michael Gallup,dal
WR,845,75.38%,0,0%,0,0%,CoopAm00,Amari Cooper,dal
WR,720,64.23%,0,0%,31,7.03%,CobbRa00,Randall Cobb,dal
WR,304,27.12%,0,0%,40,9.07%,AustTa00,Tavon Austin,dal
WR,23,2.05%,0,0%,201,45.58%,BryaVe00,Ventell Bryant,dal
WR,136,12.13%,0,0%,6,1.36%,SmitDe04,Devin Smith,dal
WR,75,6.69%,0,0%,24,5.44%,WilsCe01,Cedrick Wilson Jr.,dal
TE,845,75.38%,0,0%,91,20.63%,WittJa00,Jason Witten,dal
TE,434,38.72%,0,0%,132,29.93%,JarwBl00,Blake Jarwin,dal
TE,117,10.44%,0,0%,95,21.54%,SchuDa00,Dalton Schultz,dal
T,1001,89.30%,0,0%,76,17.23%,CollLa01,La'el Collins,dal
T,882,78.68%,0,0%,66,14.97%,SmitTy00,Tyron Smith,dal
T,110,9.81%,0,0%,43,9.75%,KnigBr01,Brandon Knight,dal
T,259,23.10%,0,0%,74,16.78%,FlemCa00,Cameron Fleming,dal
G,727,64.85%,0,0%,55,12.47%,WillCo00,Connor Williams,dal
G,1115,99.46%,0,0%,69,15.65%,MartZa00,Zack Martin,dal
G,307,27.39%,0,0%,42,9.52%,Sua-Xa00,Xavier Su'a-Filo,dal
C,1117,99.64%,0,0%,87,19.73%,FredTr00,Travis Frederick,dal
C,100,8.92%,0,0%,87,19.73%,LoonJo01,Joe Looney,dal
DE,0,0%,647,59.96%,61,13.83%,QuinRo00,Robert Quinn,dal
DE,0,0%,262,24.28%,198,44.90%,ArmsDo00,Dorance Armstrong Jr.,dal
DE,0,0%,439,40.69%,26,5.90%,HydeKe01,Kerry Hyder,dal
DE,0,0%,428,39.67%,1,.23%,BennMi99,Michael Bennett,dal
DE,0,0%,668,61.91%,62,14.06%,LawrDe00,DeMarcus Lawrence,dal
DE,0,0%,90,8.34%,4,.91%,CrawTy00,Tyrone Crawford,dal
DE,1,.09%,481,44.58%,79,17.91%,CoviCh00,Christian Covington,dal
DE,0,0%,71,6.58%,15,3.40%,JackJo02,Joe Jackson,dal
DT,0,0%,763,70.71%,78,17.69%,CollMa00,Maliek Collins,dal
DT,0,0%,121,11.21%,4,.91%,HillTr00,Trysten Hill,dal
DT,0,0%,310,28.73%,4,.91%,WoodAn02,Antwaun Woods,dal
LB,0,0%,991,91.84%,78,17.69%,SmitJa05,Jaylon Smith,dal
LB,0,0%,510,47.27%,44,9.98%,VandLe00,Leighton Vander Esch,dal
LB,0,0%,83,7.69%,10,2.27%,SmitMa02,Malcolm Smith,dal
LB,0,0%,28,2.59%,30,6.80%,CoviCh01,Chris Covington,dal
LB,0,0%,0,0%,21,4.76%,ArmsRa01,Ray-Ray Armstrong,dal
LB,0,0%,637,59.04%,84,19.05%,LeexSe99,Sean Lee,dal
LB,0,0%,246,22.80%,227,51.47%,ThomJo04,Joe Thomas,dal
LB,0,0%,44,4.08%,274,62.13%,MarcJu00,Justin March,dal
LB,0,0%,0,0%,58,13.15%,GiffLu00,Luke Gifford,dal
CB,0,0%,1019,94.44%,69,15.65%,AwuzCh00,Chidobe Awuzie,dal
CB,0,0%,282,26.14%,31,7.03%,BrowAn02,Anthony Brown,dal
CB,0,0%,589,54.59%,130,29.48%,LewiJo01,Jourdan Lewis,dal
CB,0,0%,32,2.97%,6,1.36%,OlumDo00,Donovan Olumba,dal
CB,0,0%,917,84.99%,145,32.88%,JoneBy00,Byron Jones,dal
CB,0,0%,21,1.95%,289,65.53%,GoodC.00,C.J. Goodwin,dal
CB,0,0%,3,.28%,27,6.12%,BurtDe00,Deante Burton,dal
SS,0,0%,719,66.64%,161,36.51%,HeatJe00,Jeff Heath,dal
SS,0,0%,18,1.67%,53,12.02%,FrazKa00,Kavon Frazier,dal
SS,0,0%,8,.74%,66,14.97%,JoneJo06,Josh Jones,dal
FS,0,0%,978,90.64%,115,26.08%,WoodXa00,Xavier Woods,dal
FS,0,0%,424,39.30%,223,50.57%,ThomDa05,Darian Thompson,dal
DB,0,0%,16,1.48%,138,31.29%,WilsDo01,Donovan Wilson,dal
LS,1,.09%,0,0%,141,31.97%,LadoL.20,L.P. Ladouceur,dal
K,1,.09%,0,0%,43,9.75%,ForbKa00,Kai Forbath,dal
K,0,0%,0,0%,136,30.84%,MaheBr01,Brett Maher,dal
P,1,.09%,0,0%,141,31.97%,JoneCh02,Chris Jones,dal
QB,532,52.41%,0,0%,0,0%,FlacJo00,Joe Flacco,den
QB,306,30.15%,0,0%,0,0%,LockDr00,Drew Lock,den
QB,176,17.34%,0,0%,0,0%,AlleBr00,Brandon Allen,den
RB,513,50.54%,0,0%,0,0%,LindPh00,Phillip Lindsay,den
RB,506,49.85%,0,0%,0,0%,FreeRo00,Royce Freeman,den
RB,26,2.56%,0,0%,195,45.03%,BookDe00,Devontae Booker,den
FB,130,12.81%,0,0%,102,23.56%,JanoAn00,Andy Janovich,den
WR,933,91.92%,0,0%,4,.92%,SuttCo00,Courtland Sutton,den
WR,355,34.98%,0,0%,0,0%,SandEm00,Emmanuel Sanders,den
WR,653,64.33%,0,0%,1,.23%,HamiDa01,DaeSean Hamilton,den
WR,100,9.85%,0,0%,202,46.65%,BrowFr01,Fred Brown,den
WR,14,1.38%,0,0%,49,11.32%,WinfJu00,Juwann Winfree,den
WR,5,.49%,0,0%,13,3.00%,CracRi00,River Cracraft,den
WR,287,28.28%,0,0%,13,3.00%,PatrTi00,Tim Patrick,den
WR,70,6.90%,0,0%,149,34.41%,SpenDi00,Diontae Spencer,den
TE,695,68.47%,0,0%,0,0%,FantNo00,Noah Fant,den
TE,397,39.11%,0,0%,0,0%,HeueJe00,Jeff Heuerman,den
TE,156,15.37%,0,0%,99,22.86%,FumaTr00,Troy Fumagalli,den
TE,230,22.66%,0,0%,196,45.27%,BeckAn01,Andrew Beck,den
T,1015,100.00%,0,0%,63,14.55%,BollGa00,Garett Bolles,den
T,835,82.27%,0,0%,52,12.01%,WilkEl00,Elijah Wilkinson,den
T,63,6.21%,0,0%,2,.46%,JameJa01,Ja'Wuan James,den
T,0,0%,0,0%,6,1.39%,BailQu00,Quinn Bailey,den
T,118,11.63%,0,0%,54,12.47%,RodgJa03,Jake Rodgers,den
G,977,96.26%,0,0%,58,13.39%,RisnDa00,Dalton Risner,den
G,755,74.38%,0,0%,0,0%,LearRo00,Ronald Leary,den
G,261,25.71%,0,0%,77,17.78%,SchlAu00,Austin Schlottmann,den
C,1014,99.90%,0,0%,12,2.77%,McGoCo00,Connor McGovern,den
C,37,3.65%,0,0%,11,2.54%,MorrPa00,Patrick Morris,den
DE,0,0%,525,49.76%,9,2.08%,WolfDe00,Derek Wolfe,den
DE,0,0%,48,4.55%,14,3.23%,HarrJo05,Jonathan Harris,den
DE,0,0%,274,25.97%,89,20.55%,GotsAd00,Adam Gotsis,den
DE,1,.10%,220,20.85%,87,20.09%,WalkDe03,DeMarcus Walker,den
DE,1,.10%,284,26.92%,111,25.64%,JoneDr00,Dre'Mont Jones,den
DT,0,0%,15,1.42%,1,.23%,PekoKy00,Kyle Peko,den
DT,0,0%,5,.47%,0,0%,SizeDe00,Deyon Sizer,den
"DE,NT",0,0%,637,60.38%,75,17.32%,HarrSh00,Shelby Harris,den
NT,1,.10%,415,39.34%,124,28.64%,PurcMi00,Mike Purcell,den
LB,0,0%,214,20.28%,256,59.12%,JeweJo00,Josey Jewell,den
LB,0,0%,900,85.31%,20,4.62%,DaviTo01,Todd Davis,den
LB,0,0%,837,79.34%,0,0%,MillVo00,Von Miller,den
LB,0,0%,236,22.37%,18,4.16%,ChubBr00,Bradley Chubb,den
LB,0,0%,107,10.14%,95,21.94%,NelsCo00,Corey Nelson,den
LB,0,0%,468,44.36%,203,46.88%,ReedMa01,Malik Reed,den
LB,0,0%,5,.47%,276,63.74%,JoneJo05,Joseph Jones,den
LB,0,0%,266,25.21%,131,30.25%,HollJu00,Justin Hollins,den
LB,0,0%,24,2.27%,38,8.78%,GoodAh00,Ahmad Gooden,den
LB,0,0%,0,0%,137,31.64%,WatsJo00,Josh Watson,den
LB,0,0%,0,0%,70,16.17%,BierKe00,Keishawn Bierria,den
LB,0,0%,730,69.19%,93,21.48%,JohnAl01,Alexander Johnson,den
LB,0,0%,321,30.43%,116,26.79%,AttaJe00,Jeremiah Attaochu,den
CB,0,0%,503,47.68%,209,48.27%,YiadIs00,Isaac Yiadom,den
CB,0,0%,842,79.81%,0,0%,JackKa99,Kareem Jackson,den
CB,0,0%,1047,99.24%,2,.46%,HarrCh01,Chris Harris Jr.,den
CB,0,0%,136,12.89%,42,9.70%,BausDe00,De'Vante Bausby,den
CB,0,0%,429,40.66%,161,37.18%,HarrDa05,Davontae Harris,den
CB,0,0%,345,32.70%,74,17.09%,DawsDu00,Duke Dawson,den
CB,0,0%,17,1.61%,26,6.00%,SensCo00,Coty Sensabaugh,den
SS,0,0%,159,15.07%,312,72.06%,MarsTr00,Trey Marshall,den
FS,0,0%,1055,100.00%,97,22.40%,SimmJu00,Justin Simmons,den
FS,0,0%,540,51.18%,88,20.32%,ParkWi01,Will Parks,den
DB,0,0%,0,0%,23,5.31%,HoldAl01,Alijah Holder,den
LS,1,.10%,0,0%,145,33.49%,KreiCa00,Casey Kreiter,den
K,1,.10%,0,0%,135,31.18%,McMaBr01,Brandon McManus,den
P,1,.10%,0,0%,145,33.49%,WadmCo00,Colby Wadman,den
QB,542,50.23%,0,0%,0,0%,StafMa00,Matthew Stafford,det
QB,218,20.20%,0,0%,0,0%,DrisJe00,Jeff Driskel,det
QB,319,29.56%,0,0%,0,0%,BlouDa00,David Blough,det
RB,124,11.49%,0,0%,181,39.09%,BawdNi00,Nick Bawden,det
RB,274,25.39%,0,0%,0,0%,JohnKe06,Kerryon Johnson,det
RB,167,15.48%,0,0%,0,0%,ScarBo01,Bo Scarbrough,det
RB,36,3.34%,0,0%,0,0%,AndeC.00,C.J. Anderson,det
RB,23,2.13%,0,0%,0,0%,HillWe00,Wes Hills,det
RB,311,28.82%,0,0%,118,25.49%,JohnTy02,Ty Johnson,det
RB,19,1.76%,0,0%,1,.22%,CarsTr01,Tra Carson,det
RB,257,23.82%,0,0%,79,17.06%,McKiJ.00,J.D. McKissic,det
RB,24,2.22%,0,0%,30,6.48%,PerkPa00,Paul Perkins,det
WR,937,86.84%,0,0%,3,.65%,GollKe00,Kenny Golladay,det
WR,818,75.81%,0,0%,2,.43%,JoneMa02,Marvin Jones,det
WR,642,59.50%,0,0%,24,5.18%,AmenDa00,Danny Amendola,det
WR,128,11.86%,0,0%,75,16.20%,LacyCh00,Chris Lacy,det
WR,8,.74%,0,0%,7,1.51%,KennTo01,Tom Kennedy,det
WR,63,5.84%,0,0%,26,5.62%,FulgTr00,Travis Fulgham,det
WR,127,11.77%,0,0%,20,4.32%,HallMa02,Marvin Hall,det
TE,525,48.66%,0,0%,2,.43%,HockTJ00,T.J. Hockenson,det
TE,493,45.69%,0,0%,120,25.92%,JameJe00,Jesse James,det
TE,336,31.14%,0,0%,249,53.78%,ThomLo00,Logan Thomas,det
TE,41,3.80%,0,0%,82,17.71%,NautIs00,Isaac Nauta,det
T,753,69.79%,0,0%,31,6.70%,WagnRi00,Ricky Wagner,det
T,1017,94.25%,0,0%,41,8.86%,DeckTa00,Taylor Decker,det
T,6,.56%,1,.09%,27,5.83%,SkipDa00,Dan Skipper,det
T,397,36.79%,0,0%,68,14.69%,CrosTy00,Tyrell Crosby,det
G,872,80.82%,0,0%,58,12.53%,GlasGr00,Graham Glasgow,det
G,798,73.96%,0,0%,57,12.31%,DahlJo00,Joe Dahl,det
G,438,40.59%,0,0%,113,24.41%,WiggKe00,Kenny Wiggins,det
G,143,13.25%,0,0%,25,5.40%,AbouOd00,Oday Aboushi,det
C,996,92.31%,0,0%,52,11.23%,RagnFr00,Frank Ragnow,det
C,0,0%,0,0%,6,1.30%,BenzBe01,Beau Benzschawel,det
DE,0,0%,605,52.93%,82,17.71%,OkwaRo01,Romeo Okwara,det
DE,0,0%,705,61.68%,32,6.91%,FlowTr00,Trey Flowers,det
DE,0,0%,103,9.01%,11,2.38%,HerrFr00,Frank Herron,det
DE,0,0%,110,9.62%,2,.43%,HandDa00,Da'Shawn Hand,det
DE,0,0%,133,11.64%,19,4.10%,BryaAu00,Austin Bryant,det
DE,0,0%,7,.61%,5,1.08%,WynnJo00,Jonathan Wynn,det
DT,0,0%,526,46.02%,39,8.42%,RobiAS00,A'Shawn Robinson,det
DT,0,0%,203,17.76%,26,5.62%,DaniMi00,Mike Daniels,det
DT,0,0%,527,46.11%,10,2.16%,HarrDa03,Damon Harrison,det
DT,0,0%,409,35.78%,9,1.94%,AtkiJo01,John Atkins,det
DT,0,0%,172,15.05%,22,4.75%,StroKe00,Kevin Strong,det
DT,0,0%,12,1.05%,1,.22%,MedeJa00,Jamie Meder,det
LB,0,0%,935,81.80%,51,11.02%,KennDe00,Devon Kennard,det
LB,0,0%,297,25.98%,307,66.31%,ReevJa00,Jalen Reeves-Maybin,det
LB,0,0%,597,52.23%,89,19.22%,TavaJa00,Jahlani Tavai,det
LB,0,0%,609,53.28%,123,26.57%,JoneCh05,Christian Jones,det
LB,0,0%,654,57.22%,53,11.45%,DaviJa01,Jarrad Davis,det
LB,0,0%,17,1.49%,18,3.89%,PittAn01,Anthony Pittman,det
LB,0,0%,54,4.72%,176,38.01%,LongSt00,Steve Longa,det
LB,1,.09%,0,0%,84,18.14%,CabiJa00,Jason Cabinda,det
CB,0,0%,963,84.25%,106,22.89%,ColeJu01,Justin Coleman,det
CB,0,0%,858,75.07%,5,1.08%,SlayDa00,Darius Slay,det
CB,0,0%,870,76.12%,2,.43%,MelvRa00,Rashaan Melvin,det
CB,16,1.48%,21,1.84%,169,36.50%,AgneJa00,Jamal Agnew,det
CB,0,0%,0,0%,359,77.54%,VirgDe00,Dee Virgin,det
CB,0,0%,215,18.81%,83,17.93%,OruwAm00,Amani Oruwariye,det
CB,0,0%,165,14.44%,251,54.21%,FordMi01,Mike Ford,det
CB,0,0%,0,0%,2,.43%,JackMi01,Michael Jackson,det
SS,0,0%,293,25.63%,1,.22%,DiggQu00,Quandre Diggs,det
SS,0,0%,667,58.36%,262,56.59%,HarrWi02,Will Harris,det
SS,0,0%,840,73.49%,124,26.78%,WilsTa00,Tavon Wilson,det
FS,0,0%,843,73.75%,15,3.24%,WalkTr01,Tracy Walker,det
FS,0,0%,76,6.65%,321,69.33%,MoorCJ01,C.J. Moore,det
FS,0,0%,86,7.52%,350,75.59%,KillMi00,Miles Killebrew,det
LS,0,0%,0,0%,149,32.18%,MuhlDo20,Don Muhlbach,det
K,0,0%,0,0%,88,19.01%,PratMa20,Matt Prater,det
P,0,0%,0,0%,211,45.57%,MartSa01,Sam Martin,det
QB,1057,98.05%,0,0%,1,.23%,RodgAa00,Aaron Rodgers,gnb
QB,21,1.95%,0,0%,0,0%,BoylTi00,Tim Boyle,gnb
RB,373,34.60%,0,0%,123,28.67%,WillJa06,Jamaal Williams,gnb
RB,663,61.50%,0,0%,0,0%,JoneAa00,Aaron Jones,gnb
RB,24,2.23%,0,0%,30,6.99%,CarsTr01,Tra Carson,gnb
RB,10,.93%,0,0%,38,8.86%,WillDe07,Dexter Williams,gnb
RB,24,2.23%,0,0%,39,9.09%,ErviTy00,Tyler Ervin,gnb
FB,170,15.77%,0,0%,228,53.15%,VitaDa00,Danny Vitale,gnb
WR,678,62.89%,0,0%,1,.23%,AdamDa01,Davante Adams,gnb
WR,542,50.28%,0,0%,2,.47%,ValdMa00,Marquez Valdes-Scantling,gnb
WR,21,1.95%,0,0%,40,9.32%,DaviTr03,Trevor Davis,gnb
WR,638,59.18%,0,0%,43,10.02%,AlliGe01,Geronimo Allison,gnb
WR,328,30.43%,0,0%,140,32.63%,KumeJa00,Jake Kumerow,gnb
WR,479,44.43%,0,0%,165,38.46%,LazaAl00,Allen Lazard,gnb
WR,53,4.92%,0,0%,31,7.23%,ShepDa00,Darrius Shepherd,gnb
TE,487,45.18%,0,0%,61,14.22%,LewiMa00,Marcedes Lewis,gnb
TE,622,57.70%,0,0%,4,.93%,GrahJi00,Jimmy Graham,gnb
TE,193,17.90%,0,0%,135,31.47%,TonyRo00,Robert Tonyan,gnb
TE,60,5.57%,0,0%,48,11.19%,SterJa00,Jace Sternberger,gnb
TE,12,1.11%,0,0%,53,12.35%,BaylEv00,Evan Baylis,gnb
T,898,83.30%,0,0%,52,12.12%,BulaBr20,Bryan Bulaga,gnb
T,1075,99.72%,0,0%,68,15.85%,BakhDa00,David Bakhtiari,gnb
T,35,3.25%,0,0%,10,2.33%,VeldJa20,Jared Veldheer,gnb
T,151,14.01%,0,0%,55,12.82%,LighAl00,Alex Light,gnb
G,1076,99.81%,0,0%,68,15.85%,TurnBi00,Billy Turner,gnb
G,114,10.58%,0,0%,5,1.17%,TaylLa01,Lane Taylor,gnb
G,964,89.42%,0,0%,68,15.85%,JenkEl00,Elgton Jenkins,gnb
C,950,88.13%,0,0%,1,.23%,LinsCo00,Corey Linsley,gnb
C,137,12.71%,0,0%,64,14.92%,PatrLu00,Lucas Patrick,gnb
DE,0,0%,637,61.25%,130,30.30%,LowrDe00,Dean Lowry,gnb
DE,0,0%,187,17.98%,82,19.11%,AdamMo00,Montravius Adams,gnb
DE,0,0%,94,9.04%,9,2.10%,KekeKi00,Kingsley Keke,gnb
DE,0,0%,17,1.63%,21,4.90%,BrowFa00,Fadol Brown,gnb
NT,0,0%,869,83.56%,26,6.06%,ClarKe01,Kenny Clark,gnb
NT,0,0%,381,36.63%,90,20.98%,LancTy00,Tyler Lancaster,gnb
LB,0,0%,1024,98.46%,90,20.98%,MartBl01,Blake Martinez,gnb
LB,0,0%,870,83.65%,35,8.16%,SmitPr00,Preston Smith,gnb
LB,0,0%,872,83.85%,75,17.48%,SmitZa00,Za'Darius Smith,gnb
LB,0,0%,415,39.90%,182,42.42%,FackKy00,Kyler Fackrell,gnb
LB,0,0%,57,5.48%,249,58.04%,BurkOr00,Oren Burks,gnb
LB,0,0%,0,0%,311,72.49%,SummTy00,Ty Summers,gnb
LB,0,0%,244,23.46%,33,7.69%,GaryRa00,Rashan Gary,gnb
LB,0,0%,254,24.42%,145,33.80%,GoodB.00,B.J. Goodson,gnb
LB,0,0%,0,0%,2,.47%,WillTi00,Tim Williams,gnb
CB,0,0%,761,73.17%,32,7.46%,WillTr99,Tramon Williams,gnb
CB,0,0%,1027,98.75%,17,3.96%,AlexJa00,Jaire Alexander,gnb
CB,0,0%,805,77.40%,18,4.20%,KingKe01,Kevin King,gnb
CB,0,0%,47,4.52%,137,31.93%,BrowTo01,Tony Brown,gnb
CB,0,0%,103,9.90%,224,52.21%,JackJo01,Josh Jackson,gnb
CB,0,0%,0,0%,103,24.01%,SmitTr04,Tremon Smith,gnb
CB,0,0%,350,33.65%,198,46.15%,SullCh00,Chandon Sullivan,gnb
CB,0,0%,4,.38%,33,7.69%,HollKa00,Ka'dar Hollman,gnb
SS,0,0%,865,83.17%,100,23.31%,SavaDa00,Darnell Savage Jr.,gnb
SS,0,0%,271,26.06%,187,43.59%,RedmWi00,Will Redmond,gnb
FS,0,0%,1036,99.62%,81,18.88%,AmosAd00,Adrian Amos,gnb
FS,0,0%,70,6.73%,18,4.20%,GreeRa02,Raven Greene,gnb
FS,0,0%,181,17.40%,120,27.97%,CampIb00,Ibraheim Campbell,gnb
LS,0,0%,0,0%,146,34.03%,BradHu00,Hunter Bradley,gnb
K,0,0%,0,0%,147,34.27%,CrosMa20,Mason Crosby,gnb
P,0,0%,0,0%,146,34.03%,ScotJK00,JK Scott,gnb
QB,997,93.26%,0,0%,0,0%,WatsDe00,Deshaun Watson,htx
QB,69,6.45%,0,0%,0,0%,McCaA.00,A.J. McCarron,htx
RB,511,47.80%,0,0%,13,3.08%,JohnDu00,Duke Johnson,htx
RB,529,49.49%,0,0%,1,.24%,HydeCa00,Carlos Hyde,htx
RB,36,3.37%,0,0%,280,66.35%,HoweGr00,Buddy Howell,htx
RB,13,1.22%,0,0%,274,64.93%,GillCu00,Cullen Gillaspia,htx
RB,14,1.31%,0,0%,156,36.97%,JoneTa00,Taiwan Jones,htx
WR,971,90.83%,0,0%,0,0%,HopkDe00,DeAndre Hopkins,htx
WR,564,52.76%,0,0%,0,0%,FullWi01,Will Fuller,htx
WR,208,19.46%,0,0%,144,34.12%,CartDe02,DeAndre Carter,htx
WR,338,31.62%,0,0%,0,0%,CoutKe00,Keke Coutee,htx
WR,587,54.91%,0,0%,0,0%,StilKe00,Kenny Stills,htx
WR,79,7.39%,0,0%,1,.24%,MitcSt02,Steven Mitchell,htx
TE,655,61.27%,0,0%,111,26.30%,AkinJo00,Jordan Akins,htx
TE,740,69.22%,0,0%,82,19.43%,FellDa01,Darren Fells,htx
TE,67,6.27%,0,0%,3,.71%,ThomJo05,Jordan Thomas,htx
TE,0,0%,0,0%,5,1.18%,AdamJe01,Jerell Adams,htx
T,915,85.59%,0,0%,63,14.93%,TunsLa00,Laremy Tunsil,htx
T,65,6.08%,0,0%,22,5.21%,HendSe00,Seantrel Henderson,htx
T,488,45.65%,0,0%,36,8.53%,HowaTy00,Tytus Howard,htx
T,39,3.65%,0,0%,17,4.03%,SkipDa00,Dan Skipper,htx
T,365,34.14%,0,0%,73,17.30%,JohnRo06,Roderick Johnson,htx
T,342,31.99%,0,0%,23,5.45%,ClarCh21,Chris Clark,htx
G,955,89.34%,0,0%,71,16.82%,FultZa00,Zach Fulton,htx
G,64,5.99%,0,0%,5,1.18%,KeleSe00,Senio Kelemete,htx
G,938,87.75%,0,0%,74,17.54%,SchaMa01,Max Scharping,htx
C,1020,95.42%,0,0%,25,5.92%,MartNi00,Nick Martin,htx
C,157,14.69%,0,0%,35,8.29%,MancGr00,Greg Mancz,htx
DE,0,0%,469,43.55%,14,3.32%,WattJ.00,J.J. Watt,htx
DE,0,0%,262,24.33%,60,14.22%,WatkCa00,Carlos Watkins,htx
DE,0,0%,425,39.46%,69,16.35%,BlacAn00,Angelo Blackson,htx
DE,0,0%,442,41.04%,51,12.09%,OmenCh00,Charles Omenihu,htx
DE,0,0%,36,3.34%,12,2.84%,HeatJo00,Joel Heath,htx
DT,0,0%,78,7.24%,9,2.13%,VandEd00,Eddie Vanderdoes,htx
NT,0,0%,621,57.66%,70,16.59%,ReadD.00,D.J. Reader,htx
NT,0,0%,398,36.95%,90,21.33%,DunnBr00,Brandon Dunn,htx
LB,0,0%,942,87.47%,134,31.75%,CunnZa00,Zach Cunningham,htx
LB,0,0%,846,78.55%,27,6.40%,McKiBe00,Benardrick McKinney,htx
LB,0,0%,951,88.30%,1,.24%,MercWh00,Whitney Mercilus,htx
LB,0,0%,490,45.50%,201,47.63%,ScarBr00,Brennan Scarlett,htx
LB,0,0%,136,12.63%,184,43.60%,ColeDy00,Dylan Cole,htx
LB,0,0%,73,6.78%,318,75.36%,MingBa00,Barkevious Mingo,htx
LB,0,0%,91,8.45%,285,67.54%,KalaPe00,Peter Kalambayi,htx
LB,0,0%,108,10.03%,62,14.69%,AdamTy00,Tyrell Adams,htx
LB,0,0%,221,20.52%,137,32.46%,MartJa02,Jacob Martin,htx
CB,0,0%,655,60.82%,1,.24%,RobyBr00,Bradley Roby,htx
CB,0,0%,623,57.85%,0,0%,JoseJo20,Johnathan Joseph,htx
CB,0,0%,57,5.29%,0,0%,ColvAa00,Aaron Colvin,htx
CB,0,0%,266,24.70%,5,1.18%,HargVe00,Vernon Hargreaves III,htx
CB,0,0%,412,38.25%,0,0%,ConlGa00,Gareon Conley,htx
CB,0,0%,53,4.92%,44,10.43%,ArmsCo00,Cornell Armstrong,htx
CB,0,0%,132,12.26%,253,59.95%,CrosKe00,Keion Crossen,htx
CB,0,0%,529,49.12%,99,23.46%,JohnLo01,Lonnie Johnson Jr.,htx
CB,0,0%,0,0%,8,1.90%,OwenJo01,Jonathan Owens,htx
CB,0,0%,133,12.35%,44,10.43%,GainPh00,Phillip Gaines,htx
CB,0,0%,3,.28%,34,8.06%,CrawXa00,Xavier Crawford,htx
SS,0,0%,917,85.14%,28,6.64%,ReidJu00,Justin Reid,htx
FS,0,0%,869,80.69%,0,0%,GipsTa00,Tashaun Gipson,htx
FS,0,0%,520,48.28%,182,43.13%,AddaJa00,Jahleel Addae,htx
FS,0,0%,20,1.86%,327,77.49%,MoorA.00,A.J. Moore,htx
FS,0,0%,68,6.31%,39,9.24%,AdamMi21,Mike Adams,htx
FS,0,0%,0,0%,2,.47%,BoddBr01,Briean Boddy-Calhoun,htx
LS,0,0%,0,0%,133,31.52%,WeekJo00,Jon Weeks,htx
K,0,0%,0,0%,154,36.49%,FairKa01,Ka'imi Fairbairn,htx
P,0,0%,0,0%,20,4.74%,DaniTr00,Trevor Daniel,htx
P,0,0%,0,0%,115,27.25%,AngeBr00,Bryan Anger,htx
QB,947,87.93%,0,0%,0,0%,BrisJa00,Jacoby Brissett,clt
QB,129,11.98%,0,0%,0,0%,HoyeBr00,Brian Hoyer,clt
RB,510,47.35%,0,0%,0,0%,MackMa00,Marlon Mack,clt
RB,339,31.48%,0,0%,87,20.47%,HineNy00,Nyheim Hines,clt
RB,173,16.06%,0,0%,189,44.47%,WilkJo01,Jordan Wilkins,clt
RB,99,9.19%,0,0%,55,12.94%,WillJo07,Jonathan Williams,clt
WR,412,38.25%,0,0%,35,8.24%,JohnMa07,Marcus Johnson,clt
WR,478,44.38%,0,0%,0,0%,HiltT.00,T.Y. Hilton,clt
WR,799,74.19%,0,0%,101,23.76%,PascZa00,Zach Pascal,clt
WR,36,3.34%,0,0%,0,0%,FuncDe00,Devin Funchess,clt
WR,55,5.11%,0,0%,0,0%,InmaDo00,Dontrelle Inman,clt
WR,406,37.70%,0,0%,49,11.53%,RogeCh02,Chester Rogers,clt
WR,196,18.20%,0,0%,22,5.18%,CampPa00,Parris Campbell,clt
WR,97,9.01%,0,0%,178,41.88%,DuliAs00,Ashton Dulin,clt
WR,6,.56%,0,0%,8,1.88%,WillCh05,Chad Williams,clt
WR,228,21.17%,0,0%,0,0%,CainDe00,Deon Cain,clt
TE,798,74.09%,0,0%,3,.71%,DoylJa00,Jack Doyle,clt
TE,325,30.18%,0,0%,0,0%,EbroEr00,Eric Ebron,clt
TE,354,32.87%,0,0%,111,26.12%,AlieMo00,Mo Alie-Cox,clt
TE,23,2.14%,0,0%,0,0%,TravRo00,Ross Travis,clt
TE,5,.46%,0,0%,0,0%,LengMa00,Matt Lengel,clt
T,1077,100.00%,0,0%,69,16.24%,CastAn00,Anthony Castonzo,clt
G,1076,99.91%,0,0%,70,16.47%,SmitBr06,Braden Smith,clt
G,1045,97.03%,0,0%,66,15.53%,NelsQu00,Quenton Nelson,clt
G,1077,100.00%,0,0%,70,16.47%,GlowMa00,Mark Glowinski,clt
G,74,6.87%,0,0%,70,16.47%,HaegJo00,Joe Haeg,clt
C,1018,94.52%,0,0%,0,0%,KellRy00,Ryan Kelly,clt
C,61,5.66%,0,0%,5,1.18%,AndrJo01,Josh Andrews,clt
DE,0,0%,482,46.62%,135,31.76%,MuhaAl00,Al-Quadin Muhammad,clt
DE,0,0%,569,55.03%,29,6.82%,SheaJa00,Jabaal Sheard,clt
DE,0,0%,81,7.83%,10,2.35%,TuraKe00,Kemoko Turay,clt
DE,0,0%,271,26.21%,27,6.35%,BanoBe00,Ben Banogu,clt
DT,0,0%,620,59.96%,79,18.59%,AutrDe00,Denico Autry,clt
DT,1,.09%,450,43.52%,158,37.18%,HuntMa00,Margus Hunt,clt
DT,0,0%,225,21.76%,17,4.00%,LewiTy00,Tyquan Lewis,clt
DT,0,0%,28,2.71%,4,.94%,WardJi02,Jihad Ward,clt
DT,0,0%,68,6.58%,16,3.76%,ColeTr01,Trevon Coley,clt
NT,1,.09%,626,60.54%,157,36.94%,StewGr00,Grover Stewart,clt
NT,0,0%,7,.68%,0,0%,DaviCa01,Carl Davis,clt
LB,0,0%,828,80.08%,58,13.65%,LeonDa00,Shaquille Leonard,clt
LB,0,0%,674,65.18%,1,.24%,HousJu00,Justin Houston,clt
LB,0,0%,811,78.43%,140,32.94%,WalkAn01,Anthony Walker,clt
LB,0,0%,104,10.06%,306,72.00%,AdamMa00,Matthew Adams,clt
LB,0,0%,472,45.65%,168,39.53%,OkerBo00,Bobby Okereke,clt
LB,0,0%,0,0%,346,81.41%,FranZa00,Zaire Franklin,clt
LB,0,0%,33,3.19%,152,35.76%,SpeeEJ00,E.J. Speed,clt
LB,0,0%,0,0%,7,1.65%,MoorSk00,Skai Moore,clt
CB,0,0%,683,66.05%,27,6.35%,DesiPi00,Pierre Desir,clt
CB,0,0%,631,61.03%,53,12.47%,MoorKe03,Kenny Moore,clt
CB,0,0%,851,82.30%,165,38.82%,Ya-SRo00,Rock Ya-Sin,clt
CB,0,0%,0,0%,61,14.35%,LewiRy01,Ryan Lewis,clt
CB,0,0%,122,11.80%,28,6.59%,WilsQu01,Quincy Wilson,clt
CB,0,0%,252,24.37%,199,46.82%,TellMa00,Marvell Tell III,clt
SS,0,0%,527,50.97%,130,30.59%,GeatCl00,Clayton Geathers,clt
SS,0,0%,620,59.96%,58,13.65%,WillKh00,Khari Willis,clt
SS,0,0%,130,12.57%,166,39.06%,MillRo03,Rolan Milligan,clt
FS,0,0%,788,76.21%,22,5.18%,HookMa00,Malik Hooker,clt
FS,0,0%,67,6.48%,12,2.82%,BoddBr01,Briean Boddy-Calhoun,clt
FS,0,0%,282,27.27%,339,79.76%,OdumGe00,George Odum,clt
DB,0,0%,60,5.80%,3,.71%,TaylSh00,Shakial Taylor,clt
LS,1,.09%,0,0%,132,31.06%,RhodLu00,Luke Rhodes,clt
K,0,0%,0,0%,17,4.00%,McLaCh00,Chase McLaughlin,clt
K,1,.09%,0,0%,53,12.47%,vinatada01,Adam Vinatieri,clt
P,1,.09%,0,0%,209,49.18%,SancRi00,Rigoberto Sanchez,clt
QB,906,83.04%,0,0%,0,0%,MinsGa00,Gardner Minshew II,jax
QB,185,16.96%,0,0%,0,0%,FoleNi00,Nick Foles,jax
RB,904,82.86%,0,0%,0,0%,FourLe00,Leonard Fournette,jax
RB,150,13.75%,0,0%,117,26.77%,ArmsRy00,Ryquell Armstead,jax
RB,29,2.66%,0,0%,120,27.46%,OzigDe01,Devine Ozigbo,jax
RB,4,.37%,0,0%,34,7.78%,ErviTy00,Tyler Ervin,jax
RB,3,.27%,0,0%,0,0%,McNiJe00,Jeremy McNichols,jax
WR,747,68.47%,0,0%,78,17.85%,WestDe00,Dede Westbrook,jax
WR,866,79.38%,0,0%,3,.69%,ConlCh00,Chris Conley,jax
WR,851,78.00%,0,0%,45,10.30%,CharDJ00,DJ Chark,jax
WR,7,.64%,1,.10%,154,35.24%,WalkMi00,Michael Walker,jax
WR,111,10.17%,0,0%,0,0%,LeexMa00,Marqise Lee,jax
WR,370,33.91%,0,0%,44,10.07%,ColeKe00,Keelan Cole,jax
WR,36,3.30%,0,0%,7,1.60%,BoarC.00,C.J. Board,jax
TE,180,16.50%,0,0%,27,6.18%,OLeaNi00,Nick O'Leary,jax
TE,209,19.16%,0,0%,23,5.26%,O'ShJa00,James O'Shaughnessy,jax
TE,199,18.24%,0,0%,2,.46%,SwaiGe00,Geoff Swaim,jax
TE,117,10.72%,0,0%,0,0%,OlivJo00,Josh Oliver,jax
TE,325,29.79%,0,0%,111,25.40%,DevaSe00,Seth Devalve,jax
TE,260,23.83%,0,0%,10,2.29%,KoyaBe00,Ben Koyack,jax
"LS,TE",0,0%,0,0%,136,31.12%,OrzeMa00,Matthew Orzech,jax
TE,27,2.47%,0,0%,10,2.29%,JoneCh10,Charles Jones,jax
T,1091,100.00%,0,0%,25,5.72%,TaylJa02,Jawaan Taylor,jax
T,436,39.96%,0,0%,54,12.36%,RichWi01,Will Richardson,jax
T,155,14.21%,0,0%,33,7.55%,OgbuCe00,Cedric Ogbuehi,jax
T,873,80.02%,0,0%,24,5.49%,RobiCa00,Cam Robinson,jax
G,777,71.22%,0,0%,56,12.81%,CannA.00,A.J. Cann,jax
G,1091,100.00%,0,0%,56,12.81%,NorwAn01,Andrew Norwell,jax
C,1087,99.63%,0,0%,13,2.97%,LindBr00,Brandon Linder,jax
C,4,.37%,0,0%,56,12.81%,ShatTy00,Tyler Shatley,jax
DE,0,0%,818,77.76%,129,29.52%,CampCa99,Calais Campbell,jax
DE,0,0%,634,60.27%,91,20.82%,AlleJo03,Josh Hines-Allen,jax
DE,0,0%,790,75.10%,2,.46%,NgakYa00,Yannick Ngakoue,jax
DE,0,0%,404,38.40%,96,21.97%,SmooDa00,Dawuane Smoot,jax
DE,0,0%,61,5.80%,193,44.16%,McCrLe01,Lerentee McCray,jax
DE,0,0%,206,19.58%,0,0%,DareMa00,Marcell Dareus,jax
DT,0,0%,559,53.14%,151,34.55%,JoneAb00,Abry Jones,jax
DT,0,0%,481,45.72%,5,1.14%,BryaTa00,Taven Bryan,jax
DT,0,0%,172,16.35%,17,3.89%,SpenAk00,Akeem Spence,jax
NT,0,0%,48,4.56%,0,0%,RussDo00,Dontavius Russell,jax
LB,0,0%,295,28.04%,157,35.93%,GoodNa00,Najee Goode,jax
LB,0,0%,33,3.14%,106,24.26%,AlexD.00,D.J. Alexander,jax
LB,0,0%,493,46.86%,25,5.72%,WillQu01,Quincy Williams,jax
LB,0,0%,326,30.99%,266,60.87%,JacoLe00,Leon Jacobs,jax
LB,0,0%,4,.38%,92,21.05%,GileJo01,Joe Giles-Harris,jax
LB,0,0%,1,.10%,34,7.78%,RyanJa00,Jake Ryan,jax
LB,0,0%,613,58.27%,1,.23%,JackMy00,Myles Jack,jax
LB,0,0%,348,33.08%,119,27.23%,PaynDo00,Donald Payne,jax
LB,0,0%,234,22.24%,196,44.85%,CaliAu00,Austin Calitro,jax
LB,0,0%,0,0%,34,7.78%,AlleDa01,Dakota Allen,jax
LB,0,0%,0,0%,29,6.64%,SmitMa02,Malcolm Smith,jax
CB,0,0%,930,88.40%,1,.23%,BouyA.00,A.J. Bouye,jax
CB,1,.09%,209,19.87%,0,0%,RamsJa00,Jalen Ramsey,jax
CB,0,0%,647,61.50%,4,.92%,HaydDJ00,D.J. Hayden,jax
CB,0,0%,901,85.65%,63,14.42%,HernTr00,Tre Herndon,jax
CB,0,0%,0,0%,192,43.94%,RobiJo01,Josh Robinson,jax
CB,0,0%,3,.29%,185,42.33%,WatsBr01,Brandon Rusnak,jax
CB,0,0%,38,3.61%,56,12.81%,NickPa00,Parry Nickerson,jax
CB,0,0%,94,8.94%,158,36.16%,BordBr00,Breon Borders,jax
CB,0,0%,0,0%,7,1.60%,HayeTa00,Tae Hayes,jax
SS,0,0%,833,79.18%,20,4.58%,HarrRo02,Ronnie Harrison,jax
FS,0,0%,1051,99.90%,135,30.89%,WilsJa00,Jarrod Wilson,jax
"FS,NT",0,0%,38,3.61%,27,6.18%,DaviCa01,Carl Davis,jax
"FS,S",0,0%,68,6.46%,382,87.41%,DaviCo02,Cody Davis,jax
FS,0,0%,185,17.59%,323,73.91%,WingAn01,Andrew Wingard,jax
FS,0,0%,53,5.04%,19,4.35%,GilcMa00,Marcus Gilchrist,jax
FS,0,0%,0,0%,24,5.49%,MiddDo01,Doug Middleton,jax
K,0,0%,0,0%,97,22.20%,LambJo00,Josh Lambo,jax
P,0,0%,0,0%,173,39.59%,CookLo00,Logan Cooke,jax
QB,880,83.81%,0,0%,0,0%,MahoPa00,Patrick Mahomes,kan
QB,170,16.19%,0,0%,0,0%,MoorMa01,Matt Moore,kan
RB,367,34.95%,0,0%,13,3.08%,WillDa05,Damien Williams,kan
RB,81,7.71%,0,0%,8,1.90%,WareSp00,Spencer Ware,kan
RB,295,28.10%,0,0%,0,0%,McCoLe01,LeSean McCoy,kan
RB,107,10.19%,0,0%,99,23.46%,ThomDa06,Darwin Thompson,kan
RB,196,18.67%,0,0%,108,25.59%,WillDa10,Darrel Williams,kan
"FB,RB",97,9.24%,0,0%,310,73.46%,SherAn00,Anthony Sherman,kan
WR,740,70.48%,0,0%,0,0%,WatkSa00,Sammy Watkins,kan
WR,471,44.86%,0,0%,122,28.91%,HardMe00,Mecole Hardman,kan
WR,735,70.00%,0,0%,65,15.40%,RobiDe01,Demarcus Robinson,kan
WR,20,1.90%,1,.09%,99,23.46%,ThomDe05,De'Anthony Thomas,kan
WR,143,13.62%,0,0%,248,58.77%,PrinBy00,Byron Pringle,kan
WR,6,.57%,0,0%,17,4.03%,DietGe00,Gehrig Dieter,kan
WR,563,53.62%,0,0%,3,.71%,HillTy00,Tyreek Hill,kan
TE,971,92.48%,1,.09%,0,0%,KelcTr00,Travis Kelce,kan
TE,396,37.71%,0,0%,209,49.53%,BellBl00,Blake Bell,kan
TE,47,4.48%,0,0%,26,6.16%,YeldDe00,Deon Yelder,kan
T,466,44.38%,0,0%,37,8.77%,FishEr00,Eric Fisher,kan
T,1044,99.43%,0,0%,84,19.91%,SchwMi00,Mitchell Schwartz,kan
T,587,55.90%,0,0%,24,5.69%,ErviCa00,Cameron Erving,kan
T,273,26.00%,0,0%,27,6.40%,RankMa00,Martinas Rankin,kan
"G,T",715,68.10%,0,0%,55,13.03%,WyliAn00,Andrew Wylie,kan
G,898,85.52%,0,0%,72,17.06%,DuveLa00,Laurent Duvernay-Tardif,kan
G,8,.76%,0,0%,25,5.92%,AlleJe01,Jeff Allen,kan
G,14,1.33%,0,0%,16,3.79%,HuntRy00,Ryan Hunter,kan
G,209,19.90%,0,0%,60,14.22%,WisnSt01,Stefen Wisniewski,kan
C,1043,99.33%,0,0%,87,20.62%,ReitAu00,Austin Reiter,kan
C,8,.76%,0,0%,41,9.72%,AlleNi00,Nick Allegretti,kan
DE,0,0%,725,65.61%,1,.24%,ClarFr01,Frank Clark,kan
DE,0,0%,422,38.19%,30,7.11%,OkafAl00,Alex Okafor,kan
DE,0,0%,691,62.53%,84,19.91%,KpasTa00,Tanoh Kpassagnon,kan
DE,0,0%,411,37.19%,26,6.16%,OgbaEm00,Emmanuel Ogbah,kan
DE,0,0%,121,10.95%,5,1.18%,HarrDe06,Demone Harris,kan
DT,0,0%,646,58.46%,43,10.19%,JoneCh09,Chris Jones,kan
DT,0,0%,303,27.42%,3,.71%,SaunKh00,Khalen Saunders,kan
DT,0,0%,36,3.26%,0,0%,McClTe00,Terrell McClain,kan
"DT,NT",0,0%,599,54.21%,54,12.80%,NnadDe00,Derrick Nnadi,kan
DT,0,0%,118,10.68%,1,.24%,WillXa00,Xavier Williams,kan
DT,0,0%,87,7.87%,1,.24%,IvieJo00,Joey Ivie,kan
NT,0,0%,154,13.94%,8,1.90%,PennMi00,Mike Pennel,kan
LB,0,0%,700,63.35%,46,10.90%,HitcAn00,Anthony Hitchens,kan
LB,0,0%,709,64.16%,3,.71%,WilsDa02,Damien Wilson,kan
LB,0,0%,6,.54%,291,68.96%,ODanDo00,Dorian O'Daniel,kan
LB,0,0%,401,36.29%,280,66.35%,NiemBe00,Ben Niemann,kan
LB,0,0%,160,14.48%,241,57.11%,LeexDa00,Darron Lee,kan
LB,0,0%,52,4.71%,0,0%,SuggTe99,Terrell Suggs,kan
LB,0,0%,235,21.27%,36,8.53%,RaglRe00,Reggie Ragland,kan
CB,0,0%,1048,94.84%,109,25.83%,WardCh01,Charvarius Ward,kan
CB,0,0%,912,82.53%,2,.47%,BreeBa00,Bashaud Breeland,kan
CB,0,0%,498,45.07%,8,1.90%,FullKe00,Kendall Fuller,kan
CB,0,0%,198,17.92%,4,.95%,ClaiMo00,Morris Claiborne,kan
CB,0,0%,0,0%,16,3.79%,SmitTr04,Tremon Smith,kan
CB,0,0%,165,14.93%,130,30.81%,FentRa00,Rashad Fenton,kan
CB,0,0%,9,.81%,24,5.69%,BrowAl02,Alex Brown,kan
SS,0,0%,1080,97.74%,0,0%,MathTy00,Tyrann Mathieu,kan
SS,0,0%,74,6.70%,280,66.35%,WattAr00,Armani Watts,kan
SS,0,0%,42,3.80%,266,63.03%,LucaJo00,Jordan Lucas,kan
FS,0,0%,996,90.14%,48,11.37%,ThorJu00,Juan Thornhill,kan
FS,0,0%,563,50.95%,283,67.06%,SoreDa01,Daniel Sorensen,kan
LS,0,0%,0,0%,138,32.70%,WincJa00,James Winchester,kan
K,0,0%,0,0%,186,44.08%,ButkHa00,Harrison Butker,kan
P,0,0%,0,0%,138,32.70%,ColqDu20,Dustin Colquitt,kan
QB,996,97.55%,0,0%,0,0%,CarrDe02,Derek Carr,rai
QB,23,2.25%,0,0%,0,0%,GlenMi00,Mike Glennon,rai
RB,460,45.05%,0,0%,0,0%,JacoJo01,Josh Jacobs,rai
RB,271,26.54%,0,0%,82,19.16%,WashDe00,DeAndre Washington,rai
RB,298,29.19%,0,0%,40,9.35%,RichJa01,Jalen Richard,rai
RB,1,.10%,0,0%,32,7.48%,SmitRo06,Rod Smith,rai
FB,208,20.37%,0,0%,202,47.20%,IngoAl01,Alec Ingold,rai
WR,727,71.20%,0,0%,3,.70%,WillTy00,Tyrell Williams,rai
WR,185,18.12%,0,0%,68,15.89%,DaviTr03,Trevor Davis,rai
WR,88,8.62%,0,0%,0,0%,GranRy01,Ryan Grant,rai
WR,141,13.81%,0,0%,20,4.67%,AtemMa00,Marcell Ateman,rai
WR,461,45.15%,0,0%,0,0%,JoneZa00,Zay Jones,rai
WR,5,.49%,0,0%,42,9.81%,HarrDw00,Dwayne Harris,rai
WR,435,42.61%,0,0%,16,3.74%,RenfHu00,Hunter Renfrow,rai
WR,43,4.21%,0,0%,2,.47%,GaffRi00,Rico Gafford,rai
WR,52,5.09%,0,0%,0,0%,NelsJJ00,JJ Nelson,rai
WR,181,17.73%,0,0%,1,.23%,DossKe00,Keelan Doss,rai
TE,922,90.30%,0,0%,4,.93%,WallDa01,Darren Waller,rai
TE,371,36.34%,0,0%,205,47.90%,MoreFo00,Foster Moreau,rai
TE,44,4.31%,0,0%,24,5.61%,TomlEr01,Eric Tomlinson,rai
TE,177,17.34%,0,0%,344,80.37%,CarrDe00,Derek Carrier,rai
T,1019,99.80%,0,0%,63,14.72%,MillKo00,Kolton Miller,rai
T,581,56.90%,0,0%,34,7.94%,BrowTr02,Trent Brown,rai
T,268,26.25%,0,0%,40,9.35%,SharDa02,David Sharpe,rai
T,193,18.90%,0,0%,38,8.88%,ParkBr01,Brandon Parker,rai
T,116,11.36%,0,0%,32,7.48%,JameAn01,Andre James,rai
G,707,69.25%,0,0%,39,9.11%,JackGa00,Gabe Jackson,rai
G,766,75.02%,0,0%,49,11.45%,IncoRi20,Richie Incognito,rai
G,338,33.10%,0,0%,63,14.72%,GoodDe01,Denzelle Good,rai
G,0,0%,0,0%,1,.23%,CottLe00,Lester Cotton,rai
C,228,22.33%,0,0%,13,3.04%,DeveJo00,Jordan Devey,rai
C,904,88.54%,0,0%,0,0%,HudsRo00,Rodney Hudson,rai
C,0,0%,0,0%,6,1.40%,MagnEr00,Erik Magnuson,rai
DE,0,0%,648,62.07%,68,15.89%,FerrCl00,Clelin Ferrell,rai
DE,0,0%,750,71.84%,155,36.21%,CrosMa00,Maxx Crosby,rai
DE,0,0%,179,17.15%,17,3.97%,KeyxAr00,Arden Key,rai
DE,0,0%,282,27.01%,27,6.31%,MaurJo00,Josh Mauro,rai
DE,0,0%,302,28.93%,10,2.34%,MayoBe00,Benson Mayowa,rai
DE,0,0%,173,16.57%,57,13.32%,JordDi00,Dion Jordan,rai
DT,0,0%,670,64.18%,78,18.22%,HankJo00,Johnathan Hankins,rai
DT,0,0%,522,50.00%,85,19.86%,HursMa00,Maurice Hurst Jr.,rai
DT,0,0%,551,52.78%,3,.70%,HallP.00,P.J. Hall,rai
DT,0,0%,46,4.41%,0,0%,LiugCo00,Corey Liuget,rai
DT,0,0%,25,2.39%,0,0%,McClTe00,Terrell McClain,rai
LB,0,0%,191,18.30%,17,3.97%,BurfVo00,Vontaze Burfict,rai
LB,0,0%,941,90.13%,60,14.02%,WhitTa00,Tahir Whitehead,rai
LB,0,0%,728,69.73%,206,48.13%,MorrNi00,Nicholas Morrow,rai
LB,0,0%,245,23.47%,108,25.23%,CompWi00,William Compton,rai
LB,0,0%,70,6.70%,74,17.29%,LeexMa01,Marquel Lee,rai
LB,0,0%,66,6.32%,304,71.03%,WilbKy00,Kyle Wilber,rai
LB,0,0%,17,1.63%,0,0%,BrowPr00,Preston Brown,rai
LB,0,0%,14,1.34%,53,12.38%,PhilJu00,Justin Phillips,rai
LB,0,0%,0,0%,20,4.67%,AlleDa01,Dakota Allen,rai
LB,0,0%,0,0%,5,1.17%,PoliQu00,Quentin Poling,rai
CB,0,0%,939,89.94%,98,22.90%,WorlDa00,Daryl Worley,rai
CB,0,0%,356,34.10%,6,1.40%,ConlGa00,Gareon Conley,rai
CB,0,0%,300,28.74%,190,44.39%,LawsNe00,Nevin Lawson,rai
CB,0,0%,675,64.66%,75,17.52%,MullTr00,Trayvon Mullen,rai
CB,0,0%,1,.10%,22,5.14%,NelsNi00,Nick Nelson,rai
CB,0,0%,14,1.34%,63,14.72%,JohnIs02,Isaiah Johnson,rai
SS,0,0%,575,55.08%,92,21.50%,JoseKa00,Karl Joseph,rai
SS,0,0%,170,16.28%,0,0%,SweaDJ00,D.J. Swearinger,rai
SS,0,0%,900,86.21%,205,47.90%,HarrEr00,Erik Harris,rai
SS,0,0%,32,3.07%,261,60.98%,LeavDa00,Dallin Leavitt,rai
FS,0,0%,706,67.62%,0,0%,JoynLa00,Lamarcus Joyner,rai
FS,0,0%,48,4.60%,4,.93%,AbraJo01,Johnathan Abram,rai
FS,0,0%,275,26.34%,262,61.21%,RileCu00,Curtis Riley,rai
"CB,DB",0,0%,38,3.64%,258,60.28%,NixoKe00,Keisean Nixon,rai
LS,0,0%,0,0%,134,31.31%,SiegTr00,Trent Sieg,rai
K,0,0%,0,0%,134,31.31%,CarlDa00,Daniel Carlson,rai
P,0,0%,0,0%,134,31.31%,ColeAJ01,AJ Cole III,rai
QB,1030,97.54%,0,0%,0,0%,RivePh00,Philip Rivers,sdg
QB,31,2.94%,0,0%,20,4.87%,TaylTy00,Tyrod Taylor,sdg
RB,599,56.72%,0,0%,4,.97%,EkelAu00,Austin Ekeler,sdg
RB,427,40.44%,0,0%,0,0%,GordMe00,Melvin Gordon,sdg
RB,93,8.81%,0,0%,51,12.41%,JackJu01,Justin Jackson,sdg
RB,29,2.75%,0,0%,190,46.23%,PopeTr00,Troymaine Pope,sdg
FB,122,11.55%,0,0%,326,79.32%,WattDe00,Derek Watt,sdg
WR,931,88.16%,0,0%,2,.49%,AlleKe00,Keenan Allen,sdg
WR,839,79.45%,0,0%,2,.49%,WillMi07,Mike Williams,sdg
WR,189,17.90%,0,0%,0,0%,BenjTr00,Travis Benjamin,sdg
WR,136,12.88%,0,0%,0,0%,InmaDo00,Dontrelle Inman,sdg
WR,75,7.10%,0,0%,91,22.14%,MoorJa02,Jason Moore,sdg
WR,83,7.86%,0,0%,98,23.84%,DaviGe00,Geremy Davis,sdg
WR,18,1.70%,0,0%,12,2.92%,GuytJa01,Jalen Guyton,sdg
WR,506,47.92%,0,0%,67,16.30%,PattAn00,Andre Patton,sdg
TE,614,58.14%,0,0%,2,.49%,HenrHu00,Hunter Henry,sdg
TE,378,35.80%,0,0%,54,13.14%,GreeVi00,Virgil Green,sdg
TE,92,8.71%,0,0%,32,7.79%,KendLa00,Lance Kendricks,sdg
TE,99,9.38%,0,0%,35,8.52%,CulkSe00,Sean Culkin,sdg
TE,0,0%,0,0%,5,1.22%,AndeSt01,Stephen Anderson,sdg
T,782,74.05%,0,0%,58,14.11%,TeviSa00,Sam Tevi,sdg
T,827,78.31%,0,0%,73,17.76%,ScotTr01,Trenton Scott,sdg
T,256,24.24%,0,0%,20,4.87%,OkunRu20,Russell Okung,sdg
T,251,23.77%,0,0%,59,14.36%,PipkTr00,Trey Pipkins,sdg
G,1031,97.63%,0,0%,73,17.76%,FeenDa00,Dan Feeney,sdg
G,1056,100.00%,0,0%,73,17.76%,SchoMi00,Michael Schofield,sdg
G,157,14.87%,0,0%,0,0%,LampFo00,Forrest Lamp,sdg
G,36,3.41%,0,0%,37,9.00%,GroyRy00,Ryan Groy,sdg
C,305,28.88%,0,0%,2,.49%,PounMi00,Mike Pouncey,sdg
C,624,59.09%,0,0%,112,27.25%,QuesSc00,Scott Quessenberry,sdg
DE,0,0%,668,68.80%,12,2.92%,IngrMe00,Melvin Ingram,sdg
DE,0,0%,836,86.10%,12,2.92%,BosaJo00,Joey Bosa,sdg
DE,0,0%,273,28.12%,191,46.47%,RochIs00,Isaac Rochell,sdg
DE,0,0%,0,0%,3,.73%,PeacCh00,Chris Peace,sdg
DT,0,0%,504,51.91%,59,14.36%,JoneJu03,Justin Jones,sdg
DT,0,0%,63,6.49%,19,4.62%,WillSy00,Sylvester Williams,sdg
DT,0,0%,353,36.35%,83,20.19%,TillJe00,Jerry Tillery,sdg
DT,0,0%,20,2.06%,1,.24%,McGiT.00,T.Y. McGill,sdg
DT,0,0%,21,2.16%,4,.97%,BrouCo00,Cortez Broughton,sdg
NT,0,0%,408,42.02%,2,.49%,MebaBr99,Brandon Mebane,sdg
NT,0,0%,402,41.40%,82,19.95%,SquaDa00,Damion Square,sdg
LB,0,0%,805,82.90%,11,2.68%,DaviTh20,Thomas Davis,sdg
LB,0,0%,372,38.31%,16,3.89%,WhitKy00,Kyzir White,sdg
LB,0,0%,362,37.28%,239,58.15%,NwosUc00,Uchenna Nwosu,sdg
LB,0,0%,0,0%,332,80.78%,DzubNi00,Nick Dzubnar,sdg
LB,0,0%,380,39.13%,228,55.47%,TranDr00,Drue Tranquill,sdg
LB,0,0%,92,9.47%,210,51.09%,BrowJa05,Jatavis Brown,sdg
LB,0,0%,21,2.16%,180,43.80%,EgbuEm00,Emeke Egbule,sdg
LB,0,0%,358,36.87%,11,2.68%,PerrDe00,Denzel Perryman,sdg
CB,0,0%,327,33.68%,242,58.88%,FacyBr00,Brandon Facyson,sdg
CB,0,0%,944,97.22%,8,1.95%,HaywCa00,Casey Hayward,sdg
CB,0,0%,582,59.94%,200,48.66%,KingDe01,Desmond King,sdg
CB,0,0%,377,38.83%,40,9.73%,TeamRo00,Roderic Teamer,sdg
CB,0,0%,659,67.87%,61,14.84%,DaviMi03,Michael Davis,sdg
CB,0,0%,0,0%,28,6.81%,JohnDo02,Dontae Johnson,sdg
SS,0,0%,281,28.94%,97,23.60%,PhilAd00,Adrian Phillips,sdg
SS,0,0%,299,30.79%,128,31.14%,WatkJa01,Jaylen Watkins,sdg
SS,0,0%,1,.10%,39,9.49%,LuanSh00,Shalom Luani,sdg
FS,0,0%,964,99.28%,117,28.47%,JenkRa00,Rayshawn Jenkins,sdg
FS,0,0%,299,30.79%,2,.49%,JameDe00,Derwin James,sdg
FS,0,0%,10,1.03%,51,12.41%,AddeNa00,Nasir Adderley,sdg
LS,0,0%,0,0%,125,30.41%,MazzCo01,Cole Mazza,sdg
K,0,0%,0,0%,47,11.44%,BadgMi00,Michael Badgley,sdg
K,0,0%,0,0%,34,8.27%,McLaCh00,Chase McLaughlin,sdg
P,0,0%,0,0%,172,41.85%,LongTy00,Ty Long,sdg
QB,1096,98.74%,0,0%,0,0%,GoffJa00,Jared Goff,ram
QB,11,.99%,0,0%,0,0%,BortBl00,Blake Bortles,ram
RB,787,70.90%,0,0%,0,0%,GurlTo01,Todd Gurley,ram
RB,222,20.00%,0,0%,170,36.88%,BrowMa03,Malcolm Brown,ram
RB,3,.27%,0,0%,50,10.85%,KellJo00,John Kelly,ram
RB,93,8.38%,0,0%,36,7.81%,HendDa00,Darrell Henderson,ram
WR,986,88.83%,0,0%,2,.43%,WoodRo02,Robert Woods,ram
WR,701,63.15%,0,0%,1,.22%,CookBr00,Brandin Cooks,ram
WR,884,79.64%,0,0%,2,.43%,KuppCo00,Cooper Kupp,ram
WR,480,43.24%,0,0%,54,11.71%,ReynJo00,Josh Reynolds,ram
WR,34,3.06%,0,0%,213,46.20%,ThomMi04,Mike Thomas,ram
WR,0,0%,0,0%,48,10.41%,WebsNs00,Nsimba Webster,ram
WR,0,0%,0,0%,122,26.46%,NatsJo00,Jojo Natson,ram
TE,696,62.70%,0,0%,41,8.89%,HigbTy00,Tyler Higbee,ram
TE,440,39.64%,0,0%,3,.65%,EverGe00,Gerald Everett,ram
TE,211,19.01%,0,0%,154,33.41%,MundJo00,Johnny Mundt,ram
TE,0,0%,0,0%,4,.87%,BlanKe01,Kendall Blanton,ram
T,1098,98.92%,0,0%,77,16.70%,WhitAn20,Andrew Whitworth,ram
T,617,55.59%,0,0%,47,10.20%,HaveRo00,Rob Havenstein,ram
T,473,42.61%,0,0%,43,9.33%,EvanBo00,Bobby Evans,ram
T,690,62.16%,0,0%,78,16.92%,EdwaDa01,David Edwards,ram
T,17,1.53%,0,0%,31,6.72%,BrewCh01,Chandler Brewer,ram
G,376,33.87%,0,0%,31,6.72%,NoteJo00,Joseph Noteboom,ram
G,997,89.82%,0,0%,69,14.97%,BlytAu00,Austin Blythe,ram
G,146,13.15%,0,0%,31,6.72%,DembJa00,Jamil Demby,ram
C,563,50.72%,0,0%,5,1.08%,AlleBr02,Brian Allen,ram
C,541,48.74%,0,0%,34,7.38%,CorbAu00,Austin Corbett,ram
C,23,2.07%,0,0%,52,11.28%,ShelCo00,Coleman Shelton,ram
DE,0,0%,766,69.13%,91,19.74%,BrocMi00,Michael Brockers,ram
DE,0,0%,353,31.86%,63,13.67%,FoxxMo00,Morgan Fox,ram
DT,0,0%,926,83.57%,76,16.49%,DonaAa00,Aaron Donald,ram
DT,0,0%,171,15.43%,12,2.60%,SmarTa00,Tanzel Smart,ram
DT,0,0%,183,16.52%,11,2.39%,GainGr00,Greg Gaines,ram
NT,0,0%,481,43.41%,84,18.22%,JoseSe00,Sebastian Joseph-Day,ram
LB,0,0%,1039,93.77%,105,22.78%,LittCo01,Cory Littleton,ram
LB,0,0%,880,79.42%,50,10.85%,FowlDa00,Dante Fowler,ram
LB,0,0%,565,50.99%,163,35.36%,EbukSa00,Samson Ebukam,ram
LB,0,0%,614,55.42%,3,.65%,MattCl99,Clay Matthews,ram
LB,0,0%,71,6.41%,76,16.49%,HageBr00,Bryce Hager,ram
LB,0,0%,102,9.21%,329,71.37%,HowaTr00,Travin Howard,ram
LB,0,0%,16,1.44%,195,42.30%,PatrNa00,Natrez Patrick,ram
LB,0,0%,298,26.90%,309,67.03%,ReedTr01,Troy Reeder,ram
LB,0,0%,0,0%,154,33.41%,YounKe03,Kenny Young,ram
LB,0,0%,115,10.38%,146,31.67%,OkorOg00,Ogbonnia Okoronkwo,ram
CB,0,0%,334,30.14%,0,0%,TaliAq99,Aqib Talib,ram
CB,0,0%,410,37.00%,0,0%,PeteMa00,Marcus Peters,ram
CB,0,0%,708,63.90%,73,15.84%,RobeNi00,Nickell Robey-Coleman,ram
CB,0,0%,572,51.62%,8,1.74%,RamsJa00,Jalen Ramsey,ram
CB,0,0%,538,48.56%,157,34.06%,HillTr01,Troy Hill,ram
CB,0,0%,109,9.84%,139,30.15%,LongDa02,David Long,ram
CB,0,0%,221,19.95%,209,45.34%,WillDa09,Darious Williams,ram
CB,0,0%,43,3.88%,44,9.54%,DeayDo01,Donte Deayon,ram
SS,0,0%,395,35.65%,19,4.12%,JohnJo10,John Johnson,ram
SS,0,0%,823,74.28%,61,13.23%,RappTa00,Taylor Rapp,ram
SS,0,0%,13,1.17%,25,5.42%,GervJa00,Jake Gervase,ram
FS,0,0%,371,33.48%,373,80.91%,ChriMa00,Marqui Christian,ram
FS,0,0%,15,1.35%,378,82.00%,ScotNi01,Nick Scott,ram
FS,0,0%,1031,93.05%,2,.43%,WeddEr99,Eric Weddle,ram
LS,1,.09%,0,0%,156,33.84%,McQuJa00,Jake McQuaide,ram
K,1,.09%,0,0%,161,34.92%,ZuerGr00,Greg Zuerlein,ram
P,1,.09%,0,0%,158,34.27%,HekkJo00,Johnny Hekker,ram
QB,1107,99.82%,0,0%,0,0%,WilsRu00,Russell Wilson,sea
RB,723,65.19%,0,0%,0,0%,CarsCh00,Chris Carson,sea
RB,23,2.07%,0,0%,0,0%,LyncMa00,Marshawn Lynch,sea
RB,150,13.53%,0,0%,8,1.75%,PennRa00,Rashaad Penny,sea
RB,84,7.57%,0,0%,215,47.05%,HomeTr00,Travis Homer,sea
RB,0,0%,0,0%,8,1.75%,TurbRo00,Robert Turbin,sea
RB,123,11.09%,0,0%,24,5.25%,ProsC.00,C.J. Prosise,sea
FB,29,2.61%,0,0%,267,58.42%,BellNi01,Nick Bellore,sea
WR,994,89.63%,0,0%,97,21.23%,LockTy00,Tyler Lockett,sea
WR,373,33.63%,0,0%,89,19.47%,BrowJa03,Jaron Brown,sea
WR,927,83.59%,0,0%,7,1.53%,MetcDK00,D.K. Metcalf,sea
WR,136,12.26%,0,0%,0,0%,GordJo02,Josh Gordon,sea
WR,242,21.82%,0,0%,170,37.20%,TurnMa00,Malik Turner,sea
WR,312,28.13%,0,0%,113,24.73%,MoorDa03,David Moore,sea
WR,11,.99%,0,0%,0,0%,UrsuJo00,John Ursua,sea
TE,514,46.35%,0,0%,183,40.04%,HollJa03,Jacob Hollister,sea
TE,82,7.39%,0,0%,35,7.66%,VannNi00,Nick Vannett,sea
TE,249,22.45%,0,0%,71,15.54%,DissWi00,Will Dissly,sea
TE,243,21.91%,0,0%,110,24.07%,WillLu00,Luke Willson,sea
TE,80,7.21%,0,0%,14,3.06%,SwooTy00,Tyrone Swoopes,sea
T,793,71.51%,0,0%,11,2.41%,BrowDu20,Duane Brown,sea
T,1107,99.82%,0,0%,74,16.19%,IfedGe00,Germain Ifedi,sea
T,472,42.56%,0,0%,74,16.19%,FantGe00,George Fant,sea
T,317,28.58%,0,0%,64,14.00%,JoneJa08,Jamarco Jones,sea
G,863,77.82%,0,0%,47,10.28%,FlukDJ00,D.J. Fluker,sea
G,0,0%,0,0%,31,6.78%,RoosJo00,Jordan Roos,sea
G,1015,91.52%,0,0%,63,13.79%,IupaMi20,Mike Iupati,sea
C,91,8.21%,0,0%,16,3.50%,PociEt00,Ethan Pocic,sea
C,504,45.45%,0,0%,32,7.00%,BritJu00,Justin Britt,sea
C,613,55.28%,0,0%,33,7.22%,HuntJo00,Joey Hunt,sea
DE,0,0%,546,50.93%,79,17.29%,GreeRa01,Rasheem Green,sea
DE,0,0%,605,56.44%,32,7.00%,ClowJa00,Jadeveon Clowney,sea
DE,0,0%,418,38.99%,96,21.01%,JackBr04,Branden Jackson,sea
DE,0,0%,338,31.53%,5,1.09%,AnsaEz00,Ezekiel Ansah,sea
DE,0,0%,152,14.18%,1,.22%,CollLJ00,L.J. Collier,sea
DT,0,0%,479,44.68%,47,10.28%,ReedJa02,Jarran Reed,sea
DT,0,0%,589,54.94%,66,14.44%,JeffQu00,Quinton Jefferson,sea
DT,0,0%,450,41.98%,31,6.78%,WoodAl99,Al Woods,sea
NT,0,0%,506,47.20%,48,10.50%,FordPo00,Poona Ford,sea
NT,0,0%,89,8.30%,1,.22%,MoneBr00,Bryan Mone,sea
LB,0,0%,1054,98.32%,83,18.16%,WagnBo00,Bobby Wagner,sea
LB,0,0%,997,93.00%,86,18.82%,WrigK.00,K.J. Wright,sea
LB,0,0%,649,60.54%,54,11.82%,KendMy00,Mychal Kendricks,sea
LB,0,0%,96,8.96%,216,47.26%,GrifSh01,Shaquem Griffin,sea
LB,0,0%,151,14.09%,317,69.37%,BartCo00,Cody Barton,sea
LB,0,0%,4,.37%,306,66.96%,BurrBe00,Ben Burr-Kirven,sea
LB,0,0%,0,0%,4,.88%,WatsDe99,Dekoda Watson,sea
CB,0,0%,978,91.23%,95,20.79%,FlowTr01,Tre Flowers,sea
CB,0,0%,917,85.54%,69,15.10%,GrifSh00,Shaquill Griffin,sea
CB,0,0%,194,18.10%,61,13.35%,TaylJa01,Jamar Taylor,sea
CB,0,0%,267,24.91%,167,36.54%,KingAk00,Akeem King,sea
CB,0,0%,0,0%,38,8.32%,NealRy00,Ryan Neal,sea
CB,0,0%,22,2.05%,124,27.13%,ThorNe00,Neiko Thorpe,sea
SS,0,0%,313,29.20%,2,.44%,DiggQu00,Quandre Diggs,sea
SS,0,0%,941,87.78%,72,15.75%,McDoBr01,Bradley McDougald,sea
SS,0,0%,300,27.99%,165,36.11%,HillDe02,Lano Hill,sea
FS,0,0%,387,36.10%,54,11.82%,ThomTe00,Tedric Thompson,sea
FS,0,0%,76,7.09%,246,53.83%,AmadUg00,Ugo Amadi,sea
FS,0,0%,230,21.46%,213,46.61%,BlaiMa01,Marquise Blair,sea
LS,0,0%,0,0%,155,33.92%,OttxTy00,Tyler Ott,sea
K,0,0%,0,0%,159,34.79%,MyerJa00,Jason Myers,sea
P,0,0%,0,0%,155,33.92%,DickMi00,Michael Dickson,sea
QB,1056,99.34%,0,0%,0,0%,GaroJi00,Jimmy Garoppolo,sfo
QB,7,.66%,0,0%,0,0%,MullNi00,Nick Mullens,sfo
RB,255,23.99%,0,0%,47,10.71%,BreiMa00,Matt Breida,sfo
RB,362,34.05%,0,0%,201,45.79%,MostRa00,Raheem Mostert,sfo
RB,60,5.64%,0,0%,97,22.10%,WilsJe01,Jeff Wilson,sfo
RB,381,35.84%,0,0%,6,1.37%,ColeTe01,Tevin Coleman,sfo
FB,389,36.59%,0,0%,39,8.88%,JuszKy00,Kyle Juszczyk,sfo
WR,709,66.70%,0,0%,1,.23%,SamuDe00,Deebo Samuel,sfo
WR,487,45.81%,0,0%,0,0%,SandEm00,Emmanuel Sanders,sfo
WR,270,25.40%,0,0%,6,1.37%,GoodMa00,Marquise Goodwin,sfo
WR,204,19.19%,0,0%,200,45.56%,JameRi00,Richie James,sfo
WR,465,43.74%,0,0%,148,33.71%,BourKe00,Kendrick Bourne,sfo
WR,3,.28%,0,0%,0,0%,MattJo00,Jordan Matthews,sfo
WR,313,29.44%,0,0%,3,.68%,PettDa00,Dante Pettis,sfo
TE,804,75.63%,0,0%,2,.46%,KittGe00,George Kittle,sfo
TE,360,33.87%,0,0%,143,32.57%,DwelRo00,Ross Dwelley,sfo
TE,60,5.64%,0,0%,60,13.67%,CeleGa00,Garrett Celek,sfo
TE,191,17.97%,0,0%,75,17.08%,ToilLe00,Levine Toilolo,sfo
T,780,73.38%,0,0%,71,16.17%,McGlMi00,Mike McGlinchey,sfo
T,434,40.83%,0,0%,22,5.01%,StalJo20,Joe Staley,sfo
T,10,.94%,0,0%,22,5.01%,YounSa21,Sam Young,sfo
T,545,51.27%,0,0%,74,16.86%,SkulJu00,Justin Skule,sfo
G,1063,100.00%,0,0%,93,21.18%,TomlLa01,Laken Tomlinson,sfo
G,939,88.33%,0,0%,72,16.40%,PersMi00,Michael Person,sfo
G,476,44.78%,0,0%,45,10.25%,BrunDa00,Daniel Brunskill,sfo
C,837,78.74%,0,0%,72,16.40%,RichWe00,Weston Richburg,sfo
C,236,22.20%,0,0%,24,5.47%,GarlBe00,Ben Garland,sfo
DE,1,.09%,776,75.41%,158,35.99%,ArmsAr01,Arik Armstead,sfo
DE,0,0%,777,75.51%,13,2.96%,BosaNi00,Nick Bosa,sfo
DE,0,0%,55,5.34%,10,2.28%,MoorDa01,Damontre Moore,sfo
DE,0,0%,199,19.34%,15,3.42%,BlaiRo00,Ronald Blair,sfo
DE,0,0%,424,41.21%,64,14.58%,ThomSo00,Solomon Thomas,sfo
DE,0,0%,38,3.69%,2,.46%,StreKe00,Kentavius Street,sfo
DE,0,0%,44,4.28%,2,.46%,ValoJe00,Jeremiah Valoaga,sfo
DT,1,.09%,810,78.72%,158,35.99%,BuckDe00,DeForest Buckner,sfo
DT,1,.09%,304,29.54%,80,18.22%,JoneD.01,D.J. Jones,sfo
DT,0,0%,29,2.82%,1,.23%,ZettAn00,Anthony Zettel,sfo
DT,1,.09%,326,31.68%,37,8.43%,DayxSh00,Sheldon Day,sfo
DT,0,0%,10,.97%,0,0%,GiveKe01,Kevin Givens,sfo
DT,0,0%,102,9.91%,0,0%,TaylJu00,Jullian Taylor,sfo
LB,0,0%,985,95.72%,27,6.15%,WarnFr00,Fred Warner,sfo
LB,0,0%,725,70.46%,179,40.77%,GreeDr00,Dre Greenlaw,sfo
LB,0,0%,226,21.96%,7,1.59%,FordDe00,Dee Ford,sfo
LB,0,0%,29,2.82%,336,76.54%,NzeoMa00,Mark Nzeocha,sfo
LB,0,0%,41,3.98%,179,40.77%,LeexEl00,Elijah Lee,sfo
LB,0,0%,357,34.69%,6,1.37%,AlexKw00,Kwon Alexander,sfo
LB,0,0%,174,16.91%,239,54.44%,AlShAz00,Azeez Al-Shaair,sfo
CB,0,0%,233,22.64%,313,71.30%,MoorTa00,Tarvarius Moore,sfo
CB,0,0%,563,54.71%,35,7.97%,WithAh00,Ahkello Witherspoon,sfo
CB,0,0%,896,87.07%,1,.23%,SherRi00,Richard Sherman,sfo
CB,0,0%,576,55.98%,180,41.00%,MoseEm00,Emmanuel Moseley,sfo
CB,0,0%,603,58.60%,16,3.64%,WillKW00,K'Waun Williams,sfo
CB,0,0%,20,1.94%,138,31.44%,JohnDo02,Dontae Johnson,sfo
CB,0,0%,4,.39%,10,2.28%,VerrJa00,Jason Verrett,sfo
SS,0,0%,674,65.50%,83,18.91%,TartJa00,Jaquiski Tartt,sfo
SS,0,0%,340,33.04%,192,43.74%,HarrMa03,Marcell Harris,sfo
SS,0,0%,15,1.46%,109,24.83%,ExumAn00,Antone Exum,sfo
FS,0,0%,806,78.33%,130,29.61%,WardJi01,Jimmie Ward,sfo
FS,0,0%,125,12.15%,164,37.36%,ReedD.00,D.J. Reed,sfo
LS,1,.09%,0,0%,30,6.83%,SanbGa00,Garrison Sanborn,sfo
LS,0,0%,0,0%,93,21.18%,NelsKy00,Kyle Nelson,sfo
LS,0,0%,0,0%,18,4.10%,HolbCo00,Colin Holba,sfo
LS,0,0%,0,0%,7,1.59%,CondJo20,Jon Condo,sfo
K,1,.09%,0,0%,78,17.77%,gouldrob01,Robbie Gould,sfo
K,0,0%,0,0%,17,3.87%,McLaCh00,Chase McLaughlin,sfo
P,1,.09%,0,0%,244,55.58%,WishMi00,Mitch Wishnowsky,sfo
QB,1128,98.95%,0,0%,0,0%,WinsJa00,Jameis Winston,tam
QB,10,.88%,0,0%,0,0%,GrifRy01,Ryan Griffin,tam
RB,361,31.67%,1,.09%,318,65.43%,OgunDa00,Dare Ogunbowale,tam
RB,339,29.74%,0,0%,0,0%,BarbPe01,Peyton Barber,tam
RB,415,36.40%,0,0%,6,1.23%,JoneRo01,Ronald Jones II,tam
RB,23,2.02%,1,.09%,205,42.18%,LogaT.00,T.J. Logan,tam
WR,937,82.19%,0,0%,1,.21%,GodwCh00,Chris Godwin,tam
WR,792,69.47%,0,0%,1,.21%,EvanMi00,Mike Evans,tam
WR,645,56.58%,0,0%,1,.21%,PerrBr02,Breshad Perriman,tam
WR,26,2.28%,0,0%,12,2.47%,MickJa01,Jaydon Mickens,tam
WR,97,8.51%,0,0%,48,9.88%,WilsJe00,Bobo Wilson,tam
WR,230,20.18%,1,.09%,280,57.61%,WatsJu01,Justin Watson,tam
WR,59,5.18%,0,0%,0,0%,HymaIs00,Ishmael Hyman,tam
WR,1,.09%,0,0%,11,2.26%,SchnSp00,Spencer Schnell,tam
WR,3,.26%,0,0%,6,1.23%,McElCo00,Codey McElroy,tam
WR,7,.61%,0,0%,0,0%,GrayCy01,Cyril Grayson,tam
WR,176,15.44%,0,0%,3,.62%,MillSc01,Scott Miller,tam
TE,782,68.60%,0,0%,78,16.05%,HowaO.00,O.J. Howard,tam
TE,431,37.81%,0,0%,49,10.08%,BratCa00,Cameron Brate,tam
TE,172,15.09%,1,.09%,134,27.57%,AuclAn00,Antony Auclair,tam
TE,103,9.04%,0,0%,53,10.91%,HudsTa00,Tanner Hudson,tam
T,1056,92.63%,0,0%,77,15.84%,SmitDo02,Donovan Smith,tam
T,1044,91.58%,0,0%,0,0%,DotsDe00,Demar Dotson,tam
T,0,0%,0,0%,4,.82%,BeneCa00,Caleb Benenoch,tam
T,3,.26%,0,0%,0,0%,HawkJe00,Jerald Hawkins,tam
T,205,17.98%,0,0%,56,11.52%,WellJo02,Josh Wells,tam
G,1140,100.00%,0,0%,87,17.90%,MarpAl00,Ali Marpet,tam
G,869,76.23%,0,0%,34,7.00%,CappAl00,Alex Cappa,tam
G,2,.18%,0,0%,10,2.06%,StinAa00,Aaron Stinnie,tam
G,328,28.77%,0,0%,83,17.08%,WatfEa00,Earl Watford,tam
C,1138,99.82%,0,0%,0,0%,JensRy00,Ryan Jensen,tam
DE,0,0%,630,55.75%,41,8.44%,NassCa00,Carl Nassib,tam
DE,0,0%,874,77.35%,17,3.50%,SuhxNd99,Ndamukong Suh,tam
DE,2,.18%,493,43.63%,172,35.39%,GholWi00,William Gholston,tam
DE,0,0%,586,51.86%,1,.21%,PierJa99,Jason Pierre-Paul,tam
DE,0,0%,3,.27%,8,1.65%,DaniKa00,Kahzin Daniels,tam
DT,0,0%,293,25.93%,81,16.67%,NuneRa00,Rakeem Nunez-Roches,tam
NT,7,.61%,749,66.28%,109,22.43%,VeaxVi00,Vita Vea,tam
NT,1,.09%,179,15.84%,137,28.19%,AlleBe00,Beau Allen,tam
LB,0,0%,826,73.10%,74,15.23%,WhitDe02,Devin White,tam
LB,0,0%,1124,99.47%,9,1.85%,DaviLa00,Lavonte David,tam
LB,0,0%,889,78.67%,66,13.58%,BarrSh00,Shaquil Barrett,tam
LB,0,0%,38,3.36%,168,34.57%,AchoSa00,Sam Acho,tam
LB,0,0%,4,.35%,190,39.09%,DawkNo00,Noah Dawkins,tam
LB,0,0%,31,2.74%,73,15.02%,BondDe00,Devante Bond,tam
LB,0,0%,8,.71%,78,16.05%,BucaDe00,Deone Bucannon,tam
LB,0,0%,1,.09%,78,16.05%,CichJa00,Jack Cichy,tam
LB,0,0%,275,24.34%,332,68.31%,MintKe00,Kevin Minter,tam
LB,0,0%,153,13.54%,114,23.46%,NelsAn01,Anthony Nelson,tam
LB,0,0%,0,0%,11,2.26%,HarrDe06,Demone Harris,tam
LB,0,0%,26,2.30%,138,28.40%,OConPa00,Pat O'Connor,tam
CB,0,0%,934,82.65%,77,15.84%,DaviCa02,Carlton Davis,tam
CB,0,0%,580,51.33%,84,17.28%,HargVe00,Vernon Hargreaves III,tam
CB,0,0%,314,27.79%,112,23.05%,StewM.00,M.J. Stewart,tam
CB,0,0%,686,60.71%,212,43.62%,BuntSe00,Sean Murphy-Bunting,tam
CB,0,0%,370,32.74%,161,33.13%,DeanJa00,Jamel Dean,tam
CB,0,0%,12,1.06%,59,12.14%,WilkMa00,Mazzi Wilkins,tam
CB,0,0%,50,4.42%,281,57.82%,SmitRy00,Ryan Smith,tam
SS,0,0%,919,81.33%,129,26.54%,WhitJo03,Jordan Whitehead,tam
FS,0,0%,170,15.04%,118,24.28%,StewDa00,Darian Stewart,tam
FS,0,0%,616,54.51%,164,33.74%,AdamAn00,Andrew Adams,tam
FS,0,0%,614,54.34%,116,23.87%,EdwaMi01,Mike Edwards,tam
DB,2,.18%,0,0%,0,0%,FranJo04,John Franklin,tam
LS,2,.18%,0,0%,150,30.86%,TrinZa00,Zach Triner,tam
K,2,.18%,0,0%,88,18.11%,GayxMa00,Matt Gay,tam
P,2,.18%,0,0%,247,50.82%,PiniBr00,Bradley Pinion,tam
QB,354,35.76%,0,0%,0,0%,MariMa01,Marcus Mariota,oti
QB,637,64.34%,0,0%,0,0%,TannRy00,Ryan Tannehill,oti
RB,589,59.49%,0,0%,0,0%,HenrDe00,Derrick Henry,oti
RB,4,.40%,0,0%,37,8.35%,FlueDa00,David Fluellen,oti
RB,366,36.97%,0,0%,3,.68%,LewiDi00,Dion Lewis,oti
RB,0,0%,0,0%,39,8.80%,SmitRo06,Rod Smith,oti
RB,19,1.92%,0,0%,0,0%,DawkDa01,Dalyn Dawkins,oti
FB,68,6.87%,0,0%,87,19.64%,BlasKh00,Khari Blasingame,oti
WR,713,72.02%,0,0%,1,.23%,DaviCo03,Corey Davis,oti
WR,431,43.54%,0,0%,1,.23%,SharTa00,Tajae Sharpe,oti
WR,375,37.88%,0,0%,47,10.61%,HumpAd00,Adam Humphries,oti
WR,678,68.48%,0,0%,0,0%,BrowAJ00,A.J. Brown,oti
WR,50,5.05%,0,0%,97,21.90%,JennDa00,Darius Jennings,oti
WR,96,9.70%,0,0%,109,24.60%,RaymKa00,Kalif Raymond,oti
WR,1,.10%,0,0%,5,1.13%,DaviRa01,Rashard Davis,oti
WR,6,.61%,0,0%,36,8.13%,HollCo00,Cody Hollister,oti
TE,439,44.34%,0,0%,235,53.05%,PruiMy00,MyCole Pruitt,oti
TE,701,70.81%,0,0%,65,14.67%,SmitJo01,Jonnu Smith,oti
TE,193,19.49%,0,0%,0,0%,WalkHu00,Delanie Walker,oti
TE,198,20.00%,0,0%,117,26.41%,FirkAn00,Anthony Firkser,oti
T,933,94.24%,0,0%,68,15.35%,ConkJa00,Jack Conklin,oti
T,352,35.56%,0,0%,71,16.03%,KellDe00,Dennis Kelly,oti
T,711,71.82%,0,0%,54,12.19%,LewaTa00,Taylor Lewan,oti
G,388,39.19%,0,0%,71,16.03%,DougJa00,Jamil Douglas,oti
G,929,93.84%,0,0%,65,14.67%,SaffRo20,Rodger Saffold,oti
G,724,73.13%,0,0%,56,12.64%,DaviNa01,Nate Davis,oti
G,7,.71%,0,0%,16,3.61%,QuesDa00,David Quessenberry,oti
G,14,1.41%,0,0%,12,2.71%,StinAa00,Aaron Stinnie,oti
C,917,92.63%,0,0%,9,2.03%,JoneBe01,Ben Jones,oti
DE,0,0%,295,26.60%,92,20.77%,GilbRe01,Reggie Gilbert,oti
DE,0,0%,195,17.58%,0,0%,WakeCa00,Cameron Wake,oti
DE,0,0%,62,5.59%,15,3.39%,UrbaBr00,Brent Urban,oti
DT,0,0%,708,63.84%,21,4.74%,CaseJu00,Jurrell Casey,oti
DT,0,0%,170,15.33%,72,16.25%,MackIs00,Isaiah Mack,oti
DT,0,0%,314,28.31%,54,12.19%,SimmJe01,Jeffery Simmons,oti
DT,0,0%,27,2.43%,16,3.61%,IvieJo00,Joey Ivie,oti
DT,0,0%,54,4.87%,11,2.48%,DickMa00,Matt Dickerson,oti
NT,0,0%,678,61.14%,92,20.77%,JoneDa04,DaQuan Jones,oti
NT,1,.10%,323,29.13%,160,36.12%,JohnAu01,Austin Johnson,oti
LB,0,0%,830,74.84%,35,7.90%,BrowJa06,Jayon Brown,oti
LB,0,0%,952,85.84%,25,5.64%,LandHa00,Harold Landry,oti
LB,0,0%,181,16.32%,108,24.38%,FincSh00,Sharif Finch,oti
LB,0,0%,951,85.75%,0,0%,EvanRa01,Rashaan Evans,oti
LB,0,0%,324,29.22%,204,46.05%,WoodWe20,Wesley Woodyard,oti
LB,3,.30%,11,.99%,291,65.69%,BateDa00,Daren Bates,oti
LB,0,0%,432,38.95%,219,49.44%,CorrKa00,Kamalei Correa,oti
LB,0,0%,2,.18%,24,5.42%,HarrNi00,Nigel Harris,oti
LB,0,0%,67,6.04%,205,46.28%,LongDa04,David Long,oti
LB,0,0%,29,2.61%,31,7.00%,RobeDe01,Derick Roberson,oti
CB,0,0%,576,51.94%,12,2.71%,JackAd00,Adoree' Jackson,oti
CB,0,0%,579,52.21%,19,4.29%,ButlMa01,Malcolm Butler,oti
CB,0,0%,1099,99.10%,24,5.42%,RyanLo00,Logan Ryan,oti
CB,0,0%,46,4.15%,17,3.84%,OrrxKa00,Kareem Orr,oti
CB,0,0%,212,19.12%,0,0%,BrocTr00,Tramaine Brock,oti
CB,0,0%,3,.27%,75,16.93%,MiltCh00,Christopher Milton,oti
CB,0,0%,333,30.03%,196,44.24%,SimsLe00,LeShaun Sims,oti
CB,0,0%,39,3.52%,164,37.02%,KaluJo00,Joshua Kalu,oti
CB,0,0%,209,18.85%,134,30.25%,SmitTy01,Tye Smith,oti
SS,0,0%,1063,95.85%,60,13.54%,VaccKe00,Kenny Vaccaro,oti
SS,0,0%,15,1.35%,366,82.62%,CruiDa00,Dane Cruikshank,oti
FS,0,0%,1099,99.10%,88,19.86%,ByarKe01,Kevin Byard,oti
FS,0,0%,332,29.94%,380,85.78%,HookAm00,Amani Hooker,oti
LS,1,.10%,0,0%,155,34.99%,BrinBe00,Beau Brinkley,oti
K,1,.10%,0,0%,42,9.48%,SantCa01,Cairo Santos,oti
K,0,0%,0,0%,20,4.51%,JoseGr00,Greg Joseph,oti
K,0,0%,0,0%,48,10.84%,SuccRy44,Ryan Succop,oti
K,0,0%,0,0%,22,4.97%,ParkCo03,Cody Parkey,oti
P,1,.10%,0,0%,155,34.99%,KernBr20,Brett Kern,oti
P,0,0%,0,0%,17,3.84%,SantRy00,Ryan Santoso,oti
QB,248,23.26%,0,0%,0,0%,MannEl00,Eli Manning,nyg
QB,816,76.55%,0,0%,0,0%,JoneDa05,Daniel Jones,nyg
QB,2,.19%,0,0%,0,0%,TannAl00,Alex Tanney,nyg
RB,728,68.29%,0,0%,1,.22%,BarkSa00,Saquon Barkley,nyg
RB,102,9.57%,0,0%,13,2.86%,HillJo03,Jon Hilliman,nyg
RB,163,15.29%,0,0%,17,3.74%,GallWa00,Wayne Gallman,nyg
RB,127,11.91%,0,0%,227,49.89%,PennEl00,Elijhaa Penny,nyg
RB,32,3.00%,0,0%,168,36.92%,AlleJa01,Javorius Allen,nyg
RB,1,.09%,0,0%,0,0%,WaltAu00,Austin Walter,nyg
WR,602,56.47%,0,0%,1,.22%,ShepSt00,Sterling Shepard,nyg
WR,369,34.62%,0,0%,43,9.45%,LatiCo00,Cody Latimer,nyg
WR,334,31.33%,0,0%,12,2.64%,FowlBe00,Bennie Fowler,nyg
WR,624,58.54%,0,0%,32,7.03%,TateGo00,Golden Tate,nyg
WR,47,4.41%,0,0%,16,3.52%,JoneT.00,T.J. Jones,nyg
WR,701,65.76%,0,0%,12,2.64%,SlayDa01,Darius Slayton,nyg
WR,51,4.78%,0,0%,33,7.25%,ScotDa02,Da'Mari Scott,nyg
WR,73,6.85%,0,0%,36,7.91%,ShepRu00,Russell Shepard,nyg
WR,64,6.00%,0,0%,282,61.98%,CoreCo00,Cody Core,nyg
TE,444,41.65%,0,0%,1,.22%,EngrEv00,Evan Engram,nyg
TE,323,30.30%,0,0%,70,15.38%,ElliRh00,Rhett Ellison,nyg
TE,72,6.75%,0,0%,92,20.22%,SimoSc00,Scott Simonson,nyg
TE,7,.66%,0,0%,40,8.79%,TomlEr01,Eric Tomlinson,nyg
TE,432,40.53%,0,0%,8,1.76%,SmitKa00,Kaden Smith,nyg
TE,10,.94%,0,0%,12,2.64%,DickGa00,Garrett Dickerson,nyg
T,1010,94.75%,0,0%,56,12.31%,SoldNa00,Nate Solder,nyg
T,869,81.52%,0,0%,48,10.55%,RemmMi00,Mike Remmers,nyg
T,56,5.25%,0,0%,0,0%,SmitEr00,Eric Smith,nyg
G,990,92.87%,0,0%,53,11.65%,ZeitKe00,Kevin Zeitler,nyg
G,1066,100.00%,0,0%,58,12.75%,HernWi00,Will Hernandez,nyg
G,289,27.11%,0,0%,58,12.75%,GateNi00,Nick Gates,nyg
C,95,8.91%,0,0%,7,1.54%,PullSp00,Spencer Pulley,nyg
C,979,91.84%,0,0%,5,1.10%,HalaJo00,Jon Halapio,nyg
C,0,0%,0,0%,3,.66%,BrowEv00,Evan Brown,nyg
DE,0,0%,916,82.45%,21,4.62%,GoldMa00,Markus Golden,nyg
DE,0,0%,486,43.74%,104,22.86%,HillB.00,B.J. Hill,nyg
DE,0,0%,701,63.10%,163,35.82%,LawrDe03,Dexter Lawrence,nyg
DE,0,0%,172,15.48%,2,.44%,PierOl00,Olsen Pierre,nyg
DE,0,0%,114,10.26%,29,6.37%,McInR.00,R.J. McIntosh,nyg
DE,0,0%,2,.18%,18,3.96%,PeacCh00,Chris Peace,nyg
DT,0,0%,361,32.49%,45,9.89%,WillLe02,Leonard Williams,nyg
NT,0,0%,595,53.56%,163,35.82%,TomlDa00,Dalvin Tomlinson,nyg
LB,0,0%,850,76.51%,2,.44%,OgleAl00,Alec Ogletree,nyg
LB,0,0%,723,65.08%,88,19.34%,CartLo01,Lorenzo Carter,nyg
LB,0,0%,187,16.83%,30,6.59%,ConnRy00,Ryan Connelly,nyg
LB,0,0%,502,45.18%,300,65.93%,XimiOs00,Oshane Ximines,nyg
LB,0,0%,59,5.31%,59,12.97%,DaviTa00,Tae Davis,nyg
LB,0,0%,22,1.98%,214,47.03%,TauaJo00,Josiah Tauaefa,nyg
LB,0,0%,0,0%,119,26.15%,DownDe00,Devante Downs,nyg
LB,0,0%,631,56.80%,263,57.80%,MayoDa00,David Mayo,nyg
LB,0,0%,36,3.24%,59,12.97%,StupNa01,Nathan Stupar,nyg
LB,0,0%,236,21.24%,16,3.52%,BucaDe00,Deone Bucannon,nyg
LB,0,0%,50,4.50%,1,.22%,MartKa00,Kareem Martin,nyg
LB,0,0%,40,3.60%,27,5.93%,SkipTu00,Tuzar Skipper,nyg
CB,0,0%,875,78.76%,3,.66%,JenkJa03,Jackrabbit Jenkins,nyg
CB,0,0%,132,11.88%,370,81.32%,HamiAn01,Antonio Hamilton,nyg
CB,0,0%,422,37.98%,54,11.87%,HaleGr00,Grant Haley,nyg
CB,0,0%,970,87.31%,55,12.09%,BakeDe00,Deandre Baker,nyg
CB,0,0%,298,26.82%,136,29.89%,BallCo00,Corey Ballentine,nyg
CB,0,0%,289,26.01%,37,8.13%,BealSa00,Sam Beal,nyg
CB,0,0%,408,36.72%,181,39.78%,LoveJu00,Julian Love,nyg
SS,0,0%,705,63.46%,12,2.64%,PeppJa00,Jabrill Peppers,nyg
SS,0,0%,302,27.18%,398,87.47%,ThomMi02,Michael Thomas,nyg
SS,0,0%,0,0%,7,1.54%,GaulRa00,Rashaan Gaulden,nyg
FS,0,0%,1107,99.64%,2,.44%,BethAn20,Antoine Bethea,nyg
FS,0,0%,30,2.70%,250,54.95%,ChanSe00,Sean Chandler,nyg
LS,0,0%,0,0%,85,18.68%,DeOsZa99,Zak DeOssie,nyg
LS,0,0%,0,0%,47,10.33%,HolbCo00,Colin Holba,nyg
K,0,0%,0,0%,129,28.35%,RosaAl00,Aldrick Rosas,nyg
P,0,0%,0,0%,133,29.23%,DixoRi00,Riley Dixon,nyg
QB,840,82.35%,0,0%,0,0%,DarnSa00,Sam Darnold,nyj
QB,150,14.71%,0,0%,0,0%,FalkLu00,Luke Falk,nyj
QB,18,1.76%,0,0%,0,0%,SiemTr00,Trevor Siemian,nyj
QB,8,.78%,0,0%,0,0%,FaleDa00,David Fales,nyj
RB,782,76.67%,0,0%,0,0%,BellLe00,Le'Veon Bell,nyj
RB,1,.10%,0,0%,57,12.78%,CannTr00,Trenton Cannon,nyj
RB,12,1.18%,0,0%,27,6.05%,AdamJo03,Josh Adams,nyj
RB,149,14.61%,0,0%,176,39.46%,MontTy01,Ty Montgomery,nyj
RB,164,16.08%,0,0%,14,3.14%,PoweBi00,Bilal Powell,nyj
WR,926,90.78%,0,0%,0,0%,AndeRo04,Robbie Chosen,nyj
WR,65,6.37%,0,0%,0,0%,EnunQu00,Quincy Enunwa,nyj
WR,801,78.53%,0,0%,4,.90%,CrowJa00,Jamison Crowder,nyj
WR,63,6.18%,0,0%,124,27.80%,BellJo02,Josh Bellamy,nyj
WR,14,1.37%,0,0%,4,.90%,SmitJe03,Jeff Smith,nyj
WR,317,31.08%,0,0%,129,28.92%,SmitVy00,Vyncint Smith,nyj
WR,459,45.00%,0,0%,3,.67%,ThomDe03,Demaryius Thomas,nyj
WR,21,2.06%,0,0%,0,0%,MaloJo00,Josh Malone,nyj
WR,85,8.33%,0,0%,97,21.75%,BerrBr00,Braxton Berrios,nyj
TE,662,64.90%,0,0%,159,35.65%,GrifRy00,Ryan Griffin,nyj
TE,18,1.76%,0,0%,0,0%,HernCh00,Chris Herndon,nyj
TE,296,29.02%,0,0%,302,67.71%,BrowDa04,Daniel Brown,nyj
TE,214,20.98%,0,0%,79,17.71%,WescTr00,Trevon Wesco,nyj
T,806,79.02%,0,0%,56,12.56%,ShelBr00,Brandon Shell,nyj
T,805,78.92%,0,0%,0,0%,BeacKe00,Kelvin Beachum,nyj
T,421,41.27%,0,0%,1,.22%,EdogCh00,Chuma Edoga,nyj
T,141,13.82%,0,0%,29,6.50%,McDeCo00,Conor McDermott,nyj
T,77,7.55%,0,0%,12,2.69%,QvalBr01,Brent Qvale,nyj
G,185,18.14%,0,0%,5,1.12%,OsemKe00,Kelechi Osemele,nyj
G,526,51.57%,0,0%,0,0%,WintBr00,Brian Winters,nyj
G,0,0%,0,0%,5,1.12%,BradBe00,Ben Braden,nyj
G,363,35.59%,0,0%,48,10.76%,CompTo00,Tom Compton,nyj
G,764,74.90%,0,0%,52,11.66%,LewiAl01,Alex Lewis,nyj
C,343,33.63%,0,0%,0,0%,KaliRy20,Ryan Kalil,nyj
C,679,66.57%,0,0%,28,6.28%,HarrJo03,Jonotthan Harrison,nyj
DE,0,0%,447,40.42%,69,15.47%,AndeHe00,Henry Anderson,nyj
DE,0,0%,70,6.33%,35,7.85%,KaufBr01,Bronson Kaufusi,nyj
DE,0,0%,162,14.65%,27,6.05%,WillJo09,Jordan Willis,nyj
DE,0,0%,550,49.73%,20,4.48%,PhilKy00,Kyle Phillips,nyj
DE,0,0%,232,20.98%,48,10.76%,ShepNa00,Nathan Shepherd,nyj
DE,0,0%,390,35.26%,114,25.56%,FatuFo00,Folorunso Fatukasi,nyj
DT,0,0%,374,33.82%,45,10.09%,WillLe02,Leonard Williams,nyj
NT,0,0%,465,42.04%,94,21.08%,McLeSt00,Steve McLendon,nyj
NT,0,0%,511,46.20%,66,14.80%,WillQu00,Quinnen Williams,nyj
LB,0,0%,662,59.86%,48,10.76%,BurgJa01,James Burgess,nyj
LB,0,0%,765,69.17%,121,27.13%,HewiNe00,Neville Hewitt,nyj
LB,0,0%,114,10.31%,7,1.57%,MoslC.00,C.J. Mosley,nyj
LB,0,0%,571,51.63%,75,16.82%,JenkJo01,Jordan Jenkins,nyj
LB,0,0%,427,38.61%,66,14.80%,CashBl00,Blake Cashman,nyj
LB,0,0%,97,8.77%,269,60.31%,LangHa00,Harvey Langi,nyj
LB,0,0%,69,6.24%,214,47.98%,LuvuFr00,Frankie Luvu,nyj
LB,0,0%,335,30.29%,200,44.84%,CopeBr00,Brandon Copeland,nyj
LB,0,0%,0,0%,71,15.92%,WorrPa00,Paul Worrilow,nyj
LB,0,0%,593,53.62%,249,55.83%,BashTa00,Tarell Basham,nyj
LB,0,0%,28,2.53%,91,20.40%,McClAl00,Albert McClellan,nyj
LB,0,0%,0,0%,104,23.32%,BellB.00,B.J. Bello,nyj
CB,0,0%,716,64.74%,146,32.74%,RobeDa00,Darryl Roberts,nyj
CB,0,0%,315,28.48%,9,2.02%,JohnTr05,Trumaine Johnson,nyj
CB,0,0%,388,35.08%,9,2.02%,AustBl00,Blessuan Austin,nyj
CB,0,0%,752,67.99%,94,21.08%,PoolBr01,Brian Poole,nyj
CB,0,0%,348,31.46%,103,23.09%,MaulAr00,Arthur Maulet,nyj
CB,0,0%,239,21.61%,75,16.82%,CanaMa00,Maurice Canady,nyj
CB,0,0%,53,4.79%,24,5.38%,BrowKy00,Kyron Brown,nyj
CB,0,0%,393,35.53%,88,19.73%,HairNa00,Nate Hairston,nyj
SS,0,0%,961,86.89%,40,8.97%,AdamJa00,Jamal Adams,nyj
SS,0,0%,3,.27%,216,48.43%,FarlMa00,Matthias Farley,nyj
SS,0,0%,0,0%,52,11.66%,CounBl00,Blake Countess,nyj
FS,0,0%,1092,98.73%,38,8.52%,MayeMa00,Marcus Maye,nyj
FS,0,0%,20,1.81%,167,37.44%,MileRo00,Rontez Miles,nyj
FS,0,0%,0,0%,34,7.62%,JackBe00,Bennett Jackson,nyj
LS,0,0%,0,0%,147,32.96%,HennTh00,Thomas Hennessy,nyj
K,0,0%,0,0%,5,1.12%,VedvKa00,Kaare Vedvik,nyj
K,0,0%,0,0%,117,26.23%,FickSa00,Sam Ficken,nyj
P,0,0%,0,0%,150,33.63%,EdwaLa01,Lac Edwards,nyj
QB,1148,98.63%,0,0%,0,0%,WentCa00,Carson Wentz,phi
QB,15,1.29%,0,0%,0,0%,McCoJo01,Josh McCown,phi
RB,613,52.66%,0,0%,37,8.20%,SandMi01,Miles Sanders,phi
RB,103,8.85%,0,0%,32,7.10%,SproDa00,Darren Sproles,phi
RB,3,.26%,0,0%,59,13.08%,ClemCo00,Corey Clement,phi
RB,280,24.05%,0,0%,5,1.11%,HowaJo00,Jordan Howard,phi
RB,21,1.80%,0,0%,0,0%,AjayJa00,Jay Ajayi,phi
RB,186,15.98%,0,0%,62,13.75%,ScotBo02,Boston Scott,phi
WR,134,11.51%,0,0%,0,0%,MattJo00,Jordan Matthews,phi
WR,690,59.28%,0,0%,3,.67%,AghoNe00,Nelson Agholor,phi
WR,493,42.35%,0,0%,0,0%,JeffAl00,Alshon Jeffery,phi
WR,65,5.58%,0,0%,0,0%,JackDe00,DeSean Jackson,phi
WR,395,33.93%,0,0%,57,12.64%,HollMa00,Mack Hollins,phi
WR,103,8.85%,0,0%,2,.44%,DaviRo00,Robert Davis,phi
WR,15,1.29%,0,0%,0,0%,BurnDe00,Deontay Burnett,phi
WR,308,26.46%,0,0%,71,15.74%,WardGr02,Greg Ward,phi
WR,486,41.75%,0,0%,14,3.10%,ArceJJ00,JJ Arcega-Whiteside,phi
TE,932,80.07%,0,0%,3,.67%,ErtzZa00,Zach Ertz,phi
TE,770,66.15%,0,0%,143,31.71%,GoedDa00,Dallas Goedert,phi
TE,6,.52%,0,0%,62,13.75%,ElliAl01,Alex Ellis,phi
TE,5,.43%,0,0%,13,2.88%,RodgRi00,Richard Rodgers,phi
TE,131,11.25%,0,0%,56,12.42%,PerkJo02,Joshua Perkins,phi
T,758,65.12%,0,0%,44,9.76%,JohnLa01,Lane Johnson,phi
T,872,74.91%,0,0%,0,0%,PeteJa21,Jason Peters,phi
T,477,40.98%,0,0%,64,14.19%,VaitHa00,Halapoulivaati Vaitai,phi
T,337,28.95%,0,0%,62,13.75%,DillAn00,Andre Dillard,phi
T,79,6.79%,0,0%,48,10.64%,PryoMa00,Matt Pryor,phi
G,1162,99.83%,0,0%,64,14.19%,SeumIs00,Isaac Seumalo,phi
G,1046,89.86%,0,0%,59,13.08%,BrooBr00,Brandon Brooks,phi
G,3,.26%,0,0%,9,2.00%,HerbNa01,Nate Herbig,phi
C,1163,99.91%,0,0%,1,.22%,KelcJa00,Jason Kelce,phi
DE,0,0%,695,68.14%,59,13.08%,BarnDe01,Derek Barnett,phi
DE,0,0%,775,75.98%,77,17.07%,GrahBr99,Brandon Graham,phi
DE,0,0%,393,38.53%,71,15.74%,CurrVi00,Vinny Curry,phi
DE,0,0%,352,34.51%,125,27.72%,SweaJo00,Josh Sweat,phi
DE,0,0%,0,0%,2,.44%,MillSh00,Shareef Miller,phi
DE,0,0%,50,4.90%,71,15.74%,HallDa01,Daeshon Hall,phi
DT,0,0%,799,78.33%,13,2.88%,CoxxFl00,Fletcher Cox,phi
DT,0,0%,32,3.14%,5,1.11%,JackMa02,Malik Jackson,phi
DT,1,.09%,53,5.20%,20,4.43%,HectBr00,Bruce Hector,phi
DT,0,0%,248,24.31%,59,13.08%,RidgHa00,Hassan Ridgeway,phi
DT,0,0%,198,19.41%,30,6.65%,SpenAk00,Akeem Spence,phi
DT,0,0%,274,26.86%,2,.44%,JernTi00,Timmy Jernigan,phi
DT,0,0%,149,14.61%,36,7.98%,RushAn00,Anthony Rush,phi
DT,0,0%,44,4.31%,9,2.00%,HuggAl01,Albert Huggins,phi
LB,0,0%,717,70.29%,11,2.44%,BradNi00,Nigel Bradham,phi
LB,0,0%,268,26.27%,36,7.98%,BrowZa00,Zach Brown,phi
LB,0,0%,620,60.78%,335,74.28%,GerrNa00,Nathan Gerry,phi
LB,0,0%,28,2.75%,254,56.32%,RileDu00,Duke Riley,phi
LB,0,0%,33,3.24%,147,32.59%,AverGe00,Genard Avery,phi
LB,0,0%,0,0%,75,16.63%,FortL.00,L.J. Fort,phi
LB,0,0%,300,29.41%,126,27.94%,GrugKa00,Kamu Grugier-Hill,phi
LB,0,0%,0,0%,198,43.90%,SingAl00,Alex Singleton,phi
LB,1,.09%,112,10.98%,334,74.06%,EdwaTJ02,T.J. Edwards,phi
CB,0,0%,583,57.16%,261,57.87%,DougRa00,Rasul Douglas,phi
CB,0,0%,517,50.69%,100,22.17%,MaddAv00,Avonte Maddox,phi
CB,0,0%,501,49.12%,7,1.55%,MillJa02,Jalen Mills,phi
CB,0,0%,506,49.61%,7,1.55%,DarbRo00,Ronald Darby,phi
CB,0,0%,293,28.73%,42,9.31%,JoneSi00,Sidney Jones,phi
CB,0,0%,83,8.14%,0,0%,ScanOr99,Orlando Scandrick,phi
CB,0,0%,0,0%,40,8.87%,LewiRy01,Ryan Lewis,phi
CB,0,0%,82,8.04%,6,1.33%,LeBlCr01,Cre'von LeBlanc,phi
CB,0,0%,68,6.67%,237,52.55%,JameCr01,Craig James,phi
SS,0,0%,1015,99.51%,116,25.72%,JenkMa99,Malcolm Jenkins,phi
SS,0,0%,234,22.94%,166,36.81%,SendAn00,Andrew Sendejo,phi
SS,0,0%,15,1.47%,74,16.41%,CyprJo00,Johnathan Cyprien,phi
SS,0,0%,17,1.67%,212,47.01%,FordRu00,Rudy Ford,phi
SS,0,0%,98,9.61%,112,24.83%,EppsMa00,Marcus Epps,phi
FS,0,0%,1012,99.22%,131,29.05%,McLeRo00,Rodney McLeod,phi
LS,1,.09%,0,0%,135,29.93%,LovaRi00,Rick Lovato,phi
K,1,.09%,0,0%,145,32.15%,ElliJa03,Jake Elliott,phi
P,1,.09%,0,0%,135,29.93%,JohnCa02,Cameron Johnston,phi
QB,95,9.52%,0,0%,0,0%,RoetBe00,Ben Roethlisberger,pit
QB,523,52.40%,0,0%,0,0%,RudoMa00,Mason Rudolph,pit
QB,376,37.68%,0,0%,0,0%,HodgDe00,Devlin Hodges,pit
RB,362,36.27%,0,0%,149,35.14%,SamuJa00,Jaylen Samuels,pit
RB,328,32.87%,0,0%,0,0%,ConnJa00,James Conner,pit
RB,93,9.32%,0,0%,210,49.53%,EdmuTr00,Trey Edmunds,pit
RB,40,4.01%,0,0%,27,6.37%,WhytKe00,Kerrith Whyte Jr,pit
RB,166,16.63%,0,0%,183,43.16%,SnelBe00,Benny Snell Jr.,pit
RB,14,1.40%,0,0%,5,1.18%,BrooTo01,Tony Brooks-James,pit
FB,34,3.41%,0,0%,42,9.91%,NixxRo01,Roosevelt Nix,pit
WR,573,57.41%,0,0%,2,.47%,SmitJu00,JuJu Smith-Schuster,pit
WR,110,11.02%,0,0%,2,.47%,MoncDo00,Donte Moncrief,pit
WR,81,8.12%,0,0%,66,15.57%,SwitRy00,Ryan Switzer,pit
WR,145,14.53%,0,0%,6,1.42%,JoneTe02,Tevin Jones,pit
WR,634,63.53%,0,0%,29,6.84%,WashJa00,James Washington,pit
WR,652,65.33%,0,0%,47,11.08%,JohnDi01,Diontae Johnson,pit
WR,266,26.65%,0,0%,283,66.75%,HoltJo00,Johnny Holton,pit
WR,70,7.01%,0,0%,0,0%,CainDe00,Deon Cain,pit
TE,391,39.18%,0,0%,100,23.58%,VannNi00,Nick Vannett,pit
TE,684,68.54%,0,0%,56,13.21%,McDoVa00,Vance McDonald,pit
TE,49,4.91%,0,0%,2,.47%,GentZa00,Zach Gentry,pit
TE,60,6.01%,0,0%,19,4.48%,GrimXa00,Xavier Grimble,pit
T,73,7.31%,0,0%,2,.47%,OkorCh00,Chukwuma Okorafor,pit
T,995,99.70%,0,0%,61,14.39%,VillAl00,Alejandro Villanueva,pit
T,995,99.70%,0,0%,60,14.15%,FeilMa00,Matt Feiler,pit
T,216,21.64%,0,0%,14,3.30%,BannZa00,Zach Banner,pit
G,822,82.36%,0,0%,46,10.85%,FostRa21,Ramon Foster,pit
G,995,99.70%,0,0%,60,14.15%,DeCaDa00,David DeCastro,pit
C,777,77.86%,0,0%,0,0%,PounMa20,Maurkice Pouncey,pit
C,325,32.57%,0,0%,58,13.68%,FinnB.01,B.J. Finney,pit
DE,0,0%,278,25.65%,32,7.55%,TuitSt00,Stephon Tuitt,pit
DE,1,.10%,432,39.85%,65,15.33%,AluaTy99,Tyson Alualu,pit
DE,0,0%,75,6.92%,2,.47%,BuggIs00,Isaiah Buggs,pit
DT,0,0%,873,80.54%,112,26.42%,HeywCa01,Cameron Heyward,pit
NT,0,0%,680,62.73%,4,.94%,HargJa00,Javon Hargrave,pit
NT,0,0%,131,12.08%,61,14.39%,McCuDa00,Daniel McCullers,pit
LB,0,0%,980,90.41%,64,15.09%,DuprAl00,Bud Dupree,pit
LB,0,0%,935,86.25%,57,13.44%,WattT.00,T.J. Watt,pit
LB,0,0%,889,82.01%,57,13.44%,BushDe01,Devin Bush Jr.,pit
LB,0,0%,750,69.19%,0,0%,BarrMa00,Mark Barron,pit
LB,0,0%,143,13.19%,219,51.65%,ChicAn00,Anthony Chickillo,pit
LB,0,0%,396,36.53%,36,8.49%,WillVi01,Vince Williams,pit
LB,0,0%,1,.09%,168,39.62%,SpilRo00,Robert Spillane,pit
LB,0,0%,0,0%,150,35.38%,GilbUl00,Ulysees Gilbert,pit
LB,0,0%,22,2.03%,68,16.04%,ElliJa02,Jayrone Elliott,pit
LB,0,0%,16,1.48%,340,80.19%,MataTy00,Tyler Matakevich,pit
LB,0,0%,62,5.72%,222,52.36%,AdenOl00,Olasunkanmi Adeniyi,pit
CB,0,0%,1011,93.27%,60,14.15%,NelsSt01,Steven Nelson,pit
CB,0,0%,1055,97.32%,61,14.39%,HadeJo99,Joe Haden,pit
CB,0,0%,671,61.90%,48,11.32%,HiltMi01,Mike Hilton,pit
CB,0,0%,265,24.45%,159,37.50%,SuttCa00,Cameron Sutton,pit
CB,0,0%,66,6.09%,121,28.54%,BurnAr00,Artie Burns,pit
CB,0,0%,0,0%,93,21.93%,LaynJu00,Justin Layne,pit
SS,0,0%,930,85.79%,54,12.74%,FitzMi00,Minkah Fitzpatrick,pit
SS,0,0%,1036,95.57%,67,15.80%,EdmuTe00,Terrell Edmunds,pit
SS,0,0%,6,.55%,308,72.64%,DangJo00,Jordan Dangerfield,pit
FS,0,0%,131,12.08%,174,41.04%,KellKa02,Kameron Kelly,pit
FS,0,0%,55,5.07%,5,1.18%,DaviSe00,Sean Davis,pit
FS,0,0%,0,0%,7,1.65%,AlleMa03,Marcus Allen,pit
LS,0,0%,0,0%,141,33.25%,CanaKa00,Kameron Canaday,pit
K,0,0%,0,0%,132,31.13%,BoswCh00,Chris Boswell,pit
P,0,0%,0,0%,144,33.96%,BerrJo00,Jordan Berry,pit
QB,1135,98.78%,0,0%,0,0%,BradTo00,Tom Brady,nwe
QB,15,1.31%,0,0%,0,0%,StidJa00,Jarrett Stidham,nwe
RB,264,22.98%,0,0%,218,48.77%,BurkRe00,Rex Burkhead,nwe
RB,490,42.65%,0,0%,51,11.41%,WhitJa02,James White,nwe
RB,420,36.55%,0,0%,15,3.36%,MichSo00,Sony Michel,nwe
RB,95,8.27%,0,0%,321,71.81%,BoldBr00,Brandon Bolden,nwe
RB,5,.44%,0,0%,5,1.12%,HarrDa06,Damien Harris,nwe
FB,58,5.05%,0,0%,9,2.01%,DeveJa00,James Develin,nwe
FB,71,6.18%,0,0%,23,5.15%,JohnJa12,Jakob Johnson,nwe
WR,1004,87.38%,0,0%,7,1.57%,EdelJu00,Julian Edelman,nwe
WR,564,49.09%,0,0%,0,0%,DorsPh00,Phillip Dorsett,nwe
WR,320,27.85%,0,0%,2,.45%,GordJo02,Josh Gordon,nwe
WR,379,32.99%,0,0%,31,6.94%,SanuMo00,Mohamed Sanu,nwe
WR,220,19.15%,0,0%,14,3.13%,HarrNK00,N'Keal Harry,nwe
WR,24,2.09%,0,0%,0,0%,BrowAn04,Antonio Brown,nwe
WR,21,1.83%,2,.20%,326,72.93%,SlatMa00,Matthew Slater,nwe
WR,79,6.88%,0,0%,95,21.25%,OlszGu00,Gunner Olszewski,nwe
WR,416,36.21%,0,0%,2,.45%,MeyeJa01,Jakobi Meyers,nwe
TE,467,40.64%,0,0%,0,0%,WatsBe00,Ben Watson,nwe
TE,268,23.32%,0,0%,4,.89%,IzzoRy00,Ryan Izzo,nwe
TE,433,37.68%,0,0%,0,0%,LaCoMa00,Matt LaCosse,nwe
TE,69,6.01%,0,0%,4,.89%,TomlEr01,Eric Tomlinson,nwe
T,729,63.45%,0,0%,43,9.62%,NewhMa20,Marshall Newhouse,nwe
T,502,43.69%,0,0%,0,0%,WynnIs00,Isaiah Wynn,nwe
T,1008,87.73%,0,0%,61,13.65%,CannMa00,Marcus Cannon,nwe
T,59,5.13%,0,0%,8,1.79%,CunnKo00,Korey Cunningham,nwe
G,1140,99.22%,0,0%,52,11.63%,ThunJo00,Joe Thuney,nwe
G,1067,92.86%,0,0%,68,15.21%,MasoSh01,Shaq Mason,nwe
G,29,2.52%,0,0%,38,8.50%,ElueJe00,Jermaine Eluemunor,nwe
C,1040,90.51%,0,0%,74,16.55%,KarrTe00,Ted Karras,nwe
C,204,17.75%,0,0%,62,13.87%,FereJa00,James Ferentz,nwe
DE,1,.09%,291,28.87%,256,57.27%,WinoCh00,Chase Winovich,nwe
DE,0,0%,480,47.62%,190,42.51%,SimoJo01,John Simon,nwe
DE,0,0%,130,12.90%,0,0%,BennMi99,Michael Bennett,nwe
DE,0,0%,229,22.72%,5,1.12%,WiseDe00,Deatrich Wise Jr.,nwe
DT,0,0%,523,51.88%,168,37.58%,GuyxLa00,Lawrence Guy,nwe
DT,0,0%,492,48.81%,104,23.27%,ShelDa01,Danny Shelton,nwe
DT,0,0%,473,46.92%,98,21.92%,ButlAd00,Adam Butler,nwe
DT,0,0%,43,4.27%,1,.22%,CowaBy00,Byron Cowart,nwe
LB,1,.09%,266,26.39%,237,53.02%,CalhSh00,Shilique Calhoun,nwe
LB,0,0%,813,80.65%,200,44.74%,CollJa00,Jamie Collins,nwe
LB,0,0%,723,71.73%,86,19.24%,HighDo01,Dont'a Hightower,nwe
LB,0,0%,814,80.75%,10,2.24%,VanNKy00,Kyle Van Noy,nwe
LB,0,0%,275,27.28%,132,29.53%,BentJa00,Ja'Whaun Bentley,nwe
LB,58,5.05%,202,20.04%,143,31.99%,RobeEl00,Elandon Roberts,nwe
CB,0,0%,474,47.02%,41,9.17%,McCoJa99,Jason McCourty,nwe
CB,1,.09%,619,61.41%,177,39.60%,JoneJo03,Jonathan Jones,nwe
CB,0,0%,952,94.44%,0,0%,GilmSt00,Stephon Gilmore,nwe
CB,0,0%,681,67.56%,95,21.25%,JackJ.00,J.C. Jackson,nwe
CB,1,.09%,5,.50%,210,46.98%,BethJu00,Justin Bethel,nwe
CB,0,0%,80,7.94%,84,18.79%,WillJo13,Joejuan Williams,nwe
SS,0,0%,642,63.69%,19,4.25%,ChunPa99,Patrick Chung,nwe
SS,0,0%,657,65.18%,15,3.36%,HarmDu00,Duron Harmon,nwe
SS,1,.09%,274,27.18%,177,39.60%,BrooTe00,Terrence Brooks,nwe
SS,0,0%,0,0%,57,12.75%,RichJo00,Jordan Richards,nwe
FS,1,.09%,946,93.85%,141,31.54%,McCoDe99,Devin McCourty,nwe
FS,1,.09%,0,0%,318,71.14%,EbneNa00,Nate Ebner,nwe
LS,0,0%,0,0%,163,36.47%,CardJo00,Joe Cardona,nwe
K,0,0%,0,0%,49,10.96%,GostSt20,Stephen Gostkowski,nwe
K,0,0%,0,0%,24,5.37%,nugenmik01,Mike Nugent,nwe
K,0,0%,0,0%,30,6.71%,FolkNi20,Nick Folk,nwe
K,0,0%,0,0%,3,.67%,ForbKa00,Kai Forbath,nwe
P,1,.09%,0,0%,228,51.01%,BailJa00,Jake Bailey,nwe
QB,448,47.66%,0,0%,0,0%,KeenCa00,Case Keenum,was
QB,56,5.96%,0,0%,0,0%,McCoCo00,Colt McCoy,was
QB,433,46.06%,0,0%,0,0%,HaskDw00,Dwayne Haskins,was
RB,310,32.98%,0,0%,0,0%,ThomCh03,Chris Thompson,was
RB,95,10.11%,0,0%,0,0%,GuicDe00,Derrius Guice,was
RB,134,14.26%,0,0%,221,51.16%,SmalWe00,Wendell Smallwood,was
RB,402,42.77%,0,0%,0,0%,PeteAd01,Adrian Peterson,was
RB,3,.32%,0,0%,21,4.86%,FergJo02,Josh Ferguson,was
RB,0,0%,0,0%,28,6.48%,ReynCr00,Craig Reynolds,was
FB,68,7.23%,0,0%,177,40.97%,BurtMi00,Michael Burton,was
WR,425,45.21%,0,0%,42,9.72%,QuinTr00,Trey Quinn,was
WR,764,81.28%,0,0%,3,.69%,McLaTe00,Terry McLaurin,was
WR,399,42.45%,0,0%,0,0%,RichPa01,Paul Richardson,was
WR,482,51.28%,0,0%,201,46.53%,HarmKe00,Kelvin Harmon,was
WR,310,32.98%,0,0%,108,25.00%,SimsSt00,Steven Sims,was
WR,33,3.51%,0,0%,11,2.55%,DaviRo00,Robert Davis,was
WR,0,0%,0,0%,2,.46%,WeahJe01,Jester Weah,was
WR,56,5.96%,0,0%,63,14.58%,SimsCa00,Cam Sims,was
WR,24,2.55%,0,0%,8,1.85%,KidsDa00,Darvin Kidsy,was
TE,186,19.79%,0,0%,0,0%,DaviVe00,Vernon Davis,was
TE,600,63.83%,0,0%,218,50.46%,SpriJe00,Jeremy Sprinkle,was
TE,31,3.30%,0,0%,23,5.32%,CunnJe00,Jerome Cunningham,was
TE,230,24.47%,0,0%,90,20.83%,HentHa00,Hale Hentges,was
TE,0,0%,0,0%,14,3.24%,HoltJ.01,J.P. Holtz,was
T,857,91.17%,0,0%,42,9.72%,MoseMo00,Morgan Moses,was
T,884,94.04%,0,0%,12,2.78%,PennDo20,Donald Penn,was
T,0,0%,0,0%,14,3.24%,ParrTi00,Timon Parris,was
T,146,15.53%,0,0%,52,12.04%,ChriGe01,Geron Christian,was
G,936,99.57%,0,0%,52,12.04%,FlowEr00,Ereck Flowers,was
G,642,68.30%,0,0%,24,5.56%,ScheBr00,Brandon Scherff,was
G,290,30.85%,0,0%,31,7.18%,MartWe00,Wes Martin,was
G,226,24.04%,0,0%,51,11.81%,BergTo00,Tony Bergstrom,was
C,832,88.51%,0,0%,0,0%,RoulCh00,Chase Roullier,was
C,0,0%,0,0%,12,2.78%,PierRo00,Ross Pierschbacher,was
DE,0,0%,827,73.06%,149,34.49%,IoanMa01,Matthew Ioannidis,was
DE,0,0%,118,10.42%,50,11.57%,OrchNa00,Nate Orchard,was
DE,0,0%,47,4.15%,43,9.95%,OdomCh00,Chris Odom,was
DE,0,0%,15,1.33%,14,3.24%,PhilCa00,Carroll Phillips,was
DE,0,0%,85,7.51%,11,2.55%,SpenNo00,Noah Spence,was
DE,0,0%,8,.71%,0,0%,BranCa00,Caleb Brantley,was
DE,0,0%,722,63.78%,11,2.55%,AlleJo01,Jonathan Allen,was
DE,0,0%,3,.27%,1,.23%,BeexRy00,Ryan Bee,was
DT,0,0%,132,11.66%,78,18.06%,HestTr00,Treyvon Hester,was
NT,0,0%,758,66.96%,19,4.40%,PaynDa00,Daron Payne,was
NT,0,0%,314,27.74%,107,24.77%,SettTi00,Tim Settle,was
LB,0,0%,718,63.43%,243,56.25%,HolcCo00,Cole Holcomb,was
LB,0,0%,1031,91.08%,0,0%,BostJo00,Jonathan Bostic,was
LB,0,0%,642,56.71%,0,0%,KerrRy00,Ryan Kerrigan,was
LB,0,0%,724,63.96%,93,21.53%,SweaMo00,Montez Sweat,was
LB,5,.53%,559,49.38%,212,49.07%,AndeRy00,Ryan Anderson,was
LB,0,0%,387,34.19%,264,61.11%,DionSh00,Shaun Dion Hamilton,was
LB,0,0%,40,3.53%,24,5.56%,McKiCa01,Cassanova McKinzy,was
LB,0,0%,0,0%,145,33.56%,VallTa00,Tanner Vallejo,was
LB,0,0%,0,0%,153,35.42%,HarvJo01,Josh Harvey-Clemons,was
CB,0,0%,135,11.93%,23,5.32%,SensCo00,Coty Sensabaugh,was
CB,0,0%,603,53.27%,2,.46%,NormJo01,Josh Norman,was
CB,0,0%,72,6.36%,18,4.17%,JohnDa09,Danny Johnson,was
CB,0,0%,613,54.15%,1,.23%,DunbQu00,Quinton Dunbar,was
CB,0,0%,470,41.52%,151,34.95%,MoreJi00,Jimmy Moreland,was
CB,0,0%,98,8.66%,27,6.25%,WebsKa00,Kayvon Webster,was
CB,0,0%,664,58.66%,16,3.70%,MoreFa00,Fabian Moreau,was
CB,0,0%,2,.18%,18,4.17%,StroGr00,Greg Stroman,was
CB,0,0%,74,6.54%,216,50.00%,ThomSi00,Simeon Thomas,was
CB,0,0%,3,.27%,11,2.55%,BordBr00,Breon Borders,was
CB,0,0%,62,5.48%,3,.69%,RodgDo99,Dominique Rodgers-Cromartie,was
CB,0,0%,166,14.66%,11,2.55%,ColvAa00,Aaron Colvin,was
SS,0,0%,70,6.18%,21,4.86%,LadlKe00,Kenny Ladler,was
SS,0,0%,1057,93.37%,0,0%,CollLa00,Landon Collins,was
SS,0,0%,38,3.36%,158,36.57%,EverDe01,Deshazor Everett,was
SS,0,0%,3,.27%,11,2.55%,DelaDe00,Dee Delaney,was
FS,0,0%,873,77.12%,18,4.17%,NichMo00,Montae Nicholson,was
FS,0,0%,110,9.72%,182,42.13%,ReavJe00,Jeremy Reaves,was
FS,0,0%,210,18.55%,323,74.77%,ApkeTr00,Troy Apke,was
FS,0,0%,8,.71%,17,3.94%,SmitMa04,Maurice Smith,was
LS,0,0%,0,0%,133,30.79%,SundNi00,Nick Sundberg,was
K,0,0%,0,0%,120,27.78%,HopkDu00,Dustin Hopkins,was
P,0,0%,0,0%,133,30.79%,WayxTr00,Tress Way,was
QB,878,81.37%,0,0%,0,0%,FitzRy00,Ryan Fitzpatrick,mia
QB,197,18.26%,0,0%,0,0%,RoseJo01,Josh Rosen,mia
RB,252,23.35%,0,0%,123,26.51%,BallKa00,Kalen Ballage,mia
RB,209,19.37%,0,0%,4,.86%,DrakKe00,Kenyan Drake,mia
RB,0,0%,0,0%,14,3.02%,ZennZa00,Zach Zenner,mia
RB,290,26.88%,0,0%,259,55.82%,LairPa00,Patrick Laird,mia
RB,6,.56%,0,0%,6,1.29%,PeriSa00,Samaje Perine,mia
RB,5,.46%,0,0%,137,29.53%,TurnDe01,De'Lance Turner,mia
RB,197,18.26%,0,0%,35,7.54%,WaltMa00,Mark Walton,mia
RB,125,11.58%,0,0%,18,3.88%,GaskMy00,Myles Gaskin,mia
FB,83,7.69%,0,0%,24,5.17%,CoxxCh01,Chandler Cox,mia
WR,217,20.11%,0,0%,71,15.30%,GranJa00,Jakeem Grant,mia
WR,905,83.87%,0,0%,4,.86%,ParkDe01,DeVante Parker,mia
WR,522,48.38%,0,0%,2,.43%,HurnAl01,Allen Hurns,mia
WR,404,37.44%,0,0%,46,9.91%,WillPr01,Preston Williams,mia
WR,16,1.48%,1,.09%,67,14.44%,HollMa00,Mack Hollins,mia
WR,224,20.76%,0,0%,5,1.08%,FordIs00,Isaiah Ford,mia
WR,0,0%,0,0%,38,8.19%,DaviTr03,Trevor Davis,mia
WR,1,.09%,0,0%,8,1.72%,JennGa00,Gary Jennings Jr,mia
WR,439,40.69%,0,0%,4,.86%,WilsAl02,Albert Wilson,mia
TE,482,44.67%,0,0%,272,58.62%,SmytDu00,Durham Smythe,mia
TE,701,64.97%,0,0%,4,.86%,GesiMi00,Mike Gesicki,mia
TE,139,12.88%,0,0%,4,.86%,OLeaNi00,Nick O'Leary,mia
TE,114,10.57%,0,0%,26,5.60%,WalfCl00,Clive Walford,mia
T,70,6.49%,0,0%,12,2.59%,PrinIs00,Isaiah Prince,mia
T,974,90.27%,0,0%,57,12.28%,DaviJe00,Jesse Davis,mia
T,534,49.49%,0,0%,38,8.19%,DaveJu00,Julién Davenport,mia
T,0,0%,0,0%,9,1.94%,DonnAn00,Andrew Donnal,mia
T,542,50.23%,0,0%,49,10.56%,WebbJM20,J'Marcus Webb,mia
G,995,92.22%,0,0%,62,13.36%,DeitMi00,Michael Deiter,mia
G,127,11.77%,0,0%,5,1.08%,IsidDa00,Danny Isidora,mia
G,470,43.56%,0,0%,35,7.54%,CalhSh01,Shaq Calhoun,mia
G,94,8.71%,0,0%,10,2.16%,SuthKe00,Keaton Sutherland,mia
G,12,1.11%,0,0%,12,2.59%,PankAd00,Adam Pankey,mia
G,100,9.27%,0,0%,19,4.09%,ReedCh00,Chris Reed,mia
C,876,81.19%,0,0%,1,.22%,KilgDa00,Daniel Kilgore,mia
C,37,3.43%,0,0%,17,3.66%,BrowEv00,Evan Brown,mia
C,594,55.05%,0,0%,45,9.70%,BoehEv00,Evan Boehm,mia
DE,2,.19%,729,65.21%,157,33.84%,WilkCh00,Christian Wilkins,mia
DE,0,0%,51,4.56%,10,2.16%,LedbJo01,Jonathan Ledbetter,mia
DE,0,0%,479,42.84%,95,20.47%,JenkJo00,John Jenkins,mia
DE,0,0%,348,31.13%,49,10.56%,MossAv00,Avery Moss,mia
DE,0,0%,30,2.68%,9,1.94%,CarrCo00,Tank Carradine,mia
DE,0,0%,396,35.42%,5,1.08%,CharTa00,Taco Charlton,mia
DE,0,0%,12,1.07%,4,.86%,DaviJa06,Jalen Davis,mia
DT,0,0%,717,64.13%,97,20.91%,GodcDa00,Davon Godchaux,mia
DT,0,0%,78,6.98%,16,3.45%,SielZa00,Zach Sieler,mia
DT,0,0%,16,1.43%,11,2.37%,NkemRo00,Robert Nkemdiche,mia
DT,0,0%,19,1.70%,0,0%,WillGe02,Gerald Willis,mia
LB,0,0%,1079,96.51%,154,33.19%,BakeJe00,Jerome Baker,mia
LB,0,0%,620,55.46%,266,57.33%,EguaSa00,Samuel Eguavoen,mia
LB,0,0%,429,38.37%,22,4.74%,HarrCh03,Charles Harris,mia
LB,0,0%,76,6.80%,22,4.74%,MunsCa00,Calvin Munson,mia
LB,0,0%,515,46.06%,172,37.07%,McMiRa02,Raekwon McMillan,mia
LB,0,0%,625,55.90%,276,59.48%,BiegVi00,Vince Biegel,mia
LB,0,0%,16,1.43%,46,9.91%,CrawJa01,James Crawford,mia
LB,0,0%,3,.27%,305,65.73%,LaceDe00,Deon Lacey,mia
LB,0,0%,197,17.62%,96,20.69%,VanGAn00,Andrew Van Ginkel,mia
LB,0,0%,253,22.63%,19,4.09%,HarrTr01,Trent Harris,mia
LB,0,0%,12,1.07%,4,.86%,DaviJa08,Jamal Davis II,mia
CB,0,0%,322,28.80%,29,6.25%,HowaXa00,Xavien Howard,mia
CB,0,0%,107,9.57%,13,2.80%,HayeTa00,Tae Hayes,mia
CB,0,0%,1071,95.80%,65,14.01%,RoweEr00,Eric Rowe,mia
CB,0,0%,293,26.21%,50,10.78%,LewiRy01,Ryan Lewis,mia
CB,0,0%,145,12.97%,270,58.19%,LammCh00,Chris Lammons,mia
CB,0,0%,742,66.37%,38,8.19%,NeedNi00,Nik Needham,mia
CB,0,0%,598,53.49%,161,34.70%,WiltJo01,Jamal Perry,mia
CB,0,0%,0,0%,56,12.07%,SherMa20,Marcus Sherels,mia
CB,0,0%,30,2.68%,36,7.76%,BadeJo00,Johnson Bademosi,mia
CB,0,0%,145,12.97%,0,0%,CrawKe02,Ken Crawley,mia
CB,0,0%,226,20.21%,23,4.96%,WebsKe00,Ken Webster,mia
CB,0,0%,4,.36%,0,0%,CrawXa00,Xavier Crawford,mia
SS,0,0%,116,10.38%,13,2.80%,FitzMi00,Minkah Fitzpatrick,mia
SS,0,0%,103,9.21%,361,77.80%,AikeWa00,Walt Aikens,mia
SS,0,0%,98,8.77%,45,9.70%,HartMo01,Montre Hartage,mia
FS,0,0%,540,48.30%,27,5.82%,McCaBo01,Bobby McCain,mia
FS,0,0%,189,16.91%,0,0%,JoneRe99,Reshad Jones,mia
FS,0,0%,338,30.23%,75,16.16%,ParkSt00,Steven Parker,mia
FS,0,0%,16,1.43%,10,2.16%,MiddDo01,Doug Middleton,mia
FS,0,0%,361,32.29%,49,10.56%,ColbAd00,Adrian Colbert,mia
DB,0,0%,30,2.68%,25,5.39%,StepLi00,Linden Stephens,mia
DB,0,0%,91,8.14%,14,3.02%,BrooNa00,Nate Brooks,mia
LS,1,.09%,0,0%,138,29.74%,PeppTa00,Taybor Pepper,mia
K,1,.09%,0,0%,135,29.09%,SandJa00,Jason Sanders,mia
P,1,.09%,0,0%,141,30.39%,HaacMa00,Matt Haack,mia
QB,966,94.34%,0,0%,0,0%,CousKi00,Kirk Cousins,min
QB,54,5.27%,0,0%,0,0%,MannSe00,Sean Mannion,min
RB,604,58.98%,0,0%,0,0%,CookDa01,Dalvin Cook,min
RB,135,13.18%,0,0%,252,60.00%,AbduAm00,Ameer Abdullah,min
RB,82,8.01%,0,0%,220,52.38%,BoonMi00,Mike Boone,min
RB,197,19.24%,0,0%,0,0%,MattAl01,Alexander Mattison,min
FB,354,34.57%,0,0%,231,55.00%,HamxC.00,C.J. Ham,min
WR,436,42.58%,0,0%,3,.71%,ThieAd00,Adam Thielen,min
WR,772,75.39%,0,0%,2,.48%,DiggSt00,Stefon Diggs,min
WR,43,4.20%,0,0%,18,4.29%,BeebCh00,Chad Beebe,min
WR,171,16.70%,0,0%,47,11.19%,TreaLa00,Laquon Treadwell,min
WR,538,52.54%,0,0%,59,14.05%,JohnOl00,Olabisi Johnson,min
WR,7,.68%,0,0%,0,0%,DoctJo00,Josh Doctson,min
WR,71,6.93%,0,0%,12,2.86%,HollAl00,Alexander Hollins,min
WR,3,.29%,0,0%,8,1.90%,DaviDa03,Davion Davis,min
TE,793,77.44%,0,0%,73,17.38%,RudoKy00,Kyle Rudolph,min
TE,612,59.77%,0,0%,139,33.10%,SmitIr01,Irv Smith Jr.,min
TE,274,26.76%,0,0%,156,37.14%,ConkTy00,Tyler Conklin,min
TE,7,.68%,0,0%,0,0%,DillBr00,Brandon Dillon,min
T,969,94.63%,0,0%,68,16.19%,ONeiBr00,Brian O'Neill,min
T,876,85.55%,0,0%,60,14.29%,ReifRi00,Riley Reiff,min
T,31,3.03%,0,0%,5,1.19%,UdohOl01,Oli Udoh,min
T,152,14.84%,0,0%,72,17.14%,HillRa01,Rashod Hill,min
T,49,4.79%,0,0%,8,1.90%,CollAv00,Aviante Collins,min
G,734,71.68%,0,0%,55,13.10%,KlinJo01,Josh Kline,min
G,921,89.94%,0,0%,66,15.71%,ElflPa00,Pat Elflein,min
G,362,35.35%,0,0%,73,17.38%,DoziDa00,Dakota Dozier,min
G,31,3.03%,0,0%,8,1.90%,SamiDr00,Dru Samia,min
C,989,96.58%,0,0%,13,3.10%,BradGa00,Garrett Bradbury,min
C,1,.10%,0,0%,10,2.38%,JoneBr04,Brett Jones,min
DE,2,.20%,882,80.70%,130,30.95%,HuntDa01,Danielle Hunter,min
DE,0,0%,848,77.58%,53,12.62%,GrifEv99,Everson Griffen,min
DE,0,0%,420,38.43%,151,35.95%,WeatSt00,Stephen Weatherly,min
DE,0,0%,100,9.15%,7,1.67%,MataHe00,Hercules Mata'afa,min
DE,0,0%,368,33.67%,24,5.71%,OdenIf00,Ifeadi Odenigbo,min
DT,0,0%,579,52.97%,60,14.29%,StepSh00,Shamar Stephen,min
DT,0,0%,121,11.07%,15,3.57%,WattAr01,Armon Watts,min
DT,0,0%,73,6.68%,17,4.05%,HolmJa01,Jalyn Holmes,min
NT,0,0%,552,50.50%,28,6.67%,JoseLi99,Linval Joseph,min
NT,0,0%,408,37.33%,42,10.00%,JohnJa09,Jaleel Johnson,min
LB,0,0%,947,86.64%,65,15.48%,KendEr00,Eric Kendricks,min
LB,0,0%,929,85.00%,64,15.24%,BarrAn00,Anthony Barr,min
LB,0,0%,102,9.33%,100,23.81%,GedeBe00,Ben Gedeon,min
LB,0,0%,379,34.68%,278,66.19%,WilsEr00,Eric Wilson,min
LB,0,0%,110,10.06%,220,52.38%,BrotKe00,Kentrell Brothers,min
LB,0,0%,33,3.02%,52,12.38%,SmitCa01,Cameron Smith,min
LB,0,0%,0,0%,22,5.24%,DownDe00,Devante Downs,min
CB,0,0%,768,70.27%,28,6.67%,WaynTr00,Trae Waynes,min
CB,0,0%,795,72.74%,0,0%,RhodXa00,Xavier Rhodes,min
CB,0,0%,499,45.65%,141,33.57%,HughMi00,Mike Hughes,min
CB,0,0%,96,8.78%,302,71.90%,BoydKr00,Kris Boyd,min
CB,0,0%,534,48.86%,28,6.67%,AlexMa01,Mackensie Alexander,min
CB,0,0%,11,1.01%,23,5.48%,MeadNa00,Nate Meadors,min
CB,0,0%,150,13.72%,125,29.76%,HillHo00,Holton Hill,min
CB,0,0%,6,.55%,2,.48%,FielMa01,Mark Fields II,min
CB,0,0%,1,.09%,26,6.19%,SherMa20,Marcus Sherels,min
SS,0,0%,970,88.75%,53,12.62%,SmitHa00,Harrison Smith,min
SS,0,0%,151,13.82%,104,24.76%,SendAn00,Andrew Sendejo,min
SS,0,0%,12,1.10%,76,18.10%,EppsMa00,Marcus Epps,min
FS,0,0%,909,83.17%,92,21.90%,HarrAn01,Anthony Harris,min
FS,0,0%,270,24.70%,222,52.86%,KearJa00,Jayron Kearse,min
LS,2,.20%,0,0%,136,32.38%,CuttAu00,Austin Cutting,min
K,2,.20%,0,0%,160,38.10%,BailDa00,Dan Bailey,min
P,2,.20%,0,0%,138,32.86%,ColqBr00,Britton Colquitt,min
QB,635,59.68%,0,0%,0,0%,BreeDr00,Drew Brees,nor
QB,400,37.59%,0,0%,0,0%,BridTe00,Teddy Bridgewater,nor
QB,241,22.65%,0,0%,287,62.53%,HillTa00,Taysom Hill,nor
RB,626,58.83%,0,0%,11,2.40%,KamaAl00,Alvin Kamara,nor
RB,7,.66%,0,0%,17,3.70%,ZennZa00,Zach Zenner,nor
RB,434,40.79%,0,0%,0,0%,MurrLa00,Latavius Murray,nor
RB,18,1.69%,0,0%,295,64.27%,WashDw00,Dwayne Washington,nor
FB,17,1.60%,0,0%,10,2.18%,OrtiRi00,Ricky Ortiz,nor
FB,215,20.21%,0,0%,164,35.73%,LineZa01,Zach Line,nor
WR,942,88.53%,0,0%,7,1.53%,ThomMi05,Michael Thomas,nor
WR,607,57.05%,0,0%,9,1.96%,GinnTe00,Ted Ginn Jr.,nor
WR,458,43.05%,0,0%,4,.87%,SmitTr03,Tre'Quan Smith,nor
WR,188,17.67%,0,0%,4,.87%,CarrAu00,Austin Carr,nor
WR,12,1.13%,0,0%,5,1.09%,KirkKe00,Keith Kirkwood,nor
WR,83,7.80%,0,0%,77,16.78%,HogaKr00,Krishawn Hogan,nor
WR,66,6.20%,0,0%,132,28.76%,HarrDe07,Deonte Harty,nor
WR,52,4.89%,0,0%,7,1.53%,HumpLi01,Lil'Jordan Humphrey,nor
TE,649,61.00%,0,0%,183,39.87%,HillJo02,Josh Hill,nor
TE,502,47.18%,0,0%,0,0%,CookJa02,Jared Cook,nor
TE,21,1.97%,0,0%,22,4.79%,VandJa00,Jason Vander Laan,nor
TE,45,4.23%,0,0%,15,3.27%,ArnoDa00,Dan Arnold,nor
T,1058,99.44%,0,0%,86,18.74%,RamcRy00,Ryan Ramczyk,nor
T,935,87.88%,0,0%,65,14.16%,ArmsTe00,Terron Armstead,nor
T,10,.94%,0,0%,12,2.61%,OlaxMi00,Michael Ola,nor
G,575,54.04%,0,0%,43,9.37%,PeatAn00,Andrus Peat,nor
G,970,91.17%,0,0%,78,16.99%,WarfLa00,Larry Warford,nor
G,156,14.66%,0,0%,74,16.12%,OmamPa00,Patrick Omameh,nor
C,1058,99.44%,0,0%,83,18.08%,McCoEr01,Erik McCoy,nor
C,409,38.44%,0,0%,58,12.64%,EastNi00,Nick Easton,nor
C,309,29.04%,0,0%,76,16.56%,ClapWi00,Will Clapp,nor
DE,0,0%,876,82.56%,64,13.94%,JordCa00,Cameron Jordan,nor
DE,0,0%,532,50.14%,76,16.56%,DaveMa00,Marcus Davenport,nor
DE,0,0%,404,38.08%,110,23.97%,HendTr00,Trey Hendrickson,nor
DE,0,0%,115,10.84%,115,25.05%,GranCa01,Carl Granderson,nor
DE,0,0%,11,1.04%,0,0%,LoewMi00,Mitchell Loewen,nor
DT,0,0%,565,53.25%,67,14.60%,OnyeDa00,David Onyemata,nor
DT,0,0%,322,30.35%,1,.22%,RankSh00,Sheldon Rankins,nor
DT,0,0%,340,32.05%,33,7.19%,TuttSh00,Shy Tuttle,nor
DT,1,.09%,293,27.62%,37,8.06%,EdwaMa01,Mario Edwards,nor
NT,0,0%,487,45.90%,66,14.38%,BrowMa01,Malcom Brown,nor
NT,0,0%,93,8.77%,8,1.74%,StalTa00,Taylor Stallworth,nor
LB,0,0%,984,92.74%,10,2.18%,DaviDe00,Demario Davis,nor
LB,0,0%,753,70.97%,83,18.08%,KleiAJ00,A.J. Klein,nor
LB,0,0%,46,4.34%,7,1.53%,AnzaAl00,Alex Anzalone,nor
LB,0,0%,189,17.81%,325,70.81%,RobeCr00,Craig Robertson,nor
LB,0,0%,0,0%,47,10.24%,ElliKa00,Kaden Elliss,nor
LB,0,0%,0,0%,91,19.83%,ArmsRa01,Ray-Ray Armstrong,nor
LB,0,0%,285,26.86%,19,4.14%,AlonKi00,Kiko Alonso,nor
LB,0,0%,24,2.26%,239,52.07%,AnthSt00,Stephone Anthony,nor
LB,0,0%,34,3.20%,11,2.40%,TeoxMa00,Manti Te'o,nor
CB,0,0%,932,87.84%,13,2.83%,ApplEl00,Eli Apple,nor
CB,0,0%,819,77.19%,9,1.96%,LattMa01,Marshon Lattimore,nor
CB,0,0%,798,75.21%,59,12.85%,WillP.00,P.J. Williams,nor
CB,0,0%,98,9.24%,14,3.05%,JenkJa03,Jackrabbit Jenkins,nor
CB,0,0%,37,3.49%,363,79.08%,HardJu01,Justin Hardee,nor
CB,0,0%,1,.09%,109,23.75%,BadeJo00,Johnson Bademosi,nor
CB,0,0%,0,0%,12,2.61%,CrawKe02,Ken Crawley,nor
CB,0,0%,170,16.02%,128,27.89%,RobiPa99,Patrick Robinson,nor
SS,0,0%,871,82.09%,87,18.95%,BellVo00,Vonn Bell,nor
SS,0,0%,33,3.11%,11,2.40%,SweaDJ00,D.J. Swearinger,nor
SS,0,0%,546,51.46%,205,44.66%,GardCh00,C.J. Gardner-Johnson,nor
SS,0,0%,10,.94%,12,2.61%,GreeT.00,T.J. Green,nor
SS,0,0%,20,1.89%,285,62.09%,GrayJ.00,J.T. Gray,nor
FS,5,.47%,949,89.44%,16,3.49%,WillMa06,Marcus Williams,nor
FS,0,0%,34,3.20%,63,13.73%,HampSa00,Saquan Hampton,nor
LS,0,0%,0,0%,152,33.12%,WoodZa00,Zach Wood,nor
K,0,0%,0,0%,180,39.22%,LutzWi00,Wil Lutz,nor
P,0,0%,0,0%,153,33.33%,MorsTh00,Thomas Morstead,nor
