pos,offense,off_pct,defense,def_pct,special_teams,st_pct,player_id,player_name,team
QB,1102,97.35%,0,0%,0,0%,MurrKy00,Kyler Murray,crd
QB,30,2.65%,0,0%,2,.45%,StreCh00,Chris Streveler,crd
RB,615,54.33%,0,0%,0,0%,DrakKe00,Kenyan Drake,crd
RB,525,46.38%,0,0%,64,14.48%,EdmoCh00,Chase Edmonds,crd
RB,25,2.21%,0,0%,115,26.02%,FostD.01,D.J. Foster,crd
RB,4,.35%,0,0%,174,39.37%,WardJo00,Jonathan Ward,crd
WR,1043,92.14%,0,0%,0,0%,HopkDe00,DeAndre Hopkins,crd
WR,781,68.99%,0,0%,55,12.44%,KirkCh01,Christian Kirk,crd
WR,745,65.81%,0,0%,2,.45%,FitzLa00,Larry Fitzgerald,crd
"TE,WR",469,41.43%,0,0%,69,15.61%,ArnoDa00,Dan Arnold,crd
WR,214,18.90%,0,0%,4,.90%,JohnKe07,KeeSean Johnson,crd
WR,79,6.98%,0,0%,222,50.23%,SherTr00,Trent Sherfield,crd
WR,306,27.03%,0,0%,48,10.86%,IsabAn00,Andy Isabella,crd
TE,326,28.80%,0,0%,50,11.31%,WillMa04,Maxx Williams,crd
TE,365,32.24%,0,0%,101,22.85%,DaniDa02,Darrell Daniels,crd
TE,48,4.24%,0,0%,52,11.76%,DevaSe00,Seth Devalve,crd
TE,43,3.80%,0,0%,44,9.95%,BaylEv00,Evan Baylis,crd
TE,2,.18%,0,0%,17,3.85%,ThomJo05,Jordan Thomas,crd
OL,55,4.86%,0,0%,37,8.37%,JoneJo07,Josh Jones,crd
"OL,T",644,56.89%,0,0%,56,12.67%,SweeJ.00,J.R. Sweezy,crd
"OL,T",960,84.81%,0,0%,67,15.16%,PughJu00,Justin Pugh,crd
"OL,T",1131,99.91%,0,0%,78,17.65%,HumpD.00,D.J. Humphries,crd
"OL,T",603,53.27%,0,0%,57,12.90%,MurrJu00,Justin Murray,crd
"G,OL",1128,99.65%,0,0%,76,17.19%,BeacKe00,Kelvin Beachum,crd
"G,OL",219,19.35%,0,0%,69,15.61%,GailLa00,Lamont Gaillard,crd
"C,OL",914,80.74%,0,0%,33,7.47%,ColeMa02,Mason Cole,crd
"C,OL",69,6.10%,0,0%,66,14.93%,GarcMa00,Max Garcia,crd
DL,0,0%,92,8.30%,12,2.71%,MaurJo00,Josh Mauro,crd
"DE,LB,OLB",0,0%,286,25.79%,2,.45%,JoneCh03,Chandler Jones,crd
"DE,DL",0,0%,505,45.54%,52,11.76%,AlleZa01,Zach Allen,crd
"DE,DL,DT",0,0%,551,49.68%,50,11.31%,BlacAn00,Angelo Blackson,crd
"DE,DL",0,0%,41,3.70%,6,1.36%,DogbMi00,Michael Dogbe,crd
"DL,DT,NT",0,0%,379,34.17%,60,13.57%,PeteCo00,Corey Peters,crd
"DE,DL,DT",0,0%,266,23.99%,34,7.69%,PhilJo01,Jordan Phillips,crd
"DL,DT",0,0%,192,17.31%,14,3.17%,ColeTr01,Trevon Coley,crd
DT,0,0%,38,3.43%,1,.23%,McGeSt01,Stacy McGee,crd
"DL,NT",0,0%,177,15.96%,31,7.01%,PekoDo20,Domata Peko,crd
"DL,NT",0,0%,166,14.97%,5,1.13%,LawrRa01,Rashard Lawrence,crd
"DL,DT,NT",1,.09%,284,25.61%,47,10.63%,FotuLe00,Leki Fotu,crd
LB,0,0%,880,79.35%,76,17.19%,CampDe00,De'Vondre Campbell,crd
LB,0,0%,1024,92.34%,84,19.00%,HickJo00,Jordan Hicks,crd
"LB,OLB",0,0%,874,78.81%,43,9.73%,ReddHa00,Haason Reddick,crd
LB,0,0%,416,37.51%,12,2.71%,GoldMa00,Markus Golden,crd
LB,0,0%,362,32.64%,0,0%,KennDe00,Devon Kennard,crd
LB,0,0%,94,8.48%,315,71.27%,GardDe01,Dennis Gardeck,crd
LB,0,0%,140,12.62%,227,51.36%,FittKy00,Kylie Fitts,crd
LB,0,0%,376,33.90%,112,25.34%,SimmIs00,Isaiah Simmons,crd
LB,0,0%,0,0%,41,9.28%,SmitTe04,Terrance Smith,crd
LB,0,0%,17,1.53%,0,0%,WalkRe01,Reggie Walker,crd
LB,0,0%,96,8.66%,286,64.71%,VallTa00,Tanner Vallejo,crd
LB,0,0%,0,0%,14,3.17%,IrviIs00,Isaiah Irving,crd
CB,0,0%,48,4.33%,6,1.36%,JoseJo20,Johnathan Joseph,crd
CB,0,0%,16,1.44%,4,.90%,BausDe00,De'Vante Bausby,crd
CB,0,0%,66,5.95%,138,31.22%,PeteKe01,Kevin Peterson,crd
"CB,S",0,0%,72,6.49%,22,4.98%,RileCu00,Curtis Riley,crd
"DB,S",0,0%,436,39.31%,175,39.59%,BanjCh00,Chris Banjo,crd
"CB,DB",0,0%,1096,98.83%,85,19.23%,PetePa00,Patrick Peterson,crd
"CB,DB",0,0%,795,71.69%,86,19.46%,MurpBy00,Byron Murphy,crd
"DB,S",0,0%,1005,90.62%,21,4.75%,BakeBu00,Budda Baker,crd
"CB,DB",0,0%,750,67.63%,6,1.36%,KirkDr00,Dre Kirkpatrick,crd
"DB,LB",0,0%,6,.54%,348,78.73%,TurnZe00,Zeke Turner,crd
"CB,DB",0,0%,48,4.33%,41,9.28%,WhitJa05,Jace Whittaker,crd
"DB,S",0,0%,232,20.92%,1,.23%,ThomJa04,Jalen Thompson,crd
S,0,0%,40,3.61%,256,57.92%,WashCh01,Charles Washington,crd
"DB,S",0,0%,332,29.94%,148,33.48%,ThomDe06,Deionte Thompson,crd
LS,2,.18%,0,0%,139,31.45%,BrewAa00,Aaron Brewer,crd
K,0,0%,0,0%,35,7.92%,nugenmik01,Mike Nugent,crd
K,2,.18%,0,0%,128,28.96%,GonzZa00,Zane Gonzalez,crd
P,2,.18%,0,0%,140,31.67%,LeexAn20,Andy Lee,crd
QB,1113,99.11%,0,0%,0,0%,RyanMa00,Matt Ryan,atl
QB,9,.80%,0,0%,0,0%,SchaMa00,Matt Schaub,atl
RB,507,45.15%,0,0%,0,0%,GurlTo01,Todd Gurley,atl
RB,327,29.12%,0,0%,108,23.95%,HillBr02,Brian Hill,atl
RB,6,.53%,0,0%,15,3.33%,BrooTo01,Tony Brooks-James,atl
RB,225,20.04%,0,0%,2,.44%,SmitIt00,Ito Smith,atl
RB,13,1.16%,0,0%,19,4.21%,OlliQa00,Qadree Ollison,atl
FB,222,19.77%,0,0%,265,58.76%,SmitKe03,Keith Smith,atl
WR,822,73.20%,0,0%,3,.67%,RidlCa00,Calvin Ridley,atl
WR,468,41.67%,0,0%,7,1.55%,JoneJu02,Julio Jones,atl
WR,762,67.85%,0,0%,2,.44%,GageRu00,Russell Gage,atl
WR,308,27.43%,0,0%,91,20.18%,ZaccOl01,Olamide Zaccheaus,atl
WR,275,24.49%,0,0%,146,32.37%,BlakCh00,Christian Blake,atl
WR,181,16.12%,0,0%,127,28.16%,PoweBr00,Brandon Powell,atl
WR,0,0%,0,0%,16,3.55%,RowlCh00,Chris Rowland,atl
WR,59,5.25%,0,0%,33,7.32%,TreaLa00,Laquon Treadwell,atl
TE,786,69.99%,0,0%,19,4.21%,HursHa00,Hayden Hurst,atl
TE,503,44.79%,0,0%,224,49.67%,StocLu00,Luke Stocker,atl
TE,114,10.15%,0,0%,217,48.12%,GrahJa01,Jaeden Graham,atl
T,891,79.34%,0,0%,64,14.19%,McGaKa00,Kaleb McGary,atl
T,1114,99.20%,0,0%,80,17.74%,MattJa00,Jake Matthews,atl
"G,T",827,73.64%,0,0%,65,14.41%,CarpJa00,James Carpenter,atl
T,337,30.01%,0,0%,80,17.74%,GonoMa00,Matt Gono,atl
T,4,.36%,0,0%,10,2.22%,WetzJo00,John Wetzel,atl
G,1123,100.00%,0,0%,80,17.74%,LindCh00,Chris Lindstrom,atl
G,157,13.98%,0,0%,51,11.31%,McCrJu00,Justin McCray,atl
C,972,86.55%,0,0%,1,.22%,MackAl20,Alex Mack,atl
"C,OL",225,20.04%,0,0%,34,7.54%,HennMa00,Matt Hennessy,atl
DE,0,0%,601,55.55%,12,2.66%,FowlDa00,Dante Fowler,atl
DE,0,0%,398,36.78%,111,24.61%,ComiJo00,John Cominsky,atl
DE,0,0%,85,7.86%,1,.22%,McKiTa00,Takkarist McKinley,atl
DE,0,0%,289,26.71%,61,13.53%,HarrCh03,Charles Harris,atl
DE,0,0%,424,39.19%,77,17.07%,BailAl00,Allen Bailey,atl
DE,0,0%,643,59.43%,130,28.82%,MeanSt00,Steven Means,atl
DE,0,0%,1,.09%,5,1.11%,EdwaAu00,Austin Edwards,atl
DT,0,0%,852,78.74%,60,13.30%,JarrGr00,Grady Jarrett,atl
DT,0,0%,520,48.06%,92,20.40%,DaviTy01,Tyeler Davison,atl
DT,0,0%,132,12.20%,17,3.77%,DaviMa01,Marlon Davidson,atl
DT,0,0%,374,34.57%,216,47.89%,TuioJa00,Jacob Tuioti-Mariner,atl
"DT,NT",0,0%,43,3.97%,9,2.00%,SenaDe00,Deadrin Senat,atl
LB,0,0%,1042,96.30%,99,21.95%,JoneDe01,Deion Jones,atl
LB,0,0%,896,82.81%,86,19.07%,OluoFo00,Foyesade Oluokun,atl
LB,0,0%,385,35.58%,189,41.91%,WalkMy00,Mykal Walker,atl
LB,0,0%,45,4.16%,186,41.24%,RobiEd00,Edmond Robinson,atl
LB,0,0%,19,1.76%,0,0%,TaumPi00,Pita Taumoepenu,atl
LB,0,0%,40,3.70%,275,60.98%,ReynLa00,LaRoy Reynolds,atl
CB,0,0%,525,48.52%,95,21.06%,ShefKe00,Kendall Sheffield,atl
CB,0,0%,0,0%,8,1.77%,MillJo05,Jordan Miller,atl
"CB,DB",0,0%,830,76.71%,116,25.72%,OlivIs00,Isaiah Oliver,atl
"CB,DB",0,0%,909,84.01%,85,18.85%,TerrAJ00,AJ Terrell,atl
"DB,S",0,0%,241,22.27%,17,3.77%,KazeDa00,Damontae Kazee,atl
"DB,S",0,0%,918,84.84%,51,11.31%,NealKe01,Keanu Neal,atl
"CB,DB",0,0%,437,40.39%,16,3.55%,DennDa00,Darqueze Dennard,atl
"DB,S",0,0%,605,55.91%,5,1.11%,AlleRi00,Ricardo Allen,atl
"DB,S",0,0%,289,26.71%,304,67.41%,NeasSh00,Sharrod Neasman,atl
"CB,DB",0,0%,6,.55%,125,27.72%,HallTy01,Tyler Hall,atl
"DB,S",0,0%,74,6.84%,154,34.15%,HawkJa00,Jaylinn Hawkins,atl
"CB,DB",0,0%,242,22.37%,105,23.28%,WrehBl00,Blidi Wreh-Wilson,atl
"CB,DB",0,0%,7,.65%,25,5.54%,AbraDe00,Delrick Abrams,atl
DB,0,0%,0,0%,9,2.00%,GreeT.00,T.J. Green,atl
S,0,0%,31,2.87%,6,1.33%,CartJa02,Jamal Carter,atl
LS,1,.09%,0,0%,141,31.26%,HarrJo02,Josh Harris,atl
K,1,.09%,0,0%,143,31.71%,KooxYo00,Younghoe Koo,atl
K,0,0%,0,0%,7,1.55%,FryxEl01,Elliott Fry,atl
P,1,.09%,0,0%,163,36.14%,HofrSt00,Sterling Hofrichter,atl
"WR,WR/R",14,1.36%,0,0%,42,9.98%,MoorCh00,Chris Moore,rav
QB,917,89.38%,0,0%,0,0%,JackLa00,Lamar Jackson,rav
QB,28,2.73%,0,0%,0,0%,HuntTy01,Tyler Huntley,rav
QB,20,1.95%,0,0%,0,0%,McSoTr00,Trace McSorley,rav
QB,61,5.95%,0,0%,0,0%,GrifRo01,Robert Griffin III,rav
RB,456,44.44%,0,0%,0,0%,DobbJK00,J.K. Dobbins,rav
RB,160,15.59%,0,0%,0,0%,IngrMa01,Mark Ingram,rav
RB,346,33.72%,0,0%,27,6.41%,EdwaGu00,Gus Edwards,rav
RB,73,7.12%,0,0%,192,45.61%,HillJu00,Justice Hill,rav
WR,545,53.12%,0,0%,133,31.59%,BoykMi00,Miles Boykin,rav
"WR,WR/R",535,52.14%,0,0%,4,.95%,SneaWi00,Willie Snead,rav
WR,802,78.17%,0,0%,2,.48%,BrowMa04,Marquise Brown,rav
WR,347,33.82%,0,0%,144,34.20%,DuveDe00,Devin Duvernay,rav
WR,25,2.44%,0,0%,58,13.78%,ProcJa00,James Proche,rav
WR,129,12.57%,0,0%,0,0%,BryaDe01,Dez Bryant,rav
TE,380,37.04%,0,0%,103,24.47%,BoylNi00,Nick Boyle,rav
TE,597,58.19%,0,0%,6,1.43%,AndrMa00,Mark Andrews,rav
TE,123,11.99%,0,0%,26,6.18%,TomlEr01,Eric Tomlinson,rav
TE,15,1.46%,0,0%,0,0%,CulkSe00,Sean Culkin,rav
TE,75,7.31%,0,0%,26,6.18%,WillLu00,Luke Willson,rav
T,1026,100.00%,0,0%,84,19.95%,BrowOr00,Orlando Brown Jr.,rav
T,312,30.41%,0,0%,1,.24%,StanRo00,Ronnie Stanley,rav
"G,G/T,T",531,51.75%,0,0%,79,18.76%,FlukDJ00,D.J. Fluker,rav
"G/C,T",553,53.90%,0,0%,70,16.63%,MekaPa00,Patrick Mekari,rav
"G,G/T",418,40.74%,0,0%,6,1.43%,PhilTy00,Tyre Phillips,rav
G,30,2.92%,0,0%,4,.95%,HoldWi00,Will Holden,rav
G,512,49.90%,0,0%,84,19.95%,PoweBe00,Ben Powers,rav
G,48,4.68%,0,0%,35,8.31%,BredBe00,Ben Bredeson,rav
"C,G/C",1016,99.03%,0,0%,62,14.73%,BozeBr00,Bradley Bozeman,rav
"C,C/G",661,64.42%,0,0%,82,19.48%,SkurMa01,Matt Skura,rav
C,127,12.38%,0,0%,0,0%,ColoTr01,Trystan Colon,rav
DE,0,0%,412,38.58%,107,25.42%,CampCa99,Calais Campbell,rav
DE,0,0%,348,32.58%,1,.24%,NgakYa00,Yannick Ngakoue,rav
DE,0,0%,272,25.47%,9,2.14%,WardJi02,Jihad Ward,rav
"DE,FB/D",402,39.18%,0,0%,82,19.48%,RicaPa00,Patrick Ricard,rav
"DE,DT",0,0%,624,58.43%,55,13.06%,WolfDe00,Derek Wolfe,rav
DT,0,0%,356,33.33%,47,11.16%,WillBr02,Brandon Williams,rav
DT,0,0%,260,24.34%,1,.24%,MaduJu00,Nnamdi Madubuike,rav
DT,0,0%,161,15.07%,0,0%,WashBr01,Broderick Washington Jr.,rav
DT,0,0%,21,1.97%,0,0%,CrawAa00,Aaron Crawford,rav
DT,0,0%,358,33.52%,15,3.56%,ElliJu01,Justin Ellis,rav
OLB,0,0%,8,.75%,8,1.90%,AdeoAa00,Aaron Adeoye,rav
OLB,0,0%,15,1.40%,0,0%,RiveCh01,Chauncey Rivers,rav
"ILB,LB",0,0%,858,80.34%,18,4.28%,QueePa00,Patrick Queen,rav
"LB,OLB",0,0%,565,52.90%,47,11.16%,JudoMa00,Matt Judon,rav
"LB,OLB",0,0%,541,50.66%,144,34.20%,BowsTy00,Tyus Bowser,rav
"ILB,LB",0,0%,381,35.67%,263,62.47%,FortL.00,L.J. Fort,rav
"ILB,LB",0,0%,264,24.72%,288,68.41%,HarrMa06,Malik Harrison,rav
"LB,OLB",0,0%,302,28.28%,65,15.44%,FergJa02,Jaylon Ferguson,rav
"LB,OLB",0,0%,459,42.98%,16,3.80%,McPhPe00,Pernell McPhee,rav
"ILB,LB",0,0%,264,24.72%,331,78.62%,BoarCh00,Chris Board,rav
"ILB,LB",0,0%,8,.75%,173,41.09%,WelcKr00,Kristian Welch,rav
"ILB,LB",0,0%,0,0%,69,16.39%,AlakOt01,Otaro Alaka,rav
CB,0,0%,169,15.82%,23,5.46%,WillTr99,Tramon Williams,rav
CB,0,0%,5,.47%,94,22.33%,DorsKh00,Khalil Dorsey,rav
"CB,DB",0,0%,5,.47%,27,6.41%,DesiPi00,Pierre Desir,rav
CB,0,0%,85,7.96%,31,7.36%,BondTe00,Terrell Bonds,rav
"DB,S",0,0%,1046,97.94%,65,15.44%,ElliDe02,DeShon Elliott,rav
"DB,S",0,0%,1065,99.72%,59,14.01%,ClarCh00,Chuck Clark,rav
"CB,DB",0,0%,974,91.20%,56,13.30%,HumpMa00,Marlon Humphrey,rav
"CB,DB",0,0%,913,85.49%,1,.24%,PeteMa00,Marcus Peters,rav
"CB,DB",0,0%,38,3.56%,11,2.61%,YounTa01,Tavon Young,rav
DB,0,0%,42,3.93%,21,4.99%,GilcMa00,Marcus Gilchrist,rav
"CB,DB",0,0%,63,5.90%,36,8.55%,HarrDa05,Davontae Harris,rav
DB,0,0%,11,1.03%,14,3.33%,BrooNa00,Nate Brooks,rav
"CB,DB",0,0%,455,42.60%,1,.24%,SmitJi03,Jimmy Smith,rav
"CB,DB",0,0%,354,33.15%,67,15.91%,AverAn00,Anthony Averett,rav
"DB,DB/L",0,0%,30,2.81%,284,67.46%,LeviAn00,Anthony Levine,rav
"DB,S",0,0%,15,1.40%,334,79.33%,RichJo00,Jordan Richards,rav
S,0,0%,2,.19%,38,9.03%,StonGe00,Geno Stone,rav
LS,0,0%,0,0%,130,30.88%,CoxxMo00,Morgan Cox,rav
LS,0,0%,0,0%,9,2.14%,MoorNi00,Nick Moore,rav
K,0,0%,0,0%,179,42.52%,TuckJu00,Justin Tucker,rav
P,0,0%,0,0%,131,31.12%,KochSa20,Sam Koch,rav
P,0,0%,0,0%,8,1.90%,TownJo01,Johnny Townsend,rav
QB,1035,95.13%,0,0%,0,0%,AlleJo02,Josh Allen,buf
QB,53,4.87%,0,0%,0,0%,BarkMa00,Matt Barkley,buf
RB,621,57.08%,0,0%,0,0%,SingDe00,Devin Singletary,buf
RB,403,37.04%,0,0%,0,0%,MossZa00,Zack Moss,buf
RB,28,2.57%,0,0%,0,0%,WillAn03,Antonio Williams,buf
RB,4,.37%,0,0%,209,46.55%,JoneTa00,Taiwan Jones,buf
RB,42,3.86%,0,0%,0,0%,YeldT.00,T.J. Yeldon,buf
"FB,TE",81,7.44%,0,0%,189,42.09%,GillRe00,Reggie Gilliam,buf
WR,965,88.69%,0,0%,5,1.11%,DiggSt00,Stefon Diggs,buf
WR,453,41.64%,0,0%,0,0%,BrowJo02,John Brown,buf
WR,680,62.50%,0,0%,7,1.56%,BeasCo00,Cole Beasley,buf
WR,797,73.25%,0,0%,32,7.13%,DaviGa01,Gabriel Davis,buf
WR,17,1.56%,0,0%,95,21.16%,KumeJa00,Jake Kumerow,buf
WR,270,24.82%,0,0%,12,2.67%,McKeIs00,Isaiah McKenzie,buf
WR,62,5.70%,0,0%,132,29.40%,RobeAn00,Andre Roberts,buf
WR,4,.37%,0,0%,0,0%,WillDu01,Duke Williams,buf
TE,487,44.76%,0,0%,36,8.02%,KnoxDa00,Dawson Knox,buf
TE,30,2.76%,0,0%,4,.89%,BeckNa00,Nate Becker,buf
TE,298,27.39%,0,0%,91,20.27%,KrofTy00,Tyler Kroft,buf
TE,171,15.72%,0,0%,77,17.15%,SmitLe00,Lee Smith,buf
OL,2,.18%,0,0%,0,0%,DeveJo00,Jordan Devey,buf
T,383,35.20%,0,0%,27,6.01%,FordCo00,Cody Ford,buf
T,1032,94.85%,0,0%,89,19.82%,DawkDi00,Dion Dawkins,buf
"OL,T",1048,96.32%,0,0%,73,16.26%,WillDa06,Daryl Williams,buf
"OL,T",82,7.54%,0,0%,93,20.71%,BateRy02,Ryan Bates,buf
T,54,4.96%,0,0%,85,18.93%,NsekTy00,Ty Nsekhe,buf
G,177,16.27%,0,0%,22,4.90%,SpaiQu00,Quinton Spain,buf
G,571,52.48%,0,0%,19,4.23%,FeliJo00,Jon Feliciano,buf
G,622,57.17%,0,0%,68,15.14%,BoetIk00,Ike Boettger,buf
G,616,56.62%,0,0%,82,18.26%,WintBr00,Brian Winters,buf
C,878,80.70%,0,0%,0,0%,MorsMi00,Mitch Morse,buf
DE,0,0%,35,3.27%,11,2.45%,LoveMi00,Mike Love,buf
"DE,DL",0,0%,534,49.86%,67,14.92%,JeffQu00,Quinton Jefferson,buf
DE,0,0%,606,56.58%,64,14.25%,AddiMa00,Mario Addison,buf
DE,0,0%,629,58.73%,7,1.56%,HughJe99,Jerry Hughes,buf
DE,0,0%,225,21.01%,258,57.46%,JohnDa10,Darryl Johnson,buf
DE,0,0%,23,2.15%,3,.67%,CoxxBr01,Bryan Cox Jr.,buf
DE,0,0%,291,27.17%,79,17.59%,EpenAJ00,A.J. Epenesa,buf
DT,0,0%,578,53.97%,9,2.00%,OlivEd00,Ed Oliver,buf
DT,0,0%,428,39.96%,56,12.47%,ButlVe00,Vernon Butler,buf
DT,0,0%,332,31.00%,27,6.01%,PhilHa00,Harrison Phillips,buf
DT,0,0%,275,25.68%,8,1.78%,ZimmJu00,Justin Zimmer,buf
DT,0,0%,7,.65%,0,0%,BryaBr00,Brandin Bryant,buf
LB,0,0%,652,60.88%,148,32.96%,KleiAJ00,A.J. Klein,buf
LB,0,0%,911,85.06%,69,15.37%,EdmuTr01,Tremaine Edmunds,buf
"DE,LB",0,0%,343,32.03%,63,14.03%,MurpTr00,Trent Murphy,buf
LB,0,0%,172,16.06%,139,30.96%,DodsTy01,Tyrel Dodson,buf
LB,0,0%,335,31.28%,15,3.34%,MilaMa00,Matt Milano,buf
LB,0,0%,0,0%,31,6.90%,LeexDa00,Darron Lee,buf
LB,0,0%,72,6.72%,343,76.39%,MataTy00,Tyler Matakevich,buf
LB,0,0%,0,0%,70,15.59%,LaceDe00,Deon Lacey,buf
LB,0,0%,47,4.39%,216,48.11%,SmitAn04,Andre Smith,buf
LB,0,0%,0,0%,14,3.12%,PhilDe00,Del'Shawn Phillips,buf
CB,0,0%,193,18.02%,41,9.13%,JackDa02,Dane Jackson,buf
CB,0,0%,15,1.40%,5,1.11%,WorlDa00,Daryl Worley,buf
"S,SS",0,0%,230,21.48%,215,47.88%,MarlDe00,Dean Marlowe,buf
"CB,DB",0,0%,344,32.12%,30,6.68%,NormJo01,Josh Norman,buf
"DB,S",2,.18%,1010,94.30%,164,36.53%,PoyeJo00,Jordan Poyer,buf
"CB,DB",0,0%,825,77.03%,165,36.75%,JohnTa01,Taron Johnson,buf
"DB,S",0,0%,938,87.58%,65,14.48%,HydeMi00,Micah Hyde,buf
"CB,DB",0,0%,612,57.14%,42,9.35%,WallLe00,Levi Wallace,buf
"CB,DB",0,0%,878,81.98%,37,8.24%,WhitTr01,Tre'Davious White,buf
"DB,S",0,0%,117,10.92%,278,61.92%,NealSi00,Siran Neal,buf
"DB,S",0,0%,49,4.58%,249,55.46%,JohnJa11,Jaquan Johnson,buf
"CB,DB",0,0%,75,7.00%,16,3.56%,LewiCa00,Cameron Lewis,buf
S,0,0%,0,0%,15,3.34%,ThomJo06,Josh Thomas,buf
LS,0,0%,0,0%,138,30.73%,FergRe00,Reid Ferguson,buf
K,0,0%,0,0%,195,43.43%,BassTy00,Tyler Bass,buf
P,0,0%,0,0%,138,30.73%,BojoCo00,Corey Bojorquez,buf
QB,928,89.84%,0,0%,0,0%,BridTe00,Teddy Bridgewater,car
QB,107,10.36%,0,0%,0,0%,WalkPh00,P.J. Walker,car
QB,5,.48%,0,0%,0,0%,StevTo01,Tommy Stevens,car
RB,171,16.55%,0,0%,1,.24%,McCaCh01,Christian McCaffrey,car
"FB,RB",145,14.04%,0,0%,204,48.46%,ArmaAl00,Alex Armah,car
RB,579,56.05%,0,0%,33,7.84%,DaviMi01,Mike Davis,car
RB,23,2.23%,0,0%,16,3.80%,BonnRe00,Reggie Bonnafon,car
RB,44,4.26%,0,0%,169,40.14%,CannTr00,Trenton Cannon,car
RB,133,12.88%,0,0%,3,.71%,SmitRo08,Rodney Smith,car
WR,836,80.93%,0,0%,5,1.19%,MoorD.00,D.J. Moore,car
WR,805,77.93%,0,0%,5,1.19%,AndeRo04,Robbie Chosen,car
WR,659,63.79%,0,0%,2,.48%,SamuCu00,Curtis Samuel,car
WR,35,3.39%,0,0%,5,1.19%,KirkKe00,Keith Kirkwood,car
WR,125,12.10%,0,0%,245,58.19%,ZylsBr00,Brandon Zylstra,car
WR,143,13.84%,0,0%,122,28.98%,CoopPh00,Pharoh Cooper,car
WR,3,.29%,0,0%,15,3.56%,MichMa00,Marken Michel,car
WR,93,9.00%,0,0%,8,1.90%,RobeSe00,Seth Roberts,car
TE,672,65.05%,0,0%,19,4.51%,ThomIa00,Ian Thomas,car
TE,503,48.69%,0,0%,79,18.76%,ManhCh00,Chris Manhertz,car
TE,183,17.72%,0,0%,138,32.78%,ThomCo03,Colin Thompson,car
T,407,39.40%,0,0%,5,1.19%,OkunRu20,Russell Okung,car
T,1033,100.00%,0,0%,74,17.58%,MotoTa00,Taylor Moton,car
"G,T",270,26.14%,0,0%,46,10.93%,SchoMi00,Michael Schofield,car
T,134,12.97%,0,0%,28,6.65%,LittGr01,Greg Little,car
T,0,0%,0,0%,1,.24%,KaskMa00,Matt Kaskey,car
G,911,88.19%,0,0%,27,6.41%,MillJo04,John Miller,car
G,893,86.45%,0,0%,64,15.20%,ReedCh00,Chris Reed,car
G,135,13.07%,0,0%,4,.95%,DaleDe00,Dennis Daley,car
"G,T",347,33.59%,0,0%,68,16.15%,ScotTr01,Trenton Scott,car
C,1030,99.71%,0,0%,0,0%,ParaMa00,Matt Paradis,car
C,7,.68%,0,0%,61,14.49%,LarsTy00,Tyler Larsen,car
C,0,0%,0,0%,8,1.90%,TeckSa00,Sam Tecklenburg,car
DE,0,0%,750,70.82%,70,16.63%,BurnBr00,Brian Burns,car
DE,0,0%,358,33.81%,29,6.89%,WeatSt00,Stephen Weatherly,car
DE,0,0%,415,39.19%,65,15.44%,ObadEf00,Efe Obada,car
DE,0,0%,390,36.83%,23,5.46%,HaynMa01,Marquis Haynes,car
DE,0,0%,377,35.60%,40,9.50%,GrosYe00,Yetur Gross-Matos,car
DE,0,0%,127,11.99%,49,11.64%,LarkAu00,Austin Larkin,car
DT,0,0%,742,70.07%,73,17.34%,BrowDe05,Derrick Brown,car
DT,0,0%,123,11.61%,10,2.38%,ShorKa00,Kawann Short,car
DT,0,0%,419,39.57%,54,12.83%,RoyxBr00,Bravvion Roy,car
DT,0,0%,57,5.38%,4,.95%,HamiWo00,Woodrow Hamilton,car
"DT,NT",0,0%,390,36.83%,90,21.38%,KerrZa00,Zach Kerr,car
"OLB,S",0,0%,248,23.42%,156,37.05%,FranSa00,Sam Franklin,car
LB,0,0%,1031,97.36%,90,21.38%,ThomSh01,Shaq Thompson,car
LB,0,0%,398,37.58%,52,12.35%,WhitTa00,Tahir Whitehead,car
LB,0,0%,6,.57%,50,11.88%,OrrxCh00,Chris Orr,car
LB,0,0%,284,26.82%,239,56.77%,CartJe00,Jermaine Carter Jr.,car
LB,0,0%,111,10.48%,199,47.27%,GlanAd00,Adarius Taylor,car
LB,0,0%,16,1.51%,261,62.00%,StanJu00,Julian Stanford,car
LB,0,0%,3,.28%,21,4.99%,JohnCl00,Clay Johnston,car
"DB,S",0,0%,790,74.60%,76,18.05%,BurrJu00,Juston Burris,car
"DB,LB,S",0,0%,967,91.31%,104,24.70%,ChinJe00,Jeremy Chinn,car
"CB,DB",0,0%,529,49.95%,141,33.49%,PridTr00,Troy Pride Jr.,car
"DB,S",0,0%,1037,97.92%,69,16.39%,BostTr00,Tre Boston,car
"CB,DB",0,0%,821,77.53%,83,19.71%,DougRa00,Rasul Douglas,car
"CB,DB",0,0%,411,38.81%,148,35.15%,EldeCo00,Corn Elder,car
DB,4,.39%,140,13.22%,254,60.33%,HartMy00,Myles Hartsfield,car
"CB,DB",0,0%,74,6.99%,108,25.65%,ThomSt00,Stantley Thomas-Oliver,car
"CB,DB",0,0%,599,56.56%,33,7.84%,JackDo02,Donte Jackson,car
"DB,S",0,0%,6,.57%,128,30.40%,RobiKe02,Kenny Robinson Jr.,car
"CB,DB",0,0%,28,2.64%,6,1.43%,ApplEl00,Eli Apple,car
DB,0,0%,1,.09%,43,10.21%,JameNa00,Natrell Jamerson,car
LS,0,0%,0,0%,125,29.69%,JansJ.00,J.J. Jansen,car
K,0,0%,0,0%,155,36.82%,SlyeJo00,Joey Slye,car
P,0,0%,0,0%,125,29.69%,CharJo01,Joseph Charlton,car
QB,570,53.22%,0,0%,0,0%,TrubMi00,Mitchell Trubisky,chi
QB,496,46.31%,0,0%,0,0%,FoleNi00,Nick Foles,chi
QB,5,.47%,0,0%,0,0%,BrayTy00,Tyler Bray,chi
RB,77,7.19%,0,0%,13,2.86%,CoheTa00,Tarik Cohen,chi
RB,759,70.87%,0,0%,2,.44%,MontDa01,David Montgomery,chi
RB,68,6.35%,0,0%,294,64.76%,NallRy00,Ryan Nall,chi
RB,13,1.21%,0,0%,21,4.63%,PierAr00,Artavis Pierce,chi
RB,5,.47%,0,0%,0,0%,MillLa01,Lamar Miller,chi
WR,911,85.06%,0,0%,2,.44%,RobiAl02,Allen Robinson,chi
WR,62,5.79%,0,0%,14,3.08%,GinnTe00,Ted Ginn Jr.,chi
WR,584,54.53%,0,0%,19,4.19%,MillAn02,Anthony Miller,chi
WR,294,27.45%,0,0%,60,13.22%,WimsJa00,Javon Wims,chi
WR,41,3.83%,0,0%,11,2.42%,RidlRi00,Riley Ridley,chi
WR,781,72.92%,0,0%,5,1.10%,MoonDa00,Darnell Mooney,chi
WR,201,18.77%,0,0%,146,32.16%,PattCo00,Cordarrelle Patterson,chi
WR,0,0%,0,0%,36,7.93%,HarrDw00,Dwayne Harris,chi
WR,15,1.40%,0,0%,14,3.08%,CartDe02,DeAndre Carter,chi
TE,636,59.38%,0,0%,1,.22%,GrahJi00,Jimmy Graham,chi
TE,215,20.07%,0,0%,169,37.22%,HarrDe03,Demetrius Harris,chi
TE,603,56.30%,0,0%,109,24.01%,KmetCo00,Cole Kmet,chi
TE,87,8.12%,0,0%,212,46.70%,HoltJ.01,J.P. Holtz,chi
OL,1066,99.53%,0,0%,69,15.20%,IfedGe00,Germain Ifedi,chi
OL,470,43.88%,0,0%,26,5.73%,MassBo00,Bobby Massie,chi
OL,1066,99.53%,0,0%,69,15.20%,LenoCh00,Charles Leno Jr.,chi
OL,305,28.48%,0,0%,17,3.74%,DaniJa01,James Daniels,chi
"C,OL",893,83.38%,0,0%,0,0%,WhitCo03,Cody Whitehair,chi
OL,568,53.03%,0,0%,69,15.20%,BarsAl01,Alex Bars,chi
OL,333,31.09%,0,0%,73,16.08%,CowaRa00,Rashaad Coward,chi
OL,82,7.66%,0,0%,43,9.47%,HambAr00,Arlington Hambright,chi
OL,70,6.54%,0,0%,34,7.49%,SpriJa00,Jason Spriggs,chi
G,0,0%,0,0%,3,.66%,EiseDi00,Dieter Eiselen,chi
"C,OL",504,47.06%,0,0%,44,9.69%,MustSa01,Sam Mustipher,chi
C,0,0%,0,0%,3,.66%,KushEr00,Eric Kush,chi
"DE,LB",0,0%,390,36.41%,374,82.38%,MingBa00,Barkevious Mingo,chi
DE,0,0%,370,34.55%,158,34.80%,UrbaBr00,Brent Urban,chi
DE,0,0%,256,23.90%,77,16.96%,EdwaMa01,Mario Edwards,chi
DT,0,0%,795,74.23%,0,0%,HickAk00,Akiem Hicks,chi
DT,0,0%,618,57.70%,76,16.74%,NichBi00,Bilal Nichols,chi
DT,0,0%,223,20.82%,48,10.57%,JenkJo00,John Jenkins,chi
"DT,NT",0,0%,86,8.03%,13,2.86%,McCuDa00,Daniel McCullers,chi
LB,0,0%,832,77.68%,89,19.60%,TrevDa00,Danny Trevathan,chi
LB,0,0%,1016,94.86%,10,2.20%,SmitRo07,Roquan Smith,chi
LB,0,0%,894,83.47%,11,2.42%,MackKh00,Khalil Mack,chi
"DE,LB",0,0%,245,22.88%,80,17.62%,RobeRo00,Roy Robertson-Harris,chi
LB,0,0%,243,22.69%,152,33.48%,VaugJa01,James Vaughters,chi
LB,0,0%,23,2.15%,372,81.94%,IyieJo00,Joel Iyiegbuniwe,chi
LB,0,0%,548,51.17%,0,0%,QuinRo00,Robert Quinn,chi
LB,0,0%,46,4.30%,273,60.13%,WoodJo02,Josh Woods,chi
LB,0,0%,71,6.63%,48,10.57%,GipsTr00,Trevis Gipson,chi
LB,0,0%,0,0%,9,1.98%,BondDe00,Devante Bond,chi
DB,0,0%,1060,98.97%,87,19.16%,FullKy00,Kyle Fuller,chi
DB,0,0%,867,80.95%,20,4.41%,JohnJa13,Jaylon Johnson,chi
DB,0,0%,1059,98.88%,11,2.42%,JackEd01,Eddie Jackson,chi
DB,0,0%,1054,98.41%,0,0%,GipsTa00,Tashaun Gipson,chi
DB,0,0%,557,52.01%,81,17.84%,SkriBu00,Buster Skrine,chi
DB,0,0%,25,2.33%,205,45.15%,McMaSh99,Sherrick McManis,chi
DB,0,0%,66,6.16%,193,42.51%,BushDe00,Deon Bush,chi
DB,0,0%,91,8.50%,372,81.94%,HousDe00,DeAndre Houston-Carson,chi
DB,0,0%,5,.47%,33,7.27%,CrawXa00,Xavier Crawford,chi
DB,0,0%,135,12.61%,100,22.03%,VildKi00,Kindle Vildor,chi
DB,0,0%,208,19.42%,90,19.82%,ShelDu00,Duke Shelley,chi
LS,0,0%,0,0%,138,30.40%,ScalPa00,Patrick Scales,chi
K,0,0%,0,0%,155,34.14%,SantCa01,Cairo Santos,chi
P,0,0%,0,0%,138,30.40%,ODonPa00,Pat O'Donnell,chi
QB,709,65.89%,0,0%,0,0%,BurrJo01,Joe Burrow,cin
QB,277,25.74%,0,0%,0,0%,AlleBr00,Brandon Allen,cin
QB,90,8.36%,0,0%,0,0%,FinlRy00,Ryan Finley,cin
HB,290,26.95%,0,0%,0,0%,MixoJo00,Joe Mixon,cin
HB,517,48.05%,0,0%,53,11.45%,BernGi00,Giovani Bernard,cin
HB,207,19.24%,0,0%,288,62.20%,PeriSa00,Samaje Perine,cin
HB,59,5.48%,0,0%,28,6.05%,WillTr06,Trayveon Williams,cin
WR,86,7.99%,0,0%,0,0%,RossJo00,John Ross,cin
WR,746,69.33%,0,0%,2,.43%,BoydTy00,Tyler Boyd,cin
WR,820,76.21%,0,0%,0,0%,GreeA.00,A.J. Green,cin
WR,229,21.28%,0,0%,70,15.12%,ThomMi04,Mike Thomas,cin
WR,18,1.67%,0,0%,114,24.62%,MorgSt02,Stanley Morgan Jr.,cin
WR,170,15.80%,0,0%,45,9.72%,TateAu00,Auden Tate,cin
WR,805,74.81%,0,0%,0,0%,HiggTe00,Tee Higgins,cin
WR,198,18.40%,0,0%,93,20.09%,EricAl01,Alex Erickson,cin
WR,5,.46%,0,0%,0,0%,IrwiTr00,Trenton Irwin,cin
TE,96,8.92%,0,0%,8,1.73%,UzomC.00,C.J. Uzomah,cin
TE,868,80.67%,0,0%,78,16.85%,SampDr00,Drew Sample,cin
TE,220,20.45%,0,0%,318,68.68%,CartCe00,Cethan Carter,cin
TE,30,2.79%,0,0%,151,32.61%,SchrMa00,Mason Schreck,cin
OT,871,80.95%,0,0%,8,1.73%,HartBo00,Bobby Hart,cin
OT,633,58.83%,0,0%,40,8.64%,WillJo10,Jonah Williams,cin
"G/OT,OT",491,45.63%,0,0%,22,4.75%,JohnFr01,Fred Johnson,cin
G,730,67.84%,0,0%,61,13.17%,JordMi01,Michael Jordan,cin
G,543,50.46%,0,0%,19,4.10%,SpaiQu00,Quinton Spain,cin
G,293,27.23%,0,0%,18,3.89%,Sua-Xa00,Xavier Su'a-Filo,cin
G,11,1.02%,0,0%,5,1.08%,CalhSh01,Shaq Calhoun,cin
"G,G/OT,OT",232,21.56%,0,0%,62,13.39%,AdenHa00,Hakeem Adeniji,cin
G,0,0%,0,0%,5,1.08%,SuthKe00,Keaton Sutherland,cin
"C,G",448,41.64%,0,0%,34,7.34%,RedmAl01,Alex Redmond,cin
C,937,87.08%,0,0%,58,12.53%,HopkTr01,Trey Hopkins,cin
"C,C/G",207,19.24%,0,0%,67,14.47%,PricBi01,Billy Price,cin
C,0,0%,0,0%,2,.43%,FinnB.01,B.J. Finney,cin
DE,0,0%,664,62.64%,58,12.53%,HubbSa00,Sam Hubbard,cin
DE,0,0%,277,26.13%,41,8.86%,DunlCa99,Carlos Dunlap,cin
DE,0,0%,723,68.21%,7,1.51%,LawsCa00,Carl Lawson,cin
DE,0,0%,24,2.26%,2,.43%,AkinFr01,Freedom Akinmoladun,cin
DE,0,0%,259,24.43%,86,18.57%,KareKh00,Khalid Kareem,cin
DE,0,0%,312,29.43%,49,10.58%,BledAm01,Amani Bledsoe,cin
DT,0,0%,259,24.43%,24,5.18%,ReadD.00,D.J. Reader,cin
DT,0,0%,558,52.64%,87,18.79%,CoviCh00,Christian Covington,cin
DT,0,0%,355,33.49%,47,10.15%,DaniMi00,Mike Daniels,cin
DT,0,0%,310,29.25%,59,12.74%,WillXa00,Xavier Williams,cin
"DE/D,DT,DT/D",0,0%,292,27.55%,64,13.82%,HuntMa00,Margus Hunt,cin
DT,0,0%,119,11.23%,1,.22%,AtkiGe99,Geno Atkins,cin
DT,0,0%,43,4.06%,16,3.46%,BrowAn05,Andrew Brown,cin
DT,0,0%,101,9.53%,9,1.94%,McKeKa00,Kahlil McKenzie,cin
LB,0,0%,686,64.72%,223,48.16%,PratGe00,Germaine Pratt,cin
LB,0,0%,760,71.70%,91,19.65%,ByneJo00,Josh Bynes,cin
LB,0,0%,343,32.36%,206,44.49%,WilsLo00,Logan Wilson,cin
LB,0,0%,314,29.62%,294,63.50%,DaviAk01,Akeem Davis-Gaither,cin
LB,0,0%,62,5.85%,349,75.38%,EvanJo01,Jordan Evans,cin
LB,0,0%,44,4.15%,136,29.37%,BailMa01,Markus Bailey,cin
LB,0,0%,0,0%,19,4.10%,JoneKe03,Keandre Jones,cin
CB,0,0%,886,83.58%,26,5.62%,JackWi02,William Jackson III,cin
"CB,DB",0,0%,593,55.94%,85,18.36%,PhilDa02,Darius Phillips,cin
CB,0,0%,642,60.57%,0,0%,AlexMa01,Mackensie Alexander,cin
CB,0,0%,72,6.79%,21,4.54%,DaviJa06,Jalen Davis,cin
CB,0,0%,95,8.96%,187,40.39%,BrowTo01,Tony Brown,cin
CB,0,0%,606,57.17%,68,14.69%,SimsLe00,LeShaun Sims,cin
"DB,S",0,0%,0,0%,30,6.48%,HendTr01,Trayvon Henderson,cin
S,0,0%,1050,99.06%,62,13.39%,BateJe00,Jessie Bates III,cin
S,0,0%,1060,100.00%,91,19.65%,BellVo00,Vonn Bell,cin
"DB,S",0,0%,63,5.94%,269,58.10%,WilsBr01,Brandon Wilson,cin
"DB,S",0,0%,86,8.11%,305,65.87%,WillSh02,Shawn Williams,cin
LS,0,0%,0,0%,143,30.89%,HarrCl20,Clark Harris,cin
K,0,0%,0,0%,110,23.76%,BullRa00,Randy Bullock,cin
K,0,0%,0,0%,34,7.34%,SeibAu00,Austin Seibert,cin
P,0,0%,0,0%,143,30.89%,HubeKe20,Kevin Huber,cin
QB,1046,98.31%,0,0%,0,0%,MayfBa00,Baker Mayfield,cle
QB,15,1.41%,0,0%,1,.24%,KeenCa00,Case Keenum,cle
RB,548,51.50%,0,0%,0,0%,HuntKa00,Kareem Hunt,cle
RB,410,38.53%,0,0%,0,0%,ChubNi00,Nick Chubb,cle
RB,22,2.07%,0,0%,74,17.41%,HillDo00,Dontrell Hilliard,cle
"FB,RB",171,16.07%,0,0%,222,52.24%,JanoAn00,Andy Janovich,cle
RB,81,7.61%,0,0%,149,35.06%,JohnDE04,D'Ernest Johnson,cle
FB,12,1.13%,0,0%,9,2.12%,StanJo02,Johnny Stanton,cle
WR,74,6.95%,0,0%,0,0%,HallMa02,Marvin Hall,cle
WR,316,29.70%,0,0%,0,0%,BeckOd00,Odell Beckham Jr.,cle
WR,291,27.35%,0,0%,85,20.00%,HodgKh00,KhaDarel Hodge,cle
WR,699,65.70%,0,0%,0,0%,LandJa00,Jarvis Landry,cle
WR,268,25.19%,0,0%,93,21.88%,PeopDo00,Donovan Peoples-Jones,cle
WR,502,47.18%,0,0%,17,4.00%,HiggRa00,Rashard Higgins,cle
WR,9,.85%,0,0%,24,5.65%,NatsJo00,Jojo Natson,cle
WR,92,8.65%,0,0%,1,.24%,BradJa01,Ja'Marcus Bradley,cle
WR,22,2.07%,0,0%,0,0%,TaylTa00,Taywan Taylor,cle
WR,3,.28%,0,0%,0,0%,WillDe06,Derrick Willies,cle
TE,684,64.29%,0,0%,2,.47%,HoopAu00,Austin Hooper,cle
TE,591,55.55%,0,0%,128,30.12%,BryaHa00,Harrison Bryant,cle
TE,90,8.46%,0,0%,336,79.06%,CarlSt00,Stephen Carlson,cle
TE,410,38.53%,0,0%,0,0%,NjokDa00,David Njoku,cle
T,1002,94.17%,0,0%,51,12.00%,ConkJa00,Jack Conklin,cle
"C,T",1062,99.81%,0,0%,17,4.00%,TretJC00,J.C. Tretter,cle
T,960,90.23%,0,0%,68,16.00%,WillJe04,Jedrick Wills Jr.,cle
T,116,10.90%,0,0%,68,16.00%,LammKe00,Kendall Lamm,cle
T,0,0%,0,0%,4,.94%,TaylAl02,Alex Taylor-Prioleau,cle
G,1063,99.91%,0,0%,55,12.94%,BitoJo00,Joel Bitonio,cle
G,696,65.41%,0,0%,50,11.76%,TellWy00,Wyatt Teller,cle
"G,T",293,27.54%,0,0%,52,12.24%,HubbCh00,Chris Hubbard,cle
"G,T",1,.09%,0,0%,23,5.41%,DunnMi01,Michael Dunn,cle
C,146,13.72%,0,0%,56,13.18%,HarrNi01,Nick Harris,cle
C,0,0%,0,0%,4,.94%,PattJa00,Javon Patterson,cle
C,0,0%,0,0%,17,4.00%,BrowEv00,Evan Brown,cle
DE,0,0%,758,70.32%,60,14.12%,GarrMy00,Myles Garrett,cle
DE,0,0%,805,74.68%,67,15.76%,VernOl00,Olivier Vernon,cle
DE,0,0%,404,37.48%,14,3.29%,ClayAd00,Adrian Clayborn,cle
DE,0,0%,71,6.59%,1,.24%,JackJo02,Joe Jackson,cle
DE,0,0%,18,1.67%,2,.47%,MalvCa00,Cameron Malveaux,cle
DT,0,0%,799,74.12%,61,14.35%,RichSh00,Sheldon Richardson,cle
DT,0,0%,643,59.65%,50,11.76%,OgunLa00,Larry Ogunjobi,cle
DT,0,0%,307,28.48%,11,2.59%,ElliJo02,Jordan Elliott,cle
DT,0,0%,206,19.11%,35,8.24%,TaylVi00,Vincent Taylor,cle
LB,0,0%,434,40.26%,223,52.47%,TakiSi00,Sione Takitaki,cle
LB,0,0%,848,78.66%,69,16.24%,GoodB.00,B.J. Goodson,cle
LB,0,0%,559,51.86%,83,19.53%,SmitMa02,Malcolm Smith,cle
LB,0,0%,25,2.32%,215,50.59%,DaviTa00,Tae Davis,cle
LB,0,0%,169,15.68%,83,19.53%,PhilJa01,Jacob Phillips,cle
LB,0,0%,4,.37%,148,34.82%,LeexEl00,Elijah Lee,cle
"DE,LB",0,0%,326,30.24%,86,20.24%,GustPo01,Porter Gustin,cle
LB,0,0%,372,34.51%,3,.71%,WilsMa03,Mack Wilson,cle
CB,0,0%,576,53.43%,32,7.53%,JohnKe04,Kevin Johnson,cle
"DB,S",0,0%,919,85.25%,131,30.82%,SendAn00,Andrew Sendejo,cle
"DB,S",0,0%,660,61.22%,106,24.94%,JoseKa00,Karl Joseph,cle
"CB,DB",0,0%,775,71.89%,54,12.71%,WardDe02,Denzel Ward,cle
"CB,DB",0,0%,1071,99.35%,0,0%,MitcTe00,Terrance Mitchell,cle
"CB,DB",0,0%,203,18.83%,340,80.00%,ThomTa01,Tavierre Thomas,cle
"DB,S",0,0%,275,25.51%,180,42.35%,RedwSh00,Sheldrick Redwine,cle
"DB,LB",0,0%,0,0%,45,10.59%,MeanMo00,Montrel Meander,cle
"CB,DB",0,0%,230,21.34%,246,57.88%,StewM.00,M.J. Stewart,cle
"CB,DB",0,0%,1,.09%,10,2.35%,GreeAJ00,A.J. Green,cle
"CB,DB",0,0%,73,6.77%,132,31.06%,JackRo00,Robert Jackson,cle
DB,0,0%,0,0%,7,1.65%,BentEl00,Elijah Benton,cle
"DB,S",0,0%,325,30.15%,61,14.35%,HarrRo02,Ronnie Harrison,cle
S,0,0%,1,.09%,99,23.29%,MoffJo01,Jovante Moffatt,cle
LS,3,.28%,0,0%,128,30.12%,HughCh01,Charley Hughlett,cle
K,3,.28%,0,0%,150,35.29%,ParkCo03,Cody Parkey,cle
K,0,0%,0,0%,4,.94%,SeibAu00,Austin Seibert,cle
P,3,.28%,0,0%,129,30.35%,GillJa00,Jamie Gillan,cle
QB,72,6.28%,0,0%,0,0%,GilbGa01,Garrett Gilbert,dal
QB,360,31.39%,0,0%,0,0%,PresDa01,Dak Prescott,dal
QB,94,8.20%,0,0%,0,0%,DiNuBe00,Ben DiNucci,dal
QB,621,54.14%,0,0%,0,0%,DaltAn00,Andy Dalton,dal
RB,789,68.79%,0,0%,0,0%,ElliEz00,Ezekiel Elliott,dal
RB,363,31.65%,0,0%,126,27.39%,PollTo00,Tony Pollard,dal
RB,13,1.13%,0,0%,201,43.70%,DowdRi01,Rico Dowdle,dal
FB,0,0%,0,0%,35,7.61%,OlonSe01,Sewo Olonilua,dal
WR,1004,87.53%,0,0%,0,0%,GallMi00,Michael Gallup,dal
WR,944,82.30%,0,0%,1,.22%,CoopAm00,Amari Cooper,dal
WR,731,63.73%,0,0%,46,10.00%,LambCe00,CeeDee Lamb,dal
WR,228,19.88%,0,0%,217,47.17%,BrowNo00,Noah Brown,dal
"CB,WR",0,0%,21,1.90%,51,11.09%,BurtDe00,Deante Burton,dal
WR,2,.17%,0,0%,92,20.00%,TurnMa00,Malik Turner,dal
WR,228,19.88%,0,0%,89,19.35%,WilsCe01,Cedrick Wilson Jr.,dal
TE,973,84.83%,0,0%,9,1.96%,SchuDa00,Dalton Schultz,dal
TE,25,2.18%,0,0%,0,0%,JarwBl00,Blake Jarwin,dal
TE,359,31.30%,0,0%,163,35.43%,BellBl00,Blake Bell,dal
TE,65,5.67%,0,0%,138,30.00%,McKeSe01,Sean McKeon,dal
T,970,84.57%,0,0%,78,16.96%,SteeTe01,Terence Steele,dal
T,154,13.43%,0,0%,6,1.30%,SmitTy00,Tyron Smith,dal
T,3,.26%,0,0%,53,11.52%,SenaGr00,Greg Senat,dal
T,0,0%,0,0%,5,1.09%,SmitEr00,Eric Smith,dal
"G,T",774,67.48%,0,0%,65,14.13%,KnigBr01,Brandon Knight,dal
"G,T",279,24.32%,0,0%,16,3.48%,ErviCa00,Cameron Erving,dal
G,618,53.88%,0,0%,37,8.04%,MartZa00,Zack Martin,dal
G,1146,99.91%,0,0%,78,16.96%,WillCo00,Connor Williams,dal
G,606,52.83%,0,0%,38,8.26%,McGoCo01,Connor McGovern,dal
"C,C/G,G",0,0%,0,0%,16,3.48%,RedmAd00,Adam Redmond,dal
"C,G",764,66.61%,0,0%,64,13.91%,LoonJo01,Joe Looney,dal
C,427,37.23%,0,0%,58,12.61%,BiadTy00,Tyler Biadasz,dal
C,0,0%,0,0%,3,.65%,HenrMa02,Marcus Henry,dal
DL,0,0%,446,40.25%,87,18.91%,CrawTy00,Tyrone Crawford,dal
DE,0,0%,809,73.01%,18,3.91%,SmitAl04,Aldon Smith,dal
DE,0,0%,668,60.29%,70,15.22%,LawrDe00,DeMarcus Lawrence,dal
DE,0,0%,281,25.36%,29,6.30%,GrifEv99,Everson Griffen,dal
DE,0,0%,369,33.30%,287,62.39%,ArmsDo00,Dorance Armstrong Jr.,dal
DE,0,0%,6,.54%,120,26.09%,AnaeBr00,Bradlee Anae,dal
DE,0,0%,26,2.35%,39,8.48%,CartRo02,Ron'Dell Carter,dal
DE,0,0%,271,24.46%,42,9.13%,GregRa00,Randy Gregory,dal
DT,0,0%,212,19.13%,32,6.96%,HillTr00,Trysten Hill,dal
DT,0,0%,267,24.10%,49,10.65%,PoexDo00,Dontari Poe,dal
DT,5,.44%,459,41.43%,31,6.74%,WoodAn02,Antwaun Woods,dal
DT,0,0%,236,21.30%,11,2.39%,HamiJu00,Justin Hamilton,dal
DT,0,0%,19,1.71%,0,0%,PalmWa01,Walter Palmore,dal
DT,0,0%,186,16.79%,4,.87%,AnkoEl00,Eli Ankou,dal
DT,0,0%,416,37.55%,3,.65%,GallNe00,Neville Gallimore,dal
"ILB,LB",0,0%,181,16.34%,26,5.65%,LeexSe99,Sean Lee,dal
LB,0,0%,1084,97.83%,88,19.13%,SmitJa05,Jaylon Smith,dal
LB,0,0%,409,36.91%,170,36.96%,ThomJo04,Joe Thomas,dal
LB,0,0%,460,41.52%,40,8.70%,VandLe00,Leighton Vander Esch,dal
LB,0,0%,1,.09%,160,34.78%,GiffLu00,Luke Gifford,dal
LB,0,0%,0,0%,211,45.87%,MarcJu00,Justin March,dal
LB,0,0%,7,.63%,220,47.83%,BernFr01,Francis Bernard,dal
"CB,DB",0,0%,534,48.19%,7,1.52%,BrowAn02,Anthony Brown,dal
"CB,DB",0,0%,758,68.41%,16,3.48%,DiggTr00,Trevon Diggs,dal
"CB,DB",0,0%,452,40.79%,41,8.91%,AwuzCh00,Chidobe Awuzie,dal
CB,0,0%,817,73.74%,0,0%,LewiJo01,Jourdan Lewis,dal
CB,0,0%,9,.81%,19,4.13%,WestCh03,Chris Westry,dal
CB,0,0%,261,23.56%,44,9.57%,WorlDa00,Daryl Worley,dal
CB,0,0%,18,1.62%,324,70.43%,GoodC.00,C.J. Goodwin,dal
"DB,S",0,0%,78,7.04%,89,19.35%,ParkSt00,Steven Parker,dal
"CB,DB",0,0%,187,16.88%,22,4.78%,RobiRa00,Rashard Robinson,dal
"CB,DB",0,0%,21,1.90%,2,.43%,CarrBr99,Brandon Carr,dal
"CB,DB",0,0%,75,6.77%,84,18.26%,SmitSa02,Saivion Smith,dal
S,0,0%,990,89.35%,30,6.52%,WoodXa00,Xavier Woods,dal
S,0,0%,479,43.23%,260,56.52%,ThomDa05,Darian Thompson,dal
S,0,0%,674,60.83%,186,40.43%,WilsDo01,Donovan Wilson,dal
S,0,0%,0,0%,65,14.13%,RobiRe00,Reggie Robinson II,dal
LS,0,0%,0,0%,136,29.57%,LadoL.20,L.P. Ladouceur,dal
K,0,0%,0,0%,168,36.52%,ZuerGr00,Greg Zuerlein,dal
P,0,0%,0,0%,63,13.70%,JoneCh02,Chris Jones,dal
P,0,0%,0,0%,75,16.30%,NiswJa00,Hunter Niswander,dal
QB,115,10.69%,0,0%,0,0%,DrisJe00,Jeff Driskel,den
QB,835,77.60%,0,0%,0,0%,LockDr00,Drew Lock,den
QB,24,2.23%,0,0%,0,0%,HintKe00,Kendall Hinton,den
QB,83,7.71%,0,0%,0,0%,RypiBr00,Brett Rypien,den
RB,627,58.27%,0,0%,0,0%,GordMe00,Melvin Gordon,den
RB,270,25.09%,0,0%,1,.21%,LindPh00,Phillip Lindsay,den
RB,9,.84%,0,0%,88,18.68%,BellLe02,LeVante Bellamy,den
RB,193,17.94%,0,0%,159,33.76%,FreeRo00,Royce Freeman,den
"RB,RB/F",19,1.77%,0,0%,116,24.63%,CoxxJe00,Jeremy Cox,den
WR,521,48.42%,0,0%,16,3.40%,HamlKJ00,KJ Hamler,den
WR,750,69.70%,0,0%,6,1.27%,PatrTi00,Tim Patrick,den
WR,534,49.63%,0,0%,10,2.12%,HamiDa01,DaeSean Hamilton,den
WR,806,74.91%,0,0%,0,0%,JeudJe00,Jerry Jeudy,den
WR,31,2.88%,0,0%,0,0%,SuttCo00,Courtland Sutton,den
WR,5,.46%,0,0%,16,3.40%,BrowFr01,Fred Brown,den
WR,72,6.69%,0,0%,132,28.03%,ClevTy00,Tyrie Cleveland,den
WR,65,6.04%,0,0%,108,22.93%,SpenDi00,Diontae Spencer,den
TE,733,68.12%,0,0%,0,0%,FantNo00,Noah Fant,den
TE,86,7.99%,0,0%,0,0%,OkwuAl00,Albert Okwuegbunam,den
TE,114,10.59%,0,0%,64,13.59%,ButtJa00,Jake Butt,den
"FB/T,TE",66,6.13%,0,0%,175,37.15%,BeckAn01,Andrew Beck,den
TE,361,33.55%,0,0%,7,1.49%,VannNi00,Nick Vannett,den
TE,135,12.55%,0,0%,47,9.98%,FumaTr00,Troy Fumagalli,den
T,451,41.91%,0,0%,0,0%,DotsDe00,Demar Dotson,den
"G/T,T",503,46.75%,0,0%,35,7.43%,WilkEl00,Elijah Wilkinson,den
T,1015,94.33%,0,0%,62,13.16%,BollGa00,Garett Bolles,den
T,51,4.74%,0,0%,26,5.52%,RodgJa03,Jake Rodgers,den
T,132,12.27%,0,0%,67,14.23%,AndeCa00,Calvin Anderson,den
T,0,0%,0,0%,2,.42%,BailQu00,Quinn Bailey,den
G,999,92.84%,0,0%,52,11.04%,RisnDa00,Dalton Risner,den
G,122,11.34%,0,0%,22,4.67%,MutiNe00,Netane Muti,den
"G,G/C",269,25.00%,0,0%,67,14.23%,SchlAu00,Austin Schlottmann,den
"C,G",764,71.00%,0,0%,41,8.70%,GlasGr00,Graham Glasgow,den
C,1076,100.00%,0,0%,24,5.10%,CushLl00,Lloyd Cushenberry III,den
C,0,0%,0,0%,5,1.06%,MorrPa00,Patrick Morris,den
DL,0,0%,141,12.96%,16,3.40%,AgimMc00,McTelvin Agim,den
DL,0,0%,173,15.90%,35,7.43%,WillSy00,Sylvester Williams,den
DL,0,0%,11,1.01%,0,0%,JernTi00,Timmy Jernigan,den
"DE,OLB",0,0%,741,68.11%,0,0%,ChubBr00,Bradley Chubb,den
DE,0,0%,441,40.53%,66,14.01%,HarrSh00,Shelby Harris,den
DE,0,0%,384,35.29%,105,22.29%,WalkDe03,DeMarcus Walker,den
"DL,DT",0,0%,156,14.34%,15,3.18%,CaseJu00,Jurrell Casey,den
"DE,DT",0,0%,560,51.47%,129,27.39%,JoneDr00,Dre'Mont Jones,den
"DL,DT",0,0%,436,40.07%,91,19.32%,WillDe04,DeShawn Williams,den
"DL,NT",0,0%,218,20.04%,52,11.04%,PurcMi00,Mike Purcell,den
OLB,0,0%,164,15.07%,147,31.21%,ChicAn00,Anthony Chickillo,den
"ILB,LB",0,0%,3,.28%,183,38.85%,WatsJo00,Josh Watson,den
ILB,0,0%,0,0%,232,49.26%,CaliAu00,Austin Calitro,den
"ILB,MLB",0,0%,1063,97.70%,74,15.71%,JohnAl01,Alexander Johnson,den
"ILB,LB",0,0%,1011,92.92%,114,24.20%,JeweJo00,Josey Jewell,den
"LB,OLB",0,0%,414,38.05%,148,31.42%,AttaJe00,Jeremiah Attaochu,den
"LB,OLB",0,0%,785,72.15%,65,13.80%,ReedMa01,Malik Reed,den
"ILB,LB",0,0%,6,.55%,357,75.80%,JoneJo05,Joseph Jones,den
LB,0,0%,0,0%,17,3.61%,BradNi00,Nigel Bradham,den
"LB,OLB",0,0%,27,2.48%,177,37.58%,TuszDe00,Derrek Tuszka,den
CB,0,0%,655,60.20%,45,9.55%,CallBr00,Bryce Callahan,den
"CB,S",0,0%,1083,99.54%,0,0%,JackKa99,Kareem Jackson,den
CB,0,0%,16,1.47%,17,3.61%,HairNa00,Nate Hairston,den
CB,0,0%,261,23.99%,93,19.75%,BausDe00,De'Vante Bausby,den
CB,0,0%,82,7.54%,0,0%,MotlPa00,Parnell Motley,den
"DB,S",0,0%,1088,100.00%,97,20.59%,SimmJu00,Justin Simmons,den
"CB,DB",0,0%,852,78.31%,50,10.62%,OjemMi00,Michael Ojemudia,den
"CB,DB",0,0%,382,35.11%,79,16.77%,BassEs01,Essang Bassey,den
"CB,DB",0,0%,410,37.68%,2,.42%,BouyA.00,A.J. Bouye,den
"DB,S",0,0%,15,1.38%,282,59.87%,MarsTr00,Trey Marshall,den
"CB,DB",0,0%,17,1.56%,20,4.25%,ToliKe00,Kevin Toliver,den
"DB,S",0,0%,6,.55%,370,78.56%,LockPJ00,P.J. Locke,den
"CB,DB",0,0%,69,6.34%,108,22.93%,DawsDu00,Duke Dawson,den
"CB,DB",0,0%,54,4.96%,42,8.92%,HarrDa05,Davontae Harris,den
S,0,0%,200,18.38%,11,2.34%,ParkWi01,Will Parks,den
S,0,0%,43,3.95%,177,37.58%,HoldAl01,Alijah Holder,den
LS,0,0%,0,0%,135,28.66%,BobeJa00,Jacob Bobenmoyer,den
K,0,0%,0,0%,8,1.70%,RussTa00,Taylor Russolino,den
K,0,0%,0,0%,136,28.87%,McMaBr01,Brandon McManus,den
P,0,0%,0,0%,137,29.09%,MartSa01,Sam Martin,den
LB/F,130,12.43%,0,0%,281,62.31%,CabiJa00,Jason Cabinda,det
RB/W,199,19.02%,0,0%,202,44.79%,AgneJa00,Jamal Agnew,det
QB,966,92.35%,0,0%,0,0%,StafMa00,Matthew Stafford,det
QB,15,1.43%,0,0%,0,0%,BlouDa00,David Blough,det
QB,65,6.21%,0,0%,0,0%,DaniCh00,Chase Daniel,det
RB,398,38.05%,0,0%,36,7.98%,SwifDA00,D'Andre Swift,det
RB,313,29.92%,0,0%,1,.22%,PeteAd01,Adrian Peterson,det
RB,295,28.20%,0,0%,29,6.43%,JohnKe06,Kerryon Johnson,det
RB,5,.48%,0,0%,24,5.32%,JohnTy02,Ty Johnson,det
RB,27,2.58%,0,0%,24,5.32%,WillJo07,Jonathan Williams,det
WR,939,89.77%,0,0%,1,.22%,JoneMa02,Marvin Jones,det
WR,365,34.89%,0,0%,93,20.62%,CephQu00,Quintez Cephus,det
WR,224,21.41%,0,0%,1,.22%,GollKe00,Kenny Golladay,det
WR,460,43.98%,0,0%,13,2.88%,AmenDa00,Danny Amendola,det
WR,293,28.01%,0,0%,33,7.32%,HallMa02,Marvin Hall,det
WR,241,23.04%,0,0%,2,.44%,SanuMo00,Mohamed Sanu,det
TE,464,44.36%,0,0%,171,37.92%,JameJe00,Jesse James,det
TE,766,73.23%,0,0%,1,.22%,HockTJ00,T.J. Hockenson,det
TE,60,5.74%,0,0%,36,7.98%,NautIs00,Isaac Nauta,det
TE,25,2.39%,0,0%,35,7.76%,BryaHu02,Hunter Bryant,det
OL,928,88.72%,0,0%,47,10.42%,RagnFr00,Frank Ragnow,det
OL,656,62.72%,0,0%,50,11.09%,CrosTy00,Tyrell Crosby,det
OL,1004,95.98%,0,0%,72,15.96%,JackJo03,Jonah Jackson,det
OL,621,59.37%,0,0%,72,15.96%,AbouOd00,Oday Aboushi,det
"G,OL",1,.10%,0,0%,20,4.43%,WiggKe00,Kenny Wiggins,det
OL,0,0%,0,0%,7,1.55%,StenLo00,Logan Stenberg,det
"C,OL",0,0%,0,0%,5,1.11%,MartMa01,Marcus Martin,det
T,1046,100.00%,0,0%,7,1.55%,DeckTa00,Taylor Decker,det
T,449,42.93%,0,0%,25,5.54%,VaitHa00,Halapoulivaati Vaitai,det
T,241,23.04%,0,0%,72,15.96%,NelsMa00,Matt Nelson,det
T,3,.29%,9,.80%,42,9.31%,SkipDa00,Dan Skipper,det
"G,T",263,25.14%,0,0%,39,8.65%,DahlJo00,Joe Dahl,det
C,44,4.21%,0,0%,5,1.11%,BrowEv00,Evan Brown,det
DL,0,0%,353,31.41%,43,9.53%,HandDa00,Da'Shawn Hand,det
DL,0,0%,94,8.36%,16,3.55%,HerrFr00,Frank Herron,det
DL,0,0%,576,51.25%,7,1.55%,PeniJo00,John Penisini,det
DE,0,0%,309,27.49%,17,3.77%,FlowTr00,Trey Flowers,det
DE,0,0%,749,66.64%,204,45.23%,OkwaRo01,Romeo Okwara,det
DE,0,0%,212,18.86%,30,6.65%,BryaAu00,Austin Bryant,det
DE,0,0%,247,21.98%,20,4.43%,GrifEv99,Everson Griffen,det
"DE,LB",0,0%,69,6.14%,30,6.65%,OkwaJu00,Julian Okwara,det
DE,0,0%,11,.98%,4,.89%,MartKa00,Kareem Martin,det
DT,0,0%,538,47.86%,60,13.30%,WillNi01,Nick Williams,det
DT,0,0%,499,44.40%,52,11.53%,ShelDa01,Danny Shelton,det
DT,0,0%,14,1.25%,0,0%,HuggAl01,Albert Huggins,det
DT,0,0%,209,18.59%,6,1.33%,StroKe00,Kevin Strong,det
LB,0,0%,624,55.52%,126,27.94%,TavaJa00,Jahlani Tavai,det
LB,0,0%,511,45.46%,163,36.14%,JoneCh05,Christian Jones,det
LB,0,0%,330,29.36%,134,29.71%,DaviJa01,Jarrad Davis,det
LB,0,0%,38,3.38%,378,83.81%,ReevJa00,Jalen Reeves-Maybin,det
LB,0,0%,829,73.75%,17,3.77%,CollJa00,Jamie Collins,det
LB,0,0%,0,0%,73,16.19%,LeexEl00,Elijah Lee,det
LB,0,0%,562,50.00%,23,5.10%,RaglRe00,Reggie Ragland,det
CB,0,0%,460,40.93%,0,0%,OkudJe00,Jeff Okudah,det
CB,0,0%,1028,91.46%,66,14.63%,OruwAm00,Amani Oruwariye,det
CB,0,0%,324,28.83%,0,0%,TrufDe00,Desmond Trufant,det
CB,0,0%,469,41.73%,35,7.76%,RobeDa00,Darryl Roberts,det
CB,0,0%,39,3.47%,1,.22%,BrocTr00,Tramaine Brock,det
CB,0,0%,16,1.42%,123,27.27%,McRaTo00,Tony McRae,det
CB,0,0%,28,2.49%,1,.22%,MyreAl00,Alexander Myres,det
"CB,DB",0,0%,471,41.90%,54,11.97%,ColeJu01,Justin Coleman,det
CB,0,0%,6,.53%,7,1.55%,JoneCh06,Chris Jones,det
CB,0,0%,1,.09%,30,6.65%,VirgDe00,Dee Virgin,det
CB,0,0%,58,5.16%,158,35.03%,FordMi01,Mike Ford,det
DB,0,0%,755,67.17%,125,27.72%,WalkTr01,Tracy Walker,det
"DB,S",0,0%,503,44.75%,80,17.74%,KearJa00,Jayron Kearse,det
S,0,0%,1103,98.13%,121,26.83%,HarmDu00,Duron Harmon,det
S,0,0%,312,27.76%,258,57.21%,HarrWi02,Will Harris,det
S,0,0%,1,.09%,361,80.04%,KillMi00,Miles Killebrew,det
S,0,0%,0,0%,35,7.76%,PricBo00,Bobby Price,det
S,0,0%,4,.36%,231,51.22%,MoorCJ01,C.J. Moore,det
LS,0,0%,0,0%,135,29.93%,MuhlDo20,Don Muhlbach,det
K,0,0%,0,0%,92,20.40%,PratMa20,Matt Prater,det
P,0,0%,0,0%,195,43.24%,FoxxJa01,Jack Fox,det
G/T,884,85.08%,0,0%,4,.93%,TurnBi00,Billy Turner,gnb
QB,1017,97.88%,0,0%,0,0%,RodgAa00,Aaron Rodgers,gnb
QB,22,2.12%,0,0%,0,0%,BoylTi00,Tim Boyle,gnb
RB,539,51.88%,0,0%,0,0%,JoneAa00,Aaron Jones,gnb
RB,418,40.23%,0,0%,108,25.12%,WillJa06,Jamaal Williams,gnb
RB,142,13.67%,0,0%,49,11.40%,ErviTy00,Tyler Ervin,gnb
RB,7,.67%,0,0%,24,5.58%,WillDe07,Dexter Williams,gnb
RB,97,9.34%,0,0%,65,15.12%,DillAJ00,AJ Dillon,gnb
WR,774,74.49%,0,0%,7,1.63%,AdamDa01,Davante Adams,gnb
WR,470,45.24%,0,0%,11,2.56%,LazaAl00,Allen Lazard,gnb
WR,793,76.32%,0,0%,0,0%,ValdMa00,Marquez Valdes-Scantling,gnb
WR,139,13.38%,0,0%,45,10.47%,ShepDa00,Darrius Shepherd,gnb
"RB,WR",196,18.86%,0,0%,41,9.53%,St.BEq00,Equanimeous St. Brown,gnb
WR,8,.77%,0,0%,21,4.88%,WinfJu00,Juwann Winfree,gnb
WR,166,15.98%,0,0%,181,42.09%,TaylMa01,Malik Taylor,gnb
WR,30,2.89%,0,0%,14,3.26%,AustTa00,Tavon Austin,gnb
WR,2,.19%,0,0%,2,.47%,BegeRe00,Reggie Begelton,gnb
TE,638,61.41%,0,0%,49,11.40%,TonyRo00,Robert Tonyan,gnb
TE,422,40.62%,0,0%,0,0%,LewiMa00,Marcedes Lewis,gnb
TE,31,2.98%,0,0%,8,1.86%,DeguJo00,Josiah Deguara,gnb
TE,202,19.44%,0,0%,95,22.09%,SterJa00,Jace Sternberger,gnb
TE,45,4.33%,0,0%,112,26.05%,LoveJo02,John Lovett,gnb
TE,68,6.54%,0,0%,44,10.23%,DafnDo00,Dominique Dafney,gnb
T,758,72.95%,0,0%,2,.47%,BakhDa00,David Bakhtiari,gnb
T,14,1.35%,0,0%,81,18.84%,NijmYo01,Yosh Nijman,gnb
G,1037,99.81%,0,0%,81,18.84%,JenkEl00,Elgton Jenkins,gnb
G,63,6.06%,0,0%,5,1.16%,TaylLa01,Lane Taylor,gnb
"G,T",610,58.71%,0,0%,71,16.51%,WagnRi00,Ricky Wagner,gnb
G,939,90.38%,0,0%,71,16.51%,PatrLu00,Lucas Patrick,gnb
G,160,15.40%,0,0%,81,18.84%,RunyJo00,Jon Runyan Jr.,gnb
G,4,.38%,0,0%,19,4.42%,BradBe00,Ben Braden,gnb
C,734,70.64%,0,0%,0,0%,LinsCo00,Corey Linsley,gnb
DL,0,0%,130,12.66%,71,16.51%,AdamMo00,Montravius Adams,gnb
DL,0,0%,12,1.17%,5,1.16%,PricBr00,Brian Price,gnb
DL,0,0%,1,.10%,0,0%,RushAn00,Anthony Rush,gnb
"DE,DL",0,0%,601,58.52%,130,30.23%,LowrDe00,Dean Lowry,gnb
"DE,DL",0,0%,414,40.31%,93,21.63%,KekeKi00,Kingsley Keke,gnb
"DL,DT",0,0%,352,34.27%,144,33.49%,LancTy00,Tyler Lancaster,gnb
"DL,DT",0,0%,595,57.94%,12,2.79%,ClarKe01,Kenny Clark,gnb
DT,0,0%,12,1.17%,0,0%,HarrDa03,Damon Harrison,gnb
"DL,DT",0,0%,41,3.99%,37,8.60%,WinnBi00,Billy Winn,gnb
"LB,OLB",0,0%,814,79.26%,9,2.09%,SmitPr00,Preston Smith,gnb
LB,0,0%,548,53.36%,42,9.77%,KirkCh00,Christian Kirksey,gnb
LB,0,0%,858,83.54%,22,5.12%,SmitZa00,Za'Darius Smith,gnb
LB,0,0%,190,18.50%,106,24.65%,MartKa01,Kamal Martin,gnb
LB,0,0%,456,44.40%,41,9.53%,GaryRa00,Rashan Gary,gnb
LB,0,0%,421,40.99%,89,20.70%,BarnKr00,Krys Barnes,gnb
LB,0,0%,96,9.35%,335,77.91%,BurkOr00,Oren Burks,gnb
LB,0,0%,176,17.14%,327,76.05%,SummTy00,Ty Summers,gnb
LB,0,0%,75,7.30%,204,47.44%,RamsRa00,Randy Ramsey,gnb
LB,0,0%,0,0%,25,5.81%,HarrDe10,De'Jon Harris,gnb
LB,0,0%,0,0%,51,11.86%,BurgJa01,James Burgess,gnb
LB,0,0%,9,.88%,0,0%,GaleTi01,Tipa Galeai,gnb
LB,0,0%,85,8.28%,22,5.12%,GarvJo00,Jonathan Garvin,gnb
CB,0,0%,13,1.27%,22,5.12%,SamuSt01,Stanford Samuels,gnb
CB,0,0%,0,0%,7,1.63%,RussKe00,KeiVarae Russell,gnb
CB,0,0%,0,0%,2,.47%,NickPa00,Parry Nickerson,gnb
"DB,S",0,0%,1008,98.15%,40,9.30%,AmosAd00,Adrian Amos,gnb
"CB,DB",0,0%,664,64.65%,7,1.63%,KingKe01,Kevin King,gnb
"DB,S",0,0%,876,85.30%,53,12.33%,SavaDa00,Darnell Savage Jr.,gnb
"CB,DB",0,0%,900,87.63%,11,2.56%,AlexJa00,Jaire Alexander,gnb
"CB,DB",0,0%,729,70.98%,135,31.40%,SullCh00,Chandon Sullivan,gnb
"DB,S",0,0%,340,33.11%,238,55.35%,RedmWi00,Will Redmond,gnb
"CB,DB",0,0%,331,32.23%,142,33.02%,JackJo01,Josh Jackson,gnb
"CB,DB",0,0%,108,10.52%,165,38.37%,HollKa00,Ka'dar Hollman,gnb
"DB,S",0,0%,89,8.67%,184,42.79%,ScotVe00,Vernon Scott,gnb
S,0,0%,324,31.55%,112,26.05%,GreeRa02,Raven Greene,gnb
"DB,S",0,0%,27,2.63%,112,26.05%,BlacHe00,Henry Black,gnb
LS,0,0%,0,0%,129,30.00%,BradHu00,Hunter Bradley,gnb
K,0,0%,0,0%,163,37.91%,CrosMa20,Mason Crosby,gnb
P,0,0%,0,0%,145,33.72%,ScotJK00,JK Scott,gnb
QB,978,99.80%,0,0%,0,0%,WatsDe00,Deshaun Watson,htx
QB,1,.10%,0,0%,1,.22%,McCaA.00,A.J. McCarron,htx
RB,550,56.12%,0,0%,0,0%,JohnDa08,David Johnson,htx
RB,47,4.80%,0,0%,250,56.18%,HoweGr00,Buddy Howell,htx
RB,354,36.12%,0,0%,3,.67%,JohnDu00,Duke Johnson,htx
RB,9,.92%,0,0%,109,24.49%,PhilSc01,Scottie Phillips,htx
"FB,RB",7,.71%,0,0%,116,26.07%,GillCu00,Cullen Gillaspia,htx
RB,45,4.59%,0,0%,114,25.62%,ProsC.00,C.J. Prosise,htx
RB,0,0%,0,0%,15,3.37%,HillDo00,Dontrell Hilliard,htx
WR,284,28.98%,0,0%,0,0%,HansCh00,Chad Hansen,htx
WR,577,58.88%,0,0%,4,.90%,FullWi01,Will Fuller,htx
WR,369,37.65%,0,0%,0,0%,CobbRa00,Randall Cobb,htx
WR,801,81.73%,0,0%,0,0%,CookBr00,Brandin Cooks,htx
WR,21,2.14%,0,0%,76,17.08%,CartDe02,DeAndre Carter,htx
WR,165,16.84%,0,0%,0,0%,StilKe00,Kenny Stills,htx
WR,84,8.57%,0,0%,18,4.04%,MitcSt02,Steven Mitchell,htx
WR,6,.61%,0,0%,0,0%,CoulIs00,Isaiah Coulter,htx
WR,292,29.80%,0,0%,26,5.84%,CoutKe00,Keke Coutee,htx
TE,405,41.33%,0,0%,65,14.61%,AkinJo00,Jordan Akins,htx
TE,538,54.90%,0,0%,77,17.30%,FellDa01,Darren Fells,htx
TE,271,27.65%,0,0%,135,30.34%,BrowPh01,Pharaoh Brown,htx
TE,52,5.31%,0,0%,59,13.26%,WarrKa00,Kahale Warring,htx
T,817,83.37%,0,0%,56,12.58%,TunsLa00,Laremy Tunsil,htx
"G/T,T",811,82.76%,0,0%,56,12.58%,HowaTy00,Tytus Howard,htx
"G/T,T",455,46.43%,0,0%,67,15.06%,SchaMa01,Max Scharping,htx
T,103,10.51%,0,0%,16,3.60%,HeckCh00,Charlie Heck,htx
T,245,25.00%,0,0%,18,4.04%,JohnRo06,Roderick Johnson,htx
"G/T,T",190,19.39%,0,0%,58,13.03%,QvalBr01,Brent Qvale,htx
"C/G,G",953,97.24%,0,0%,72,16.18%,FultZa00,Zach Fulton,htx
G,0,0%,0,0%,7,1.57%,BenzBe01,Beau Benzschawel,htx
G,367,37.45%,0,0%,58,13.03%,KeleSe00,Senio Kelemete,htx
C,979,99.90%,0,0%,4,.90%,MartNi00,Nick Martin,htx
"C,OG",1,.10%,0,0%,20,4.49%,MancGr00,Greg Mancz,htx
DE,0,0%,1013,91.43%,3,.67%,WattJ.00,J.J. Watt,htx
DE,0,0%,547,49.37%,70,15.73%,OmenCh00,Charles Omenihu,htx
DE,0,0%,543,49.01%,83,18.65%,WatkCa00,Carlos Watkins,htx
"DE,OLB",0,0%,375,33.84%,25,5.62%,MartJa02,Jacob Martin,htx
DT,0,0%,451,40.70%,67,15.06%,DunnBr00,Brandon Dunn,htx
DT,0,0%,343,30.96%,50,11.24%,HallP.00,P.J. Hall,htx
DT,0,0%,66,5.96%,19,4.27%,AlufAu00,Auzoyah Alufohai,htx
DT,0,0%,255,23.01%,80,17.98%,BlacRo00,Ross Blacklock,htx
DT,0,0%,89,8.03%,19,4.27%,LiugCo00,Corey Liuget,htx
DT,0,0%,12,1.08%,16,3.60%,BrowAn05,Andrew Brown,htx
OLB,0,0%,287,25.90%,162,36.40%,ScarBr00,Brennan Scarlett,htx
OLB,0,0%,265,23.92%,143,32.13%,GreeJo04,Jonathan Greenard,htx
ILB,0,0%,3,.27%,108,24.27%,ColeDy00,Dylan Cole,htx
"ILB,LB",0,0%,945,85.29%,124,27.87%,CunnZa00,Zach Cunningham,htx
"LB,OLB",0,0%,614,55.42%,0,0%,MercWh00,Whitney Mercilus,htx
"ILB,LB",0,0%,234,21.12%,12,2.70%,McKiBe00,Benardrick McKinney,htx
"ILB,LB",0,0%,0,0%,111,24.94%,EmanKy00,Kyle Emanuel,htx
"ILB,LB",0,0%,812,73.29%,122,27.42%,AdamTy00,Tyrell Adams,htx
"ILB,LB",0,0%,10,.90%,201,45.17%,KalaPe00,Peter Kalambayi,htx
"ILB,LB",0,0%,15,1.35%,161,36.18%,HallNa01,Nate Hall,htx
CB,0,0%,1,.09%,193,43.37%,ArmsCo00,Cornell Armstrong,htx
CB,0,0%,0,0%,17,3.82%,FielMa01,Mark Fields II,htx
CB,0,0%,0,0%,14,3.15%,ChesAn00,Anthony Chesley,htx
"DB,S",0,0%,888,80.14%,65,14.61%,ReidJu00,Justin Reid,htx
"CB,DB",0,0%,613,55.32%,0,0%,RobyBr00,Bradley Roby,htx
"DB,S",0,0%,941,84.93%,19,4.27%,MurrEr00,Eric Murray,htx
"DB,S",0,0%,356,32.13%,188,42.25%,MoorA.00,A.J. Moore,htx
"CB,DB",0,0%,981,88.54%,2,.45%,HargVe00,Vernon Hargreaves III,htx
"CB,DB",0,0%,145,13.09%,96,21.57%,ReidJo00,John Reid,htx
"CB,DB,S",0,0%,703,63.45%,184,41.35%,JohnLo01,Lonnie Johnson Jr.,htx
"CB,DB",0,0%,307,27.71%,263,59.10%,CrosKe00,Keion Crossen,htx
"DB,S",0,0%,99,8.94%,180,40.45%,ThomMi02,Michael Thomas,htx
"CB,DB",0,0%,262,23.65%,82,18.43%,GainPh00,Phillip Gaines,htx
"DB,S",0,0%,11,.99%,89,20.00%,OwenJo01,Jonathan Owens,htx
LS,1,.10%,0,0%,133,29.89%,WeekJo00,Jon Weeks,htx
K,1,.10%,0,0%,157,35.28%,FairKa01,Ka'imi Fairbairn,htx
P,1,.10%,0,0%,135,30.34%,AngeBr00,Bryan Anger,htx
QB,1045,95.70%,0,0%,0,0%,RivePh00,Philip Rivers,clt
QB,47,4.30%,0,0%,0,0%,BrisJa00,Jacoby Brissett,clt
RB,392,35.90%,0,0%,76,17.23%,HineNy00,Nyheim Hines,clt
RB,511,46.79%,0,0%,0,0%,TaylJo02,Jonathan Taylor,clt
RB,182,16.67%,0,0%,130,29.48%,WilkJo01,Jordan Wilkins,clt
RB,11,1.01%,0,0%,0,0%,MackMa00,Marlon Mack,clt
WR,63,5.77%,0,0%,0,0%,CampPa00,Parris Campbell,clt
WR,688,63.00%,0,0%,1,.23%,HiltT.00,T.Y. Hilton,clt
WR,834,76.37%,0,0%,45,10.20%,PascZa00,Zach Pascal,clt
WR,700,64.10%,0,0%,16,3.63%,PittMi01,Michael Pittman Jr.,clt
WR,304,27.84%,0,0%,35,7.94%,JohnMa07,Marcus Johnson,clt
WR,64,5.86%,0,0%,18,4.08%,FounDa00,Daurice Fountain,clt
WR,82,7.51%,0,0%,27,6.12%,HarrDe09,DeMichael Harris,clt
WR,105,9.62%,0,0%,218,49.43%,DuliAs00,Ashton Dulin,clt
WR,2,.18%,0,0%,0,0%,PatmDe00,Dezmon Patmon,clt
TE,541,49.54%,0,0%,21,4.76%,DoylJa00,Jack Doyle,clt
TE,376,34.43%,0,0%,39,8.84%,BurtTr01,Trey Burton,clt
TE,72,6.59%,0,0%,7,1.59%,TogiNo00,Noah Togiai,clt
TE,502,45.97%,0,0%,35,7.94%,AlieMo00,Mo Alie-Cox,clt
TE,5,.46%,0,0%,1,.23%,GreeFa00,Farrod Green,clt
T,751,68.77%,0,0%,54,12.24%,CastAn00,Anthony Castonzo,clt
T,67,6.14%,0,0%,0,0%,VeldJa20,Jared Veldheer,clt
T,52,4.76%,0,0%,0,0%,HoldWi00,Will Holden,clt
T,17,1.56%,0,0%,0,0%,WebbJM20,J'Marcus Webb,clt
T,148,13.55%,0,0%,56,12.70%,ClarLe01,Le'Raven Clark,clt
T,210,19.23%,0,0%,79,17.91%,GreeCh02,Chaz Green,clt
G,1092,100.00%,0,0%,84,19.05%,GlowMa00,Mark Glowinski,clt
"G,T/G",939,85.99%,0,0%,72,16.33%,SmitBr06,Braden Smith,clt
"G,G/C",1084,99.27%,0,0%,83,18.82%,NelsQu00,Quenton Nelson,clt
G,104,9.52%,0,0%,36,8.16%,PintDa00,Danny Pinter,clt
G,0,0%,0,0%,10,2.27%,EldrJa00,Jake Eldrenkamp,clt
C,1008,92.31%,0,0%,0,0%,KellRy00,Ryan Kelly,clt
C,10,.92%,0,0%,0,0%,HuntJo00,Joey Hunt,clt
"DE,DT",0,0%,751,72.77%,129,29.25%,BuckDe00,DeForest Buckner,clt
"DE,DT/D",0,0%,631,61.14%,41,9.30%,AutrDe00,Denico Autry,clt
DE,0,0%,608,58.91%,0,0%,HousJu00,Justin Houston,clt
DE,0,0%,579,56.10%,42,9.52%,MuhaAl00,Al-Quadin Muhammad,clt
DE,0,0%,32,3.10%,53,12.02%,MarsCa00,Cassius Marsh,clt
"DE,DT/D",0,0%,415,40.21%,64,14.51%,LewiTy00,Tyquan Lewis,clt
DE,0,0%,95,9.21%,11,2.49%,TuraKe00,Kemoko Turay,clt
DE,0,0%,100,9.69%,38,8.62%,BanoBe00,Ben Banogu,clt
DT,0,0%,12,1.16%,6,1.36%,ClinKa00,Kameron Cline,clt
DT,0,0%,62,6.01%,8,1.81%,DayxSh00,Sheldon Day,clt
DT,0,0%,253,24.52%,67,15.19%,StalTa00,Taylor Stallworth,clt
DT,0,0%,9,.87%,2,.45%,WindRo01,Robert Windsor,clt
"DT,NT",1,.09%,581,56.30%,159,36.05%,StewGr00,Grover Stewart,clt
"ILB,LB",0,0%,825,79.94%,50,11.34%,LeonDa00,Shaquille Leonard,clt
LB,0,0%,697,67.54%,141,31.97%,WalkAn01,Anthony Walker,clt
LB,0,0%,685,66.38%,87,19.73%,OkerBo00,Bobby Okereke,clt
LB,0,0%,86,8.33%,354,80.27%,FranZa00,Zaire Franklin,clt
LB,0,0%,0,0%,268,60.77%,GlasJo00,Jordan Glasgow,clt
LB,0,0%,0,0%,149,33.79%,AdamMa00,Matthew Adams,clt
LB,0,0%,1,.10%,209,47.39%,SpeeEJ00,E.J. Speed,clt
"LB,LS",1,.09%,0,0%,136,30.84%,RhodLu00,Luke Rhodes,clt
CB,0,0%,7,.68%,139,31.52%,SmitTr04,Tremon Smith,clt
"CB,DB",0,0%,550,53.29%,82,18.59%,Ya-SRo00,Rock Ya-Sin,clt
"DB,S",0,0%,842,81.59%,52,11.79%,WillKh00,Khari Willis,clt
"DB,S",0,0%,70,6.78%,0,0%,HookMa00,Malik Hooker,clt
"CB,DB",0,0%,902,87.40%,0,0%,RhodXa00,Xavier Rhodes,clt
"CB,DB",0,0%,952,92.25%,61,13.83%,MoorKe03,Kenny Moore,clt
"CB,DB",0,0%,396,38.37%,251,56.92%,CarrTr00,T.J. Carrie,clt
"CB,DB",0,0%,51,4.94%,141,31.97%,RodgIs00,Isaiah Rodgers,clt
"DB,S",0,0%,219,21.22%,203,46.03%,WilsTa00,Tavon Wilson,clt
S,0,0%,916,88.76%,35,7.94%,BlacJu01,Julian Blackmon,clt
S,0,0%,25,2.42%,340,77.10%,OdumGe00,George Odum,clt
S,0,0%,0,0%,72,16.33%,CampIb00,Ibraheim Campbell,clt
K,1,.09%,0,0%,104,23.58%,BlanRo03,Rodrigo Blankenship,clt
P,1,.09%,0,0%,192,43.54%,SancRi00,Rigoberto Sanchez,clt
P,0,0%,0,0%,18,4.08%,AlleRy01,Ryan Allen,clt
DE/L,0,0%,152,13.56%,40,9.05%,LyncAa00,Aaron Lynch,jax
QB,191,18.40%,0,0%,0,0%,LutoJa00,Jake Luton,jax
QB,288,27.75%,0,0%,0,0%,GlenMi00,Mike Glennon,jax
QB,558,53.76%,0,0%,0,0%,MinsGa00,Gardner Minshew II,jax
RB,641,61.75%,0,0%,0,0%,RobiJa00,James Robinson,jax
RB,1,.10%,0,0%,193,43.67%,CottNa00,Nathan Cottrell,jax
RB,27,2.60%,0,0%,94,21.27%,OzigDe01,Devine Ozigbo,jax
RB,159,15.32%,0,0%,0,0%,ThomCh03,Chris Thompson,jax
RB,185,17.82%,0,0%,205,46.38%,OgunDa00,Dare Ogunbowale,jax
RB,3,.29%,0,0%,17,3.85%,ReynCr00,Craig Reynolds,jax
FB,62,5.97%,0,0%,92,20.81%,MillBr02,Bruce Miller,jax
WR,702,67.63%,0,0%,0,0%,CharDJ00,DJ Chark,jax
WR,785,75.63%,0,0%,165,37.33%,ColeKe00,Keelan Cole,jax
WR,585,56.36%,0,0%,10,2.26%,ShenLa00,Laviska Shenault Jr.,jax
WR,237,22.83%,0,0%,169,38.24%,JohnCo01,Collin Johnson,jax
WR,16,1.54%,0,0%,13,2.94%,WestDe00,Dede Westbrook,jax
WR,439,42.29%,0,0%,19,4.30%,ConlCh00,Chris Conley,jax
WR,50,4.82%,0,0%,12,2.71%,GodwTe00,Terry Godwin,jax
WR,3,.29%,0,0%,2,.45%,QuinTr00,Trey Quinn,jax
TE,548,52.79%,0,0%,0,0%,EifeTy00,Tyler Eifert,jax
TE,466,44.89%,0,0%,23,5.20%,O'ShJa00,James O'Shaughnessy,jax
TE,40,3.85%,0,0%,76,17.19%,DaviTy02,Tyler Davis,jax
TE,133,12.81%,0,0%,63,14.25%,ElleBe00,Ben Ellefson,jax
TE,93,8.96%,0,0%,137,31.00%,SaubEr00,Eric Saubert,jax
OL,0,0%,0,0%,10,2.26%,WallTr01,Tre'Vour Wallace-Simms,jax
OL,0,0%,0,0%,22,4.98%,McDeKC01,KC McDermott,jax
"OL,T",974,93.83%,0,0%,51,11.54%,RobiCa00,Cam Robinson,jax
"OL,T",1038,100.00%,0,0%,54,12.22%,TaylJa02,Jawaan Taylor,jax
"OL,T",75,7.23%,0,0%,55,12.44%,RichWi01,Will Richardson,jax
"OL,T",220,21.19%,0,0%,48,10.86%,BartBe00,Ben Bartch,jax
"G,OL",802,77.26%,0,0%,42,9.50%,NorwAn01,Andrew Norwell,jax
"G,OL",920,88.63%,0,0%,51,11.54%,CannA.00,A.J. Cann,jax
"G,OL",530,51.06%,0,0%,0,0%,LindBr00,Brandon Linder,jax
"G,OL",643,61.95%,0,0%,37,8.37%,ShatTy00,Tyler Shatley,jax
DE,0,0%,397,35.41%,32,7.24%,AlleJo03,Josh Hines-Allen,jax
DE,1,.10%,579,51.65%,167,37.78%,GotsAd00,Adam Gotsis,jax
"DE,DL",0,0%,665,59.32%,9,2.04%,SmooDa00,Dawuane Smoot,jax
"DE,DE/L",0,0%,107,9.55%,65,14.71%,MarsCa00,Cassius Marsh,jax
"DE,DT",0,0%,34,3.03%,0,0%,RossDa02,Daniel Ross,jax
DE,0,0%,15,1.34%,0,0%,SheaJa00,Jabaal Sheard,jax
"DL,DT",0,0%,511,45.58%,7,1.58%,BryaTa00,Taven Bryan,jax
DT,0,0%,455,40.59%,73,16.52%,CostDo00,Doug Costin,jax
DT,0,0%,159,14.18%,36,8.14%,JoneAb00,Abry Jones,jax
DT,0,0%,290,25.87%,59,13.35%,EkuaDa00,Daniel Ekuale,jax
DT,0,0%,54,4.82%,1,.23%,JernTi00,Timmy Jernigan,jax
"DL,DT",0,0%,143,12.76%,49,11.09%,ReidCa00,Caraun Reid,jax
"DT,NT",0,0%,407,36.31%,86,19.46%,HamiDa02,DaVon Hamilton,jax
LB,0,0%,1109,98.93%,0,0%,SchoJo00,Joe Schobert,jax
LB,0,0%,931,83.05%,0,0%,JackMy00,Myles Jack,jax
"DE/L,LB",0,0%,568,50.67%,24,5.43%,ChaiKL00,K'Lavon Chaisson,jax
LB,0,0%,158,14.09%,39,8.82%,CorrKa00,Kamalei Correa,jax
LB,0,0%,33,2.94%,42,9.50%,JacoLe00,Leon Jacobs,jax
LB,0,0%,204,18.20%,170,38.46%,GileJo01,Joe Giles-Harris,jax
LB,0,0%,101,9.01%,254,57.47%,AlleDa01,Dakota Allen,jax
LB,0,0%,0,0%,203,45.93%,QuarSh00,Shaquille Quarterman,jax
LB,0,0%,89,7.94%,111,25.11%,WillQu01,Quincy Williams,jax
CB,0,0%,248,22.12%,0,0%,MabiGr00,Greg Mabin,jax
CB,0,0%,152,13.56%,0,0%,BarcLu00,Luq Barcoo,jax
"CB,DB",0,0%,0,0%,20,4.52%,NursJo00,Josh Nurse,jax
CB,0,0%,0,0%,43,9.73%,MeekQu00,Quenton Meeks,jax
CB,0,0%,80,7.14%,0,0%,ScotJo00,Josiah Scott,jax
"S,SS",0,0%,764,68.15%,32,7.24%,WilsJa00,Jarrod Wilson,jax
"CB,DB",0,0%,1016,90.63%,44,9.95%,HernTr00,Tre Herndon,jax
"CB,DB,S",0,0%,700,62.44%,22,4.98%,JoneJo06,Josh Jones,jax
"CB,DB",0,0%,234,20.87%,0,0%,HaydDJ00,D.J. Hayden,jax
"CB,DB",0,0%,474,42.28%,0,0%,HendCJ00,C.J. Henderson,jax
"DB,S",0,0%,461,41.12%,237,53.62%,WingAn01,Andrew Wingard,jax
"CB,CB/R,DB",0,0%,374,33.36%,191,43.21%,ClayCh02,Chris Claybrooks,jax
"DB,S",0,0%,195,17.40%,376,85.07%,WatsBr01,Brandon Rusnak,jax
"DB,S",0,0%,161,14.36%,191,43.21%,ThomDa07,Daniel Thomas,jax
"CB,DB",0,0%,302,26.94%,13,2.94%,JoneSi00,Sidney Jones,jax
"FS,S",0,0%,5,.45%,191,43.21%,MiddDo01,Doug Middleton,jax
LS,1,.10%,0,0%,122,27.60%,MatiRo00,Ross Matiscik,jax
K,0,0%,0,0%,44,9.95%,RosaAl00,Aldrick Rosas,jax
K,1,.10%,0,0%,20,4.52%,LambJo00,Josh Lambo,jax
K,0,0%,0,0%,4,.90%,BrowJo03,Jonathan Brown,jax
K,0,0%,0,0%,4,.90%,HausSt00,Stephen Hauschka,jax
K,0,0%,0,0%,9,2.04%,McLaCh00,Chase McLaughlin,jax
K,0,0%,0,0%,2,.45%,WrigBr00,Brandon Wright,jax
P,1,.10%,0,0%,154,34.84%,CookLo00,Logan Cooke,jax
P,0,0%,0,0%,10,2.26%,ColqDu20,Dustin Colquitt,jax
QB,1027,93.19%,0,0%,0,0%,MahoPa00,Patrick Mahomes,kan
QB,75,6.81%,0,0%,0,0%,HennCh01,Chad Henne,kan
RB,542,49.18%,0,0%,0,0%,EdwaCl00,Clyde Edwards-Helaire,kan
"FB,RB",63,5.72%,0,0%,256,58.05%,SherAn00,Anthony Sherman,kan
RB,280,25.41%,0,0%,27,6.12%,WillDa10,Darrel Williams,kan
RB,10,.91%,0,0%,12,2.72%,WashDe00,DeAndre Washington,kan
RB,192,17.42%,0,0%,0,0%,BellLe00,Le'Veon Bell,kan
RB,80,7.26%,0,0%,131,29.71%,ThomDa06,Darwin Thompson,kan
WR,901,81.76%,0,0%,3,.68%,HillTy00,Tyreek Hill,kan
WR,527,47.82%,0,0%,0,0%,WatkSa00,Sammy Watkins,kan
WR,711,64.52%,0,0%,46,10.43%,RobiDe01,Demarcus Robinson,kan
WR,499,45.28%,0,0%,167,37.87%,HardMe00,Mecole Hardman,kan
WR,239,21.69%,0,0%,185,41.95%,PrinBy00,Byron Pringle,kan
WR,25,2.27%,0,0%,61,13.83%,DietGe00,Gehrig Dieter,kan
WR,34,3.09%,0,0%,164,37.19%,KempMa00,Marcus Kemp,kan
TE,899,81.58%,1,.09%,0,0%,KelcTr00,Travis Kelce,kan
TE,302,27.40%,0,0%,223,50.57%,KeizNi00,Nick Keizer,kan
TE,194,17.60%,0,0%,89,20.18%,YeldDe00,Deon Yelder,kan
TE,6,.54%,0,0%,5,1.13%,SealRi00,Ricky Seals-Jones,kan
OL,91,8.26%,0,0%,58,13.15%,DuraYa01,Yasir Durant,kan
T,357,32.40%,0,0%,23,5.22%,SchwMi00,Mitchell Schwartz,kan
T,1049,95.19%,0,0%,84,19.05%,FishEr00,Eric Fisher,kan
"G,T",972,88.20%,0,0%,71,16.10%,WyliAn00,Andrew Wylie,kan
T,53,4.81%,0,0%,3,.68%,RankMa00,Martinas Rankin,kan
T,709,64.34%,0,0%,55,12.47%,RemmMi00,Mike Remmers,kan
G,282,25.59%,0,0%,23,5.22%,OsemKe00,Kelechi Osemele,kan
G,53,4.81%,0,0%,3,.68%,OmamPa00,Patrick Omameh,kan
G,694,62.98%,0,0%,85,19.27%,AlleNi00,Nick Allegretti,kan
G,151,13.70%,0,0%,15,3.40%,WisnSt01,Stefen Wisniewski,kan
G,0,0%,0,0%,3,.68%,WitzBr00,Bryan Witzmann,kan
G,2,.18%,0,0%,0,0%,IsidDa00,Danny Isidora,kan
C,867,78.68%,0,0%,82,18.59%,ReitAu00,Austin Reiter,kan
C,236,21.42%,0,0%,7,1.59%,KilgDa00,Daniel Kilgore,kan
DE,0,0%,57,5.30%,0,0%,WardTi00,Tim Ward,kan
DE,0,0%,718,66.79%,88,19.95%,KpasTa00,Tanoh Kpassagnon,kan
DE,0,0%,756,70.33%,0,0%,ClarFr01,Frank Clark,kan
DE,0,0%,38,3.53%,0,0%,HarrDe06,Demone Harris,kan
DE,0,0%,334,31.07%,43,9.75%,DannMi00,Michael Danna,kan
DE,0,0%,90,8.37%,0,0%,CharTa00,Taco Charlton,kan
DE,0,0%,283,26.33%,1,.23%,OkafAl00,Alex Okafor,kan
DT,0,0%,693,64.47%,37,8.39%,JoneCh09,Chris Jones,kan
DT,0,0%,320,29.77%,61,13.83%,PennMi00,Mike Pennel,kan
DT,0,0%,518,48.19%,33,7.48%,WharTe00,Tershawn Wharton,kan
DT,0,0%,74,6.88%,4,.91%,SaunKh00,Khalen Saunders,kan
DT,0,0%,2,.19%,0,0%,HoyeBr01,Braxton Hoyett,kan
"DT,NT",0,0%,459,42.70%,62,14.06%,NnadDe00,Derrick Nnadi,kan
LB,0,0%,466,43.35%,247,56.01%,NiemBe00,Ben Niemann,kan
LB,0,0%,601,55.91%,54,12.24%,HitcAn00,Anthony Hitchens,kan
LB,0,0%,9,.84%,219,49.66%,ODanDo00,Dorian O'Daniel,kan
LB,0,0%,528,49.12%,82,18.59%,WilsDa02,Damien Wilson,kan
LB,0,0%,0,0%,16,3.63%,SmitEm01,Emmanuel Smith,kan
LB,0,0%,267,24.84%,241,54.65%,GayJWi00,Willie Gay Jr.,kan
LB,0,0%,10,.93%,1,.23%,CobbOm00,Omari Cobb,kan
LB,0,0%,126,11.72%,58,13.15%,HarrDa07,Darius Harris,kan
CB,0,0%,45,4.19%,11,2.49%,BakeDe00,Deandre Baker,kan
"DB,S",0,0%,879,81.77%,170,38.55%,SoreDa01,Daniel Sorensen,kan
"DB,S",0,0%,979,91.07%,0,0%,MathTy00,Tyrann Mathieu,kan
"CB,DB",0,0%,410,38.14%,29,6.58%,SneeLJ00,L'Jarius Sneed,kan
"CB,DB",0,0%,135,12.56%,330,74.83%,HamiAn01,Antonio Hamilton,kan
"CB,DB",0,0%,688,64.00%,0,0%,BreeBa00,Bashaud Breeland,kan
"CB,DB",0,0%,525,48.84%,137,31.07%,FentRa00,Rashad Fenton,kan
"DB,S",0,0%,762,70.88%,73,16.55%,ThorJu00,Juan Thornhill,kan
"CB,DB",0,0%,779,72.47%,9,2.04%,WardCh01,Charvarius Ward,kan
"DB,S",0,0%,93,8.65%,43,9.75%,ThomTe00,Tedric Thompson,kan
"DB,S",0,0%,101,9.40%,356,80.73%,WattAr00,Armani Watts,kan
DB,0,0%,0,0%,45,10.20%,LammCh00,Chris Lammons,kan
"CB,DB",0,0%,79,7.35%,58,13.15%,KeyeTh00,Thakarius Keyes,kan
LS,0,0%,0,0%,139,31.52%,WincJa00,James Winchester,kan
K,0,0%,0,0%,180,40.82%,ButkHa00,Harrison Butker,kan
P,0,0%,0,0%,141,31.97%,TownTo01,Tommy Townsend,kan
QB,65,6.00%,0,0%,0,0%,MariMa01,Marcus Mariota,rai
QB,1007,92.98%,0,0%,0,0%,CarrDe02,Derek Carr,rai
QB,11,1.02%,0,0%,0,0%,PeteNa00,Nathan Peterman,rai
RB,617,56.97%,0,0%,0,0%,JacoJo01,Josh Jacobs,rai
"FB,RB",231,21.33%,0,0%,231,49.57%,IngoAl01,Alec Ingold,rai
RB,190,17.54%,0,0%,61,13.09%,RichJa01,Jalen Richard,rai
RB,238,21.98%,0,0%,82,17.60%,BookDe00,Devontae Booker,rai
RB,48,4.43%,0,0%,0,0%,RiddTh00,Theo Riddick,rai
WR,259,23.92%,0,0%,0,0%,EdwaBr01,Bryan Edwards,rai
WR,581,53.65%,0,0%,35,7.51%,RuggHe00,Henry Ruggs III,rai
WR,550,50.78%,0,0%,55,11.80%,RenfHu00,Hunter Renfrow,rai
WR,731,67.50%,0,0%,0,0%,AghoNe00,Nelson Agholor,rai
WR,289,26.69%,0,0%,0,0%,JoneZa00,Zay Jones,rai
WR,17,1.57%,0,0%,16,3.43%,GaffRi00,Rico Gafford,rai
WR,3,.28%,0,0%,0,0%,DossKe00,Keelan Doss,rai
TE,993,91.69%,0,0%,3,.64%,WallDa01,Darren Waller,rai
TE,405,37.40%,0,0%,36,7.73%,WittJa00,Jason Witten,rai
TE,7,.65%,0,0%,369,79.18%,CarrDe00,Derek Carrier,rai
TE,256,23.64%,0,0%,232,49.79%,MoreFo00,Foster Moreau,rai
OL,252,23.27%,0,0%,34,7.30%,SimpJo00,John Simpson,rai
"OL,T",0,0%,0,0%,14,3.00%,JoneJa09,Jaryd Jones-Smith,rai
T,960,88.64%,0,0%,72,15.45%,MillKo00,Kolton Miller,rai
"G/T,T",958,88.46%,0,0%,75,16.09%,GoodDe01,Denzelle Good,rai
T,382,35.27%,0,0%,22,4.72%,YounSa21,Sam Young,rai
"OL,T",0,0%,0,0%,82,17.60%,JameAn01,Andre James,rai
T,346,31.95%,0,0%,52,11.16%,ParkBr01,Brandon Parker,rai
T,0,0%,0,0%,5,1.07%,MagnEr00,Erik Magnuson,rai
T,281,25.95%,0,0%,24,5.15%,BrowTr02,Trent Brown,rai
G,1062,98.06%,0,0%,82,17.60%,JackGa00,Gabe Jackson,rai
G,74,6.83%,0,0%,6,1.29%,IncoRi20,Richie Incognito,rai
G,17,1.57%,0,0%,29,6.22%,OmamPa00,Patrick Omameh,rai
C,1083,100.00%,0,0%,5,1.07%,HudsRo00,Rodney Hudson,rai
DE,0,0%,905,83.10%,106,22.75%,CrosMa00,Maxx Crosby,rai
DE,0,0%,461,42.33%,29,6.22%,FerrCl00,Clelin Ferrell,rai
DE,0,0%,434,39.85%,54,11.59%,KeyxAr00,Arden Key,rai
DE,0,0%,27,2.48%,4,.86%,JoneDa03,Datone Jones,rai
DE,0,0%,40,3.67%,5,1.07%,IrviDa00,David Irving,rai
DE,0,0%,463,42.52%,12,2.58%,NassCa00,Carl Nassib,rai
DE,0,0%,115,10.56%,1,.21%,SmitCh03,Chris Smith,rai
DE,0,0%,73,6.70%,2,.43%,BeasVi00,Vic Beasley,rai
DT,0,0%,504,46.28%,57,12.23%,CollMa00,Maliek Collins,rai
DT,0,0%,665,61.07%,84,18.03%,HankJo00,Johnathan Hankins,rai
DT,0,0%,48,4.41%,5,1.07%,RossDa02,Daniel Ross,rai
DT,0,0%,277,25.44%,13,2.79%,HursMa00,Maurice Hurst Jr.,rai
"DE,DT",0,0%,315,28.93%,64,13.73%,VickKe00,Kendal Vickers,rai
"ILB,LB,MLB",0,0%,723,66.39%,115,24.68%,MorrNi00,Nicholas Morrow,rai
LB,0,0%,848,77.87%,145,31.12%,LittCo01,Cory Littleton,rai
LB,0,0%,651,59.78%,74,15.88%,KwiaNi00,Nick Kwiatkoski,rai
LB,0,0%,44,4.04%,378,81.12%,WilbKy00,Kyle Wilber,rai
LB,0,0%,169,15.52%,285,61.16%,McMiRa02,Raekwon McMillan,rai
LB,0,0%,0,0%,14,3.00%,EmanKy00,Kyle Emanuel,rai
LB,0,0%,0,0%,21,4.51%,OnwuJa00,James Onwualu,rai
"CB,DB",0,0%,69,6.34%,0,0%,WorlDa00,Daryl Worley,rai
CB,0,0%,736,67.58%,183,39.27%,LawsNe00,Nevin Lawson,rai
CB,0,0%,35,3.21%,35,7.51%,RobeAm00,Amik Robertson,rai
"DB,S",0,0%,724,66.48%,233,50.00%,HarrEr00,Erik Harris,rai
"DB,S,SS",0,0%,856,78.60%,108,23.18%,AbraJo01,Johnathan Abram,rai
"CB,DB",0,0%,932,85.58%,109,23.39%,MullTr00,Trayvon Mullen,rai
"CB,DB,S",0,0%,670,61.52%,0,0%,JoynLa00,Lamarcus Joyner,rai
"CB,DB",0,0%,343,31.50%,2,.43%,ArneDa00,Damon Arnette,rai
"CB,DB",0,0%,181,16.62%,127,27.25%,JohnIs02,Isaiah Johnson,rai
"CB,DB",0,0%,155,14.23%,277,59.44%,NixoKe00,Keisean Nixon,rai
"DB,S",0,0%,415,38.11%,253,54.29%,HeatJe00,Jeff Heath,rai
"DB,S",0,0%,87,7.99%,208,44.64%,LeavDa00,Dallin Leavitt,rai
DB,0,0%,0,0%,8,1.72%,MabiDy00,Dylan Mabin,rai
"DB,LB",0,0%,12,1.10%,44,9.44%,WhitJa04,Javin White,rai
DB,0,0%,0,0%,10,2.15%,GaulRa00,Rashaan Gaulden,rai
LS,0,0%,0,0%,129,27.68%,SiegTr00,Trent Sieg,rai
K,0,0%,0,0%,179,38.41%,CarlDa00,Daniel Carlson,rai
P,0,0%,0,0%,129,27.68%,ColeAJ01,AJ Cole III,rai
C/G,34,2.89%,0,0%,74,16.12%,QuesSc00,Scott Quessenberry,sdg
QB,1097,93.36%,0,0%,0,0%,HerbJu00,Justin Herbert,sdg
QB,75,6.38%,0,0%,0,0%,TaylTy00,Tyrod Taylor,sdg
QB,2,.17%,0,0%,0,0%,SticEa00,Easton Stick,sdg
RB,412,35.06%,0,0%,0,0%,EkelAu00,Austin Ekeler,sdg
RB,244,20.77%,0,0%,30,6.54%,BallKa00,Kalen Ballage,sdg
RB,297,25.28%,0,0%,108,23.53%,KellJo01,Joshua Kelley,sdg
"FB,RB",129,10.98%,0,0%,268,58.39%,NabeGa00,Gabe Nabers,sdg
RB,190,16.17%,0,0%,20,4.36%,JackJu01,Justin Jackson,sdg
RB,63,5.36%,0,0%,48,10.46%,PopeTr00,Troymaine Pope,sdg
RB,0,0%,0,0%,18,3.92%,BradDa00,Darius Bradwell,sdg
WR,874,74.38%,0,0%,0,0%,AlleKe00,Keenan Allen,sdg
WR,799,68.00%,1,.10%,0,0%,WillMi07,Mike Williams,sdg
WR,920,78.30%,0,0%,57,12.42%,GuytJa01,Jalen Guyton,sdg
WR,35,2.98%,0,0%,27,5.88%,MoorJa02,Jason Moore,sdg
WR,264,22.47%,0,0%,65,14.16%,JohnTy03,Tyron Johnson,sdg
WR,147,12.51%,0,0%,92,20.04%,HillKJ00,K.J. Hill,sdg
WR,27,2.30%,0,0%,151,32.90%,ReedJo03,Joe Reed,sdg
TE,913,77.70%,0,0%,15,3.27%,HenrHu00,Hunter Henry,sdg
TE,141,12.00%,0,0%,26,5.66%,GreeVi00,Virgil Green,sdg
TE,139,11.83%,0,0%,303,66.01%,AndeSt01,Stephen Anderson,sdg
TE,15,1.28%,0,0%,20,4.36%,SokoMa00,Matt Sokol,sdg
TE,221,18.81%,0,0%,38,8.28%,ParhDo00,Donald Parham,sdg
"C/G,T",295,25.11%,0,0%,25,5.45%,ToneCo00,Cole Toner,sdg
T,1025,87.23%,0,0%,68,14.81%,TeviSa00,Sam Tevi,sdg
T,445,37.87%,0,0%,26,5.66%,BulaBr20,Bryan Bulaga,sdg
"G/T,T",80,6.81%,0,0%,5,1.09%,StLoTy01,Tyree St. Louis,sdg
T,572,48.68%,0,0%,53,11.55%,PipkTr00,Trey Pipkins,sdg
T,309,26.30%,0,0%,21,4.58%,NortSt00,Storm Norton,sdg
G,536,45.62%,0,0%,1,.22%,TurnTr01,Trai Turner,sdg
G,1175,100.00%,0,0%,74,16.12%,LampFo00,Forrest Lamp,sdg
"C/G,G",1175,100.00%,0,0%,74,16.12%,FeenDa00,Dan Feeney,sdg
G,271,23.06%,0,0%,0,0%,GroyRy00,Ryan Groy,sdg
"DE,LB",0,0%,362,34.91%,5,1.09%,IngrMe00,Melvin Ingram,sdg
DE,0,0%,549,52.94%,5,1.09%,BosaJo00,Joey Bosa,sdg
DE,0,0%,356,34.33%,156,33.99%,NwosUc00,Uchenna Nwosu,sdg
DE,1,.09%,437,42.14%,236,51.42%,RochIs00,Isaac Rochell,sdg
DE,0,0%,28,2.70%,0,0%,GaziJo01,Joe Gaziano,sdg
DE,0,0%,44,4.24%,69,15.03%,LemoJe00,Jessie Lemonier,sdg
DT,0,0%,527,50.82%,60,13.07%,JoneJu03,Justin Jones,sdg
DT,0,0%,726,70.01%,88,19.17%,JoseLi99,Linval Joseph,sdg
DT,0,0%,747,72.03%,87,18.95%,TillJe00,Jerry Tillery,sdg
DT,0,0%,94,9.06%,23,5.01%,BrouCo00,Cortez Broughton,sdg
NT,0,0%,252,24.30%,88,19.17%,SquaDa00,Damion Square,sdg
NT,0,0%,19,1.83%,2,.44%,FehoBr01,Breiden Fehoko,sdg
LB,0,0%,312,30.09%,216,47.06%,VigiNi00,Nick Vigil,sdg
LB,0,0%,959,92.48%,99,21.57%,MurrKe00,Kenneth Murray,sdg
LB,0,0%,539,51.98%,24,5.23%,WhitKy00,Kyzir White,sdg
LB,0,0%,35,3.38%,175,38.13%,EgbuEm00,Emeke Egbule,sdg
LB,0,0%,3,.29%,236,51.42%,JeffMa00,Malik Jefferson,sdg
LB,0,0%,0,0%,61,13.29%,ChriCo00,Cole Christiansen,sdg
LB,0,0%,13,1.25%,82,17.86%,BellB.00,B.J. Bello,sdg
LB,0,0%,318,30.67%,5,1.09%,PerrDe00,Denzel Perryman,sdg
LB,0,0%,5,.48%,0,0%,TranDr00,Drue Tranquill,sdg
LB,0,0%,0,0%,12,2.61%,BilaAs00,Asmar Bilal,sdg
CB,0,0%,958,92.38%,121,26.36%,DaviMi03,Michael Davis,sdg
"CB,DB",0,0%,568,54.77%,2,.44%,HarrCh01,Chris Harris Jr.,sdg
"CB,DB",0,0%,49,4.73%,281,61.22%,FacyBr00,Brandon Facyson,sdg
CB,0,0%,325,31.34%,169,36.82%,CampTe00,Tevaughn Campbell,sdg
"CB,DB",0,0%,789,76.08%,2,.44%,HaywCa00,Casey Hayward,sdg
DB,0,0%,260,25.07%,66,14.38%,KingDe01,Desmond King,sdg
DB,0,0%,0,0%,40,8.71%,MeekQu00,Quenton Meeks,sdg
DB,0,0%,5,.48%,14,3.05%,BranJo00,John Brannon,sdg
"DB,S",0,0%,210,20.25%,128,27.89%,AddaJa00,Jahleel Addae,sdg
S,0,0%,860,82.93%,35,7.63%,JenkRa00,Rayshawn Jenkins,sdg
S,0,0%,887,85.54%,125,27.23%,AddeNa00,Nasir Adderley,sdg
S,0,0%,71,6.85%,182,39.65%,GilmAl00,Alohi Gilman,sdg
"DB,S",0,0%,99,9.55%,7,1.53%,WatkJa01,Jaylen Watkins,sdg
LS,1,.09%,0,0%,139,30.28%,MazzCo01,Cole Mazza,sdg
K,1,.09%,0,0%,220,47.93%,LongTy00,Ty Long,sdg
K,1,.09%,0,0%,77,16.78%,BadgMi00,Michael Badgley,sdg
QB,1046,93.48%,0,0%,0,0%,GoffJa00,Jared Goff,ram
QB,73,6.52%,0,0%,0,0%,WolfJo00,John Wolford,ram
RB,472,42.18%,0,0%,20,4.57%,BrowMa03,Malcolm Brown,ram
RB,297,26.54%,0,0%,0,0%,AkerCa00,Cam Akers,ram
RB,0,0%,0,0%,34,7.76%,CalaRa00,Raymond Calais,ram
RB,0,0%,0,0%,178,40.64%,JoneXa00,Xavier Jones,ram
RB,347,31.01%,0,0%,0,0%,HendDa00,Darrell Henderson,ram
WR,841,75.16%,0,0%,28,6.39%,KuppCo00,Cooper Kupp,ram
WR,999,89.28%,0,0%,3,.68%,WoodRo02,Robert Woods,ram
WR,802,71.67%,0,0%,5,1.14%,ReynJo00,Josh Reynolds,ram
WR,256,22.88%,0,0%,108,24.66%,JeffVa00,Van Jefferson,ram
WR,8,.71%,0,0%,257,58.68%,WebsNs00,Nsimba Webster,ram
TE,814,72.74%,0,0%,38,8.68%,HigbTy00,Tyler Higbee,ram
TE,636,56.84%,0,0%,3,.68%,EverGe00,Gerald Everett,ram
TE,121,10.81%,0,0%,266,60.73%,MundJo00,Johnny Mundt,ram
TE,2,.18%,0,0%,50,11.42%,HopkBr01,Brycen Hopkins,ram
OL,1119,100.00%,0,0%,72,16.44%,CorbAu00,Austin Corbett,ram
OL,1116,99.73%,0,0%,71,16.21%,HaveRo00,Rob Havenstein,ram
OL,1119,100.00%,0,0%,72,16.44%,BlytAu00,Austin Blythe,ram
OL,599,53.53%,0,0%,5,1.14%,WhitAn20,Andrew Whitworth,ram
OL,633,56.57%,0,0%,5,1.14%,NoteJo00,Joseph Noteboom,ram
OL,0,0%,0,0%,67,15.30%,ShelCo00,Coleman Shelton,ram
OL,1,.09%,0,0%,17,3.88%,EvanBo00,Bobby Evans,ram
OL,1005,89.81%,0,0%,72,16.44%,EdwaDa01,David Edwards,ram
OL,3,.27%,0,0%,51,11.64%,AnchTr00,Tremayne Anchrum,ram
DL,0,0%,865,84.47%,36,8.22%,DonaAa00,Aaron Donald,ram
DL,0,0%,624,60.94%,63,14.38%,BrocMi00,Michael Brockers,ram
DL,0,0%,412,40.23%,56,12.79%,JoseSe00,Sebastian Joseph-Day,ram
DL,0,0%,403,39.36%,95,21.69%,FoxxMo00,Morgan Fox,ram
DL,0,0%,201,19.63%,65,14.84%,GainGr00,Greg Gaines,ram
DL,0,0%,111,10.84%,32,7.31%,RobiAS00,A'Shawn Robinson,ram
DT,0,0%,3,.29%,0,0%,CopeMa01,Marquise Copeland,ram
OLB,0,0%,916,89.45%,5,1.14%,FloyLe00,Leonard Floyd,ram
OLB,0,0%,363,35.45%,222,50.68%,EbukSa00,Samson Ebukam,ram
"LB,OLB",0,0%,158,15.43%,131,29.91%,OkorOg00,Ogbonnia Okoronkwo,ram
OLB,0,0%,29,2.83%,75,17.12%,RiveDe00,Derek Rivers,ram
OLB,0,0%,43,4.20%,128,29.22%,PoliJa00,Jachai Polite,ram
ILB,0,0%,558,54.49%,39,8.90%,KiseMi00,Micah Kiser,ram
ILB,0,0%,471,46.00%,53,12.10%,YounKe03,Kenny Young,ram
ILB,0,0%,423,41.31%,204,46.58%,ReedTr01,Troy Reeder,ram
LB,0,0%,349,34.08%,189,43.15%,HollJu00,Justin Hollins,ram
"LB,OLB",0,0%,124,12.11%,5,1.14%,LewiTe00,Terrell Lewis,ram
LB,0,0%,0,0%,15,3.42%,MoncDe00,Derrick Moncrief,ram
"LB,OLB",0,0%,0,0%,237,54.11%,PatrNa00,Natrez Patrick,ram
CB,0,0%,953,93.07%,9,2.05%,RamsJa00,Jalen Ramsey,ram
CB,0,0%,972,94.92%,12,2.74%,HillTr01,Troy Hill,ram
CB,0,0%,824,80.47%,83,18.95%,WillDa09,Darious Williams,ram
DB,0,0%,0,0%,106,24.20%,ReedJR01,J.R. Reed,ram
"CB,DB",0,0%,116,11.33%,260,59.36%,LongDa02,David Long,ram
"DB,S",0,0%,6,.59%,204,46.58%,HughJu00,Juju Hughes,ram
S,0,0%,1024,100.00%,77,17.58%,JohnJo10,John Johnson,ram
S,0,0%,707,69.04%,16,3.65%,FullJo01,Jordan Fuller,ram
S,0,0%,365,35.64%,50,11.42%,RappTa00,Taylor Rapp,ram
S,0,0%,193,18.85%,332,75.80%,ScotNi01,Nick Scott,ram
S,0,0%,49,4.79%,135,30.82%,BurgTe00,Terrell Burgess,ram
S,0,0%,0,0%,16,3.65%,GervJa00,Jake Gervase,ram
LS,0,0%,0,0%,144,32.88%,McQuJa00,Jake McQuaide,ram
K,0,0%,0,0%,67,15.30%,GayxMa00,Matt Gay,ram
K,0,0%,0,0%,69,15.75%,SlomSa00,Sam Sloman,ram
K,0,0%,0,0%,17,3.88%,ForbKa00,Kai Forbath,ram
P,0,0%,0,0%,144,32.88%,HekkJo00,Johnny Hekker,ram
TE/D,0,0%,22,1.91%,1,.22%,SullSt00,Stephen Sullivan,sea
G/C,78,7.32%,0,0%,25,5.54%,FullKy01,Kyle Fuller,sea
G/C,1,.09%,0,0%,10,2.22%,HaynPh00,Phil Haynes,sea
QB,1047,98.31%,0,0%,0,0%,WilsRu00,Russell Wilson,sea
QB,18,1.69%,0,0%,0,0%,SmitGe00,Geno Smith,sea
RB,138,12.96%,0,0%,116,25.72%,HomeTr00,Travis Homer,sea
RB,403,37.84%,0,0%,0,0%,CarsCh00,Chris Carson,sea
RB,260,24.41%,0,0%,0,0%,HydeCa00,Carlos Hyde,sea
RB,52,4.88%,0,0%,0,0%,CollAl00,Alex Collins,sea
RB,12,1.13%,0,0%,0,0%,ScarBo01,Bo Scarbrough,sea
RB,146,13.71%,0,0%,146,32.37%,DallDe00,DeeJay Dallas,sea
RB,38,3.57%,0,0%,0,0%,PennRa00,Rashaad Penny,sea
FB,35,3.29%,0,0%,293,64.97%,BellNi01,Nick Bellore,sea
WR,980,92.02%,0,0%,2,.44%,MetcDK00,D.K. Metcalf,sea
WR,944,88.64%,0,0%,2,.44%,LockTy00,Tyler Lockett,sea
WR,482,45.26%,0,0%,99,21.95%,MoorDa03,David Moore,sea
WR,351,32.96%,0,0%,148,32.82%,SwaiFr00,Freddie Swain,sea
WR,62,5.82%,0,0%,114,25.28%,HartPe01,Penny Hart,sea
TE,429,40.28%,0,0%,6,1.33%,OlseGr00,Greg Olsen,sea
TE,557,52.30%,0,0%,213,47.23%,DissWi00,Will Dissly,sea
TE,374,35.12%,0,0%,283,62.75%,HollJa03,Jacob Hollister,sea
TE,10,.94%,0,0%,31,6.87%,WillLu00,Luke Willson,sea
TE,51,4.79%,0,0%,47,10.42%,ParkCo02,Colby Parkinson,sea
"G/C,T",932,87.51%,0,0%,68,15.08%,PociEt00,Ethan Pocic,sea
T,673,63.19%,0,0%,52,11.53%,ShelBr00,Brandon Shell,sea
T,1048,98.40%,0,0%,1,.22%,BrowDu20,Duane Brown,sea
T,65,6.10%,0,0%,22,4.88%,WheeCh00,Chad Wheeler,sea
T,277,26.01%,0,0%,27,5.99%,OgbuCe00,Cedric Ogbuehi,sea
T,2,.19%,0,0%,5,1.11%,BoonAl21,Alex Boone,sea
T,192,18.03%,0,0%,40,8.87%,JoneJa08,Jamarco Jones,sea
G,967,90.80%,0,0%,72,15.96%,LewiDa05,Damien Lewis,sea
G,498,46.76%,0,0%,44,9.76%,IupaMi20,Mike Iupati,sea
G,593,55.68%,0,0%,67,14.86%,SimmJo00,Jordan Simmons,sea
"C,C/G",0,0%,0,0%,29,6.43%,FinnB.01,B.J. Finney,sea
DE,0,0%,572,49.65%,41,9.09%,MayoBe00,Benson Mayowa,sea
"DE,DE/L",0,0%,316,27.43%,26,5.76%,DunlCa99,Carlos Dunlap,sea
DE,0,0%,560,48.61%,69,15.30%,CollLJ00,L.J. Collier,sea
DE,0,0%,365,31.68%,27,5.99%,GreeRa01,Rasheem Green,sea
DE,0,0%,336,29.17%,10,2.22%,RobiAl03,Alton Robinson,sea
DE,0,0%,117,10.16%,0,0%,BullJo00,Jonathan Bullard,sea
DE,0,0%,184,15.97%,123,27.27%,MoorDa01,Damontre Moore,sea
DT,0,0%,848,73.61%,78,17.29%,ReedJa02,Jarran Reed,sea
DT,0,0%,671,58.25%,71,15.74%,FordPo00,Poona Ford,sea
DT,0,0%,138,11.98%,0,0%,HarrDa03,Damon Harrison,sea
DT,0,0%,66,5.73%,0,0%,RushAn00,Anthony Rush,sea
"DT,NT",0,0%,228,19.79%,0,0%,MoneBr00,Bryan Mone,sea
LB,0,0%,1142,99.13%,89,19.73%,WagnBo00,Bobby Wagner,sea
LB,0,0%,122,10.59%,8,1.77%,IrviBr00,Bruce Irvin,sea
LB,0,0%,991,86.02%,84,18.63%,WrigK.00,K.J. Wright,sea
LB,0,0%,113,9.81%,65,14.41%,GrifSh01,Shaquem Griffin,sea
LB,0,0%,114,9.90%,321,71.18%,BartCo00,Cody Barton,sea
LB,0,0%,10,.87%,293,64.97%,BurrBe00,Ben Burr-Kirven,sea
LB,0,0%,367,31.86%,86,19.07%,BrooJo01,Jordyn Brooks,sea
LB,0,0%,0,0%,26,5.76%,ArmsRa01,Ray-Ray Armstrong,sea
LB,0,0%,1,.09%,0,0%,WalkDA02,D'Andre Walker,sea
CB,0,0%,397,34.46%,17,3.77%,DunbQu00,Quinton Dunbar,sea
CB,0,0%,35,3.04%,164,36.36%,StepLi00,Linden Stephens,sea
CB,0,0%,7,.61%,129,28.60%,StanJa00,Jayson Stanley,sea
"CB,DB",0,0%,813,70.57%,50,11.09%,GrifSh00,Shaquill Griffin,sea
"DB,FS",0,0%,1076,93.40%,74,16.41%,DiggQu00,Quandre Diggs,sea
"DB,SS",0,0%,784,68.06%,21,4.66%,AdamJa00,Jamal Adams,sea
"DB,FS",0,0%,63,5.47%,15,3.33%,BlaiMa01,Marquise Blair,sea
"CB,DB,SS",0,0%,393,34.11%,202,44.79%,NealRy00,Ryan Neal,sea
"DB,SS",0,0%,90,7.81%,37,8.20%,HillDe02,Lano Hill,sea
"CB,DB",0,0%,560,48.61%,58,12.86%,ReedD.00,D.J. Reed,sea
"CB,DB",0,0%,578,50.17%,138,30.60%,FlowTr01,Tre Flowers,sea
"CB,DB",0,0%,4,.35%,47,10.42%,ThorNe00,Neiko Thorpe,sea
"DB,FS",0,0%,551,47.83%,107,23.73%,AmadUg00,Ugo Amadi,sea
"DB,S,SS",0,0%,35,3.04%,69,15.30%,RandDa00,Damarious Randall,sea
LS,0,0%,0,0%,140,31.04%,OttxTy00,Tyler Ott,sea
K,0,0%,0,0%,168,37.25%,MyerJa00,Jason Myers,sea
P,0,0%,0,0%,142,31.49%,DickMi00,Michael Dickson,sea
QB,305,27.83%,0,0%,0,0%,GaroJi00,Jimmy Garoppolo,sfo
QB,603,55.02%,0,0%,0,0%,MullNi00,Nick Mullens,sfo
QB,186,16.97%,0,0%,0,0%,BeatC.00,C.J. Beathard,sfo
"FB,RB",472,43.07%,0,0%,70,15.49%,JuszKy00,Kyle Juszczyk,sfo
RB,237,21.62%,0,0%,0,0%,MostRa00,Raheem Mostert,sfo
RB,372,33.94%,0,0%,68,15.04%,McKiJe00,Jerick McKinnon,sfo
RB,97,8.85%,0,0%,62,13.72%,HastJa02,Jamycal Hasty,sfo
RB,12,1.09%,0,0%,43,9.51%,WaltAu00,Austin Walter,sfo
RB,63,5.75%,0,0%,59,13.05%,ColeTe01,Tevin Coleman,sfo
RB,311,28.38%,0,0%,46,10.18%,WilsJe01,Jeff Wilson,sfo
WR,688,62.77%,0,0%,4,.88%,BourKe00,Kendrick Bourne,sfo
WR,66,6.02%,0,0%,20,4.42%,PettDa00,Dante Pettis,sfo
WR,728,66.42%,0,0%,5,1.11%,AiyuBr00,Brandon Aiyuk,sfo
WR,305,27.83%,0,0%,0,0%,SamuDe00,Deebo Samuel,sfo
WR,201,18.34%,0,0%,78,17.26%,TaylTr02,Trent Taylor,sfo
WR,405,36.95%,0,0%,59,13.05%,JameRi00,Richie James,sfo
WR,9,.82%,0,0%,22,4.87%,WhitKe00,Kevin White,sfo
WR,0,0%,0,0%,16,3.54%,ColeMa03,Matt Cole,sfo
WR,112,10.22%,0,0%,116,25.66%,CracRi00,River Cracraft,sfo
WR,40,3.65%,0,0%,0,0%,SanuMo00,Mohamed Sanu,sfo
WR,14,1.28%,0,0%,24,5.31%,MattJo00,Jordan Matthews,sfo
TE,443,40.42%,0,0%,1,.22%,KittGe00,George Kittle,sfo
TE,502,45.80%,0,0%,177,39.16%,DwelRo00,Ross Dwelley,sfo
TE,247,22.54%,0,0%,0,0%,ReedJo02,Jordan Reed,sfo
TE,119,10.86%,0,0%,228,50.44%,WoerCh00,Charlie Woerner,sfo
TE,28,2.55%,0,0%,43,9.51%,HelmDa01,Daniel Helm,sfo
OL,333,30.38%,0,0%,8,1.77%,GarlBe00,Ben Garland,sfo
"DE,DL,OL",0,0%,183,17.66%,17,3.76%,WillJo09,Jordan Willis,sfo
"OL,T",301,27.46%,0,0%,58,12.83%,McKiCo00,Colton McKivitz,sfo
"OL,T",1087,99.18%,0,0%,30,6.64%,BrunDa00,Daniel Brunskill,sfo
T,1091,99.54%,0,0%,66,14.60%,McGlMi00,Mike McGlinchey,sfo
T,957,87.32%,0,0%,7,1.55%,WillTr21,Trent Williams,sfo
T,0,0%,0,0%,5,1.11%,ShepDa01,Dakoda Shepley,sfo
"OL,T",255,23.27%,0,0%,66,14.60%,SkulJu00,Justin Skule,sfo
"OL,T",148,13.50%,0,0%,24,5.31%,CompTo00,Tom Compton,sfo
"G,OL",1094,99.82%,0,0%,67,14.82%,TomlLa01,Laken Tomlinson,sfo
"G,OL",0,0%,0,0%,16,3.54%,BergTo00,Tony Bergstrom,sfo
"C,OL",215,19.62%,0,0%,17,3.76%,GrasHr00,Hroniss Grasu,sfo
DL,0,0%,381,36.78%,42,9.29%,StreKe00,Kentavius Street,sfo
"DL,DT",0,0%,66,6.37%,0,0%,DaniDa04,Darrion Daniels,sfo
DL,0,0%,12,1.16%,0,0%,CoatJo01,Josiah Coatney,sfo
DL,0,0%,4,.39%,0,0%,HenrWi00,Willie Henry,sfo
"DE,DL",2,.18%,749,72.30%,162,35.84%,ArmsAr01,Arik Armstead,sfo
"DE,DL",0,0%,68,6.56%,2,.44%,BosaNi00,Nick Bosa,sfo
DE,0,0%,46,4.44%,1,.22%,FordDe00,Dee Ford,sfo
"DE,DL",0,0%,49,4.73%,8,1.77%,ThomSo00,Solomon Thomas,sfo
"DE,DL",0,0%,721,69.59%,65,14.38%,HydeKe01,Kerry Hyder,sfo
"DE,DL",0,0%,373,36.00%,70,15.49%,JordDi00,Dion Jordan,sfo
DE,0,0%,34,3.28%,1,.22%,AnsaEz00,Ezekiel Ansah,sfo
DE,0,0%,119,11.49%,27,5.97%,BarrAl00,Alex Barrett,sfo
DT,0,0%,546,52.70%,109,24.12%,KinlJa00,Javon Kinlaw,sfo
"DL,DT",2,.18%,419,40.44%,87,19.25%,JoneD.01,D.J. Jones,sfo
"DL,DT",0,0%,386,37.26%,11,2.43%,GiveKe01,Kevin Givens,sfo
LB,0,0%,971,93.73%,19,4.20%,WarnFr00,Fred Warner,sfo
LB,0,0%,317,30.60%,5,1.11%,AlexKw00,Kwon Alexander,sfo
LB,0,0%,699,67.47%,100,22.12%,GreeDr00,Dre Greenlaw,sfo
LB,0,0%,305,29.44%,252,55.75%,AlShAz00,Azeez Al-Shaair,sfo
LB,0,0%,14,1.35%,274,60.62%,WalkJo01,Joe Walker,sfo
LB,0,0%,3,.29%,94,20.80%,NzeoMa00,Mark Nzeocha,sfo
LB,0,0%,61,5.89%,195,43.14%,FlanDe00,Demetrius Flannigan-Fowles,sfo
CB,0,0%,802,77.41%,0,0%,VerrJa00,Jason Verrett,sfo
CB,0,0%,0,0%,16,3.54%,BoddBr01,Briean Boddy-Calhoun,sfo
CB,0,0%,0,0%,18,3.98%,HarrTi01,Tim Harris,sfo
DB,0,0%,849,81.95%,135,29.87%,WardJi01,Jimmie Ward,sfo
"DB,S",0,0%,373,36.00%,56,12.39%,TartJa00,Jaquiski Tartt,sfo
"CB,DB",0,0%,498,48.07%,71,15.71%,MoseEm00,Emmanuel Moseley,sfo
"CB,DB",0,0%,332,32.05%,0,0%,SherRi00,Richard Sherman,sfo
"CB,DB",0,0%,284,27.41%,6,1.33%,WillKW00,K'Waun Williams,sfo
DB,0,0%,24,2.32%,11,2.43%,AlleBr01,Brian Allen,sfo
DB,0,0%,540,52.12%,232,51.33%,MoorTa00,Tarvarius Moore,sfo
"CB,DB",0,0%,273,26.35%,253,55.97%,JohnDo02,Dontae Johnson,sfo
"CB,DB",0,0%,201,19.40%,35,7.74%,TaylJa01,Jamar Taylor,sfo
"CB,DB",0,0%,333,32.14%,107,23.67%,WithAh00,Ahkello Witherspoon,sfo
"DB,S",0,0%,348,33.59%,263,58.19%,HarrMa03,Marcell Harris,sfo
"DB,S",0,0%,0,0%,64,14.16%,CyprJo00,Johnathan Cyprien,sfo
"CB,DB",0,0%,11,1.06%,150,33.19%,WebsKe00,Ken Webster,sfo
"DB,S",0,0%,0,0%,24,5.31%,MaydJa01,Jared Mayden,sfo
S,0,0%,3,.29%,66,14.60%,NacuKa00,Kai Nacua,sfo
LS,0,0%,0,0%,10,2.21%,HolbCo00,Colin Holba,sfo
LS,2,.18%,0,0%,24,5.31%,NelsKy00,Kyle Nelson,sfo
LS,0,0%,0,0%,100,22.12%,PeppTa00,Taybor Pepper,sfo
K,0,0%,0,0%,6,1.33%,VizcTr00,Tristan Vizcaino,sfo
K,2,.18%,0,0%,74,16.37%,gouldrob01,Robbie Gould,sfo
P,2,.18%,0,0%,202,44.69%,WishMi00,Mitch Wishnowsky,sfo
QB,1024,95.43%,0,0%,0,0%,BradTo00,Tom Brady,tam
QB,49,4.57%,0,0%,0,0%,GabbBl00,Blaine Gabbert,tam
RB,450,41.94%,0,0%,0,0%,JoneRo01,Ronald Jones II,tam
RB,116,10.81%,0,0%,0,0%,McCoLe01,LeSean McCoy,tam
RB,383,35.69%,0,0%,0,0%,FourLe00,Leonard Fournette,tam
RB,99,9.23%,0,0%,37,8.04%,VaugKe00,Ke'Shawn Vaughn,tam
RB,6,.56%,0,0%,75,16.30%,BarnKe00,Kenjon Barner,tam
WR,675,62.91%,0,0%,0,0%,GodwCh00,Chris Godwin,tam
WR,856,79.78%,0,0%,1,.22%,EvanMi00,Mike Evans,tam
WR,440,41.01%,0,0%,0,0%,MillSc01,Scott Miller,tam
WR,323,30.10%,0,0%,9,1.96%,BrowAn04,Antonio Brown,tam
WR,158,14.73%,0,0%,173,37.61%,WatsJu01,Justin Watson,tam
WR,264,24.60%,0,0%,48,10.43%,JohnTy00,Tyler Johnson,tam
WR,42,3.91%,0,0%,20,4.35%,GrayCy01,Cyril Grayson,tam
WR,75,6.99%,0,0%,126,27.39%,MickJa01,Jaydon Mickens,tam
TE,808,75.30%,0,0%,2,.43%,GronRo00,Rob Gronkowski,tam
TE,132,12.30%,0,0%,20,4.35%,HowaO.00,O.J. Howard,tam
TE,70,6.52%,0,0%,83,18.04%,AuclAn00,Antony Auclair,tam
TE,318,29.64%,0,0%,4,.87%,BratCa00,Cameron Brate,tam
TE,74,6.90%,0,0%,41,8.91%,HudsTa00,Tanner Hudson,tam
T,962,89.66%,0,0%,54,11.74%,SmitDo02,Donovan Smith,tam
T,1073,100.00%,0,0%,88,19.13%,WirfTr00,Tristan Wirfs,tam
T,111,10.34%,0,0%,84,18.26%,WellJo02,Josh Wells,tam
T,127,11.84%,0,0%,67,14.57%,HaegJo00,Joe Haeg,tam
G,849,79.12%,0,0%,74,16.09%,MarpAl00,Ali Marpet,tam
G,1070,99.72%,0,0%,88,19.13%,CappAl00,Alex Cappa,tam
G,30,2.80%,0,0%,22,4.78%,StinAa00,Aaron Stinnie,tam
C,1061,98.88%,0,0%,0,0%,JensRy00,Ryan Jensen,tam
C,157,14.63%,0,0%,13,2.83%,ShipA.20,A.Q. Shipley,tam
DL,0,0%,37,3.48%,4,.87%,DaviKh00,Khalil Davis,tam
"DE,OLB",0,0%,943,88.71%,0,0%,PierJa99,Jason Pierre-Paul,tam
"DE,DL",0,0%,606,57.01%,120,26.09%,GholWi00,William Gholston,tam
"DE,DL",0,0%,482,45.34%,114,24.78%,NuneRa00,Rakeem Nunez-Roches,tam
"DE,OLB",0,0%,0,0%,94,20.43%,BellQu00,Quinton Bell,tam
"DE,DL",0,0%,62,5.83%,353,76.74%,OConPa00,Pat O'Connor,tam
DE,0,0%,17,1.60%,0,0%,PotoBe00,Benning Potoa'e,tam
"DL,DT",0,0%,223,20.98%,49,10.65%,VeaxVi00,Vita Vea,tam
"DL,DT",0,0%,786,73.94%,9,1.96%,SuhxNd99,Ndamukong Suh,tam
"DT,NT",0,0%,265,24.93%,28,6.09%,McLeSt00,Steve McLendon,tam
DT,0,0%,54,5.08%,1,.22%,LedbJe00,Jeremiah Ledbetter,tam
OLB,0,0%,22,2.07%,227,49.35%,GillCa00,Cam Gill,tam
"ILB,LB",0,0%,991,93.23%,71,15.43%,WhitDe02,Devin White,tam
"ILB,LB",0,0%,1056,99.34%,17,3.70%,DaviLa00,Lavonte David,tam
"LB,OLB",0,0%,822,77.33%,45,9.78%,BarrSh00,Shaquil Barrett,tam
"LB,OLB",0,0%,322,30.29%,211,45.87%,NelsAn01,Anthony Nelson,tam
"ILB,LB",0,0%,92,8.65%,311,67.61%,MintKe00,Kevin Minter,tam
"ILB,LB",0,0%,0,0%,102,22.17%,CichJa00,Jack Cichy,tam
"ILB,LB",0,0%,3,.28%,109,23.70%,RussCh00,Chapelle Russell,tam
CB,0,0%,17,1.60%,57,12.39%,MillHe01,Herb Miller,tam
CB,0,0%,0,0%,22,4.78%,MotlPa00,Parnell Motley,tam
CB,0,0%,237,22.30%,156,33.91%,CockRo00,Ross Cockrell,tam
"CB,DB",0,0%,882,82.97%,108,23.48%,BuntSe00,Sean Murphy-Bunting,tam
"CB,DB",0,0%,904,85.04%,78,16.96%,DaviCa02,Carlton Davis,tam
"DB,S",0,0%,1034,97.27%,84,18.26%,WinfAn00,Antoine Winfield Jr.,tam
"DB,S",0,0%,918,86.36%,90,19.57%,WhitJo03,Jordan Whitehead,tam
"CB,DB",0,0%,708,66.60%,146,31.74%,DeanJa00,Jamel Dean,tam
"CB,DB",0,0%,0,0%,360,78.26%,SmitRy00,Ryan Smith,tam
"DB,S",0,0%,188,17.69%,177,38.48%,EdwaMi01,Mike Edwards,tam
DB,0,0%,0,0%,8,1.74%,WilkMa00,Mazzi Wilkins,tam
S,0,0%,23,2.16%,297,64.57%,AdamAn00,Andrew Adams,tam
LS,0,0%,0,0%,145,31.52%,TrinZa00,Zach Triner,tam
K,0,0%,0,0%,89,19.35%,SuccRy44,Ryan Succop,tam
P,0,0%,0,0%,245,53.26%,PiniBr00,Bradley Pinion,tam
QB,1052,97.95%,0,0%,0,0%,TannRy00,Ryan Tannehill,oti
QB,21,1.96%,0,0%,1,.22%,WoodLo00,Logan Woodside,oti
RB,705,65.64%,0,0%,0,0%,HenrDe00,Derrick Henry,oti
"FB/R,RB",165,15.36%,0,0%,188,42.06%,BlasKh00,Khari Blasingame,oti
RB,2,.19%,0,0%,100,22.37%,PerrSe00,Senorise Perry,oti
RB,271,25.23%,0,0%,65,14.54%,McNiJe00,Jeremy McNichols,oti
RB,29,2.70%,0,0%,13,2.91%,ForeDO00,D'Onta Foreman,oti
RB,33,3.07%,0,0%,34,7.61%,EvanDa02,Darrynton Evans,oti
WR,760,70.76%,0,0%,6,1.34%,BrowAJ00,A.J. Brown,oti
WR,719,66.95%,0,0%,4,.89%,DaviCo03,Corey Davis,oti
WR,227,21.14%,0,0%,0,0%,HumpAd00,Adam Humphries,oti
WR,284,26.44%,0,0%,33,7.38%,BatsCa00,Cameron Batson,oti
WR,248,23.09%,0,0%,169,37.81%,RaymKa00,Kalif Raymond,oti
WR,157,14.62%,0,0%,157,35.12%,WestNi00,Nick Westbrook-Ikhine,oti
WR,31,2.89%,0,0%,13,2.91%,HollCo00,Cody Hollister,oti
TE,745,69.37%,0,0%,12,2.68%,SmitJo01,Jonnu Smith,oti
TE,354,32.96%,0,0%,151,33.78%,SwaiGe00,Geoff Swaim,oti
TE,348,32.40%,0,0%,104,23.27%,FirkAn00,Anthony Firkser,oti
TE,262,24.39%,0,0%,97,21.70%,PruiMy00,MyCole Pruitt,oti
"OL,T",438,40.78%,0,0%,57,12.75%,QuesDa00,David Quessenberry,oti
T,1049,97.67%,0,0%,81,18.12%,KellDe00,Dennis Kelly,oti
"G,T",872,81.19%,0,0%,63,14.09%,SaffRo20,Rodger Saffold,oti
T,239,22.25%,0,0%,15,3.36%,LewaTa00,Taylor Lewan,oti
T,414,38.55%,0,0%,51,11.41%,SambTy00,Ty Sambrailo,oti
T,17,1.58%,0,0%,9,2.01%,NewhMa20,Marshall Newhouse,oti
T,3,.28%,0,0%,1,.22%,WilsIs00,Isaiah Wilson,oti
"G,OL",1074,100.00%,0,0%,82,18.34%,DaviNa01,Nate Davis,oti
"G,G/C",95,8.85%,0,0%,70,15.66%,DougJa00,Jamil Douglas,oti
C,1042,97.02%,0,0%,4,.89%,JoneBe01,Ben Jones,oti
C,2,.19%,0,0%,19,4.25%,MunyDa00,Daniel Munyer,oti
"C,G/C",152,14.15%,0,0%,3,.67%,BrewAa01,Aaron Brewer,oti
"DE,OLB",0,0%,426,38.07%,1,.22%,ClowJa00,Jadeveon Clowney,oti
"DE,OLB",0,0%,70,6.26%,28,6.26%,RayxWy01,Wyatt Ray,oti
"DE,DL",1,.09%,475,42.45%,173,38.70%,CrawJa00,Jack Crawford,oti
"DE,OLB",0,0%,246,21.98%,73,16.33%,RobeDe01,Derick Roberson,oti
"DE,OLB",0,0%,125,11.17%,0,0%,BeasVi00,Vic Beasley,oti
DT,0,0%,840,75.07%,89,19.91%,SimmJe01,Jeffery Simmons,oti
"DL,DT",0,0%,706,63.09%,134,29.98%,JoneDa04,DaQuan Jones,oti
"DE,DT",0,0%,197,17.61%,49,10.96%,DickMa00,Matt Dickerson,oti
DT,0,0%,154,13.76%,33,7.38%,TartTe00,Teair Tart,oti
"DL,DT",0,0%,137,12.24%,45,10.07%,MurcLa00,Larrell Murchison,oti
DT,0,0%,85,7.60%,18,4.03%,MackIs00,Isaiah Mack,oti
OLB,0,0%,43,3.84%,10,2.24%,ReedBr00,Brooks Reed,oti
LB,0,0%,653,58.36%,53,11.86%,BrowJa06,Jayon Brown,oti
"LB,OLB",0,0%,1048,93.66%,2,.45%,LandHa00,Harold Landry,oti
LB,0,0%,124,11.08%,181,40.49%,CompWi00,William Compton,oti
LB,0,0%,40,3.57%,25,5.59%,CorrKa00,Kamalei Correa,oti
LB,0,0%,13,1.16%,364,81.43%,DzubNi00,Nick Dzubnar,oti
LB,0,0%,3,.27%,296,66.22%,BateDa00,Daren Bates,oti
LB,0,0%,378,33.78%,144,32.21%,LongDa04,David Long,oti
LB,0,0%,893,79.80%,0,0%,EvanRa01,Rashaan Evans,oti
"LB,OLB",0,0%,44,3.93%,44,9.84%,SkipTu00,Tuzar Skipper,oti
CB,0,0%,448,40.04%,28,6.26%,KingDe01,Desmond King,oti
"CB,DB",0,0%,375,33.51%,2,.45%,JoseJo20,Johnathan Joseph,oti
"CB,DB",0,0%,46,4.11%,39,8.72%,OrrxKa00,Kareem Orr,oti
CB,0,0%,154,13.76%,0,0%,JackAd00,Adoree' Jackson,oti
CB,0,0%,1,.09%,224,50.11%,MiltCh00,Christopher Milton,oti
CB,0,0%,359,32.08%,15,3.36%,BordBr00,Breon Borders,oti
"DB,S",0,0%,1102,98.48%,34,7.61%,ByarKe01,Kevin Byard,oti
"DB,S",0,0%,871,77.84%,0,0%,VaccKe00,Kenny Vaccaro,oti
"CB,DB",0,0%,1085,96.96%,4,.89%,ButlMa01,Malcolm Butler,oti
DB,0,0%,239,21.36%,49,10.96%,JackCh01,Chris Jackson,oti
DB,0,0%,468,41.82%,323,72.26%,HookAm00,Amani Hooker,oti
"CB,DB",0,0%,202,18.05%,3,.67%,FultKr00,Kristian Fulton,oti
DB,0,0%,1,.09%,28,6.26%,CruiDa00,Dane Cruikshank,oti
DB,0,0%,91,8.13%,281,62.86%,KaluJo00,Joshua Kalu,oti
"CB,DB",0,0%,168,15.01%,68,15.21%,SmitTy01,Tye Smith,oti
LS,0,0%,0,0%,77,17.23%,OverMa00,Matt Overton,oti
LS,1,.09%,0,0%,61,13.65%,BrinBe00,Beau Brinkley,oti
K,0,0%,0,0%,14,3.13%,SlomSa00,Sam Sloman,oti
K,1,.09%,0,0%,161,36.02%,GostSt20,Stephen Gostkowski,oti
P,0,0%,0,0%,14,3.13%,AlleRy01,Ryan Allen,oti
P,1,.09%,0,0%,111,24.83%,KernBr20,Brett Kern,oti
P,0,0%,0,0%,14,3.13%,DaniTr00,Trevor Daniel,oti
QB,868,85.69%,0,0%,0,0%,JoneDa05,Daniel Jones,nyg
QB,145,14.31%,0,0%,0,0%,McCoCo00,Colt McCoy,nyg
QB,0,0%,0,0%,13,3.16%,WebbJo00,Joe Webb,nyg
RB,67,6.61%,0,0%,0,0%,BarkSa00,Saquon Barkley,nyg
"FB,RB",73,7.21%,0,0%,245,59.47%,PennEl00,Elijhaa Penny,nyg
RB,111,10.96%,0,0%,0,0%,MorrAl00,Alfred Morris,nyg
RB,136,13.43%,0,0%,0,0%,FreeDe00,Devonta Freeman,nyg
RB,304,30.01%,0,0%,53,12.86%,LewiDi00,Dion Lewis,nyg
RB,391,38.60%,0,0%,0,0%,GallWa00,Wayne Gallman,nyg
WR,877,86.57%,0,0%,4,.97%,SlayDa01,Darius Slayton,nyg
WR,561,55.38%,0,0%,1,.24%,ShepSt00,Sterling Shepard,nyg
WR,424,41.86%,0,0%,14,3.40%,TateGo00,Golden Tate,nyg
WR,192,18.95%,0,0%,24,5.83%,MackAu01,Austin Mack,nyg
WR,49,4.84%,0,0%,0,0%,PettDa00,Dante Pettis,nyg
WR,169,16.68%,0,0%,81,19.66%,BoarC.00,C.J. Board,nyg
WR,126,12.44%,0,0%,22,5.34%,RatlDa00,Damion Ratley,nyg
WR,0,0%,0,0%,13,3.16%,HoltJo00,Johnny Holton,nyg
WR,1,.10%,0,0%,0,0%,BachAl00,Alex Bachman,nyg
TE,837,82.63%,0,0%,35,8.50%,EngrEv00,Evan Engram,nyg
TE,453,44.72%,0,0%,129,31.31%,SmitKa00,Kaden Smith,nyg
TE,275,27.15%,0,0%,155,37.62%,ToilLe00,Levine Toilolo,nyg
TE,2,.20%,0,0%,11,2.67%,TomlEr01,Eric Tomlinson,nyg
"G,OL",504,49.75%,0,0%,28,6.80%,LemiSh00,Shane Lemieux,nyg
T,911,89.93%,0,0%,57,13.83%,FlemCa00,Cameron Fleming,nyg
T,976,96.35%,0,0%,57,13.83%,ThomAn02,Andrew Thomas,nyg
T,150,14.81%,0,0%,16,3.88%,PearMa00,Matt Peart,nyg
G,1001,98.82%,0,0%,55,13.35%,ZeitKe00,Kevin Zeitler,nyg
G,524,51.73%,0,0%,28,6.80%,HernWi00,Will Hernandez,nyg
"C,G",1013,100.00%,0,0%,57,13.83%,GateNi00,Nick Gates,nyg
G,3,.30%,0,0%,0,0%,SladCh01,Chad Slade,nyg
"DE,DL",0,0%,803,73.60%,100,24.27%,WillLe02,Leonard Williams,nyg
DE,0,0%,72,6.60%,72,17.48%,LaloNi00,Niko Lalos,nyg
"DL,DT",0,0%,658,60.31%,126,30.58%,TomlDa00,Dalvin Tomlinson,nyg
"DL,DT",0,0%,655,60.04%,151,36.65%,LawrDe03,Dexter Lawrence,nyg
"DL,DT",0,0%,376,34.46%,69,16.75%,HillB.00,B.J. Hill,nyg
"DL,NT",0,0%,231,21.17%,35,8.50%,JohnAu01,Austin Johnson,nyg
LB,0,0%,234,21.45%,37,8.98%,CartLo01,Lorenzo Carter,nyg
LB,0,0%,1063,97.43%,2,.49%,MartBl01,Blake Martinez,nyg
LB,0,0%,110,10.08%,46,11.17%,XimiOs00,Oshane Ximines,nyg
LB,0,0%,608,55.73%,27,6.55%,FackKy00,Kyler Fackrell,nyg
"DL,LB",0,0%,260,23.83%,0,0%,SheaJa00,Jabaal Sheard,nyg
LB,0,0%,193,17.69%,209,50.73%,MayoDa00,David Mayo,nyg
LB,0,0%,232,21.26%,256,62.14%,DownDe00,Devante Downs,nyg
LB,0,0%,175,16.04%,1,.24%,GoldMa00,Markus Golden,nyg
LB,0,0%,192,17.60%,148,35.92%,CougCa00,Carter Coughlin,nyg
LB,0,0%,93,8.52%,318,77.18%,BrowCa01,Cam Brown,nyg
LB,0,0%,403,36.94%,74,17.96%,CrowTa00,Tae Crowder,nyg
"LB,OLB",0,0%,70,6.42%,16,3.88%,HarrTr01,Trent Harris,nyg
LB,0,0%,2,.18%,53,12.86%,BrunTJ00,T.J. Brunson,nyg
"CB,DB",0,0%,271,24.84%,3,.73%,LewiRy01,Ryan Lewis,nyg
CB,0,0%,0,0%,17,4.13%,WillJa09,Jarren Williams,nyg
"CB,DB",0,0%,1021,93.58%,89,21.60%,BradJa00,James Bradberry,nyg
"DB,S",0,0%,911,83.50%,90,21.84%,PeppJa00,Jabrill Peppers,nyg
"DB,S",0,0%,721,66.09%,193,46.84%,LoveJu00,Julian Love,nyg
"CB,DB",0,0%,107,9.81%,142,34.47%,BallCo00,Corey Ballentine,nyg
"CB,DB",0,0%,442,40.51%,10,2.43%,HolmDa01,Darnay Holmes,nyg
DB,0,0%,1051,96.33%,27,6.55%,RyanLo00,Logan Ryan,nyg
"DB,S",0,0%,39,3.57%,332,80.58%,EbneNa00,Nate Ebner,nyg
DB,0,0%,104,9.53%,43,10.44%,ColbAd00,Adrian Colbert,nyg
"CB,DB",0,0%,0,0%,70,16.99%,WillBr07,Brandon Williams,nyg
DB,0,0%,3,.27%,40,9.71%,ChanSe00,Sean Chandler,nyg
"CB,DB",0,0%,633,58.02%,114,27.67%,YiadIs00,Isaac Yiadom,nyg
"CB,DB",0,0%,37,3.39%,116,28.16%,HarpMa00,Madre Harper,nyg
DB,0,0%,21,1.92%,0,0%,HartMo01,Montre Hartage,nyg
S,0,0%,210,19.25%,22,5.34%,McKiXa00,Xavier McKinney,nyg
LS,0,0%,0,0%,127,30.83%,KreiCa00,Casey Kreiter,nyg
K,0,0%,0,0%,130,31.55%,GanoGr44,Graham Gano,nyg
P,0,0%,0,0%,128,31.07%,DixoRi00,Riley Dixon,nyg
K/P,0,0%,0,0%,20,4.50%,CastSe00,Sergio Castillo,nyj
QB,739,74.72%,0,0%,0,0%,DarnSa00,Sam Darnold,nyj
QB,250,25.28%,0,0%,0,0%,FlacJo00,Joe Flacco,nyj
RB,78,7.89%,0,0%,0,0%,BellLe00,Le'Veon Bell,nyj
RB,75,7.58%,0,0%,46,10.36%,AdamJo03,Josh Adams,nyj
RB,57,5.76%,0,0%,26,5.86%,BallKa00,Kalen Ballage,nyj
RB,380,38.42%,0,0%,0,0%,GoreFr00,Frank Gore,nyj
RB,169,17.09%,0,0%,56,12.61%,JohnTy02,Ty Johnson,nyj
RB,200,20.22%,0,0%,24,5.41%,PeriLa00,La'Mical Perine,nyj
WR,318,32.15%,0,0%,37,8.33%,SmitJe03,Jeff Smith,nyj
WR,651,65.82%,0,0%,0,0%,PerrBr02,Breshad Perriman,nyj
WR,274,27.70%,0,0%,8,1.80%,HogaCh00,Chris Hogan,nyj
WR,593,59.96%,0,0%,1,.23%,CrowJa00,Jamison Crowder,nyj
WR,439,44.39%,0,0%,0,0%,MimsDe00,Denzel Mims,nyj
WR,39,3.94%,0,0%,0,0%,CageLa01,Lawrence Cager,nyj
"TE,WR",28,2.83%,0,0%,335,75.45%,BrowDa04,Daniel Brown,nyj
WR,50,5.06%,0,0%,45,10.14%,SmitVy00,Vyncint Smith,nyj
WR,80,8.09%,0,0%,37,8.33%,MaloJo00,Josh Malone,nyj
WR,9,.91%,0,0%,1,.23%,ScotJa02,Jaleel Scott,nyj
WR,290,29.32%,0,0%,89,20.05%,BerrBr00,Braxton Berrios,nyj
TE,675,68.25%,0,0%,116,26.13%,HernCh00,Chris Herndon,nyj
TE,391,39.53%,0,0%,208,46.85%,GrifRy00,Ryan Griffin,nyj
TE,3,.30%,0,0%,7,1.58%,TravRo00,Ross Travis,nyj
TE,146,14.76%,0,0%,63,14.19%,WescTr00,Trevon Wesco,nyj
T,235,23.76%,0,0%,19,4.28%,EdogCh00,Chuma Edoga,nyj
T,829,83.82%,0,0%,28,6.31%,FantGe00,George Fant,nyj
"OL,T",544,55.01%,0,0%,30,6.76%,LewiAl01,Alex Lewis,nyj
T,691,69.87%,0,0%,0,0%,BectMe00,Mekhi Becton,nyj
"OL,T",247,24.97%,0,0%,48,10.81%,McDeCo00,Conor McDermott,nyj
G,752,76.04%,0,0%,36,8.11%,VanRGr00,Greg Van Roten,nyj
"G,OL",969,97.98%,0,0%,5,1.13%,McGoCo00,Connor McGovern,nyj
"G,OL",311,31.45%,0,0%,49,11.04%,AndrJo01,Josh Andrews,nyj
"C,OL",367,37.11%,0,0%,20,4.50%,ElflPa00,Pat Elflein,nyj
DL,0,0%,500,43.90%,25,5.63%,FranJo02,John Franklin-Myers,nyj
DL,0,0%,103,9.04%,4,.90%,ZuniJa00,Jabari Zuniga,nyj
"DL,DT",0,0%,26,2.28%,0,0%,SmarTa00,Tanzel Smart,nyj
DL,0,0%,295,25.90%,88,19.82%,HuffBr00,Bryce Huff,nyj
"DE,DL",0,0%,171,15.01%,3,.68%,PhilKy00,Kyle Phillips,nyj
"DE,DL",0,0%,549,48.20%,106,23.87%,AndeHe00,Henry Anderson,nyj
"DE,LB",0,0%,46,4.04%,0,0%,WillJo09,Jordan Willis,nyj
"DL,DT",0,0%,179,15.72%,44,9.91%,McLeSt00,Steve McLendon,nyj
"DL,DT",0,0%,507,44.51%,141,31.76%,FatuFo00,Folorunso Fatukasi,nyj
"DL,DT",0,0%,335,29.41%,123,27.70%,ShepNa00,Nathan Shepherd,nyj
"DL,NT",0,0%,587,51.54%,73,16.44%,WillQu00,Quinnen Williams,nyj
LB,0,0%,1130,99.21%,191,43.02%,HewiNe00,Neville Hewitt,nyj
LB,0,0%,513,45.04%,242,54.50%,LangHa00,Harvey Langi,nyj
LB,0,0%,734,64.44%,163,36.71%,BashTa00,Tarell Basham,nyj
LB,0,0%,258,22.65%,238,53.60%,LuvuFr00,Frankie Luvu,nyj
LB,0,0%,529,46.44%,66,14.86%,JenkJo01,Jordan Jenkins,nyj
LB,0,0%,73,6.41%,0,0%,OgleAl00,Alec Ogletree,nyj
LB,0,0%,355,31.17%,39,8.78%,WillAv00,Avery Williamson,nyj
LB,0,0%,0,0%,41,9.23%,FincSh00,Sharif Finch,nyj
LB,0,0%,137,12.03%,149,33.56%,HageBr00,Bryce Hager,nyj
LB,0,0%,0,0%,24,5.41%,ShelBr01,Brady Sheldon,nyj
LB,0,0%,0,0%,8,1.80%,OnwuPa00,Patrick Onwuasor,nyj
LB,0,0%,0,0%,51,11.49%,DawkNo00,Noah Dawkins,nyj
LB,0,0%,3,.26%,45,10.14%,CashBl00,Blake Cashman,nyj
CB,0,0%,453,39.77%,98,22.07%,JackLa02,Lamar Jackson,nyj
CB,0,0%,547,48.02%,40,9.01%,HallBr02,Bryce Hall,nyj
CB,0,0%,171,15.01%,90,20.27%,GuidJa01,Javelin Guidry,nyj
"DB,S",0,0%,432,37.93%,15,3.38%,McDoBr01,Bradley McDougald,nyj
"CB,DB",0,0%,483,42.41%,78,17.57%,PoolBr01,Brian Poole,nyj
"DB,S",0,0%,1137,99.82%,48,10.81%,MayeMa00,Marcus Maye,nyj
"CB,DB",0,0%,681,59.79%,20,4.50%,AustBl00,Blessuan Austin,nyj
"CB,DB",0,0%,51,4.48%,29,6.53%,HairNa00,Nate Hairston,nyj
"CB,DB",0,0%,514,45.13%,113,25.45%,DesiPi00,Pierre Desir,nyj
"CB,DB",0,0%,404,35.47%,142,31.98%,MaulAr00,Arthur Maulet,nyj
"DB,S",0,0%,402,35.29%,61,13.74%,DaviAs00,Ashtyn Davis,nyj
"CB,DB",0,0%,0,0%,100,22.52%,BallCo00,Corey Ballentine,nyj
"CB,DB",0,0%,2,.18%,34,7.66%,CampEl00,Elijah Campbell,nyj
DB,0,0%,0,0%,12,2.70%,ChriMa00,Marqui Christian,nyj
"DB,S",0,0%,0,0%,35,7.88%,HassJT00,J.T. Hassell,nyj
"CB,DB",0,0%,25,2.19%,10,2.25%,WilsQu01,Quincy Wilson,nyj
S,0,0%,200,17.56%,314,70.72%,FarlMa00,Matthias Farley,nyj
S,0,0%,0,0%,48,10.81%,JackBe00,Bennett Jackson,nyj
S,0,0%,0,0%,5,1.13%,HampSa00,Saquan Hampton,nyj
LS,0,0%,0,0%,137,30.86%,HennTh00,Thomas Hennessy,nyj
K,0,0%,0,0%,64,14.41%,FickSa00,Sam Ficken,nyj
K,0,0%,0,0%,5,1.13%,McLaCh00,Chase McLaughlin,nyj
P,0,0%,0,0%,165,37.16%,MannBr01,Braden Mann,nyj
C/G,893,79.03%,0,0%,44,9.93%,HerbNa01,Nate Herbig,phi
"G/T,T",775,68.58%,0,0%,46,10.38%,PryoMa00,Matt Pryor,phi
QB,809,71.59%,0,0%,0,0%,WentCa00,Carson Wentz,phi
QB,18,1.59%,0,0%,0,0%,SudfNa00,Nate Sudfeld,phi
QB,334,29.56%,0,0%,0,0%,HurtJa00,Jalen Hurts,phi
RB,602,53.27%,0,0%,0,0%,SandMi01,Miles Sanders,phi
RB,384,33.98%,0,0%,74,16.70%,ScotBo02,Boston Scott,phi
RB,108,9.56%,0,0%,268,60.50%,ClemCo00,Corey Clement,phi
RB,18,1.59%,0,0%,0,0%,HowaJo00,Jordan Howard,phi
RB,8,.71%,0,0%,0,0%,KillAd00,Adrian Killins,phi
RB,0,0%,0,0%,5,1.13%,HolyEl00,Elijah Holyfield,phi
RB,31,2.74%,0,0%,15,3.39%,HuntJa01,Jason Huntley,phi
WR,511,45.22%,0,0%,14,3.16%,ReagJa00,Jalen Reagor,phi
WR,553,48.94%,0,0%,25,5.64%,FulgTr00,Travis Fulgham,phi
WR,58,5.13%,0,0%,0,0%,BurnDe00,Deontay Burnett,phi
WR,179,15.84%,0,0%,2,.45%,JackDe00,DeSean Jackson,phi
WR,791,70.00%,0,0%,65,14.67%,WardGr02,Greg Ward,phi
WR,141,12.48%,0,0%,6,1.35%,ArceJJ00,JJ Arcega-Whiteside,phi
WR,346,30.62%,0,0%,0,0%,HighJo00,John Hightower,phi
WR,202,17.88%,0,0%,0,0%,JeffAl00,Alshon Jeffery,phi
WR,119,10.53%,0,0%,0,0%,WatkQu00,Quez Watkins,phi
TE,635,56.19%,0,0%,10,2.26%,ErtzZa00,Zach Ertz,phi
TE,604,53.45%,0,0%,41,9.26%,GoedDa00,Dallas Goedert,phi
TE,274,24.25%,0,0%,146,32.96%,RodgRi00,Richard Rodgers,phi
TE,1,.09%,0,0%,29,6.55%,ButlHa00,Hakeem Butler,phi
TE,13,1.15%,0,0%,23,5.19%,CrooJa00,Jason Croom,phi
TE,9,.80%,0,0%,48,10.84%,WilsCa00,Caleb Wilson,phi
"C,OL",588,52.04%,0,0%,26,5.87%,SeumIs00,Isaac Seumalo,phi
T,404,35.75%,0,0%,1,.23%,JohnLa01,Lane Johnson,phi
T,300,26.55%,0,0%,35,7.90%,DrisJa00,Jack Driscoll,phi
T,733,64.87%,0,0%,45,10.16%,MailJo00,Jordan Mailata,phi
T,97,8.58%,0,0%,6,1.35%,TothBr00,Brett Toth,phi
T,0,0%,0,0%,2,.45%,WanoTe00,Prince Tega Wanogho,phi
G,72,6.37%,0,0%,4,.90%,BrowJa04,Jamon Brown,phi
"G,G/T,T",508,44.96%,0,0%,0,0%,PeteJa21,Jason Peters,phi
G,170,15.04%,0,0%,22,4.97%,OpetIo00,Sua Opeta,phi
C,1125,99.56%,0,0%,0,0%,KelcJa00,Jason Kelce,phi
C,1,.09%,0,0%,8,1.81%,PierRo00,Ross Pierschbacher,phi
C,14,1.24%,0,0%,34,7.67%,JuriLu00,Luke Juriga,phi
DE,0,0%,421,38.20%,23,5.19%,SweaJo00,Josh Sweat,phi
DE,0,0%,758,68.78%,92,20.77%,GrahBr99,Brandon Graham,phi
DE,0,0%,535,48.55%,73,16.48%,BarnDe01,Derek Barnett,phi
DE,0,0%,310,28.13%,54,12.19%,CurrVi00,Vinny Curry,phi
DE,0,0%,22,2.00%,0,0%,ToohCa00,Casey Toohill,phi
DE,0,0%,29,2.63%,42,9.48%,OstmJo00,Joe Ostman,phi
DT,0,0%,538,48.82%,51,11.51%,JackMa02,Malik Jackson,phi
DT,0,0%,746,67.70%,10,2.26%,CoxxFl00,Fletcher Cox,phi
DT,0,0%,138,12.52%,56,12.64%,RidgHa00,Hassan Ridgeway,phi
DT,0,0%,601,54.54%,66,14.90%,HargJa00,Javon Hargrave,phi
DT,0,0%,98,8.89%,32,7.22%,WillRa03,Raequan Williams,phi
DT,0,0%,127,11.52%,24,5.42%,McGiT.00,T.Y. McGill,phi
LB,0,0%,569,51.63%,255,57.56%,RileDu00,Duke Riley,phi
LB,0,0%,490,44.46%,257,58.01%,EdwaTJ02,T.J. Edwards,phi
LB,0,0%,76,6.90%,284,64.11%,BradSh00,Shaun Bradley,phi
LB,0,0%,748,67.88%,298,67.27%,SingAl00,Alex Singleton,phi
"DE,LB",0,0%,126,11.43%,85,19.19%,AverGe00,Genard Avery,phi
LB,0,0%,32,2.90%,178,40.18%,TaylDa01,Davion Taylor,phi
LB,0,0%,23,2.09%,12,2.71%,SmitRa02,Rashad Smith,phi
LB,0,0%,18,1.63%,56,12.64%,BachJo01,Joe Bachie,phi
CB,0,0%,884,80.22%,62,14.00%,SlayDa00,Darius Slay,phi
CB,0,0%,508,46.10%,42,9.48%,MaddAv00,Avonte Maddox,phi
CB,0,0%,612,55.54%,101,22.80%,RobeNi00,Nickell Robey-Coleman,phi
CB,0,0%,82,7.44%,24,5.42%,SeymKe00,Kevon Seymour,phi
CB,0,0%,159,14.43%,61,13.77%,JacqMi00,Michael Jacquet,phi
"CB,DB",0,0%,15,1.36%,80,18.06%,JameCr01,Craig James,phi
CB,0,0%,217,19.69%,25,5.64%,LeBlCr01,Cre'von LeBlanc,phi
"CB,S",0,0%,6,.54%,21,4.74%,CounBl00,Blake Countess,phi
"CB,DB",0,0%,22,2.00%,22,4.97%,HousJa00,Jameson Houston,phi
CB,0,0%,34,3.09%,9,2.03%,WillTr05,Trevor Williams,phi
"DB,LB",0,0%,479,43.47%,62,14.00%,GerrNa00,Nathan Gerry,phi
"DB,S",0,0%,114,10.34%,63,14.22%,ParkWi01,Will Parks,phi
"DB,S",0,0%,46,4.17%,139,31.38%,FordRu00,Rudy Ford,phi
DB,0,0%,4,.36%,65,14.67%,RileEl01,Elijah Riley,phi
"DB,S",0,0%,82,7.44%,76,17.16%,ArnoGr01,Grayland Arnold,phi
S,0,0%,873,79.22%,114,25.73%,McLeRo00,Rodney McLeod,phi
S,0,0%,1013,91.92%,82,18.51%,MillJa02,Jalen Mills,phi
"DB,S",0,0%,364,33.03%,245,55.30%,EppsMa00,Marcus Epps,phi
S,0,0%,202,18.33%,221,49.89%,WallKV00,K'Von Wallace,phi
LS,1,.09%,0,0%,122,27.54%,LovaRi00,Rick Lovato,phi
K,1,.09%,0,0%,122,27.54%,ElliJa03,Jake Elliott,phi
P,0,0%,0,0%,122,27.54%,JohnCa02,Cameron Johnston,phi
QB,1010,91.82%,0,0%,0,0%,RoetBe00,Ben Roethlisberger,pit
QB,9,.82%,0,0%,0,0%,DobbJo00,Joshua Dobbs,pit
QB,79,7.18%,0,0%,0,0%,RudoMa00,Mason Rudolph,pit
RB,281,25.55%,0,0%,198,43.42%,SnelBe00,Benny Snell Jr.,pit
RB,121,11.00%,0,0%,135,29.61%,SamuJa00,Jaylen Samuels,pit
"FB,RB",52,4.73%,0,0%,213,46.71%,WattDe00,Derek Watt,pit
"RB,TE",7,.64%,0,0%,26,5.70%,EdmuTr00,Trey Edmunds,pit
RB,561,51.00%,0,0%,0,0%,ConnJa00,James Conner,pit
RB,89,8.09%,0,0%,0,0%,McFaAn00,Anthony McFarland Jr.,pit
RB,0,0%,0,0%,2,.44%,SmalWe00,Wendell Smallwood,pit
WR,733,66.64%,0,0%,19,4.17%,JohnDi01,Diontae Johnson,pit
WR,923,83.91%,0,0%,3,.66%,SmitJu00,JuJu Smith-Schuster,pit
WR,486,44.18%,0,0%,3,.66%,WashJa00,James Washington,pit
WR,692,62.91%,0,0%,124,27.19%,ClayCh01,Chase Claypool,pit
WR,165,15.00%,0,0%,145,31.80%,McClRa00,Ray-Ray McCloud,pit
WR,10,.91%,0,0%,0,0%,CainDe00,Deon Cain,pit
TE,485,44.09%,0,0%,71,15.57%,McDoVa00,Vance McDonald,pit
TE,766,69.64%,0,0%,3,.66%,EbroEr00,Eric Ebron,pit
TE,12,1.09%,0,0%,12,2.63%,RadeKe00,Kevin Rader,pit
TE,20,1.82%,0,0%,11,2.41%,GentZa00,Zach Gentry,pit
"OL,OT",1100,100.00%,0,0%,70,15.35%,VillAl00,Alejandro Villanueva,pit
"G,OL,OT,T",850,77.27%,0,0%,58,12.72%,FeilMa00,Matt Feiler,pit
T,59,5.36%,0,0%,4,.88%,BannZa00,Zach Banner,pit
"OL,T",76,6.91%,0,0%,5,1.10%,HawkJe00,Jerald Hawkins,pit
"OL,T",1035,94.09%,0,0%,70,15.35%,OkorCh00,Chukwuma Okorafor,pit
"OT,T",25,2.27%,0,0%,11,2.41%,GrayDe01,Derwin Gray,pit
G,845,76.82%,0,0%,31,6.80%,DeCaDa00,David DeCastro,pit
"G,OL",360,32.73%,0,0%,46,10.09%,DotsKe00,Kevin Dotson,pit
C,863,78.45%,0,0%,0,0%,PounMa20,Maurkice Pouncey,pit
C,58,5.27%,0,0%,4,.88%,WisnSt01,Stefen Wisniewski,pit
C,305,27.73%,0,0%,51,11.18%,HassJ.00,J.C. Hassenauer,pit
DE,2,.18%,778,75.61%,114,25.00%,TuitSt00,Stephon Tuitt,pit
"DE,DT",2,.18%,806,78.33%,110,24.12%,HeywCa01,Cameron Heyward,pit
DE,0,0%,11,1.07%,13,2.85%,MarsCa00,Cassius Marsh,pit
DE,0,0%,131,12.73%,13,2.85%,BuggIs00,Isaiah Buggs,pit
"DE,DL,NT",0,0%,148,14.38%,23,5.04%,WormCh00,Chris Wormley,pit
"DE,DT",0,0%,448,43.54%,51,11.18%,AluaTy99,Tyson Alualu,pit
DT,1,.09%,88,8.55%,182,39.91%,MondHe00,Henry Mondeaux,pit
DT,0,0%,54,5.25%,2,.44%,DaviCa03,Carlos Davis,pit
"LB,OLB",0,0%,144,13.99%,286,62.72%,AdenOl00,Olasunkanmi Adeniyi,pit
LB,0,0%,278,27.02%,13,2.85%,BushDe01,Devin Bush Jr.,pit
LB,0,0%,608,59.09%,33,7.24%,DuprAl00,Bud Dupree,pit
LB,0,0%,855,83.09%,45,9.87%,WattT.00,T.J. Watt,pit
LB,0,0%,671,65.21%,48,10.53%,WillVi01,Vince Williams,pit
LB,0,0%,437,42.47%,270,59.21%,HighAl02,Alex Highsmith,pit
LB,0,0%,377,36.64%,156,34.21%,SpilRo00,Robert Spillane,pit
LB,0,0%,33,3.21%,46,10.09%,GilbUl00,Ulysees Gilbert,pit
LB,0,0%,309,30.03%,51,11.18%,WillAv00,Avery Williamson,pit
LB,0,0%,36,3.50%,106,23.25%,ElliJa02,Jayrone Elliott,pit
LB,0,0%,3,.29%,37,8.11%,ScalTe00,Tegray Scales,pit
CB,0,0%,845,82.12%,49,10.75%,HadeJo99,Joe Haden,pit
CB,0,0%,463,45.00%,33,7.24%,HiltMi01,Mike Hilton,pit
"DB,S",12,1.09%,1020,99.13%,63,13.82%,FitzMi00,Minkah Fitzpatrick,pit
"DB,S",0,0%,864,83.97%,56,12.28%,EdmuTe00,Terrell Edmunds,pit
"CB,DB",0,0%,907,88.14%,53,11.62%,NelsSt01,Steven Nelson,pit
"CB,DB",0,0%,548,53.26%,187,41.01%,SuttCa00,Cameron Sutton,pit
"DB,S",0,0%,20,1.94%,295,64.69%,DangJo00,Jordan Dangerfield,pit
"CB,DB",0,0%,117,11.37%,261,57.24%,LaynJu00,Justin Layne,pit
"DB,LB",0,0%,206,20.02%,196,42.98%,AlleMa03,Marcus Allen,pit
"CB,DB",0,0%,27,2.62%,227,49.78%,PierJa01,James Pierre,pit
"DB,S",0,0%,57,5.54%,213,46.71%,DaviSe00,Sean Davis,pit
"DB,S",0,0%,29,2.82%,10,2.19%,BrooAn00,Antoine Brooks Jr.,pit
LS,2,.18%,0,0%,150,32.89%,CanaKa00,Kameron Canaday,pit
K,2,.18%,0,0%,132,28.95%,BoswCh00,Chris Boswell,pit
K,0,0%,0,0%,26,5.70%,WrigMa00,Matthew Wright,pit
P,1,.09%,0,0%,46,10.09%,ColqDu20,Dustin Colquitt,pit
P,1,.09%,0,0%,104,22.81%,BerrJo00,Jordan Berry,pit
QB,876,86.65%,0,0%,0,0%,NewtCa00,Cam Newton,nwe
QB,50,4.95%,0,0%,0,0%,HoyeBr00,Brian Hoyer,nwe
QB,85,8.41%,0,0%,0,0%,StidJa00,Jarrett Stidham,nwe
RB,269,26.61%,0,0%,112,28.21%,BurkRe00,Rex Burkhead,nwe
RB,251,24.83%,0,0%,0,0%,HarrDa06,Damien Harris,nwe
RB,330,32.64%,0,0%,13,3.27%,WhitJa02,James White,nwe
RB,181,17.90%,0,0%,16,4.03%,MichSo00,Sony Michel,nwe
RB,50,4.95%,0,0%,13,3.27%,TaylJJ01,J.J. Taylor,nwe
FB,373,36.89%,0,0%,170,42.82%,JohnJa12,Jakob Johnson,nwe
WR,901,89.12%,0,0%,9,2.27%,ByrdDa00,Damiere Byrd,nwe
WR,584,57.76%,0,0%,7,1.76%,HarrNK00,N'Keal Harry,nwe
WR,265,26.21%,0,0%,2,.50%,EdelJu00,Julian Edelman,nwe
WR,108,10.68%,0,0%,165,41.56%,OlszGu00,Gunner Olszewski,nwe
WR,5,.49%,1,.10%,332,83.63%,SlatMa00,Matthew Slater,nwe
WR,25,2.47%,0,0%,75,18.89%,MoncDo00,Donte Moncrief,nwe
WR,665,65.78%,0,0%,0,0%,MeyeJa01,Jakobi Meyers,nwe
WR,26,2.57%,0,0%,0,0%,ZubeIs00,Isaiah Zuber,nwe
WR,2,.20%,0,0%,0,0%,WilkKr00,Kristian Wilkerson,nwe
TE,626,61.92%,0,0%,4,1.01%,IzzoRy00,Ryan Izzo,nwe
TE,140,13.85%,0,0%,7,1.76%,KeenDa00,Dalton Keene,nwe
"TE,TE/D",0,0%,40,3.93%,34,8.56%,BerrRa01,Rashod Berry,nwe
TE,7,.69%,0,0%,8,2.02%,ThomJo05,Jordan Thomas,nwe
TE,213,21.07%,0,0%,0,0%,AsiaDe00,Devin Asiasi,nwe
OL,161,15.92%,0,0%,19,4.79%,FereJa00,James Ferentz,nwe
OL,46,4.55%,0,0%,42,10.58%,CunnKo00,Korey Cunningham,nwe
"OL,T",640,63.30%,0,0%,25,6.30%,WynnIs00,Isaiah Wynn,nwe
"OL,T",979,96.83%,0,0%,62,15.62%,ThunJo00,Joe Thuney,nwe
"OL,T",351,34.72%,0,0%,31,7.81%,HerrJu00,Justin Herron,nwe
"G,OL",782,77.35%,0,0%,52,13.10%,MasoSh01,Shaq Mason,nwe
"G,OL",419,41.44%,0,0%,46,11.59%,ElueJe00,Jermaine Eluemunor,nwe
"G,OL",926,91.59%,0,0%,62,15.62%,OnweMi00,Michael Onwenu,nwe
"G,OL",61,6.03%,0,0%,32,8.06%,FrohHj00,Hjalte Froholdt,nwe
C,724,71.61%,0,0%,0,0%,AndrDa00,David Andrews,nwe
C,0,0%,0,0%,1,.25%,MartMa01,Marcus Martin,nwe
DL,0,0%,104,10.23%,21,5.29%,SpenAk00,Akeem Spence,nwe
DL,0,0%,51,5.01%,11,2.77%,DaviCa01,Carl Davis,nwe
"DE,DL",0,0%,120,11.80%,13,3.27%,ThurNi00,Nick Thurman,nwe
"DE,DL",0,0%,594,58.41%,184,46.35%,WinoCh00,Chase Winovich,nwe
"DE,DL",0,0%,137,13.47%,26,6.55%,BoweTa00,Tashawn Bower,nwe
"DE,DL",0,0%,565,55.56%,44,11.08%,WiseDe00,Deatrich Wise Jr.,nwe
"DE,DL",0,0%,419,41.20%,66,16.62%,CowaBy00,Byron Cowart,nwe
DE,0,0%,86,8.46%,18,4.53%,RiveDe00,Derek Rivers,nwe
"DL,DT",0,0%,481,47.30%,3,.76%,ButlAd00,Adam Butler,nwe
"DL,DT",0,0%,503,49.46%,59,14.86%,GuyxLa00,Lawrence Guy,nwe
DT,0,0%,22,2.16%,4,1.01%,MackIs00,Isaiah Mack,nwe
DT,0,0%,9,.88%,1,.25%,WillXa00,Xavier Williams,nwe
LB,0,0%,608,59.78%,43,10.83%,BentJa00,Ja'Whaun Bentley,nwe
"DE,LB",0,0%,702,69.03%,152,38.29%,SimoJo01,John Simon,nwe
LB,0,0%,256,25.17%,91,22.92%,CalhSh00,Shilique Calhoun,nwe
LB,0,0%,258,25.37%,29,7.30%,HallTe01,Terez Hall,nwe
LB,0,0%,60,5.90%,116,29.22%,CopeBr00,Brandon Copeland,nwe
LB,0,0%,178,17.50%,46,11.59%,UcheJo00,Joshua Uche,nwe
LB,0,0%,292,28.71%,96,24.18%,JennAn00,Anfernee Jennings,nwe
LB,0,0%,10,.98%,76,19.14%,MaluCa00,Cassh Maluia,nwe
"CB,DB",0,0%,961,94.49%,65,16.37%,McCoDe99,Devin McCourty,nwe
"CB,DB",0,0%,729,71.68%,167,42.07%,JoneJo03,Jonathan Jones,nwe
CB,0,0%,665,65.39%,33,8.31%,McCoJa99,Jason McCourty,nwe
CB,0,0%,4,.39%,0,0%,JackMi01,Michael Jackson,nwe
"CB,DB",0,0%,632,62.14%,0,0%,GilmSt00,Stephon Gilmore,nwe
DB,0,0%,746,73.35%,148,37.28%,PhilAd00,Adrian Phillips,nwe
DB,0,0%,851,83.68%,7,1.76%,JackJ.00,J.C. Jackson,nwe
"CB,DB",0,0%,171,16.81%,176,44.33%,WillJo13,Joejuan Williams,nwe
DB,0,0%,254,24.98%,137,34.51%,BrooTe00,Terrence Brooks,nwe
DB,0,0%,518,50.93%,182,45.84%,DuggKy00,Kyle Dugger,nwe
DB,0,0%,1,.10%,334,84.13%,BethJu00,Justin Bethel,nwe
DB,0,0%,1,.10%,256,64.48%,DaviCo02,Cody Davis,nwe
DB,0,0%,156,15.34%,40,10.08%,BryaMy01,Myles Bryant,nwe
LS,0,0%,0,0%,122,30.73%,CardJo00,Joe Cardona,nwe
K,0,0%,0,0%,65,16.37%,FolkNi20,Nick Folk,nwe
P,0,0%,0,0%,194,48.87%,BailJa00,Jake Bailey,nwe
QB,428,39.30%,0,0%,0,0%,HaskDw00,Dwayne Haskins,was
QB,459,42.15%,0,0%,0,0%,SmitAl03,Alex Smith,was
QB,177,16.25%,0,0%,0,0%,AlleKy00,Kyle Allen,was
QB,25,2.30%,0,0%,0,0%,HeinTa00,Taylor Heinicke,was
RB,194,17.81%,0,0%,130,29.68%,BarbPe01,Peyton Barber,was
RB,405,37.19%,0,0%,0,0%,GibsAn00,Antonio Gibson,was
RB,0,0%,0,0%,6,1.37%,LeakJa01,Javon Leake,was
RB,0,0%,0,0%,2,.46%,WarrMi01,Michael Warren,was
WR,379,34.80%,0,0%,70,15.98%,SimsSt00,Steven Sims,was
WR,949,87.14%,0,0%,0,0%,McLaTe00,Terry McLaurin,was
WR,323,29.66%,0,0%,0,0%,InmaDo00,Dontrelle Inman,was
"RB,WR",641,58.86%,0,0%,49,11.19%,McKiJ.00,J.D. McKissic,was
WR,27,2.48%,0,0%,49,11.19%,FostRo01,Robert Foster,was
WR,639,58.68%,0,0%,118,26.94%,SimsCa00,Cam Sims,was
WR,347,31.86%,0,0%,83,18.95%,WrigIs01,Isaiah Wright,was
WR,124,11.39%,0,0%,0,0%,GandAn00,Antonio Gandy-Golden,was
WR,4,.37%,0,0%,0,0%,BrowTo03,Tony Brown,was
WR,21,1.93%,0,0%,0,0%,BadeJe00,Jeff Badet,was
TE,1009,92.65%,0,0%,22,5.02%,ThomLo00,Logan Thomas,was
TE,218,20.02%,0,0%,225,51.37%,SpriJe00,Jeremy Sprinkle,was
TE,79,7.25%,0,0%,28,6.39%,BaugMa02,Marcus Baugh,was
TE,62,5.69%,0,0%,97,22.15%,HemiTe00,Temarrick Hemingway,was
T,1065,97.80%,0,0%,62,14.16%,MoseMo00,Morgan Moses,was
T,398,36.55%,0,0%,20,4.57%,ChriGe01,Geron Christian,was
T,536,49.22%,0,0%,51,11.64%,LucaCo01,Cornelius Lucas,was
T,184,16.90%,0,0%,30,6.85%,SharDa02,David Sharpe,was
T,4,.37%,0,0%,0,0%,SteiDa00,David Steinmetz,was
T,2,.18%,0,0%,0,0%,CharSa00,Saahdiq Charles,was
"G,T",857,78.70%,0,0%,56,12.79%,ScheBr00,Brandon Scherff,was
G,339,31.13%,0,0%,66,15.07%,MartWe00,Wes Martin,was
G,990,90.91%,0,0%,66,15.07%,SchwWe00,Wes Schweitzer,was
G,1,.09%,0,0%,9,2.05%,GarnJo00,Joshua Garnett,was
C,1089,100.00%,0,0%,0,0%,RoulCh00,Chase Roullier,was
C,4,.37%,0,0%,34,7.76%,IsmaKe00,Keith Ismael,was
DE,0,0%,770,73.68%,4,.91%,YounCh04,Chase Young,was
DE,0,0%,145,13.88%,129,29.45%,AndeRy00,Ryan Anderson,was
DE,0,0%,33,3.16%,29,6.62%,OrchNa00,Nate Orchard,was
DE,0,0%,397,37.99%,94,21.46%,KerrRy00,Ryan Kerrigan,was
"DE,DL",0,0%,98,9.38%,277,63.24%,SmitJa08,James Smith-Williams,was
DE,0,0%,29,2.78%,68,15.53%,ToohCa00,Casey Toohill,was
DT,0,0%,881,84.31%,81,18.49%,PaynDa00,Daron Payne,was
DT,0,0%,81,7.75%,21,4.79%,IoanMa01,Matthew Ioannidis,was
DT,0,0%,809,77.42%,0,0%,AlleJo01,Jonathan Allen,was
DT,0,0%,347,33.21%,95,21.69%,SettTi00,Tim Settle,was
DT,0,0%,3,.29%,0,0%,LawrDe02,Devaroe Lawrence,was
"LB,OLB",0,0%,137,13.11%,0,0%,DaviTh20,Thomas Davis,was
LB,0,0%,506,48.42%,8,1.83%,PierKe00,Kevin Pierre-Louis,was
LB,0,0%,966,92.44%,19,4.34%,BostJo00,Jonathan Bostic,was
"DE,LB",0,0%,693,66.32%,42,9.59%,SweaMo00,Montez Sweat,was
LB,0,0%,109,10.43%,311,71.00%,DionSh00,Shaun Dion Hamilton,was
LB,0,0%,51,4.88%,359,81.96%,HudsKh00,Khaleke Hudson,was
LB,0,0%,555,53.11%,25,5.71%,HolcCo00,Cole Holcomb,was
LB,0,0%,7,.67%,184,42.01%,NorrJa00,Jared Norris,was
LB,0,0%,0,0%,96,21.92%,KunaJo00,Jordan Kunaszyk,was
LB,0,0%,8,.77%,0,0%,KendMy00,Mychal Kendricks,was
CB,0,0%,1002,95.89%,0,0%,DarbRo00,Ronald Darby,was
CB,0,0%,893,85.45%,0,0%,FullKe00,Kendall Fuller,was
CB,0,0%,0,0%,236,53.88%,JohnDa09,Danny Johnson,was
CB,0,0%,1,.10%,25,5.71%,StroGr00,Greg Stroman,was
"CB,S",0,0%,0,0%,56,12.79%,LukeCo00,Cole Luke,was
"CB,DB",0,0%,156,14.93%,181,41.32%,MoreFa00,Fabian Moreau,was
S,0,0%,441,42.20%,175,39.95%,ApkeTr00,Troy Apke,was
"CB,S",0,0%,599,57.32%,142,32.42%,MoreJi00,Jimmy Moreland,was
S,0,0%,398,38.09%,0,0%,CollLa00,Landon Collins,was
S,0,0%,763,73.01%,129,29.45%,CurlKa00,Kamren Curl,was
S,0,0%,356,34.07%,176,40.18%,EverDe01,Deshazor Everett,was
S,0,0%,262,25.07%,147,33.56%,ReavJe00,Jeremy Reaves,was
LS,0,0%,0,0%,143,32.65%,SundNi00,Nick Sundberg,was
K,0,0%,0,0%,144,32.88%,HopkDu00,Dustin Hopkins,was
P,0,0%,0,0%,143,32.65%,WayxTr00,Tress Way,was
RB/W,156,14.62%,0,0%,7,1.55%,PerrMa00,Malcolm Perry,mia
QB,496,46.49%,0,0%,0,0%,FitzRy00,Ryan Fitzpatrick,mia
QB,571,53.51%,0,0%,0,0%,TagoTu00,Tua Tagovailoa,mia
RB,453,42.46%,0,0%,17,3.75%,GaskMy00,Myles Gaskin,mia
RB,205,19.21%,0,0%,0,0%,AhmeSa01,Salvon Ahmed,mia
RB,151,14.15%,0,0%,80,17.66%,BreiMa00,Matt Breida,mia
RB,144,13.50%,0,0%,174,38.41%,LairPa00,Patrick Laird,mia
"FB,RB",105,9.84%,0,0%,25,5.52%,CoxxCh01,Chandler Cox,mia
RB,50,4.69%,0,0%,0,0%,HowaJo00,Jordan Howard,mia
RB,77,7.22%,0,0%,0,0%,WashDe00,DeAndre Washington,mia
WR,336,31.49%,0,0%,1,.22%,WillPr01,Preston Williams,mia
WR,374,35.05%,0,0%,0,0%,FordIs00,Isaiah Ford,mia
WR,370,34.68%,0,0%,110,24.28%,GranJa00,Jakeem Grant,mia
WR,726,68.04%,0,0%,2,.44%,ParkDe01,DeVante Parker,mia
WR,0,0%,0,0%,22,4.86%,KempMa00,Marcus Kemp,mia
WR,286,26.80%,0,0%,256,56.51%,HollMa00,Mack Hollins,mia
WR,1,.09%,0,0%,7,1.55%,MerrKi00,Kirk Merritt,mia
WR,56,5.25%,0,0%,5,1.10%,CallAn00,Antonio Callaway,mia
"RB,WR",336,31.49%,0,0%,0,0%,BowdLy00,Lynn Bowden Jr.,mia
TE,621,58.20%,0,0%,2,.44%,GesiMi00,Mike Gesicki,mia
TE,448,41.99%,0,0%,232,51.21%,SmytDu00,Durham Smythe,mia
TE,367,34.40%,0,0%,1,.22%,ShahAd00,Adam Shaheen,mia
TE,8,.75%,0,0%,7,1.55%,MyarCh00,Chris Myarick,mia
"G,T",856,80.22%,0,0%,53,11.70%,FlowEr00,Ereck Flowers,mia
T,847,79.38%,0,0%,26,5.74%,JackAu00,Austin Jackson,mia
"G/T,T",1053,98.69%,0,0%,77,17.00%,DaviJe00,Jesse Davis,mia
T,28,2.62%,0,0%,0,0%,PankAd00,Adam Pankey,mia
"G/T,T",720,67.48%,0,0%,78,17.22%,HuntRo01,Robert Hunt,mia
T,52,4.87%,0,0%,77,17.00%,DaveJu00,Julién Davenport,mia
G,747,70.01%,0,0%,2,.44%,KindSo00,Solomon Kindley,mia
"C,G",1067,100.00%,0,0%,76,16.78%,KarrTe00,Ted Karras,mia
"C/G,G",22,2.06%,0,0%,77,17.00%,DeitMi00,Michael Deiter,mia
DE,0,0%,572,55.32%,79,17.44%,LawsSh00,Shaq Lawson,mia
DE,0,0%,793,76.69%,91,20.09%,OgbaEm00,Emmanuel Ogbah,mia
DE,0,0%,55,5.32%,12,2.65%,StroJa02,Jason Strowbridge,mia
DE,0,0%,8,.77%,0,0%,RendTy00,Tyshun Render,mia
"DE,DT",0,0%,533,51.55%,89,19.65%,SielZa00,Zach Sieler,mia
DT,8,.75%,637,61.61%,156,34.44%,WilkCh00,Christian Wilkins,mia
DT,0,0%,172,16.63%,25,5.52%,GodcDa00,Davon Godchaux,mia
DT,0,0%,539,52.13%,62,13.69%,DaviRa03,Raekwon Davis,mia
DT,0,0%,48,4.64%,14,3.09%,JoneBe03,Benito Jones,mia
LB,0,0%,868,83.95%,26,5.74%,BakeJe00,Jerome Baker,mia
LB,0,0%,402,38.88%,43,9.49%,RobeEl00,Elandon Roberts,mia
LB,0,0%,811,78.43%,3,.66%,VanNKy00,Kyle Van Noy,mia
LB,0,0%,207,20.02%,237,52.32%,GrugKa00,Kamu Grugier-Hill,mia
LB,0,0%,480,46.42%,324,71.52%,VanGAn00,Andrew Van Ginkel,mia
LB,0,0%,84,8.12%,281,62.03%,EguaSa00,Samuel Eguavoen,mia
LB,0,0%,47,4.55%,220,48.57%,MunsCa00,Calvin Munson,mia
"CB,DB",0,0%,815,78.82%,55,12.14%,JoneBy00,Byron Jones,mia
"DB,S",0,0%,923,89.26%,6,1.32%,McCaBo01,Bobby McCain,mia
"DB,S",0,0%,919,88.88%,14,3.09%,RoweEr00,Eric Rowe,mia
"DB,S",0,0%,386,37.33%,244,53.86%,JoneBr06,Brandon Jones,mia
"CB,DB",0,0%,287,27.76%,255,56.29%,IgbiNo00,Noah Igbinoghene,mia
"CB,DB",0,0%,140,13.54%,178,39.29%,WiltJo01,Jamal Perry,mia
"CB,DB",0,0%,936,90.52%,2,.44%,HowaXa00,Xavien Howard,mia
DB,0,0%,30,2.90%,7,1.55%,HayeTa00,Tae Hayes,mia
"DB,S",0,0%,48,4.64%,304,67.11%,FrazKa00,Kavon Frazier,mia
"CB,DB",0,0%,617,59.67%,12,2.65%,NeedNi00,Nik Needham,mia
S,0,0%,15,1.45%,313,69.09%,FejeCl00,Clayton Fejedelem,mia
S,0,0%,0,0%,45,9.93%,HollNa00,Nate Holley,mia
LS,0,0%,0,0%,151,33.33%,FergBl00,Blake Ferguson,mia
K,0,0%,0,0%,168,37.09%,SandJa00,Jason Sanders,mia
P,0,0%,0,0%,152,33.55%,HaacMa00,Matt Haack,mia
QB,1082,99.82%,0,0%,0,0%,CousKi00,Kirk Cousins,min
RB,669,61.72%,0,0%,0,0%,CookDa01,Dalvin Cook,min
"FB,RB",404,37.27%,0,0%,220,49.11%,HamxC.00,C.J. Ham,min
RB,71,6.55%,0,0%,255,56.92%,AbduAm00,Ameer Abdullah,min
RB,229,21.13%,0,0%,24,5.36%,MattAl01,Alexander Mattison,min
RB,31,2.86%,0,0%,235,52.46%,BoonMi00,Mike Boone,min
FB,7,.65%,0,0%,0,0%,BargJa00,Jake Bargas,min
WR,926,85.42%,0,0%,2,.45%,ThieAd00,Adam Thielen,min
WR,886,81.73%,0,0%,0,0%,JeffJu00,Justin Jefferson,min
WR,239,22.05%,0,0%,119,26.56%,JohnOl00,Olabisi Johnson,min
WR,314,28.97%,0,0%,45,10.04%,BeebCh00,Chad Beebe,min
WR,0,0%,0,0%,259,57.81%,ChisDa00,Dan Chisena,min
WR,0,0%,0,0%,119,26.56%,OsboKJ00,K.J. Osborn,min
WR,28,2.58%,0,0%,0,0%,SharTa00,Tajae Sharpe,min
TE,574,52.95%,0,0%,50,11.16%,RudoKy00,Kyle Rudolph,min
TE,545,50.28%,0,0%,26,5.80%,SmitIr01,Irv Smith Jr.,min
TE,449,41.42%,0,0%,189,42.19%,ConkTy00,Tyler Conklin,min
TE,0,0%,0,0%,7,1.56%,HentHa00,Hale Hentges,min
TE,12,1.11%,0,0%,6,1.34%,DillBr00,Brandon Dillon,min
T,1004,92.62%,0,0%,61,13.62%,ReifRi00,Riley Reiff,min
T,1071,98.80%,0,0%,67,14.96%,ONeiBr00,Brian O'Neill,min
T,122,11.25%,0,0%,68,15.18%,HillRa01,Rashod Hill,min
T,4,.37%,0,0%,22,4.91%,UdohOl01,Oli Udoh,min
"G,T",622,57.38%,0,0%,57,12.72%,ClevEz00,Ezra Cleveland,min
"C,T",139,12.82%,0,0%,66,14.73%,JoneBr04,Brett Jones,min
G,1084,100.00%,0,0%,68,15.18%,DoziDa00,Dakota Dozier,min
G,272,25.09%,0,0%,60,13.39%,SamiDr00,Dru Samia,min
C,52,4.80%,0,0%,2,.45%,ElflPa00,Pat Elflein,min
C,1082,99.82%,0,0%,1,.22%,BradGa00,Garrett Bradbury,min
DE,0,0%,696,64.80%,30,6.70%,OdenIf00,Ifeadi Odenigbo,min
DE,0,0%,310,28.86%,42,9.38%,NgakYa00,Yannick Ngakoue,min
DE,0,0%,471,43.85%,136,30.36%,WonnDJ00,D.J. Wonnum,min
DE,0,0%,617,57.45%,69,15.40%,HolmJa01,Jalyn Holmes,min
DE,0,0%,34,3.17%,14,3.13%,BraiJo00,Jordan Brailford,min
"DE,DT",0,0%,293,27.28%,13,2.90%,MataHe00,Hercules Mata'afa,min
DT,0,0%,654,60.89%,88,19.64%,JohnJa09,Jaleel Johnson,min
DT,0,0%,392,36.50%,76,16.96%,WattAr01,Armon Watts,min
DT,0,0%,10,.93%,0,0%,AndeAb00,Abdullah Anderson,min
DT,0,0%,59,5.49%,11,2.46%,LyncJa00,James Lynch,min
"DT,NT",0,0%,662,61.64%,88,19.64%,StepSh00,Shamar Stephen,min
LB,0,0%,94,8.75%,7,1.56%,BarrAn00,Anthony Barr,min
LB,0,0%,754,70.20%,66,14.73%,KendEr00,Eric Kendricks,min
LB,0,0%,1034,96.28%,104,23.21%,WilsEr00,Eric Wilson,min
"DE,LB",0,0%,83,7.73%,49,10.94%,YarbEd01,Eddie Yarbrough,min
LB,0,0%,202,18.81%,142,31.70%,DyexTr00,Troy Dye,min
LB,0,0%,102,9.50%,234,52.23%,NickHa02,Hardy Nickerson,min
LB,0,0%,77,7.17%,61,13.62%,LyncBl00,Blake Lynch,min
LB,0,0%,1,.09%,198,44.20%,ConnRy00,Ryan Connelly,min
LB,0,0%,281,26.16%,78,17.41%,DaviTo01,Todd Davis,min
CB,0,0%,267,24.86%,54,12.05%,JoneCh06,Chris Jones,min
CB,0,0%,163,15.18%,146,32.59%,HandHa00,Harrison Hand,min
"CB,DB",0,0%,22,2.05%,28,6.25%,TankCo00,Cordrea Tankersley,min
"CB,S",0,0%,1,.09%,11,2.46%,RileCu00,Curtis Riley,min
CB,0,0%,0,0%,2,.45%,HayeTa00,Tae Hayes,min
CB,0,0%,19,1.77%,15,3.35%,MabiDy00,Dylan Mabin,min
"DB,S",0,0%,1074,100.00%,99,22.10%,HarrAn01,Anthony Harris,min
"DB,S",0,0%,1030,95.90%,80,17.86%,SmitHa00,Harrison Smith,min
"CB,DB",0,0%,173,16.11%,19,4.24%,HughMi00,Mike Hughes,min
"CB,DB",0,0%,601,55.96%,8,1.79%,DantCa00,Cameron Dantzler,min
"CB,DB",0,0%,255,23.74%,16,3.57%,HillHo00,Holton Hill,min
"CB,DB",0,0%,343,31.94%,118,26.34%,BoydKr00,Kris Boyd,min
"DB,S",0,0%,16,1.49%,262,58.48%,MeteJo00,Josh Metellus,min
"CB,DB",0,0%,958,89.20%,99,22.10%,GladJe00,Jeff Gladney,min
DB,0,0%,0,0%,14,3.13%,MeadNa00,Nate Meadors,min
"DB,S",0,0%,45,4.19%,8,1.79%,IlokGe00,George Iloka,min
"CB,DB",0,0%,20,1.86%,2,.45%,FielMa01,Mark Fields II,min
LS,1,.09%,0,0%,60,13.39%,DePaAn00,Andrew DePaola,min
LS,1,.09%,0,0%,68,15.18%,CuttAu00,Austin Cutting,min
K,2,.18%,0,0%,151,33.71%,BailDa00,Dan Bailey,min
P,2,.18%,0,0%,130,29.02%,ColqBr00,Britton Colquitt,min
C/G,745,69.17%,0,0%,83,18.24%,RuizCe00,Cesar Ruiz,nor
QB,717,66.57%,0,0%,0,0%,BreeDr00,Drew Brees,nor
QB,473,43.92%,0,0%,86,18.90%,HillTa00,Taysom Hill,nor
QB,54,5.01%,0,0%,0,0%,WinsJa00,Jameis Winston,nor
RB,659,61.19%,0,0%,7,1.54%,KamaAl00,Alvin Kamara,nor
"FB,RB",208,19.31%,0,0%,132,29.01%,BurtMi00,Michael Burton,nor
RB,364,33.80%,0,0%,0,0%,MurrLa00,Latavius Murray,nor
RB,11,1.02%,0,0%,204,44.84%,WashDw00,Dwayne Washington,nor
RB,5,.46%,0,0%,0,0%,JoneTo04,Tony Jones,nor
WR,345,32.03%,0,0%,0,0%,ThomMi05,Michael Thomas,nor
WR,673,62.49%,0,0%,0,0%,SmitTr03,Tre'Quan Smith,nor
WR,559,51.90%,0,0%,1,.22%,SandEm00,Emmanuel Sanders,nor
"RB,WR",72,6.69%,0,0%,90,19.78%,MontTy01,Ty Montgomery,nor
WR,66,6.13%,0,0%,0,0%,HumpLi01,Lil'Jordan Humphrey,nor
"DB,WR",0,0%,1,.10%,215,47.25%,HardJu01,Justin Hardee,nor
WR,182,16.90%,0,0%,66,14.51%,JohnJu02,Juwan Johnson,nor
WR,56,5.20%,0,0%,72,15.82%,FowlBe00,Bennie Fowler,nor
WR,267,24.79%,0,0%,84,18.46%,CallMa01,Marquez Callaway,nor
"WR,WR/R",169,15.69%,0,0%,69,15.16%,HarrDe07,Deonte Harty,nor
WR,23,2.14%,0,0%,35,7.69%,LewiTo00,Tommylee Lewis,nor
WR,81,7.52%,0,0%,16,3.52%,CarrAu00,Austin Carr,nor
TE,359,33.33%,0,0%,120,26.37%,HillJo02,Josh Hill,nor
TE,466,43.27%,0,0%,0,0%,CookJa02,Jared Cook,nor
TE,92,8.54%,0,0%,40,8.79%,GrifGa00,Garrett Griffin,nor
TE,393,36.49%,0,0%,155,34.07%,TrauAd00,Adam Trautman,nor
T,1039,96.47%,0,0%,88,19.34%,RamcRy00,Ryan Ramczyk,nor
"G/T,T",766,71.12%,0,0%,63,13.85%,PeatAn00,Andrus Peat,nor
T,858,79.67%,0,0%,10,2.20%,ArmsTe00,Terron Armstead,nor
"OL,T",378,35.10%,0,0%,67,14.73%,HursJa00,James Hurst,nor
"OL,T",49,4.55%,0,0%,83,18.24%,GreeEt00,Ethan Greenidge,nor
"OL,T",16,1.49%,0,0%,22,4.84%,KellDe01,Derrick Kelly,nor
"C,C/G",1074,99.72%,0,0%,31,6.81%,McCoEr01,Erik McCoy,nor
"C,C/G",563,52.27%,0,0%,55,12.09%,EastNi00,Nick Easton,nor
C,62,5.76%,0,0%,41,9.01%,ClapWi00,Will Clapp,nor
C,3,.28%,0,0%,0,0%,TomxCa00,Cameron Tom,nor
DE,0,0%,816,78.01%,66,14.51%,JordCa00,Cameron Jordan,nor
"DE,DT",0,0%,599,57.27%,59,12.97%,OnyeDa00,David Onyemata,nor
DE,0,0%,558,53.35%,62,13.63%,HendTr00,Trey Hendrickson,nor
DE,0,0%,291,27.82%,176,38.68%,GranCa01,Carl Granderson,nor
DE,0,0%,374,35.76%,39,8.57%,DaveMa00,Marcus Davenport,nor
DE,0,0%,94,8.99%,20,4.40%,HuntMa00,Margus Hunt,nor
"DE,LS",0,0%,0,0%,152,33.41%,WoodZa00,Zach Wood,nor
DE,0,0%,8,.76%,3,.66%,ZettAn00,Anthony Zettel,nor
DT,0,0%,415,39.67%,2,.44%,RankSh00,Sheldon Rankins,nor
DT,0,0%,345,32.98%,45,9.89%,BrowMa01,Malcom Brown,nor
"DL,DT",0,0%,233,22.28%,9,1.98%,RoacMa01,Malcolm Roach,nor
DT,0,0%,326,31.17%,23,5.05%,TuttSh00,Shy Tuttle,nor
DT,0,0%,34,3.25%,1,.22%,GlasRy00,Ryan Glasgow,nor
LB,0,0%,1032,98.66%,6,1.32%,DaviDe00,Demario Davis,nor
LB,0,0%,525,50.19%,180,39.56%,AnzaAl00,Alex Anzalone,nor
LB,0,0%,350,33.46%,4,.88%,AlexKw00,Kwon Alexander,nor
LB,0,0%,23,2.20%,360,79.12%,RobeCr00,Craig Robertson,nor
LB,0,0%,5,.48%,276,60.66%,ElliKa00,Kaden Elliss,nor
LB,0,0%,82,7.84%,247,54.29%,BaunZa00,Zack Baun,nor
LB,0,0%,1,.10%,24,5.27%,HansCh02,Chase Hansen,nor
LB,0,0%,0,0%,11,2.42%,DoweAn00,Andrew Dowell,nor
CB,0,0%,39,3.73%,9,1.98%,HaleGr00,Grant Haley,nor
CB,0,0%,499,47.71%,111,24.40%,WillP.00,P.J. Williams,nor
CB,0,0%,248,23.71%,138,30.33%,RobiPa99,Patrick Robinson,nor
CB,0,0%,11,1.05%,56,12.31%,CrawKe02,Ken Crawley,nor
"FS,S",0,0%,1036,99.04%,72,15.82%,JenkMa99,Malcolm Jenkins,nor
DB,0,0%,861,82.31%,147,32.31%,GardCh00,C.J. Gardner-Johnson,nor
"DB,S",0,0%,880,84.13%,6,1.32%,WillMa06,Marcus Williams,nor
"CB,DB",0,0%,871,83.27%,5,1.10%,LattMa01,Marshon Lattimore,nor
"CB,DB",0,0%,805,76.96%,4,.88%,JenkJa03,Jackrabbit Jenkins,nor
DB,0,0%,124,11.85%,90,19.78%,SweaDJ00,D.J. Swearinger,nor
DB,0,0%,20,1.91%,325,71.43%,GrayJ.00,J.T. Gray,nor
K,0,0%,0,0%,183,40.22%,LutzWi00,Wil Lutz,nor
P,0,0%,0,0%,155,34.07%,MorsTh00,Thomas Morstead,nor
