pos,offense,off_pct,defense,def_pct,special_teams,st_pct,player_id,player_name,team
QB,940,80.14%,0,0%,0,0%,MurrKy00,Kyler Murray,crd
QB,209,17.82%,0,0%,2,.45%,McCoCo00,Colt McCoy,crd
QB,24,2.05%,0,0%,0,0%,StreCh00,Chris Streveler,crd
RB,476,40.58%,0,0%,2,.45%,EdmoCh00,Chase Edmonds,crd
RB,598,50.98%,0,0%,6,1.35%,ConnJa00,James Conner,crd
RB,46,3.92%,0,0%,201,45.07%,WardJo00,Jonathan Ward,crd
RB,95,8.10%,0,0%,44,9.87%,BenjEn00,Eno Benjamin,crd
RB,0,0%,0,0%,9,2.02%,FeasTa01,Tavien Feaster,crd
WR,560,47.74%,0,0%,0,0%,HopkDe00,DeAndre Hopkins,crd
WR,888,75.70%,0,0%,2,.45%,GreeA.00,A.J. Green,crd
WR,894,76.21%,0,0%,15,3.36%,KirkCh01,Christian Kirk,crd
WR,432,36.83%,0,0%,94,21.08%,MoorRo02,Rondale Moore,crd
WR,34,2.90%,0,0%,38,8.52%,DortGr01,Greg Dortch,crd
WR,460,39.22%,0,0%,9,2.02%,WeslAn01,Antoine Wesley,crd
WR,30,2.56%,0,0%,24,5.38%,IsabAn00,Andy Isabella,crd
TE,221,18.84%,0,0%,32,7.17%,WillMa04,Maxx Williams,crd
TE,618,52.69%,0,0%,1,.22%,ErtzZa00,Zach Ertz,crd
TE,210,17.90%,0,0%,174,39.01%,HarrDe03,Demetrius Harris,crd
TE,254,21.65%,0,0%,128,28.70%,DaniDa02,Darrell Daniels,crd
TE,18,1.53%,0,0%,8,1.79%,TravRo00,Ross Travis,crd
TE,12,1.02%,0,0%,1,.22%,WellDa00,David Wells,crd
T,1082,92.24%,0,0%,81,18.16%,HumpD.00,D.J. Humphries,crd
T,949,80.90%,0,0%,46,10.31%,BeacKe00,Kelvin Beachum,crd
T,90,7.67%,0,0%,14,3.14%,MurrJu00,Justin Murray,crd
T,20,1.71%,0,0%,40,8.97%,MileJo00,Joshua Miles,crd
T,2,.17%,0,0%,0,0%,SmitEr00,Eric Smith,crd
G,802,68.37%,0,0%,64,14.35%,PughJu00,Justin Pugh,crd
G,853,72.72%,0,0%,87,19.51%,JoneJo07,Josh Jones,crd
G,441,37.60%,0,0%,72,16.14%,HarlSe00,Sean Harlow,crd
G,16,1.36%,0,0%,13,2.91%,WintBr00,Brian Winters,crd
G,2,.17%,0,0%,4,.90%,MartKo00,Koda Martin,crd
G,13,1.11%,0,0%,17,3.81%,IsidDa00,Danny Isidora,crd
C,799,68.12%,0,0%,7,1.57%,HudsRo00,Rodney Hudson,crd
C,809,68.97%,0,0%,58,13.00%,GarcMa00,Max Garcia,crd
C,4,.34%,0,0%,7,1.57%,HenrMa02,Marcus Henry,crd
DE,1,.09%,341,31.34%,24,5.38%,WattJ.00,J.J. Watt,crd
DE,0,0%,284,26.10%,4,.90%,PhilJo01,Jordan Phillips,crd
DE,0,0%,62,5.70%,14,3.14%,MaurJo00,Josh Mauro,crd
DE,0,0%,263,24.17%,24,5.38%,DogbMi00,Michael Dogbe,crd
DE,0,0%,10,.92%,2,.45%,LedbJo01,Jonathan Ledbetter,crd
"DE,DT",0,0%,685,62.96%,63,14.13%,AlleZa01,Zach Allen,crd
DT,0,0%,44,4.04%,19,4.26%,KerrZa00,Zach Kerr,crd
DT,1,.09%,372,34.19%,144,32.29%,FotuLe00,Leki Fotu,crd
DT,0,0%,363,33.36%,35,7.85%,PeteCo00,Corey Peters,crd
NT,0,0%,219,20.13%,26,5.83%,LawrRa01,Rashard Lawrence,crd
LB,0,0%,1005,92.37%,81,18.16%,SimmIs00,Isaiah Simmons,crd
LB,0,0%,1054,96.88%,80,17.94%,HickJo00,Jordan Hicks,crd
LB,0,0%,824,75.74%,31,6.95%,JoneCh03,Chandler Jones,crd
LB,0,0%,682,62.68%,10,2.24%,GoldMa00,Markus Golden,crd
LB,0,0%,22,2.02%,114,25.56%,FittKy00,Kylie Fitts,crd
LB,0,0%,120,11.03%,175,39.24%,VallTa00,Tanner Vallejo,crd
LB,0,0%,220,20.22%,157,35.20%,CollZa00,Zaven Collins,crd
LB,0,0%,173,15.90%,278,62.33%,GardDe01,Dennis Gardeck,crd
LB,0,0%,5,.46%,95,21.30%,TurnZe00,Zeke Turner,crd
LB,0,0%,0,0%,40,8.97%,WhitTa00,Tahir Whitehead,crd
LB,0,0%,45,4.14%,210,47.09%,DimuVi00,Victor Dimukeje,crd
LB,0,0%,56,5.15%,244,54.71%,WalkJo01,Joe Walker,crd
LB,0,0%,265,24.36%,0,0%,KennDe00,Devon Kennard,crd
CB,0,0%,967,88.88%,41,9.19%,MurpBy00,Byron Murphy,crd
CB,0,0%,748,68.75%,47,10.54%,WilsMa04,Marco Wilson,crd
CB,0,0%,580,53.31%,68,15.25%,AlfoRo00,Robert Alford,crd
CB,0,0%,30,2.76%,10,2.24%,WhitJa05,Jace Whittaker,crd
CB,0,0%,18,1.65%,6,1.35%,BordBr00,Breon Borders,crd
CB,0,0%,312,28.68%,208,46.64%,HamiAn01,Antonio Hamilton,crd
CB,0,0%,87,8.00%,21,4.71%,PeteKe01,Kevin Peterson,crd
SS,0,0%,1037,95.31%,34,7.62%,BakeBu00,Budda Baker,crd
SS,0,0%,71,6.53%,241,54.04%,ThomDe06,Deionte Thompson,crd
FS,0,0%,987,90.72%,114,25.56%,ThomJa04,Jalen Thompson,crd
FS,0,0%,3,.28%,122,27.35%,WashCh01,Charles Washington,crd
FS,0,0%,13,1.19%,320,71.75%,BanjCh00,Chris Banjo,crd
FS,0,0%,0,0%,35,7.85%,WiggJa00,James Wiggins,crd
LS,0,0%,0,0%,116,26.01%,BrewAa00,Aaron Brewer,crd
LS,0,0%,0,0%,24,5.38%,BrinBe00,Beau Brinkley,crd
K,0,0%,0,0%,183,41.03%,PratMa20,Matt Prater,crd
P,0,0%,0,0%,136,30.49%,LeexAn20,Andy Lee,crd
P,0,0%,0,0%,5,1.12%,WinsRy00,Ryan Winslow,crd
QB,1023,97.24%,0,0%,0,0%,RyanMa00,Matt Ryan,atl
QB,14,1.33%,0,0%,36,8.49%,FranFe00,Feleipe Franks,atl
QB,26,2.47%,0,0%,0,0%,RoseJo01,Josh Rosen,atl
RB,594,56.46%,0,0%,1,.24%,DaviMi01,Mike Davis,atl
RB,473,44.96%,2,.17%,75,17.69%,PattCo00,Cordarrelle Patterson,atl
RB,46,4.37%,0,0%,36,8.49%,GallWa00,Wayne Gallman,atl
RB,70,6.65%,0,0%,64,15.09%,OlliQa00,Qadree Ollison,atl
WR,299,28.42%,0,0%,0,0%,RidlCa00,Calvin Ridley,atl
WR,612,58.17%,0,0%,1,.24%,GageRu00,Russell Gage,atl
WR,610,57.98%,0,0%,123,29.01%,ZaccOl01,Olamide Zaccheaus,atl
WR,17,1.62%,0,0%,1,.24%,HallMa02,Marvin Hall,atl
WR,510,48.48%,0,0%,1,.24%,SharTa00,Tajae Sharpe,atl
WR,20,1.90%,0,0%,126,29.72%,DarbFr00,Frank Darby,atl
WR,110,10.46%,0,0%,130,30.66%,BlakCh00,Christian Blake,atl
WR,0,0%,0,0%,7,1.65%,TramAu00,Austin Trammell,atl
TE,774,73.57%,0,0%,0,0%,PittKy00,Kyle Pitts,atl
TE,410,38.97%,0,0%,9,2.12%,HursHa00,Hayden Hurst,atl
"FB,TE",257,24.43%,0,0%,284,66.98%,SmitKe03,Keith Smith,atl
TE,311,29.56%,0,0%,60,14.15%,SmitLe00,Lee Smith,atl
TE,123,11.69%,0,0%,58,13.68%,HessPa00,Parker Hesse,atl
T,989,94.01%,0,0%,55,12.97%,McGaKa00,Kaleb McGary,atl
T,1032,98.10%,0,0%,61,14.39%,MattJa00,Jake Matthews,atl
T,90,8.56%,0,0%,54,12.74%,SpriJa00,Jason Spriggs,atl
T,0,0%,0,0%,7,1.65%,LeonRi00,Rick Leonard,atl
G,1037,98.57%,0,0%,61,14.39%,LindCh00,Chris Lindstrom,atl
G,992,94.30%,0,0%,57,13.44%,MayfJa00,Jalen Mayfield,atl
G,0,0%,0,0%,10,2.36%,AndrJo01,Josh Andrews,atl
G,74,7.03%,0,0%,49,11.56%,GossCo00,Colby Gossett,atl
C,991,94.20%,0,0%,0,0%,HennMa00,Matt Hennessy,atl
C,68,6.46%,0,0%,61,14.39%,DalmDr00,Drew Dalman,atl
DE,0,0%,224,19.15%,39,9.20%,BullJo00,Jonathan Bullard,atl
DE,0,0%,310,26.50%,57,13.44%,GrahTa00,Ta'Quon Graham,atl
DE,0,0%,17,1.45%,0,0%,ThurNi00,Nick Thurman,atl
DT,0,0%,865,73.93%,8,1.89%,JarrGr00,Grady Jarrett,atl
DT,0,0%,358,30.60%,1,.24%,DaviTy01,Tyeler Davison,atl
DT,0,0%,251,21.45%,43,10.14%,RushAn00,Anthony Rush,atl
DT,0,0%,270,23.08%,50,11.79%,DaviMa01,Marlon Davidson,atl
DT,0,0%,13,1.11%,48,11.32%,ComiJo00,John Cominsky,atl
NT,0,0%,250,21.37%,22,5.19%,PennMi00,Mike Pennel,atl
LB,0,0%,1071,91.54%,2,.47%,JoneDe01,Deion Jones,atl
LB,0,0%,1149,98.21%,4,.94%,OluoFo00,Foyesade Oluokun,atl
LB,0,0%,692,59.15%,94,22.17%,MeanSt00,Steven Means,atl
LB,0,0%,509,43.50%,2,.47%,FowlDa00,Dante Fowler,atl
LB,0,0%,73,6.24%,78,18.40%,TuioJa00,Jacob Tuioti-Mariner,atl
LB,0,0%,193,16.50%,310,73.11%,WalkMy00,Mykal Walker,atl
LB,0,0%,0,0%,109,25.71%,EtheDo00,Dorian Etheridge,atl
LB,0,0%,527,45.04%,177,41.75%,OgunAd01,Adetokunbo Ogundeji,atl
LB,0,0%,339,28.97%,177,41.75%,CopeBr00,Brandon Copeland,atl
LB,0,0%,8,.68%,94,22.17%,BateDa00,Daren Bates,atl
LB,0,0%,9,.77%,54,12.74%,ElleEm00,Emmanuel Ellerbee,atl
LB,0,0%,211,18.03%,89,20.99%,VaugJa01,James Vaughters,atl
CB,0,0%,1024,87.52%,64,15.09%,TerrAJ00,AJ Terrell,atl
CB,0,0%,1037,88.63%,18,4.25%,MoreFa00,Fabian Moreau,atl
CB,0,0%,161,13.76%,40,9.43%,OlivIs00,Isaiah Oliver,atl
CB,0,0%,121,10.34%,272,64.15%,WillAv02,Avery Williams,atl
CB,0,0%,55,4.70%,24,5.66%,WillCh07,Chris Williamson,atl
CB,0,0%,122,10.43%,42,9.91%,GreeT.00,T.J. Green,atl
CB,0,0%,52,4.44%,62,14.62%,ShefKe00,Kendall Sheffield,atl
CB,0,0%,282,24.10%,104,24.53%,HallDa03,Darren Hall,atl
SS,0,0%,1072,91.62%,66,15.57%,HarmDu00,Duron Harmon,atl
SS,0,0%,275,23.50%,320,75.47%,GranRi00,Richie Grant,atl
SS,0,0%,163,13.93%,88,20.75%,WillSh02,Shawn Williams,atl
FS,0,0%,703,60.09%,69,16.27%,HarrEr00,Erik Harris,atl
FS,0,0%,462,39.49%,219,51.65%,HawkJa00,Jaylinn Hawkins,atl
DB,0,0%,0,0%,5,1.18%,KirkLu00,Luther Kirk,atl
LS,0,0%,0,0%,127,29.95%,HarrJo02,Josh Harris,atl
K,0,0%,0,0%,119,28.07%,KooxYo00,Younghoe Koo,atl
P,0,0%,0,0%,45,10.61%,NiziCa00,Cameron Nizialek,atl
P,0,0%,0,0%,48,11.32%,MorsTh00,Thomas Morstead,atl
P,0,0%,0,0%,47,11.08%,ColqDu20,Dustin Colquitt,atl
QB,810,65.22%,0,0%,0,0%,JackLa00,Lamar Jackson,rav
QB,59,4.75%,0,0%,0,0%,JohnJo05,Josh Johnson,rav
QB,373,30.03%,0,0%,0,0%,HuntTy01,Tyler Huntley,rav
RB,158,12.72%,0,0%,40,8.44%,WillTy01,Ty'Son Williams,rav
RB,9,.72%,0,0%,15,3.16%,CannTr00,Trenton Cannon,rav
RB,378,30.43%,0,0%,0,0%,MurrLa00,Latavius Murray,rav
RB,118,9.50%,0,0%,0,0%,BellLe00,Le'Veon Bell,rav
RB,528,42.51%,0,0%,0,0%,FreeDe00,Devonta Freeman,rav
RB,2,.16%,0,0%,0,0%,McCrNa00,Nate McCrary,rav
FB,555,44.69%,0,0%,61,12.87%,RicaPa00,Patrick Ricard,rav
WR,458,36.88%,0,0%,0,0%,WatkSa00,Sammy Watkins,rav
WR,603,48.55%,0,0%,163,34.39%,DuveDe00,Devin Duvernay,rav
WR,924,74.40%,0,0%,0,0%,BrowMa04,Marquise Brown,rav
WR,604,48.63%,0,0%,0,0%,BateRa00,Rashod Bateman,rav
WR,84,6.76%,0,0%,278,58.65%,WallTy00,Tylan Wallace,rav
WR,35,2.82%,0,0%,144,30.38%,BoykMi00,Miles Boykin,rav
WR,212,17.07%,0,0%,108,22.78%,ProcJa00,James Proche,rav
TE,936,75.36%,0,0%,0,0%,AndrMa00,Mark Andrews,rav
TE,95,7.65%,0,0%,15,3.16%,BoylNi00,Nick Boyle,rav
TE,319,25.68%,0,0%,165,34.81%,TomlEr01,Eric Tomlinson,rav
TE,6,.48%,0,0%,4,.84%,PoljTo00,Tony Poljan,rav
TE,155,12.48%,0,0%,89,18.78%,OlivJo00,Josh Oliver,rav
T,68,5.48%,0,0%,5,1.05%,StanRo00,Ronnie Stanley,rav
T,1207,97.18%,0,0%,61,12.87%,VillAl00,Alejandro Villanueva,rav
T,67,5.39%,0,0%,15,3.16%,SharDa02,David Sharpe,rav
T,0,0%,0,0%,9,1.90%,OgbuCe00,Cedric Ogbuehi,rav
T,35,2.82%,0,0%,22,4.64%,SmitAn23,Andre Smith,rav
T,2,.16%,0,0%,13,2.74%,JoneJa09,Jaryd Jones-Smith,rav
G,1223,98.47%,0,0%,68,14.35%,ZeitKe00,Kevin Zeitler,rav
G,846,68.12%,0,0%,54,11.39%,PoweBe00,Ben Powers,rav
G,367,29.55%,0,0%,45,9.49%,ClevBe00,Ben Cleveland,rav
G,389,31.32%,0,0%,37,7.81%,PhilTy00,Tyre Phillips,rav
G,764,61.51%,0,0%,33,6.96%,MekaPa00,Patrick Mekari,rav
G,0,0%,0,0%,3,.63%,CarpJa00,James Carpenter,rav
C,1127,90.74%,0,0%,43,9.07%,BozeBr00,Bradley Bozeman,rav
C,147,11.84%,0,0%,6,1.27%,ColoTr01,Trystan Colon,rav
"DE,DT",0,0%,293,26.93%,64,13.50%,WashBr01,Broderick Washington Jr.,rav
"DE,DT",0,0%,617,56.71%,123,25.95%,CampCa99,Calais Campbell,rav
DT,0,0%,484,44.49%,66,13.92%,MaduJu00,Nnamdi Madubuike,rav
DT,0,0%,382,35.11%,56,11.81%,ElliJu01,Justin Ellis,rav
"DT,G",0,0%,41,3.77%,0,0%,McKeKa00,Kahlil McKenzie,rav
NT,0,0%,448,41.18%,57,12.03%,WillBr02,Brandon Williams,rav
NT,0,0%,31,2.85%,0,0%,MackIs00,Isaiah Mack,rav
LB,0,0%,826,75.92%,10,2.11%,QueePa00,Patrick Queen,rav
LB,0,0%,834,76.65%,91,19.20%,BowsTy00,Tyus Bowser,rav
LB,0,0%,171,15.72%,289,60.97%,HarrMa06,Malik Harrison,rav
LB,0,0%,337,30.97%,382,80.59%,BoarCh00,Chris Board,rav
LB,0,0%,579,53.22%,0,0%,HousJu00,Justin Houston,rav
LB,0,0%,615,56.53%,4,.84%,OwehJa00,Odafe Oweh,rav
LB,0,0%,234,21.51%,1,.21%,McPhPe00,Pernell McPhee,rav
LB,0,0%,32,2.94%,382,80.59%,WelcKr00,Kristian Welch,rav
LB,0,0%,15,1.38%,34,7.17%,ThomJo04,Joe Thomas,rav
LB,0,0%,132,12.13%,83,17.51%,FergJa02,Jaylon Ferguson,rav
LB,0,0%,539,49.54%,35,7.38%,ByneJo00,Josh Bynes,rav
LB,0,0%,4,.37%,0,0%,HayeDa00,Daelin Hayes,rav
CB,0,0%,808,74.26%,86,18.14%,AverAn00,Anthony Averett,rav
CB,0,0%,748,68.75%,52,10.97%,HumpMa00,Marlon Humphrey,rav
CB,0,0%,63,5.79%,2,.42%,WorlDa00,Daryl Worley,rav
CB,0,0%,184,16.91%,66,13.92%,WestCh03,Chris Westry,rav
CB,0,0%,550,50.55%,7,1.48%,YounTa01,Tavon Young,rav
CB,0,0%,294,27.02%,11,2.32%,SmitJi03,Jimmy Smith,rav
CB,0,0%,43,3.95%,79,16.67%,JackRo00,Robert Jackson,rav
CB,0,0%,247,22.70%,159,33.54%,SeymKe00,Kevon Seymour,rav
CB,0,0%,0,0%,3,.63%,WilkMa00,Mazzi Wilkins,rav
SS,0,0%,1025,94.21%,93,19.62%,ClarCh00,Chuck Clark,rav
SS,0,0%,31,2.85%,402,84.81%,LeviAn00,Anthony Levine,rav
SS,0,0%,89,8.18%,42,8.86%,JeffTo00,Tony Jefferson,rav
SS,0,0%,218,20.04%,282,59.49%,StonGe00,Geno Stone,rav
SS,0,0%,0,0%,39,8.23%,RichJo00,Jordan Richards,rav
FS,0,0%,305,28.03%,23,4.85%,ElliDe02,DeShon Elliott,rav
FS,0,0%,744,68.38%,223,47.05%,StepBr01,Brandon Stephens,rav
FS,0,0%,7,.64%,22,4.64%,WashAr00,Ar'Darius Washington,rav
LS,0,0%,0,0%,142,29.96%,MoorNi00,Nick Moore,rav
K,0,0%,0,0%,159,33.54%,TuckJu00,Justin Tucker,rav
P,0,0%,0,0%,142,29.96%,KochSa20,Sam Koch,rav
QB,1161,96.91%,0,0%,0,0%,AlleJo02,Josh Allen,buf
QB,4,.33%,0,0%,0,0%,WebbDa00,Davis Webb,buf
QB,33,2.75%,0,0%,0,0%,TrubMi00,Mitchell Trubisky,buf
RB,718,59.93%,0,0%,0,0%,SingDe00,Devin Singletary,buf
RB,1,.08%,0,0%,306,70.51%,JoneTa00,Taiwan Jones,buf
RB,81,6.76%,0,0%,57,13.13%,BreiMa00,Matt Breida,buf
RB,380,31.72%,0,0%,0,0%,MossZa00,Zack Moss,buf
FB,155,12.94%,0,0%,315,72.58%,GillRe00,Reggie Gilliam,buf
WR,977,81.55%,0,0%,0,0%,DiggSt00,Stefon Diggs,buf
WR,747,62.35%,0,0%,0,0%,SandEm00,Emmanuel Sanders,buf
WR,691,57.68%,0,0%,1,.23%,BeasCo00,Cole Beasley,buf
WR,571,47.66%,0,0%,33,7.60%,DaviGa01,Gabriel Davis,buf
WR,257,21.45%,0,0%,91,20.97%,McKeIs00,Isaiah McKenzie,buf
WR,116,9.68%,0,0%,264,60.83%,KumeJa00,Jake Kumerow,buf
WR,6,.50%,0,0%,40,9.22%,StevMa00,Marquez Stevenson,buf
WR,4,.33%,0,0%,0,0%,HodgIs00,Isaiah Hodgins,buf
TE,917,76.54%,0,0%,18,4.15%,KnoxDa00,Dawson Knox,buf
TE,3,.25%,0,0%,0,0%,WarrKa00,Kahale Warring,buf
TE,267,22.29%,0,0%,1,.23%,SweeTo00,Tommy Sweeney,buf
T,1172,97.83%,0,0%,83,19.12%,WillDa06,Daryl Williams,buf
T,1089,90.90%,0,0%,78,17.97%,DawkDi00,Dion Dawkins,buf
T,65,5.43%,0,0%,44,10.14%,DoylTo00,Tommy Doyle,buf
T,726,60.60%,0,0%,48,11.06%,BrowSp00,Spencer Brown,buf
T,1,.08%,0,0%,5,1.15%,HartBo00,Bobby Hart,buf
G,442,36.89%,0,0%,13,3.00%,FeliJo00,Jon Feliciano,buf
G,485,40.48%,0,0%,73,16.82%,FordCo00,Cody Ford,buf
G,636,53.09%,0,0%,71,16.36%,BoetIk00,Ike Boettger,buf
G,2,.17%,0,0%,0,0%,DougJa00,Jamil Douglas,buf
C,1167,97.41%,0,0%,0,0%,MorsMi00,Mitch Morse,buf
C,294,24.54%,0,0%,83,19.12%,BateRy02,Ryan Bates,buf
DE,0,0%,330,30.61%,144,33.18%,EpenAJ00,A.J. Epenesa,buf
DE,0,0%,531,49.26%,52,11.98%,RousGr00,Gregory Rousseau,buf
DE,0,0%,558,51.76%,2,.46%,HughJe99,Jerry Hughes,buf
DE,0,0%,482,44.71%,2,.46%,AddiMa00,Mario Addison,buf
DE,0,0%,201,18.65%,9,2.07%,BashCa00,Boogie Basham,buf
DE,0,0%,237,21.99%,56,12.90%,ObadEf00,Efe Obada,buf
DT,0,0%,623,57.79%,0,0%,OlivEd00,Ed Oliver,buf
DT,0,0%,285,26.44%,29,6.68%,ButlVe00,Vernon Butler,buf
DT,0,0%,317,29.41%,26,5.99%,LotuSt00,Star Lotulelei,buf
DT,0,0%,161,14.94%,16,3.69%,ZimmJu00,Justin Zimmer,buf
DT,0,0%,474,43.97%,79,18.20%,PhilHa00,Harrison Phillips,buf
DT,0,0%,32,2.97%,5,1.15%,BryaBr00,Brandin Bryant,buf
DT,0,0%,91,8.44%,6,1.38%,AnkoEl00,Eli Ankou,buf
LB,0,0%,873,80.98%,45,10.37%,EdmuTr01,Tremaine Edmunds,buf
LB,0,0%,916,84.97%,15,3.46%,MilaMa00,Matt Milano,buf
LB,0,0%,43,3.99%,347,79.95%,MataTy00,Tyler Matakevich,buf
LB,0,0%,277,25.70%,161,37.10%,KleiAJ00,A.J. Klein,buf
LB,0,0%,78,7.24%,277,63.82%,DodsTy01,Tyrel Dodson,buf
LB,0,0%,0,0%,260,59.91%,SmitAn04,Andre Smith,buf
LB,0,0%,0,0%,42,9.68%,GileJo01,Joe Giles-Harris,buf
CB,0,0%,629,58.35%,37,8.53%,WhitTr01,Tre'Davious White,buf
CB,0,0%,878,81.45%,4,.92%,JohnTa01,Taron Johnson,buf
CB,0,0%,994,92.21%,21,4.84%,WallLe00,Levi Wallace,buf
CB,0,0%,55,5.10%,62,14.29%,LewiCa00,Cameron Lewis,buf
CB,0,0%,153,14.19%,287,66.13%,NealSi00,Siran Neal,buf
CB,0,0%,484,44.90%,107,24.65%,JackDa02,Dane Jackson,buf
SS,0,0%,984,91.28%,131,30.18%,PoyeJo00,Jordan Poyer,buf
SS,0,0%,50,4.64%,125,28.80%,HamlDa00,Damar Hamlin,buf
FS,10,.83%,1024,94.99%,68,15.67%,HydeMi00,Micah Hyde,buf
FS,0,0%,98,9.09%,271,62.44%,JohnJa11,Jaquan Johnson,buf
LS,0,0%,0,0%,139,32.03%,FergRe00,Reid Ferguson,buf
K,0,0%,0,0%,182,41.94%,BassTy00,Tyler Bass,buf
P,0,0%,0,0%,140,32.26%,HaacMa00,Matt Haack,buf
QB,771,67.10%,0,0%,0,0%,DarnSa00,Sam Darnold,car
QB,252,21.93%,0,0%,0,0%,NewtCa00,Cam Newton,car
QB,126,10.97%,0,0%,0,0%,WalkPh00,P.J. Walker,car
RB,272,23.67%,0,0%,2,.44%,McCaCh01,Christian McCaffrey,car
"FB,RB",162,14.10%,0,0%,301,66.74%,RiccGi00,Giovanni Ricci,car
RB,465,40.47%,0,0%,94,20.84%,HubbCh01,Chuba Hubbard,car
RB,37,3.22%,0,0%,0,0%,SmitRo08,Rodney Smith,car
RB,14,1.22%,0,0%,38,8.43%,BonnRe00,Reggie Bonnafon,car
RB,265,23.06%,0,0%,63,13.97%,AbduAm00,Ameer Abdullah,car
RB,103,8.96%,0,0%,33,7.32%,FreeRo00,Royce Freeman,car
RB,0,0%,0,0%,1,.22%,BrowSp01,Spencer Brown,car
WR,992,86.34%,0,0%,6,1.33%,MoorD.00,D.J. Moore,car
WR,978,85.12%,0,0%,3,.67%,AndeRo04,Robbie Chosen,car
WR,74,6.44%,0,0%,17,3.77%,KirkKe00,Keith Kirkwood,car
WR,333,28.98%,0,0%,192,42.57%,ZylsBr00,Brandon Zylstra,car
WR,422,36.73%,0,0%,1,.22%,MarsTe00,Terrace Marshall Jr.,car
WR,0,0%,0,0%,18,3.99%,ColeMa03,Matt Cole,car
WR,18,1.57%,0,0%,0,0%,SneaWi00,Willie Snead,car
WR,85,7.40%,0,0%,24,5.32%,SmitSh03,Shi Smith,car
WR,59,5.13%,0,0%,124,27.49%,EricAl01,Alex Erickson,car
WR,0,0%,0,0%,6,1.33%,ParkAa01,Aaron Parker,car
WR,20,1.74%,0,0%,0,0%,SaunCJ00,C.J. Saunders,car
TE,703,61.18%,0,0%,48,10.64%,ThomIa00,Ian Thomas,car
TE,82,7.14%,0,0%,1,.22%,ArnoDa00,Dan Arnold,car
TE,36,3.13%,0,0%,20,4.43%,SullSt00,Stephen Sullivan,car
TE,521,45.34%,0,0%,171,37.92%,TremTo00,Tommy Tremble,car
TE,101,8.79%,0,0%,96,21.29%,ThomCo03,Colin Thompson,car
T,1149,100.00%,0,0%,58,12.86%,MotoTa00,Taylor Moton,car
T,589,51.26%,0,0%,9,2.00%,ErviCa00,Cameron Erving,car
T,335,29.16%,0,0%,44,9.76%,ScotTr01,Trenton Scott,car
T,480,41.78%,0,0%,58,12.86%,ChriBr00,Brady Christensen,car
T,0,0%,0,0%,2,.44%,PleaAu00,Austen Pleasants,car
G,656,57.09%,0,0%,12,2.66%,MillJo04,John Miller,car
G,703,61.18%,0,0%,25,5.54%,JordMi01,Michael Jordan,car
G,534,46.48%,0,0%,6,1.33%,ElflPa00,Pat Elflein,car
G,573,49.87%,0,0%,52,11.53%,DaleDe00,Dennis Daley,car
G,0,0%,0,0%,11,2.44%,HortMi00,Mike Horton,car
G,30,2.61%,0,0%,8,1.77%,BrowDe06,Deonte Brown,car
G,0,0%,0,0%,2,.44%,OmamPa00,Patrick Omameh,car
C,568,49.43%,0,0%,1,.22%,ParaMa00,Matt Paradis,car
C,131,11.40%,0,0%,55,12.20%,TeckSa00,Sam Tecklenburg,car
DE,0,0%,840,77.21%,92,20.40%,BurnBr00,Brian Burns,car
DE,0,0%,563,51.75%,80,17.74%,FoxxMo00,Morgan Fox,car
DE,0,0%,350,32.17%,10,2.22%,GrosYe00,Yetur Gross-Matos,car
DE,0,0%,223,20.50%,15,3.33%,HaynMa01,Marquis Haynes,car
DE,0,0%,20,1.84%,30,6.65%,JohnDa10,Darryl Johnson,car
DT,0,0%,632,58.09%,69,15.30%,BrowDe05,Derrick Brown,car
DT,0,0%,641,58.92%,84,18.63%,JoneDa04,DaQuan Jones,car
DT,0,0%,28,2.57%,0,0%,HoskPh00,Phil Hoskins,car
DT,0,0%,82,7.54%,0,0%,NixoDa00,Daviyon Nixon,car
DT,0,0%,341,31.34%,34,7.54%,RoyxBr00,Bravvion Roy,car
DT,0,0%,8,.74%,2,.44%,HerrFr00,Frank Herron,car
LB,0,0%,853,78.40%,123,27.27%,CartJe00,Jermaine Carter Jr.,car
LB,0,0%,798,73.35%,33,7.32%,ThomSh01,Shaq Thompson,car
LB,0,0%,854,78.49%,61,13.53%,ReddHa00,Haason Reddick,car
LB,0,0%,249,22.89%,303,67.18%,LuvuFr00,Frankie Luvu,car
LB,0,0%,76,6.99%,303,67.18%,StanJu00,Julian Stanford,car
LB,0,0%,11,1.01%,95,21.06%,MartKa01,Kamal Martin,car
LB,0,0%,48,4.41%,101,22.39%,JohnCl00,Clay Johnston,car
CB,0,0%,142,13.05%,5,1.11%,HornJa00,Jaycee Horn,car
CB,0,0%,718,65.99%,53,11.75%,JackDo02,Donte Jackson,car
CB,0,0%,403,37.04%,21,4.66%,BouyA.00,A.J. Bouye,car
CB,0,0%,248,22.79%,69,15.30%,MelvRa00,Rashaan Melvin,car
CB,0,0%,20,1.84%,215,47.67%,ThomSt00,Stantley Thomas-Oliver,car
CB,0,0%,282,25.92%,38,8.43%,HendCJ00,C.J. Henderson,car
CB,0,0%,305,28.03%,16,3.55%,GilmSt00,Stephon Gilmore,car
CB,0,0%,450,41.36%,220,48.78%,TaylKe03,Keith Taylor,car
CB,0,0%,0,0%,32,7.10%,HarpMa00,Madre Harper,car
SS,0,0%,420,38.60%,35,7.76%,BurrJu00,Juston Burris,car
SS,0,0%,539,49.54%,230,51.00%,ChanSe00,Sean Chandler,car
SS,0,0%,153,14.06%,258,57.21%,FranSa00,Sam Franklin,car
FS,0,0%,1017,93.47%,106,23.50%,ChinJe00,Jeremy Chinn,car
FS,0,0%,473,43.47%,62,13.75%,HartMy00,Myles Hartsfield,car
FS,0,0%,182,16.73%,167,37.03%,RobiKe02,Kenny Robinson Jr.,car
LS,0,0%,0,0%,135,29.93%,JansJ.00,J.J. Jansen,car
K,0,0%,0,0%,101,22.39%,GonzZa00,Zane Gonzalez,car
K,0,0%,0,0%,9,2.00%,SantRy00,Ryan Santoso,car
K,0,0%,0,0%,18,3.99%,HajrLi00,Lirim Hajrullahu,car
P,0,0%,0,0%,47,10.42%,CharJo01,Joseph Charlton,car
P,0,0%,0,0%,19,4.21%,WinsRy00,Ryan Winslow,car
P,0,0%,0,0%,70,15.52%,EdwaLa01,Lac Edwards,car
QB,74,6.60%,0,0%,0,0%,FoleNi00,Nick Foles,chi
QB,412,36.72%,0,0%,0,0%,DaltAn00,Andy Dalton,chi
QB,635,56.60%,0,0%,0,0%,FielJu00,Justin Fields,chi
RB,642,57.22%,0,0%,0,0%,MontDa01,David Montgomery,chi
RB,166,14.80%,0,0%,73,17.26%,WillDa05,Damien Williams,chi
RB,19,1.69%,0,0%,146,34.52%,NallRy00,Ryan Nall,chi
RB,313,27.90%,0,0%,154,36.41%,HerbKh00,Khalil Herbert,chi
RB,3,.27%,0,0%,2,.47%,PierAr00,Artavis Pierce,chi
WR,986,87.88%,0,0%,1,.24%,MoonDa00,Darnell Mooney,chi
WR,617,54.99%,0,0%,1,.24%,RobiAl02,Allen Robinson,chi
WR,103,9.18%,0,0%,19,4.49%,NewsDa00,Dazz Newsome,chi
WR,620,55.26%,0,0%,6,1.42%,ByrdDa00,Damiere Byrd,chi
WR,393,35.03%,0,0%,0,0%,GoodMa00,Marquise Goodwin,chi
WR,10,.89%,0,0%,0,0%,AdamRo01,Rodney Adams,chi
WR,131,11.68%,0,0%,73,17.26%,GranJa00,Jakeem Grant,chi
WR,1,.09%,0,0%,59,13.95%,WebsNs00,Nsimba Webster,chi
WR,15,1.34%,0,0%,0,0%,CoulIs00,Isaiah Coulter,chi
TE,935,83.33%,0,0%,121,28.61%,KmetCo00,Cole Kmet,chi
TE,6,.53%,0,0%,92,21.75%,HorsJe00,Jesper Horsted,chi
TE,71,6.33%,0,0%,172,40.66%,HoltJ.01,J.P. Holtz,chi
TE,265,23.62%,0,0%,111,26.24%,JameJe00,Jesse James,chi
TE,263,23.44%,0,0%,1,.24%,GrahJi00,Jimmy Graham,chi
T,413,36.81%,0,0%,26,6.15%,IfedGe00,Germain Ifedi,chi
T,853,76.02%,0,0%,0,0%,PeteJa21,Jason Peters,chi
T,120,10.70%,0,0%,41,9.69%,WilkEl00,Elijah Wilkinson,chi
T,633,56.42%,0,0%,38,8.98%,BoroLa00,Larry Borom,chi
T,161,14.35%,0,0%,21,4.96%,JenkTe00,Teven Jenkins,chi
G,1122,100.00%,0,0%,40,9.46%,DaniJa01,James Daniels,chi
G,1122,100.00%,0,0%,58,13.71%,WhitCo03,Cody Whitehair,chi
G,23,2.05%,0,0%,5,1.18%,SimmLa00,Lachavious Simmons,chi
G,0,0%,0,0%,3,.71%,EiseDi00,Dieter Eiselen,chi
G,92,8.20%,0,0%,58,13.71%,BarsAl01,Alex Bars,chi
C,1122,100.00%,0,0%,47,11.11%,MustSa01,Sam Mustipher,chi
DE,0,0%,678,64.08%,75,17.73%,NichBi00,Bilal Nichols,chi
DE,0,0%,24,2.27%,21,4.96%,MackLe01,Ledarius Mack,chi
DT,0,0%,304,28.73%,0,0%,HickAk00,Akiem Hicks,chi
DT,0,0%,583,55.10%,86,20.33%,BlacAn00,Angelo Blackson,chi
DT,0,0%,212,20.04%,35,8.27%,EdwaMa01,Mario Edwards,chi
DT,0,0%,150,14.18%,84,19.86%,HuntMa00,Margus Hunt,chi
DT,0,0%,1,.09%,0,0%,LondLa00,LaCale London,chi
NT,0,0%,337,31.85%,6,1.42%,GoldEd00,Eddie Goldman,chi
NT,1,.09%,216,20.42%,89,21.04%,TongKh00,Khyiris Tonga,chi
NT,0,0%,5,.47%,0,0%,SquaDa00,Damion Square,chi
LB,0,0%,1009,95.37%,80,18.91%,SmitRo07,Roquan Smith,chi
LB,0,0%,315,29.77%,1,.24%,MackKh00,Khalil Mack,chi
LB,0,0%,697,65.88%,36,8.51%,OgleAl00,Alec Ogletree,chi
LB,0,0%,97,9.17%,35,8.27%,MarsCa00,Cassius Marsh,chi
LB,0,0%,755,71.36%,1,.24%,QuinRo00,Robert Quinn,chi
LB,0,0%,129,12.19%,25,5.91%,AttaJe00,Jeremiah Attaochu,chi
LB,0,0%,115,10.87%,352,83.22%,JoneCh05,Christian Jones,chi
LB,0,0%,173,16.35%,8,1.89%,IrviBr00,Bruce Irvin,chi
LB,0,0%,489,46.22%,61,14.42%,GipsTr00,Trevis Gipson,chi
LB,0,0%,108,10.21%,87,20.57%,KamaSa00,Sam Kamara,chi
LB,0,0%,6,.57%,13,3.07%,SnowCh00,Charles Snowden,chi
LB,0,0%,0,0%,224,52.96%,IyieJo00,Joel Iyiegbuniwe,chi
LB,0,0%,0,0%,12,2.84%,WoodJo02,Josh Woods,chi
LB,0,0%,5,.47%,239,56.50%,JohnCa04,Caleb Johnson,chi
LB,0,0%,77,7.28%,0,0%,TrevDa00,Danny Trevathan,chi
CB,0,0%,112,10.59%,24,5.67%,GrahTh00,Thomas Graham,chi
CB,0,0%,821,77.60%,123,29.08%,VildKi00,Kindle Vildor,chi
CB,0,0%,933,88.19%,6,1.42%,JohnJa13,Jaylon Johnson,chi
CB,0,0%,409,38.66%,62,14.66%,ShelDu00,Duke Shelley,chi
CB,0,0%,139,13.14%,207,48.94%,CrawXa00,Xavier Crawford,chi
CB,0,0%,0,0%,32,7.57%,VirgDe00,Dee Virgin,chi
CB,0,0%,3,.28%,6,1.42%,JoseMi00,Michael Joseph,chi
CB,0,0%,0,0%,5,1.18%,KeyeTh00,Thakarius Keyes,chi
CB,0,0%,254,24.01%,60,14.18%,BurnAr00,Artie Burns,chi
SS,0,0%,787,74.39%,0,0%,JackEd01,Eddie Jackson,chi
SS,0,0%,126,11.91%,314,74.23%,ChriMa00,Marqui Christian,chi
SS,0,0%,377,35.63%,203,47.99%,BushDe00,Deon Bush,chi
FS,0,0%,660,62.38%,2,.47%,GipsTa00,Tashaun Gipson,chi
FS,0,0%,419,39.60%,238,56.26%,HousDe00,DeAndre Houston-Carson,chi
FS,0,0%,112,10.59%,53,12.53%,TaboTe00,Teez Tabor,chi
LS,0,0%,0,0%,123,29.08%,ScalPa00,Patrick Scales,chi
K,0,0%,0,0%,129,30.50%,SantCa01,Cairo Santos,chi
P,0,0%,0,0%,123,29.08%,ODonPa00,Pat O'Donnell,chi
QB,1007,91.63%,0,0%,0,0%,BurrJo01,Joe Burrow,cin
QB,92,8.37%,0,0%,0,0%,AlleBr00,Brandon Allen,cin
RB,697,63.42%,0,0%,0,0%,MixoJo00,Joe Mixon,cin
RB,276,25.11%,0,0%,272,57.51%,PeriSa00,Samaje Perine,cin
RB,36,3.28%,0,0%,47,9.94%,WillTr06,Trayveon Williams,cin
RB,0,0%,0,0%,8,1.69%,WillPo01,Pooka Williams,cin
RB,95,8.64%,0,0%,116,24.52%,EvanCh02,Chris Evans,cin
WR,939,85.44%,0,0%,0,0%,ChasJa00,Ja'Marr Chase,cin
WR,807,73.43%,0,0%,4,.85%,BoydTy00,Tyler Boyd,cin
WR,710,64.60%,0,0%,0,0%,HiggTe00,Tee Higgins,cin
WR,135,12.28%,0,0%,312,65.96%,MorgSt02,Stanley Morgan Jr.,cin
WR,142,12.92%,0,0%,117,24.74%,ThomMi04,Mike Thomas,cin
WR,115,10.46%,0,0%,33,6.98%,TateAu00,Auden Tate,cin
WR,33,3.00%,0,0%,29,6.13%,TaylTr02,Trent Taylor,cin
WR,83,7.55%,0,0%,15,3.17%,IrwiTr00,Trenton Irwin,cin
TE,802,72.98%,0,0%,104,21.99%,UzomC.00,C.J. Uzomah,cin
TE,459,41.77%,0,0%,199,42.07%,SampDr00,Drew Sample,cin
TE,84,7.64%,0,0%,239,50.53%,WilcMi01,Mitchell Wilcox,cin
TE,0,0%,0,0%,5,1.06%,SchrMa00,Mason Schreck,cin
T,1045,95.09%,0,0%,81,17.12%,WillJo10,Jonah Williams,cin
T,711,64.70%,0,0%,53,11.21%,ReifRi00,Riley Reiff,cin
T,90,8.19%,0,0%,5,1.06%,JohnFr01,Fred Johnson,cin
T,385,35.03%,0,0%,63,13.32%,PrinIs00,Isaiah Prince,cin
G,556,50.59%,0,0%,27,5.71%,AdenHa00,Hakeem Adeniji,cin
G,996,90.63%,0,0%,77,16.28%,SpaiQu00,Quinton Spain,cin
G,124,11.28%,0,0%,8,1.69%,Sua-Xa00,Xavier Su'a-Filo,cin
G,17,1.55%,0,0%,0,0%,SuthKe00,Keaton Sutherland,cin
G,462,42.04%,0,0%,79,16.70%,CarmJa00,Jackson Carman,cin
G,50,4.55%,0,0%,2,.42%,SmitDA03,D'Ante Smith,cin
C,928,84.44%,0,0%,22,4.65%,HopkTr01,Trey Hopkins,cin
C,211,19.20%,0,0%,62,13.11%,HillTr03,Trey Hill,cin
DE,0,0%,877,78.02%,72,15.22%,HubbSa00,Sam Hubbard,cin
DE,0,0%,717,63.79%,43,9.09%,HendTr00,Trey Hendrickson,cin
DE,0,0%,310,27.58%,13,2.75%,SampCa00,Cameron Sample,cin
DE,0,0%,110,9.79%,9,1.90%,KareKh00,Khalid Kareem,cin
DE,0,0%,56,4.98%,5,1.06%,SpenNo00,Noah Spence,cin
DE,0,0%,219,19.48%,69,14.59%,RayxWy01,Wyatt Ray,cin
DE,0,0%,6,.53%,13,2.75%,HodgDa01,Darius Hodge,cin
DT,0,0%,724,64.41%,66,13.95%,OgunLa00,Larry Ogunjobi,cin
DT,0,0%,41,3.65%,2,.42%,WrenRe00,Renell Wren,cin
DT,0,0%,502,44.66%,71,15.01%,HillB.00,B.J. Hill,cin
DT,0,0%,64,5.69%,6,1.27%,DaniMi00,Mike Daniels,cin
NT,0,0%,590,52.49%,66,13.95%,ReadD.00,D.J. Reader,cin
NT,0,0%,410,36.48%,57,12.05%,TupoJo00,Josh Tupou,cin
NT,0,0%,49,4.36%,1,.21%,ShelTy00,Tyler Shelvin,cin
LB,0,0%,707,62.90%,96,20.30%,WilsLo00,Logan Wilson,cin
LB,0,0%,692,61.57%,150,31.71%,PratGe00,Germaine Pratt,cin
LB,0,0%,44,3.91%,101,21.35%,EvanJo01,Jordan Evans,cin
LB,0,0%,207,18.42%,151,31.92%,DaviAk01,Akeem Davis-Gaither,cin
LB,0,0%,160,14.23%,147,31.08%,BachJo01,Joe Bachie,cin
LB,0,0%,256,22.78%,228,48.20%,BailMa01,Markus Bailey,cin
LB,0,0%,5,.44%,94,19.87%,JoneKe03,Keandre Jones,cin
LB,0,0%,20,1.78%,97,20.51%,CaliAu00,Austin Calitro,cin
LB,0,0%,45,4.00%,135,28.54%,JohnCl00,Clay Johnston,cin
CB,0,0%,777,69.13%,47,9.94%,AwuzCh00,Chidobe Awuzie,cin
CB,0,0%,979,87.10%,36,7.61%,ApplEl00,Eli Apple,cin
CB,2,.18%,803,71.44%,0,0%,HiltMi01,Mike Hilton,cin
CB,0,0%,243,21.62%,3,.63%,WaynTr00,Trae Waynes,cin
CB,0,0%,72,6.41%,12,2.54%,HargVe00,Vernon Hargreaves III,cin
CB,0,0%,90,8.01%,129,27.27%,PhilDa02,Darius Phillips,cin
CB,0,0%,152,13.52%,152,32.14%,FlowTr01,Tre Flowers,cin
CB,0,0%,56,4.98%,102,21.56%,DaviJa06,Jalen Davis,cin
CB,0,0%,14,1.25%,10,2.11%,McClNi00,Nick McCloud,cin
SS,0,0%,1004,89.32%,71,15.01%,BellVo00,Vonn Bell,cin
SS,0,0%,171,15.21%,109,23.04%,AlleRi00,Ricardo Allen,cin
SS,0,0%,88,7.83%,142,30.02%,ThomMi02,Michael Thomas,cin
SS,0,0%,57,5.07%,29,6.13%,HendTr01,Trayvon Henderson,cin
FS,0,0%,953,84.79%,65,13.74%,BateJe00,Jessie Bates III,cin
FS,0,0%,79,7.03%,136,28.75%,WilsBr01,Brandon Wilson,cin
FS,0,0%,13,1.16%,9,1.90%,DaviSe00,Sean Davis,cin
LS,0,0%,0,0%,150,31.71%,HarrCl20,Clark Harris,cin
K,0,0%,0,0%,172,36.36%,McPhEv00,Evan McPherson,cin
K,0,0%,0,0%,6,1.27%,FryxEl01,Elliott Fry,cin
P,1,.09%,0,0%,150,31.71%,HubeKe20,Kevin Huber,cin
QB,877,79.22%,0,0%,0,0%,MayfBa00,Baker Mayfield,cle
QB,56,5.06%,0,0%,0,0%,MullNi00,Nick Mullens,cle
QB,174,15.72%,0,0%,0,0%,KeenCa00,Case Keenum,cle
RB,482,43.54%,0,0%,0,0%,ChubNi00,Nick Chubb,cle
RB,234,21.14%,0,0%,0,0%,HuntKa00,Kareem Hunt,cle
RB,331,29.90%,0,0%,146,34.35%,JohnDE04,D'Ernest Johnson,cle
RB,130,11.74%,0,0%,201,47.29%,FeltDe00,Demetric Felton,cle
RB,3,.27%,0,0%,29,6.82%,KellJo00,John Kelly,cle
FB,92,8.31%,0,0%,161,37.88%,JanoAn00,Andy Janovich,cle
FB,14,1.26%,0,0%,29,6.82%,StanJo02,Johnny Stanton,cle
WR,79,7.14%,0,0%,53,12.47%,BradJa01,Ja'Marcus Bradley,cle
WR,290,26.20%,0,0%,0,0%,BeckOd00,Odell Beckham Jr.,cle
WR,533,48.15%,0,0%,0,0%,LandJa00,Jarvis Landry,cle
WR,699,63.14%,0,0%,42,9.88%,PeopDo00,Donovan Peoples-Jones,cle
WR,295,26.65%,0,0%,52,12.24%,SchwAn00,Anthony Schwartz,cle
WR,10,.90%,0,0%,20,4.71%,NatsJo00,Jojo Natson,cle
WR,509,45.98%,0,0%,0,0%,HiggRa00,Rashard Higgins,cle
WR,1,.09%,0,0%,0,0%,CageLa01,Lawrence Cager,cle
TE,717,64.77%,0,0%,9,2.12%,HoopAu00,Austin Hooper,cle
TE,670,60.52%,0,0%,0,0%,NjokDa00,David Njoku,cle
TE,402,36.31%,0,0%,174,40.94%,BryaHa00,Harrison Bryant,cle
TE,9,.81%,0,0%,11,2.59%,FranJo03,Jordan Franks,cle
TE,11,.99%,0,0%,18,4.24%,ForrMi00,Miller Forristall,cle
T,361,32.61%,0,0%,22,5.18%,ConkJa00,Jack Conklin,cle
T,39,3.52%,0,0%,3,.71%,HubbCh00,Chris Hubbard,cle
T,763,68.93%,0,0%,24,5.65%,WillJe04,Jedrick Wills Jr.,cle
T,303,27.37%,0,0%,43,10.12%,HudsJa00,James Hudson,cle
T,0,0%,0,0%,6,1.41%,TaylAl02,Alex Taylor-Prioleau,cle
G,1107,100.00%,0,0%,61,14.35%,BitoJo00,Joel Bitonio,cle
G,1107,100.00%,0,0%,61,14.35%,TellWy00,Wyatt Teller,cle
G,0,0%,0,0%,18,4.24%,FrohHj00,Hjalte Froholdt,cle
G,128,11.56%,0,0%,50,11.76%,DunnMi01,Michael Dunn,cle
G,644,58.18%,0,0%,61,14.35%,HancBl00,Blake Hance,cle
C,1039,93.86%,0,0%,30,7.06%,TretJC00,J.C. Tretter,cle
C,68,6.14%,0,0%,43,10.12%,HarrNi01,Nick Harris,cle
DE,0,0%,677,60.45%,44,10.35%,ClowJa00,Jadeveon Clowney,cle
DE,0,0%,865,77.23%,53,12.47%,GarrMy00,Myles Garrett,cle
DE,0,0%,319,28.48%,17,4.00%,McKiTa00,Takkarist McKinley,cle
DE,0,0%,134,11.96%,83,19.53%,GustPo01,Porter Gustin,cle
DE,0,0%,163,14.55%,42,9.88%,OdenIf00,Ifeadi Odenigbo,cle
DE,0,0%,160,14.29%,48,11.29%,JackJo02,Joe Jackson,cle
DE,0,0%,6,.54%,0,0%,WeavCu00,Curtis Weaver,cle
DT,0,0%,646,57.68%,27,6.35%,McDoMa00,Malik McDowell,cle
DT,0,0%,647,57.77%,26,6.12%,JackMa02,Malik Jackson,cle
DT,0,0%,464,41.43%,50,11.76%,ElliJo02,Jordan Elliott,cle
DT,0,0%,234,20.89%,15,3.53%,DayxSh00,Sheldon Day,cle
DT,0,0%,124,11.07%,15,3.53%,TogiTo00,Tommy Togiai,cle
DT,0,0%,72,6.43%,12,2.82%,BillAn00,Andrew Billings,cle
DT,0,0%,7,.63%,2,.47%,BronJo01,Josiah Bronson,cle
LB,0,0%,701,62.59%,78,18.35%,WalkAn01,Anthony Walker,cle
LB,0,0%,598,53.39%,105,24.71%,OwusJe00,Jeremiah Owusu-Koramoah,cle
LB,0,0%,285,25.45%,234,55.06%,TakiSi00,Sione Takitaki,cle
LB,0,0%,424,37.86%,59,13.88%,SmitMa02,Malcolm Smith,cle
LB,0,0%,123,10.98%,24,5.65%,PhilJa01,Jacob Phillips,cle
LB,0,0%,194,17.32%,180,42.35%,WilsMa03,Mack Wilson,cle
LB,0,0%,73,6.52%,335,78.82%,LeexEl00,Elijah Lee,cle
LB,0,0%,0,0%,127,29.88%,FielTo00,Tony Fields,cle
LB,0,0%,0,0%,31,7.29%,HarvWi00,Willie Harvey,cle
CB,0,0%,691,61.70%,63,14.82%,NewsGr00,Greg Newsome II,cle
CB,0,0%,856,76.43%,49,11.53%,WardDe02,Denzel Ward,cle
CB,0,0%,534,47.68%,41,9.65%,HillTr01,Troy Hill,cle
CB,0,0%,176,15.71%,189,44.47%,GreeAJ00,A.J. Green,cle
CB,0,0%,590,52.68%,60,14.12%,WillGr00,Greedy Williams,cle
CB,0,0%,9,.80%,140,32.94%,MillHe01,Herb Miller,cle
CB,0,0%,0,0%,24,5.65%,AlleBr01,Brian Allen,cle
CB,0,0%,2,.18%,11,2.59%,HarrTi01,Tim Harris,cle
SS,0,0%,327,29.20%,217,51.06%,StewM.00,M.J. Stewart,cle
SS,0,0%,599,53.48%,172,40.47%,DelpGr00,Grant Delpit,cle
SS,0,0%,54,4.82%,65,15.29%,MoffJo01,Jovante Moffatt,cle
SS,0,0%,584,52.14%,28,6.59%,HarrRo02,Ronnie Harrison,cle
FS,0,0%,905,80.80%,92,21.65%,JohnJo10,John Johnson,cle
FS,0,0%,76,6.79%,105,24.71%,LeCoRi00,Richard LeCounte,cle
FS,0,0%,2,.18%,45,10.59%,ColbAd00,Adrian Colbert,cle
FS,0,0%,0,0%,3,.71%,ThomTe00,Tedric Thompson,cle
LS,0,0%,0,0%,130,30.59%,HughCh01,Charley Hughlett,cle
K,0,0%,0,0%,127,29.88%,McLaCh00,Chase McLaughlin,cle
K,0,0%,0,0%,8,1.88%,NaggCh00,Chris Naggar,cle
P,0,0%,0,0%,42,9.88%,ColqDu20,Dustin Colquitt,cle
P,0,0%,0,0%,88,20.71%,GillJa00,Jamie Gillan,cle
QB,1113,90.64%,0,0%,0,0%,PresDa01,Dak Prescott,dal
QB,113,9.20%,0,0%,0,0%,RushCo00,Cooper Rush,dal
RB,809,65.88%,0,0%,0,0%,ElliEz00,Ezekiel Elliott,dal
RB,374,30.46%,0,0%,100,20.41%,PollTo00,Tony Pollard,dal
RB,8,.65%,0,0%,54,11.02%,HardJa01,JaQuan Hardy,dal
RB,5,.41%,0,0%,14,2.86%,SmitIt00,Ito Smith,dal
RB,78,6.35%,0,0%,299,61.02%,ClemCo00,Corey Clement,dal
FB,1,.08%,0,0%,60,12.24%,RalsNi00,Nick Ralston,dal
WR,834,67.92%,0,0%,0,0%,CoopAm00,Amari Cooper,dal
WR,881,71.74%,0,0%,47,9.59%,LambCe00,CeeDee Lamb,dal
WR,498,40.55%,0,0%,1,.20%,GallMi00,Michael Gallup,dal
WR,528,43.00%,0,0%,52,10.61%,WilsCe01,Cedrick Wilson Jr.,dal
WR,302,24.59%,0,0%,179,36.53%,BrowNo00,Noah Brown,dal
WR,126,10.26%,0,0%,238,48.57%,TurnMa00,Malik Turner,dal
WR,7,.57%,0,0%,48,9.80%,FehoSi00,Simi Fehoko,dal
TE,993,80.86%,0,0%,86,17.55%,SchuDa00,Dalton Schultz,dal
TE,275,22.39%,0,0%,3,.61%,JarwBl00,Blake Jarwin,dal
TE,184,14.98%,0,0%,253,51.63%,SpriJe00,Jeremy Sprinkle,dal
TE,119,9.69%,0,0%,85,17.35%,McKeSe01,Sean McKeon,dal
TE,3,.24%,0,0%,12,2.45%,BuntIa00,Ian Bunting,dal
T,739,60.18%,0,0%,33,6.73%,SmitTy00,Tyron Smith,dal
T,672,54.72%,0,0%,0,0%,CollLa01,La'el Collins,dal
T,912,74.27%,0,0%,86,17.55%,SteeTe01,Terence Steele,dal
T,145,11.81%,0,0%,63,12.86%,NsekTy00,Ty Nsekhe,dal
T,3,.24%,0,0%,0,0%,KnigBr01,Brandon Knight,dal
G,500,40.72%,0,0%,91,18.57%,McGoCo01,Connor McGovern,dal
G,949,77.28%,0,0%,36,7.35%,WillCo00,Connor Williams,dal
G,1103,89.82%,0,0%,82,16.73%,MartZa00,Zack Martin,dal
G,23,1.87%,0,0%,72,14.69%,FarnMa00,Matt Farniok,dal
C,1204,98.05%,0,0%,83,16.94%,BiadTy00,Tyler Biadasz,dal
DE,1,.08%,507,44.05%,84,17.14%,ArmsDo00,Dorance Armstrong Jr.,dal
DE,0,0%,272,23.63%,0,0%,LawrDe00,DeMarcus Lawrence,dal
DE,0,0%,627,54.47%,115,23.47%,BashTa00,Tarell Basham,dal
DE,0,0%,437,37.97%,24,4.90%,GregRa00,Randy Gregory,dal
DE,0,0%,414,35.97%,136,27.76%,GolsCh00,Chauncey Golston,dal
DE,0,0%,438,38.05%,18,3.67%,WatkCa00,Carlos Watkins,dal
DE,0,0%,161,13.99%,26,5.31%,UrbaBr00,Brent Urban,dal
DE,0,0%,50,4.34%,50,10.20%,AnaeBr00,Bradlee Anae,dal
DE,0,0%,34,2.95%,136,27.76%,KamaAz01,Azur Kamara,dal
DT,0,0%,616,53.52%,59,12.04%,OdigOs00,Osa Odighizuwa,dal
DT,0,0%,164,14.25%,0,0%,GallNe00,Neville Gallimore,dal
DT,0,0%,249,21.63%,4,.82%,HamiJu00,Justin Hamilton,dal
DT,0,0%,223,19.37%,62,12.65%,BohaQu00,Quinton Bohanna,dal
DT,0,0%,171,14.86%,1,.20%,HillTr00,Trysten Hill,dal
DT,0,0%,13,1.13%,2,.41%,FaolAu00,Austin Faoliu,dal
LB,1,.08%,904,78.54%,14,2.86%,ParsMi00,Micah Parsons,dal
LB,1,.08%,580,50.39%,110,22.45%,NealKe01,Keanu Neal,dal
LB,1,.08%,663,57.60%,87,17.76%,VandLe00,Leighton Vander Esch,dal
LB,1,.08%,9,.78%,123,25.10%,CoxxJa00,Jabril Cox,dal
LB,0,0%,148,12.86%,17,3.47%,SmitJa05,Jaylon Smith,dal
LB,0,0%,9,.78%,146,29.80%,BernFr01,Francis Bernard,dal
LB,0,0%,32,2.78%,368,75.10%,GiffLu00,Luke Gifford,dal
CB,0,0%,1015,88.18%,5,1.02%,DiggTr00,Trevon Diggs,dal
CB,0,0%,1048,91.05%,0,0%,BrowAn02,Anthony Brown,dal
CB,0,0%,802,69.68%,0,0%,LewiJo01,Jourdan Lewis,dal
CB,1,.08%,0,0%,332,67.76%,GoodC.00,C.J. Goodwin,dal
CB,0,0%,0,0%,23,4.69%,BrowKy00,Kyron Brown,dal
CB,0,0%,164,14.25%,142,28.98%,JoseKe02,Kelvin Joseph,dal
CB,0,0%,91,7.91%,255,52.04%,WrigNa00,Nahshon Wright,dal
CB,0,0%,0,0%,14,2.86%,BurtDe00,Deante Burton,dal
CB,0,0%,70,6.08%,113,23.06%,CanaMa00,Maurice Canady,dal
SS,1,.08%,337,29.28%,24,4.90%,WilsDo01,Donovan Wilson,dal
SS,0,0%,903,78.45%,53,10.82%,KazeDa00,Damontae Kazee,dal
SS,0,0%,20,1.74%,58,11.84%,MukuIs00,Israel Mukuamu,dal
FS,0,0%,1014,88.10%,32,6.53%,KearJa00,Jayron Kearse,dal
FS,0,0%,446,38.75%,12,2.45%,HookMa00,Malik Hooker,dal
FS,1,.08%,15,1.30%,115,23.47%,ThomDa05,Darian Thompson,dal
FS,0,0%,16,1.39%,35,7.14%,CoylTy00,Tyler Coyle,dal
LS,0,0%,0,0%,157,32.04%,McQuJa00,Jake McQuaide,dal
K,0,0%,0,0%,185,37.76%,ZuerGr00,Greg Zuerlein,dal
K,0,0%,0,0%,13,2.65%,HajrLi00,Lirim Hajrullahu,dal
P,0,0%,0,0%,157,32.04%,AngeBr00,Bryan Anger,dal
QB,844,78.08%,0,0%,0,0%,BridTe00,Teddy Bridgewater,den
QB,234,21.65%,0,0%,0,0%,LockDr00,Drew Lock,den
QB,3,.28%,0,0%,0,0%,RypiBr00,Brett Rypien,den
RB,514,47.55%,0,0%,0,0%,GordMe00,Melvin Gordon,den
RB,551,50.97%,0,0%,4,.99%,WillJa10,Javonte Williams,den
RB,25,2.31%,0,0%,73,17.98%,BoonMi00,Mike Boone,den
RB,5,.46%,0,0%,182,44.83%,CrocDa01,Damarea Crockett,den
WR,920,85.11%,0,0%,4,.99%,SuttCo00,Courtland Sutton,den
WR,849,78.54%,0,0%,2,.49%,PatrTi00,Tim Patrick,den
WR,49,4.53%,0,0%,14,3.45%,WillSe00,Seth Williams,den
WR,412,38.11%,0,0%,0,0%,JeudJe00,Jerry Jeudy,den
WR,88,8.14%,0,0%,0,0%,HamlKJ00,KJ Hamler,den
WR,23,2.13%,0,0%,0,0%,MoorDa03,David Moore,den
WR,29,2.68%,0,0%,84,20.69%,ClevTy00,Tyrie Cleveland,den
WR,2,.19%,0,0%,7,1.72%,FulgTr00,Travis Fulgham,den
WR,258,23.87%,0,0%,24,5.91%,HintKe00,Kendall Hinton,den
WR,12,1.11%,0,0%,0,0%,BrowJo02,John Brown,den
WR,54,5.00%,0,0%,110,27.09%,SpenDi00,Diontae Spencer,den
TE,843,77.98%,0,0%,0,0%,FantNo00,Noah Fant,den
TE,290,26.83%,0,0%,302,74.38%,SaubEr00,Eric Saubert,den
TE,421,38.95%,0,0%,0,0%,OkwuAl00,Albert Okwuegbunam,den
TE,55,5.09%,0,0%,189,46.55%,BeckAn01,Andrew Beck,den
T,870,80.48%,0,0%,49,12.07%,BollGa00,Garett Bolles,den
T,796,73.64%,0,0%,4,.99%,MassBo00,Bobby Massie,den
T,285,26.36%,0,0%,4,.99%,FlemCa00,Cameron Fleming,den
T,40,3.70%,0,0%,15,3.69%,BailQu00,Quinn Bailey,den
T,172,15.91%,0,0%,41,10.10%,AndeCa00,Calvin Anderson,den
G,832,76.97%,0,0%,41,10.10%,RisnDa00,Dalton Risner,den
G,384,35.52%,0,0%,24,5.91%,GlasGr00,Graham Glasgow,den
G,623,57.63%,0,0%,49,12.07%,MeinQu02,Quinn Meinerz,den
G,317,29.32%,0,0%,55,13.55%,MutiNe00,Netane Muti,den
G,52,4.81%,0,0%,37,9.11%,SchlAu00,Austin Schlottmann,den
C,1039,96.11%,0,0%,20,4.93%,CushLl00,Lloyd Cushenberry III,den
DE,0,0%,616,56.51%,101,24.88%,JoneDr00,Dre'Mont Jones,den
DE,0,0%,566,51.93%,58,14.29%,HarrSh00,Shelby Harris,den
"DE,LB",0,0%,262,24.04%,46,11.33%,WeatSt00,Stephen Weatherly,den
DE,0,0%,14,1.28%,7,1.72%,SpenMa00,Marquiss Spencer,den
DE,0,0%,90,8.26%,3,.74%,AgimMc00,McTelvin Agim,den
DE,0,0%,393,36.06%,29,7.14%,StepSh00,Shamar Stephen,den
DE,0,0%,71,6.51%,16,3.94%,HarrJo05,Jonathan Harris,den
"DE,LB",0,0%,52,4.77%,208,51.23%,PatrAa00,Aaron Patrick,den
DT,0,0%,386,35.41%,60,14.78%,WillDe04,DeShawn Williams,den
NT,0,0%,362,33.21%,95,23.40%,PurcMi00,Mike Purcell,den
LB,0,0%,82,7.52%,7,1.72%,JeweJo00,Josey Jewell,den
LB,0,0%,325,29.82%,21,5.17%,JohnAl01,Alexander Johnson,den
LB,0,0%,739,67.80%,47,11.58%,ReedMa01,Malik Reed,den
LB,0,0%,330,30.28%,0,0%,MillVo00,Von Miller,den
LB,0,0%,261,23.94%,0,0%,YounKe03,Kenny Young,den
LB,0,0%,457,41.93%,236,58.13%,CoopJo02,Jonathon Cooper,den
LB,0,0%,64,5.87%,69,17.00%,MintAn00,Andre Mintze,den
LB,0,0%,268,24.59%,0,0%,ChubBr00,Bradley Chubb,den
LB,0,0%,84,7.71%,52,12.81%,RobiCu00,Curtis Robinson,den
LB,0,0%,98,8.99%,138,33.99%,KiseMi00,Micah Kiser,den
LB,0,0%,0,0%,52,12.81%,WadeBa00,Barrington Wade,den
LB,0,0%,316,28.99%,204,50.25%,StrnJu00,Justin Strnad,den
LB,0,0%,255,23.39%,148,36.45%,GrifJo01,Jonas Griffith,den
LB,0,0%,3,.28%,22,5.42%,TaumPi00,Pita Taumoepenu,den
LB,0,0%,528,48.44%,45,11.08%,BrowBa01,Baron Browning,den
CB,0,0%,676,62.02%,1,.25%,DarbRo00,Ronald Darby,den
CB,0,0%,720,66.06%,1,.25%,FullKy00,Kyle Fuller,den
CB,0,0%,505,46.33%,2,.49%,CallBr00,Bryce Callahan,den
CB,0,0%,85,7.80%,12,2.96%,OjemMi00,Michael Ojemudia,den
CB,0,0%,902,82.75%,1,.25%,SurtPa01,Patrick Surtain II,den
CB,0,0%,13,1.19%,240,59.11%,FordMi01,Mike Ford,den
CB,0,0%,0,0%,10,2.46%,BassEs01,Essang Bassey,den
CB,0,0%,148,13.58%,241,59.36%,HairNa00,Nate Hairston,den
SS,0,0%,897,82.29%,0,0%,JackKa99,Kareem Jackson,den
FS,0,0%,1084,99.45%,65,16.01%,SimmJu00,Justin Simmons,den
FS,0,0%,27,2.48%,320,78.82%,LockPJ00,P.J. Locke,den
FS,0,0%,0,0%,38,9.36%,JohnJa15,Jamar Johnson,den
FS,0,0%,311,28.53%,121,29.80%,SterCa00,Caden Sterns,den
DB,0,0%,0,0%,3,.74%,FarrRo00,Rojesterman Farris,den
LS,0,0%,0,0%,133,32.76%,BobeJa00,Jacob Bobenmoyer,den
K,0,0%,0,0%,143,35.22%,McMaBr01,Brandon McManus,den
P,0,0%,0,0%,133,32.76%,MartSa01,Sam Martin,den
QB,918,83.30%,0,0%,0,0%,GoffJa00,Jared Goff,det
QB,180,16.33%,0,0%,0,0%,BoylTi00,Tim Boyle,det
QB,4,.36%,0,0%,0,0%,BlouDa00,David Blough,det
RB,560,50.82%,0,0%,0,0%,SwifDA00,D'Andre Swift,det
RB,317,28.77%,0,0%,0,0%,WillJa06,Jamaal Williams,det
RB,118,10.71%,0,0%,47,10.66%,ReynCr00,Craig Reynolds,det
RB,98,8.89%,0,0%,288,65.31%,IgweGo00,Godwin Igwebuike,det
RB,36,3.27%,0,0%,12,2.72%,JeffJe00,Jermar Jefferson,det
FB,141,12.79%,0,0%,242,54.88%,CabiJa00,Jason Cabinda,det
WR,742,67.33%,0,0%,47,10.66%,RaymKa00,Kalif Raymond,det
WR,816,74.05%,0,0%,81,18.37%,StxxAm00,Amon-Ra St. Brown,det
WR,279,25.32%,0,0%,2,.45%,BensTr00,Trinity Benson,det
WR,333,30.22%,0,0%,1,.23%,ReynJo00,Josh Reynolds,det
WR,39,3.54%,0,0%,0,0%,WillTy00,Tyrell Williams,det
WR,212,19.24%,0,0%,2,.45%,CephQu00,Quintez Cephus,det
WR,47,4.26%,0,0%,24,5.44%,AlliGe01,Geronimo Allison,det
WR,246,22.32%,0,0%,170,38.55%,HodgKh00,KhaDarel Hodge,det
WR,149,13.52%,0,0%,40,9.07%,KennTo01,Tom Kennedy,det
TE,658,59.71%,0,0%,0,0%,HockTJ00,T.J. Hockenson,det
TE,301,27.31%,0,0%,106,24.04%,WrigBr01,Brock Wright,det
TE,44,3.99%,0,0%,11,2.49%,PinkJa02,Jared Pinkney,det
TE,155,14.07%,0,0%,18,4.08%,FellDa01,Darren Fells,det
TE,14,1.27%,0,0%,14,3.17%,TravRo00,Ross Travis,det
TE,82,7.44%,0,0%,32,7.26%,ZylsSh00,Shane Zylstra,det
T,675,61.25%,0,0%,44,9.98%,NelsMa00,Matt Nelson,det
T,1039,94.28%,0,0%,26,5.90%,SewePe00,Penei Sewell,det
T,529,48.00%,0,0%,2,.45%,DeckTa00,Taylor Decker,det
T,0,0%,0,0%,6,1.36%,SkipDa00,Dan Skipper,det
T,71,6.44%,0,0%,45,10.20%,HoldWi00,Will Holden,det
G,953,86.48%,0,0%,50,11.34%,VaitHa00,Halapoulivaati Vaitai,det
G,1037,94.10%,0,0%,53,12.02%,JackJo03,Jonah Jackson,det
G,4,.36%,0,0%,19,4.31%,StenLo00,Logan Stenberg,det
G,238,21.60%,0,0%,34,7.71%,KraeTo02,Tommy Kraemer,det
G,8,.73%,0,0%,7,1.59%,EhinPa00,Parker Ehinger,det
C,223,20.24%,0,0%,4,.91%,RagnFr00,Frank Ragnow,det
C,755,68.51%,0,0%,39,8.84%,BrowEv00,Evan Brown,det
C,101,9.17%,0,0%,47,10.66%,McCoRy00,Ryan McCollum,det
DE,0,0%,623,54.60%,13,2.95%,WillNi01,Nick Williams,det
DE,0,0%,622,54.51%,2,.45%,BrocMi00,Michael Brockers,det
DE,0,0%,24,2.10%,7,1.59%,StroKe00,Kevin Strong,det
DE,0,0%,396,34.71%,79,17.91%,OnwuLe00,Levi Onwuzurike,det
DE,0,0%,88,7.71%,6,1.36%,HandDa00,Da'Shawn Hand,det
DE,0,0%,161,14.11%,46,10.43%,LemoJe00,Jessie Lemonier,det
DE,0,0%,4,.35%,0,0%,CornJa01,Jashon Cornell,det
DT,0,0%,52,4.56%,0,0%,HectBr00,Bruce Hector,det
NT,0,0%,422,36.99%,36,8.16%,McNeAl00,Alim McNeill,det
NT,0,0%,276,24.19%,78,17.69%,PeniJo00,John Penisini,det
LB,0,0%,828,72.57%,65,14.74%,AnzaAl00,Alex Anzalone,det
LB,0,0%,188,16.48%,21,4.76%,OkwaRo01,Romeo Okwara,det
LB,0,0%,304,26.64%,0,0%,FlowTr00,Trey Flowers,det
LB,0,0%,100,8.76%,0,0%,CollJa00,Jamie Collins,det
LB,0,0%,872,76.42%,101,22.90%,HarrCh03,Charles Harris,det
LB,0,0%,76,6.66%,378,85.71%,PittAn01,Anthony Pittman,det
LB,0,0%,448,39.26%,110,24.94%,BarnDe02,Derrick Barnes,det
LB,0,0%,616,53.99%,120,27.21%,ReevJa00,Jalen Reeves-Maybin,det
LB,0,0%,0,0%,64,14.51%,BeckTa00,Tavante Beckett,det
LB,0,0%,0,0%,58,13.15%,BoltCu00,Curtis Bolton,det
LB,0,0%,362,31.73%,128,29.02%,OkwaJu00,Julian Okwara,det
LB,0,0%,113,9.90%,174,39.46%,WoodJo02,Josh Woods,det
LB,0,0%,62,5.43%,0,0%,BerrRa01,Rashod Berry,det
LB,0,0%,436,38.21%,71,16.10%,BryaAu00,Austin Bryant,det
CB,0,0%,62,5.43%,9,2.04%,RobeNi00,Nickell Robey-Coleman,det
CB,0,0%,938,82.21%,46,10.43%,OruwAm00,Amani Oruwariye,det
CB,0,0%,48,4.21%,0,0%,OkudJe00,Jeff Okudah,det
CB,0,0%,242,21.21%,34,7.71%,MeliIf00,Ifeatu Melifonwu,det
CB,0,0%,557,48.82%,28,6.35%,ParkAJ00,AJ Parker,det
CB,0,0%,47,4.12%,27,6.12%,GilbMa02,Mark Gilbert,det
CB,0,0%,0,0%,48,10.88%,BallCo00,Corey Ballentine,det
CB,0,0%,0,0%,14,3.17%,SmitSa02,Saivion Smith,det
CB,0,0%,0,0%,3,.68%,MotlPa00,Parnell Motley,det
CB,0,0%,39,3.42%,5,1.13%,WorlDa00,Daryl Worley,det
SS,0,0%,1012,88.69%,148,33.56%,HarrWi02,Will Harris,det
SS,0,0%,700,61.35%,100,22.68%,MarlDe00,Dean Marlowe,det
FS,0,0%,882,77.30%,124,28.12%,WalkTr01,Tracy Walker,det
FS,0,0%,152,13.32%,206,46.71%,PricBo00,Bobby Price,det
FS,0,0%,158,13.85%,302,68.48%,MoorCJ01,C.J. Moore,det
DB,0,0%,14,1.23%,72,16.33%,BreeBr00,Brady Breeze,det
DB,0,0%,92,8.06%,140,31.75%,ElliJa05,Jalen Elliott,det
"CB,DB",0,0%,536,46.98%,76,17.23%,JacoJe00,Jerry Jacobs,det
LS,0,0%,0,0%,130,29.48%,DalySc01,Scott Daly,det
K,0,0%,0,0%,43,9.75%,SeibAu00,Austin Seibert,det
K,0,0%,0,0%,19,4.31%,SantRy00,Ryan Santoso,det
K,0,0%,0,0%,5,1.13%,RosaAl00,Aldrick Rosas,det
K,0,0%,0,0%,33,7.48%,PattRi01,Riley Patterson,det
P,0,0%,0,0%,165,37.41%,FoxxJa01,Jack Fox,det
QB,983,88.08%,0,0%,0,0%,RodgAa00,Aaron Rodgers,gnb
QB,131,11.74%,0,0%,0,0%,LoveJo03,Jordan Love,gnb
QB,2,.18%,0,0%,0,0%,BenkKu01,Kurt Benkert,gnb
RB,476,42.65%,0,0%,89,20.55%,DillAJ00,AJ Dillon,gnb
RB,578,51.79%,0,0%,4,.92%,JoneAa00,Aaron Jones,gnb
RB,26,2.33%,0,0%,76,17.55%,HillKy00,Kylin Hill,gnb
RB,63,5.65%,0,0%,45,10.39%,TaylPa01,Patrick Taylor,gnb
WR,716,64.16%,0,0%,23,5.31%,LazaAl00,Allen Lazard,gnb
WR,886,79.39%,0,0%,6,1.39%,AdamDa01,Davante Adams,gnb
WR,455,40.77%,0,0%,1,.23%,ValdMa00,Marquez Valdes-Scantling,gnb
WR,32,2.87%,0,0%,132,30.48%,TaylMa01,Malik Taylor,gnb
WR,103,9.23%,0,0%,116,26.79%,RodgAm00,Amari Rodgers,gnb
WR,371,33.24%,0,0%,1,.23%,CobbRa00,Randall Cobb,gnb
WR,292,26.16%,0,0%,116,26.79%,St.BEq00,Equanimeous St. Brown,gnb
WR,0,0%,0,0%,8,1.85%,MoorDa03,David Moore,gnb
WR,143,12.81%,0,0%,40,9.24%,WinfJu00,Juwann Winfree,gnb
TE,306,27.42%,0,0%,17,3.93%,TonyRo00,Robert Tonyan,gnb
TE,167,14.96%,0,0%,106,24.48%,DafnDo00,Dominique Dafney,gnb
TE,478,42.83%,0,0%,0,0%,LewiMa00,Marcedes Lewis,gnb
TE,367,32.89%,0,0%,132,30.48%,DeguJo00,Josiah Deguara,gnb
TE,121,10.84%,0,0%,232,53.58%,DaviTy02,Tyler Davis,gnb
T,1084,97.13%,0,0%,33,7.62%,NewmRo00,Royce Newman,gnb
T,810,72.58%,0,0%,0,0%,TurnBi00,Billy Turner,gnb
T,27,2.42%,0,0%,0,0%,BakhDa00,David Bakhtiari,gnb
T,590,52.87%,0,0%,86,19.86%,NijmYo01,Yosh Nijman,gnb
T,305,27.33%,0,0%,21,4.85%,KellDe00,Dennis Kelly,gnb
G,911,81.63%,0,0%,64,14.78%,PatrLu00,Lucas Patrick,gnb
G,496,44.44%,0,0%,8,1.85%,JenkEl00,Elgton Jenkins,gnb
G,4,.36%,0,0%,71,16.40%,BradBe00,Ben Braden,gnb
G,1053,94.35%,0,0%,86,19.86%,RunyJo00,Jon Runyan Jr.,gnb
G,1,.09%,0,0%,0,0%,VanxCo00,Cole Van Lanen,gnb
C,293,26.25%,0,0%,0,0%,MyerJo00,Josh Myers,gnb
C,6,.54%,0,0%,13,3.00%,HansJa00,Jake Hanson,gnb
DE,0,0%,674,62.47%,130,30.02%,LowrDe00,Dean Lowry,gnb
DE,0,0%,393,36.42%,51,11.78%,KekeKi00,Kingsley Keke,gnb
DE,0,0%,152,14.09%,60,13.86%,GaleTi01,Tipa Galeai,gnb
DE,0,0%,107,9.92%,2,.46%,MercWh00,Whitney Mercilus,gnb
DE,0,0%,49,4.54%,12,2.77%,AndeAb00,Abdullah Anderson,gnb
DT,0,0%,255,23.63%,143,33.03%,SlatTe00,Tedarrell Slaton,gnb
DT,0,0%,17,1.58%,13,3.00%,HeflJa00,Jack Heflin,gnb
NT,0,0%,782,72.47%,3,.69%,ClarKe01,Kenny Clark,gnb
NT,0,0%,319,29.56%,145,33.49%,LancTy00,Tyler Lancaster,gnb
LB,0,0%,527,48.84%,116,26.79%,BarnKr00,Krys Barnes,gnb
LB,0,0%,988,91.57%,8,1.85%,CampDe00,De'Vondre Campbell,gnb
LB,0,0%,689,63.86%,13,3.00%,SmitPr00,Preston Smith,gnb
LB,0,0%,681,63.11%,7,1.62%,GaryRa00,Rashan Gary,gnb
LB,0,0%,395,36.61%,111,25.64%,GarvJo00,Jonathan Garvin,gnb
LB,0,0%,205,19.00%,337,77.83%,BurkOr00,Oren Burks,gnb
LB,0,0%,64,5.93%,6,1.39%,HamiLa01,Ladarius Hamilton,gnb
LB,0,0%,29,2.69%,270,62.36%,SummTy00,Ty Summers,gnb
LB,0,0%,54,5.00%,44,10.16%,RiveCh01,Chauncey Rivers,gnb
LB,0,0%,18,1.67%,0,0%,SmitZa00,Za'Darius Smith,gnb
LB,0,0%,27,2.50%,0,0%,SmitJa05,Jaylon Smith,gnb
LB,0,0%,0,0%,192,44.34%,McDuIs00,Isaiah McDuffie,gnb
CB,0,0%,680,63.02%,85,19.63%,DougRa00,Rasul Douglas,gnb
CB,0,0%,219,20.30%,0,0%,AlexJa00,Jaire Alexander,gnb
CB,0,0%,303,28.08%,31,7.16%,KingKe01,Kevin King,gnb
CB,0,0%,827,76.65%,32,7.39%,SullCh00,Chandon Sullivan,gnb
CB,0,0%,95,8.80%,307,70.90%,YiadIs00,Isaac Yiadom,gnb
CB,0,0%,935,86.65%,45,10.39%,StokEr00,Eric Stokes,gnb
CB,0,0%,37,3.43%,231,53.35%,JeanSh00,Shemar Jean-Charles,gnb
SS,0,0%,1038,96.20%,18,4.16%,SavaDa00,Darnell Savage Jr.,gnb
SS,0,0%,0,0%,9,2.08%,DaviSh02,Shawn Davis,gnb
SS,0,0%,0,0%,5,1.15%,GainIn00,Innis Gaines,gnb
FS,0,0%,1048,97.13%,15,3.46%,AmosAd00,Adrian Amos,gnb
FS,0,0%,0,0%,17,3.93%,ScotVe00,Vernon Scott,gnb
"DB,SS",0,0%,262,24.28%,315,72.75%,BlacHe00,Henry Black,gnb
LS,0,0%,0,0%,76,17.55%,WirtSt01,Steven Wirtel,gnb
LS,0,0%,0,0%,64,14.78%,BradHu00,Hunter Bradley,gnb
K,0,0%,0,0%,180,41.57%,CrosMa20,Mason Crosby,gnb
P,0,0%,0,0%,140,32.33%,BojoCo00,Corey Bojorquez,gnb
QB,323,30.30%,0,0%,0,0%,TaylTy00,Tyrod Taylor,htx
QB,743,69.70%,0,0%,0,0%,MillDa02,Davis Mills,htx
QB,0,0%,0,0%,10,2.21%,DrisJe00,Jeff Driskel,htx
RB,164,15.38%,0,0%,0,0%,IngrMa01,Mark Ingram,htx
RB,103,9.66%,0,0%,21,4.65%,LindPh00,Phillip Lindsay,htx
RB,317,29.74%,0,0%,0,0%,JohnDa08,David Johnson,htx
RB,378,35.46%,0,0%,80,17.70%,BurkRe00,Rex Burkhead,htx
RB,18,1.69%,0,0%,15,3.32%,SamuJa00,Jaylen Samuels,htx
RB,19,1.78%,0,0%,21,4.65%,PhilSc01,Scottie Phillips,htx
RB,115,10.79%,0,0%,42,9.29%,FreeRo00,Royce Freeman,htx
WR,831,77.95%,0,0%,0,0%,CookBr00,Brandin Cooks,htx
WR,536,50.28%,0,0%,2,.44%,CollNi00,Nico Collins,htx
WR,623,58.44%,0,0%,41,9.07%,ConlCh00,Chris Conley,htx
WR,77,7.22%,0,0%,0,0%,DorsPh00,Phillip Dorsett,htx
WR,70,6.57%,0,0%,0,0%,MillAn02,Anthony Miller,htx
WR,24,2.25%,0,0%,26,5.75%,VeasJo00,Jordan Veasy,htx
WR,21,1.97%,0,0%,5,1.11%,DaviDa03,Davion Davis,htx
WR,65,6.10%,0,0%,8,1.77%,CampJa03,Jalen Camp,htx
WR,240,22.51%,0,0%,158,34.96%,MoorCh00,Chris Moore,htx
WR,191,17.92%,0,0%,5,1.11%,AmenDa00,Danny Amendola,htx
WR,26,2.44%,0,0%,52,11.50%,RobeAn00,Andre Roberts,htx
TE,605,56.75%,0,0%,54,11.95%,BrowPh01,Pharaoh Brown,htx
TE,327,30.68%,0,0%,20,4.42%,AkinJo00,Jordan Akins,htx
TE,316,29.64%,0,0%,155,34.29%,AuclAn00,Antony Auclair,htx
TE,1,.09%,0,0%,17,3.76%,QuesPa00,Paul Quessenberry,htx
TE,232,21.76%,0,0%,2,.44%,JordBr00,Brevin Jordan,htx
T,262,24.58%,0,0%,18,3.98%,TunsLa00,Laremy Tunsil,htx
T,927,86.96%,0,0%,47,10.40%,HowaTy00,Tytus Howard,htx
T,213,19.98%,0,0%,13,2.88%,CannMa00,Marcus Cannon,htx
T,588,55.16%,0,0%,51,11.28%,ChriGe01,Geron Christian,htx
T,0,0%,0,0%,10,2.21%,StecJo00,Jordan Steckler,htx
T,827,77.58%,0,0%,50,11.06%,HeckCh00,Charlie Heck,htx
G,689,64.63%,0,0%,57,12.61%,SchaMa01,Max Scharping,htx
G,311,29.17%,0,0%,5,1.11%,TaylLa01,Lane Taylor,htx
C,671,62.95%,0,0%,0,0%,BritJu00,Justin Britt,htx
C,68,6.38%,0,0%,8,1.77%,ToneCo00,Cole Toner,htx
C,258,24.20%,0,0%,6,1.33%,MorrJi00,Jimmy Morrissey,htx
C,545,51.13%,0,0%,46,10.18%,McCrJu00,Justin McCray,htx
DE,0,0%,220,19.16%,25,5.53%,OmenCh00,Charles Omenihu,htx
DE,0,0%,205,17.86%,0,0%,MercWh00,Whitney Mercilus,htx
DE,0,0%,413,35.98%,27,5.97%,GreeJo04,Jonathan Greenard,htx
DE,0,0%,698,60.80%,83,18.36%,MartJa02,Jacob Martin,htx
DE,0,0%,41,3.57%,0,0%,HarrDe06,Demone Harris,htx
DE,0,0%,143,12.46%,24,5.31%,RiveDe00,Derek Rivers,htx
DE,0,0%,456,39.72%,46,10.18%,WalkDe03,DeMarcus Walker,htx
DE,0,0%,282,24.56%,33,7.30%,JenkJo01,Jordan Jenkins,htx
DT,0,0%,629,54.79%,77,17.04%,CollMa00,Maliek Collins,htx
DT,0,0%,455,39.63%,59,13.05%,BlacRo00,Ross Blacklock,htx
DT,0,0%,67,5.84%,9,1.99%,DwumMi00,Michael Dwumfour,htx
DT,0,0%,27,2.35%,3,.66%,WillXa00,Xavier Williams,htx
DT,0,0%,26,2.26%,3,.66%,TaylVi00,Vincent Taylor,htx
DT,0,0%,501,43.64%,124,27.43%,LopeRo00,Roy Lopez,htx
DT,0,0%,322,28.05%,21,4.65%,JohnJa09,Jaleel Johnson,htx
LB,0,0%,789,68.73%,31,6.86%,KirkCh00,Christian Kirksey,htx
LB,0,0%,494,43.03%,4,.88%,CunnZa00,Zach Cunningham,htx
LB,0,0%,777,67.68%,68,15.04%,GrugKa00,Kamu Grugier-Hill,htx
LB,0,0%,71,6.18%,109,24.12%,ThomJo04,Joe Thomas,htx
LB,0,0%,9,.78%,38,8.41%,NickHa02,Hardy Nickerson,htx
LB,0,0%,90,7.84%,1,.22%,SmitCh03,Chris Smith,htx
LB,0,0%,324,28.22%,286,63.27%,HewiNe00,Neville Hewitt,htx
LB,0,0%,17,1.48%,3,.66%,CartRo02,Ron'Dell Carter,htx
LB,0,0%,180,15.68%,286,63.27%,WallGa00,Garret Wallow,htx
LB,0,0%,19,1.66%,131,28.98%,WilsEr00,Eric Wilson,htx
LB,0,0%,29,2.53%,195,43.14%,PierKe00,Kevin Pierre-Louis,htx
LB,0,0%,0,0%,25,5.53%,WatsJo00,Josh Watson,htx
LB,0,0%,4,.35%,43,9.51%,StraCo00,Connor Strachan,htx
CB,0,0%,796,69.34%,18,3.98%,MitcTe00,Terrance Mitchell,htx
CB,0,0%,927,80.75%,76,16.81%,KingDe01,Desmond King,htx
CB,0,0%,319,27.79%,37,8.19%,HargVe00,Vernon Hargreaves III,htx
CB,1,.09%,179,15.59%,348,76.99%,SmitTr04,Tremon Smith,htx
CB,0,0%,541,47.13%,125,27.65%,JohnLo01,Lonnie Johnson Jr.,htx
CB,0,0%,638,55.57%,301,66.59%,ThomTa01,Tavierre Thomas,htx
CB,0,0%,0,0%,6,1.33%,GreeT.00,T.J. Green,htx
CB,0,0%,8,.70%,38,8.41%,MoreJi00,Jimmy Moreland,htx
SS,0,0%,780,67.94%,73,16.15%,ReidJu00,Justin Reid,htx
SS,0,0%,179,15.59%,183,40.49%,BrooTe00,Terrence Brooks,htx
FS,0,0%,758,66.03%,161,35.62%,MurrEr00,Eric Murray,htx
FS,0,0%,44,3.83%,264,58.41%,MoorA.00,A.J. Moore,htx
FS,0,0%,168,14.63%,85,18.81%,OwenJo01,Jonathan Owens,htx
DB,0,0%,3,.26%,32,7.08%,ArnoGr01,Grayland Arnold,htx
LS,0,0%,0,0%,149,32.96%,WeekJo00,Jon Weeks,htx
K,0,0%,0,0%,16,3.54%,EberDo01,Dominik Eberle,htx
K,0,0%,0,0%,28,6.19%,SlyeJo00,Joey Slye,htx
K,0,0%,0,0%,80,17.70%,FairKa01,Ka'imi Fairbairn,htx
P,0,0%,0,0%,149,32.96%,JohnCa02,Cameron Johnston,htx
QB,1091,98.02%,0,0%,0,0%,WentCa00,Carson Wentz,clt
QB,5,.45%,0,0%,0,0%,EasoJa00,Jacob Eason,clt
QB,18,1.62%,0,0%,0,0%,EhliSa00,Sam Ehlinger,clt
RB,767,68.91%,0,0%,0,0%,TaylJo02,Jonathan Taylor,clt
RB,352,31.63%,0,0%,73,16.44%,HineNy00,Nyheim Hines,clt
RB,1,.09%,0,0%,45,10.14%,WilkJo01,Jordan Wilkins,clt
RB,59,5.30%,0,0%,0,0%,MackMa00,Marlon Mack,clt
RB,16,1.44%,0,0%,81,18.24%,JackDe02,Deon Jackson,clt
WR,979,87.96%,0,0%,7,1.58%,PittMi01,Michael Pittman Jr.,clt
WR,872,78.35%,0,0%,62,13.96%,PascZa00,Zach Pascal,clt
WR,177,15.90%,0,0%,0,0%,CampPa00,Parris Campbell,clt
WR,337,30.28%,0,0%,0,0%,HiltT.00,T.Y. Hilton,clt
WR,328,29.47%,0,0%,280,63.06%,DuliAs00,Ashton Dulin,clt
WR,64,5.75%,0,0%,0,0%,PatmDe00,Dezmon Patmon,clt
WR,62,5.57%,3,.27%,0,0%,StraMi03,Mike Strachan,clt
WR,33,2.96%,0,0%,0,0%,CoutKe00,Keke Coutee,clt
WR,2,.18%,0,0%,9,2.03%,HarrDe09,DeMichael Harris,clt
TE,643,57.77%,0,0%,24,5.41%,DoylJa00,Jack Doyle,clt
TE,609,54.72%,0,0%,116,26.13%,AlieMo00,Mo Alie-Cox,clt
TE,228,20.49%,0,0%,51,11.49%,GranKy00,Kylen Granson,clt
T,280,25.16%,0,0%,41,9.23%,DaveJu00,Julién Davenport,clt
T,712,63.97%,0,0%,10,2.25%,SmitBr06,Braden Smith,clt
T,875,78.62%,0,0%,69,15.54%,FishEr00,Eric Fisher,clt
T,440,39.53%,0,0%,84,18.92%,PryoMa00,Matt Pryor,clt
G,768,69.00%,0,0%,51,11.49%,NelsQu00,Quenton Nelson,clt
G,844,75.83%,0,0%,34,7.66%,GlowMa00,Mark Glowinski,clt
G,523,46.99%,0,0%,46,10.36%,ReedCh00,Chris Reed,clt
G,22,1.98%,0,0%,3,.68%,FrieWi00,Will Fries,clt
G,227,20.40%,0,0%,82,18.47%,PintDa00,Danny Pinter,clt
C,908,81.58%,0,0%,0,0%,KellRy00,Ryan Kelly,clt
DE,0,0%,639,58.57%,3,.68%,PayeKw00,Kwity Paye,clt
DE,0,0%,801,73.42%,6,1.35%,MuhaAl00,Al-Quadin Muhammad,clt
DE,0,0%,311,28.51%,2,.45%,LewiTy00,Tyquan Lewis,clt
DE,0,0%,177,16.22%,75,16.89%,RochIs00,Isaac Rochell,clt
DE,0,0%,173,15.86%,2,.45%,OdeyDa00,Dayo Odeyingbo,clt
DE,0,0%,68,6.23%,35,7.88%,BanoBe00,Ben Banogu,clt
DE,0,0%,224,20.53%,1,.23%,TuraKe00,Kemoko Turay,clt
DT,0,0%,844,77.36%,151,34.01%,BuckDe00,DeForest Buckner,clt
DT,0,0%,643,58.94%,155,34.91%,StewGr00,Grover Stewart,clt
DT,0,0%,74,6.78%,15,3.38%,WoodAn02,Antwaun Woods,clt
DT,0,0%,332,30.43%,65,14.64%,StalTa00,Taylor Stallworth,clt
DT,0,0%,0,0%,9,2.03%,ClinKa00,Kameron Cline,clt
DT,0,0%,6,.55%,0,0%,DaviKh00,Khalil Davis,clt
DT,0,0%,62,5.68%,11,2.48%,WillCh08,Chris Williams,clt
LB,0,0%,1001,91.75%,58,13.06%,LeonDa00,Shaquille Leonard,clt
LB,0,0%,1073,98.35%,102,22.97%,OkerBo00,Bobby Okereke,clt
LB,0,0%,200,18.33%,350,78.83%,FranZa00,Zaire Franklin,clt
LB,1,.09%,1,.09%,351,79.05%,AdamMa00,Matthew Adams,clt
LB,0,0%,0,0%,206,46.40%,GlasJo00,Jordan Glasgow,clt
LB,0,0%,146,13.38%,276,62.16%,SpeeEJ00,E.J. Speed,clt
LB,0,0%,0,0%,9,2.03%,JeffMa00,Malik Jefferson,clt
CB,0,0%,638,58.48%,1,.23%,RhodXa00,Xavier Rhodes,clt
CB,0,0%,1063,97.43%,108,24.32%,MoorKe03,Kenny Moore,clt
CB,0,0%,591,54.17%,59,13.29%,Ya-SRo00,Rock Ya-Sin,clt
CB,0,0%,141,12.92%,95,21.40%,CarrTr00,T.J. Carrie,clt
CB,0,0%,525,48.12%,181,40.77%,RodgIs00,Isaiah Rodgers,clt
CB,0,0%,8,.73%,29,6.53%,KeyeTh00,Thakarius Keyes,clt
CB,0,0%,86,7.88%,96,21.62%,ChesAn00,Anthony Chesley,clt
SS,0,0%,565,51.79%,84,18.92%,WillKh00,Khari Willis,clt
SS,0,0%,20,1.83%,72,16.22%,JoneJo06,Josh Jones,clt
SS,0,0%,0,0%,28,6.31%,RedmWi00,Will Redmond,clt
SS,0,0%,0,0%,2,.45%,LucaJo00,Jordan Lucas,clt
FS,0,0%,376,34.46%,35,7.88%,BlacJu01,Julian Blackmon,clt
FS,0,0%,471,43.17%,336,75.68%,OdumGe00,George Odum,clt
FS,0,0%,0,0%,20,4.50%,CampIb00,Ibraheim Campbell,clt
FS,0,0%,609,55.82%,114,25.68%,SendAn00,Andrew Sendejo,clt
FS,0,0%,0,0%,10,2.25%,DaviSe00,Sean Davis,clt
FS,0,0%,133,12.19%,87,19.59%,AddaJa00,Jahleel Addae,clt
LS,0,0%,0,0%,9,2.03%,NelsKy00,Kyle Nelson,clt
LS,0,0%,0,0%,143,32.21%,RhodLu00,Luke Rhodes,clt
K,0,0%,0,0%,61,13.74%,BadgMi00,Michael Badgley,clt
K,0,0%,0,0%,22,4.95%,BlanRo03,Rodrigo Blankenship,clt
P,0,0%,0,0%,240,54.05%,SancRi00,Rigoberto Sanchez,clt
QB,1078,99.35%,0,0%,0,0%,LawrTr00,Trevor Lawrence,jax
QB,7,.65%,0,0%,0,0%,BeatC.00,C.J. Beathard,jax
RB,530,48.85%,0,0%,0,0%,RobiJa00,James Robinson,jax
RB,34,3.13%,0,0%,18,4.10%,ArmsRy00,Ryquell Armstead,jax
RB,292,26.91%,0,0%,0,0%,HydeCa00,Carlos Hyde,jax
RB,189,17.42%,0,0%,210,47.84%,OgunDa00,Dare Ogunbowale,jax
RB,1,.09%,0,0%,46,10.48%,CottNa00,Nathan Cottrell,jax
RB,2,.18%,0,0%,0,0%,SargMe00,Mekhi Sargent,jax
RB,0,0%,0,0%,2,.46%,OzigDe01,Devine Ozigbo,jax
WR,980,90.32%,0,0%,1,.23%,JoneMa02,Marvin Jones,jax
WR,170,15.67%,0,0%,0,0%,CharDJ00,DJ Chark,jax
WR,697,64.24%,0,0%,1,.23%,ShenLa00,Laviska Shenault Jr.,jax
WR,288,26.54%,0,0%,2,.46%,AustTa00,Tavon Austin,jax
WR,260,23.96%,0,0%,99,22.55%,AgneJa00,Jamal Agnew,jax
WR,1,.09%,0,0%,14,3.19%,CottJe00,Jeff Cotton,jax
WR,6,.55%,0,0%,55,12.53%,MickJa01,Jaydon Mickens,jax
WR,9,.83%,0,0%,0,0%,SmitDe04,Devin Smith,jax
WR,485,44.70%,0,0%,57,12.98%,TreaLa00,Laquon Treadwell,jax
WR,40,3.69%,0,0%,0,0%,JohnTy03,Tyron Johnson,jax
WR,13,1.20%,0,0%,2,.46%,HammJo00,Josh Hammond,jax
WR,7,.65%,0,0%,0,0%,DorsPh00,Phillip Dorsett,jax
WR,7,.65%,0,0%,0,0%,BrowJo02,John Brown,jax
TE,286,26.36%,0,0%,23,5.24%,O'ShJa00,James O'Shaughnessy,jax
TE,174,16.04%,0,0%,56,12.76%,HollJa03,Jacob Hollister,jax
TE,391,36.04%,0,0%,59,13.44%,ManhCh00,Chris Manhertz,jax
TE,12,1.11%,0,0%,9,2.05%,WarrKa00,Kahale Warring,jax
TE,281,25.90%,0,0%,24,5.47%,ArnoDa00,Dan Arnold,jax
TE,254,23.41%,0,0%,94,21.41%,FarrLu00,Luke Farrell,jax
T,1085,100.00%,0,0%,50,11.39%,TaylJa02,Jawaan Taylor,jax
T,857,78.99%,0,0%,9,2.05%,RobiCa00,Cam Robinson,jax
T,225,20.74%,0,0%,12,2.73%,LittWa00,Walker Little,jax
T,46,4.24%,0,0%,31,7.06%,McDeKC01,KC McDermott,jax
T,135,12.44%,0,0%,38,8.66%,RichWi01,Will Richardson,jax
T,707,65.16%,0,0%,40,9.11%,BartBe00,Ben Bartch,jax
T,0,0%,0,0%,1,.23%,TraoBa00,Badara Traore,jax
G,199,18.34%,0,0%,11,2.51%,CannA.00,A.J. Cann,jax
G,1079,99.45%,0,0%,50,11.39%,NorwAn01,Andrew Norwell,jax
G,552,50.88%,0,0%,0,0%,LindBr00,Brandon Linder,jax
G,17,1.57%,0,0%,2,.46%,WallTr01,Tre'Vour Wallace-Simms,jax
G,533,49.12%,0,0%,31,7.06%,ShatTy00,Tyler Shatley,jax
DE,0,0%,72,6.50%,267,60.82%,McCrLe01,Lerentee McCray,jax
DE,0,0%,676,61.01%,4,.91%,SmooDa00,Dawuane Smoot,jax
DE,0,0%,442,39.89%,141,32.12%,GotsAd00,Adam Gotsis,jax
DT,8,.74%,677,61.10%,88,20.05%,BrowMa01,Malcom Brown,jax
DT,0,0%,442,39.89%,99,22.55%,HamiDa02,DaVon Hamilton,jax
DT,0,0%,547,49.37%,37,8.43%,RobeRo00,Roy Robertson-Harris,jax
DT,0,0%,299,26.99%,31,7.06%,BryaTa00,Taven Bryan,jax
DT,0,0%,15,1.35%,0,0%,CostDo00,Doug Costin,jax
DT,0,0%,54,4.87%,6,1.37%,TufeJa00,Jay Tufele,jax
LB,0,0%,919,82.94%,0,0%,JackMy00,Myles Jack,jax
LB,0,0%,867,78.25%,67,15.26%,WilsDa02,Damien Wilson,jax
LB,0,0%,768,69.31%,82,18.68%,AlleJo03,Josh Hines-Allen,jax
LB,0,0%,457,41.25%,31,7.06%,WardJi02,Jihad Ward,jax
LB,0,0%,384,34.66%,112,25.51%,ChaiKL00,K'Lavon Chaisson,jax
LB,0,0%,43,3.88%,268,61.05%,AlleDa01,Dakota Allen,jax
LB,0,0%,25,2.26%,15,3.42%,JoneJa11,Jamir Jones,jax
LB,0,0%,142,12.82%,223,50.80%,QuarSh00,Shaquille Quarterman,jax
LB,0,0%,21,1.90%,11,2.51%,SmitJo03,Jordan Smith,jax
LB,0,0%,92,8.30%,298,67.88%,RussCh00,Chapelle Russell,jax
LB,0,0%,0,0%,31,7.06%,AdamTy00,Tyrell Adams,jax
CB,0,0%,874,78.88%,33,7.52%,GrifSh00,Shaquill Griffin,jax
CB,0,0%,108,9.75%,1,.23%,HendCJ00,C.J. Henderson,jax
CB,0,0%,207,18.68%,74,16.86%,HernTr00,Tre Herndon,jax
CB,0,0%,864,77.98%,114,25.97%,CampTy01,Tyson Campbell,jax
CB,0,0%,199,17.96%,280,63.78%,ClayCh02,Chris Claybrooks,jax
CB,0,0%,11,.99%,63,14.35%,WatsBr01,Brandon Rusnak,jax
CB,0,0%,325,29.33%,105,23.92%,LawsNe00,Nevin Lawson,jax
CB,0,0%,0,0%,3,.68%,JacqMi00,Michael Jacquet,jax
SS,0,0%,838,75.63%,100,22.78%,JenkRa00,Rayshawn Jenkins,jax
SS,0,0%,245,22.11%,302,68.79%,CiscAn00,Andre Cisco,jax
SS,0,0%,423,38.18%,179,40.77%,FordRu00,Rudy Ford,jax
SS,0,0%,16,1.44%,0,0%,McDoBr01,Bradley McDougald,jax
SS,0,0%,204,18.41%,231,52.62%,ThomDa07,Daniel Thomas,jax
FS,0,0%,932,84.12%,122,27.79%,WingAn01,Andrew Wingard,jax
LS,0,0%,0,0%,123,28.02%,MatiRo00,Ross Matiscik,jax
K,0,0%,0,0%,20,4.56%,LambJo00,Josh Lambo,jax
K,0,0%,0,0%,71,16.17%,WrigMa00,Matthew Wright,jax
P,0,0%,0,0%,129,29.38%,CookLo00,Logan Cooke,jax
P,0,0%,0,0%,9,2.05%,CharJo01,Joseph Charlton,jax
P,0,0%,0,0%,6,1.37%,ScotJK00,JK Scott,jax
QB,1164,97.41%,0,0%,0,0%,MahoPa00,Patrick Mahomes,kan
QB,31,2.59%,0,0%,0,0%,HennCh01,Chad Henne,kan
RB,342,28.62%,0,0%,0,0%,EdwaCl00,Clyde Edwards-Helaire,kan
RB,568,47.53%,0,0%,82,19.16%,WillDa10,Darrel Williams,kan
RB,172,14.39%,0,0%,122,28.50%,McKiJe00,Jerick McKinnon,kan
RB,115,9.62%,0,0%,64,14.95%,GoreDe00,Derrick Gore,kan
FB,94,7.87%,0,0%,207,48.36%,BurtMi00,Michael Burton,kan
WR,867,72.55%,0,0%,1,.23%,HillTy00,Tyreek Hill,kan
WR,696,58.24%,0,0%,13,3.04%,RobiDe01,Demarcus Robinson,kan
WR,623,52.13%,0,0%,42,9.81%,HardMe00,Mecole Hardman,kan
WR,75,6.28%,0,0%,315,73.60%,KempMa00,Marcus Kemp,kan
WR,2,.17%,0,0%,36,8.41%,FounDa00,Daurice Fountain,kan
WR,586,49.04%,0,0%,134,31.31%,PrinBy00,Byron Pringle,kan
WR,219,18.33%,0,0%,0,0%,GordJo02,Josh Gordon,kan
"TE,WR",54,4.52%,0,0%,68,15.89%,FortJo01,Jody Fortson,kan
TE,926,77.49%,0,0%,0,0%,KelcTr00,Travis Kelce,kan
TE,322,26.95%,0,0%,155,36.21%,BellBl00,Blake Bell,kan
TE,289,24.18%,0,0%,280,65.42%,GrayNo00,Noah Gray,kan
TE,3,.25%,0,0%,0,0%,GrifNa00,Nakia Griffin-Stewart,kan
T,1128,94.39%,0,0%,81,18.93%,BrowOr00,Orlando Brown Jr.,kan
T,525,43.93%,0,0%,47,10.98%,NianLu00,Lucas Niang,kan
T,6,.50%,0,0%,0,0%,WanoTe00,Prince Tega Wanogho,kan
T,156,13.05%,0,0%,0,0%,RemmMi00,Mike Remmers,kan
G,1195,100.00%,0,0%,86,20.09%,SmitTr05,Trey Smith,kan
G,1185,99.16%,0,0%,62,14.49%,ThunJo00,Joe Thuney,kan
G,77,6.44%,0,0%,86,20.09%,AlleNi00,Nick Allegretti,kan
G,527,44.10%,0,0%,63,14.72%,WyliAn00,Andrew Wylie,kan
C,1185,99.16%,0,0%,85,19.86%,HumpCr00,Creed Humphrey,kan
C,12,1.00%,0,0%,6,1.40%,BlytAu00,Austin Blythe,kan
DE,0,0%,659,58.89%,0,0%,ClarFr01,Frank Clark,kan
DE,0,0%,534,47.72%,75,17.52%,DannMi00,Michael Danna,kan
DE,0,0%,463,41.38%,64,14.95%,OkafAl00,Alex Okafor,kan
DE,0,0%,46,4.11%,0,0%,KainJo00,Joshua Kaindoh,kan
DE,0,0%,17,1.52%,0,0%,HarrDe06,Demone Harris,kan
DT,0,0%,628,56.12%,5,1.17%,JoneCh09,Chris Jones,kan
DT,0,0%,713,63.72%,19,4.44%,ReedJa02,Jarran Reed,kan
DT,0,0%,502,44.86%,62,14.49%,WharTe00,Tershawn Wharton,kan
DT,0,0%,450,40.21%,67,15.65%,NnadDe00,Derrick Nnadi,kan
DT,0,0%,144,12.87%,0,0%,SaunKh00,Khalen Saunders,kan
DT,0,0%,3,.27%,0,0%,BrouCo00,Cortez Broughton,kan
LB,0,0%,624,55.76%,40,9.35%,BoltNi00,Nick Bolton,kan
LB,0,0%,598,53.44%,53,12.38%,HitcAn00,Anthony Hitchens,kan
LB,0,0%,557,49.78%,276,64.49%,NiemBe00,Ben Niemann,kan
LB,0,0%,437,39.05%,28,6.54%,GayJWi00,Willie Gay Jr.,kan
LB,0,0%,346,30.92%,0,0%,IngrMe00,Melvin Ingram,kan
LB,0,0%,24,2.14%,339,79.21%,ODanDo00,Dorian O'Daniel,kan
LB,0,0%,0,0%,10,2.34%,RozeCh00,Christian Rozeboom,kan
LB,0,0%,0,0%,54,12.62%,HarrDa07,Darius Harris,kan
CB,0,0%,918,82.04%,52,12.15%,SneeLJ00,L'Jarius Sneed,kan
CB,0,0%,753,67.29%,4,.93%,WardCh01,Charvarius Ward,kan
CB,0,0%,508,45.40%,164,38.32%,HughMi00,Mike Hughes,kan
CB,0,0%,211,18.86%,50,11.68%,BakeDe00,Deandre Baker,kan
CB,0,0%,9,.80%,26,6.07%,JackJo01,Josh Jackson,kan
CB,0,0%,13,1.16%,221,51.64%,LammCh00,Chris Lammons,kan
CB,0,0%,27,2.41%,19,4.44%,BootDi00,Dicaprio Bootle,kan
CB,0,0%,0,0%,62,14.49%,AndeZa02,Zayne Anderson,kan
CB,0,0%,533,47.63%,54,12.62%,FentRa00,Rashad Fenton,kan
SS,0,0%,998,89.19%,0,0%,MathTy00,Tyrann Mathieu,kan
SS,0,0%,45,4.02%,286,66.82%,WattAr00,Armani Watts,kan
FS,0,0%,698,62.38%,151,35.28%,SoreDa01,Daniel Sorensen,kan
FS,0,0%,852,76.14%,47,10.98%,ThorJu00,Juan Thornhill,kan
LS,0,0%,0,0%,126,29.44%,WincJa00,James Winchester,kan
K,0,0%,0,0%,16,3.74%,FryxEl01,Elliott Fry,kan
K,0,0%,0,0%,171,39.95%,ButkHa00,Harrison Butker,kan
P,0,0%,0,0%,10,2.34%,TownJo01,Johnny Townsend,kan
P,0,0%,0,0%,116,27.10%,TownTo01,Tommy Townsend,kan
QB,1127,98.86%,0,0%,0,0%,CarrDe02,Derek Carr,rai
QB,4,.35%,0,0%,0,0%,PeteNa00,Nathan Peterman,rai
QB,24,2.11%,0,0%,0,0%,MariMa01,Marcus Mariota,rai
RB,625,54.82%,0,0%,3,.63%,JacoJo01,Josh Jacobs,rai
RB,280,24.56%,0,0%,30,6.29%,DrakKe00,Kenyan Drake,rai
RB,116,10.18%,0,0%,26,5.45%,BarbPe01,Peyton Barber,rai
RB,9,.79%,0,0%,9,1.89%,RagaTr00,Trey Ragas,rai
RB,117,10.26%,0,0%,32,6.71%,RichJa01,Jalen Richard,rai
FB,136,11.93%,0,0%,145,30.40%,IngoAl01,Alec Ingold,rai
FB,44,3.86%,0,0%,77,16.14%,SmitSu00,Sutton Smith,rai
WR,334,29.30%,0,0%,17,3.56%,RuggHe00,Henry Ruggs III,rai
WR,811,71.14%,0,0%,6,1.26%,EdwaBr01,Bryan Edwards,rai
WR,758,66.49%,0,0%,75,15.72%,RenfHu00,Hunter Renfrow,rai
WR,640,56.14%,0,0%,99,20.75%,JoneZa00,Zay Jones,rai
WR,21,1.84%,0,0%,60,12.58%,StonDi00,Dillon Stoner,rai
WR,29,2.54%,0,0%,34,7.13%,JohnTy03,Tyron Johnson,rai
WR,203,17.81%,0,0%,0,0%,JackDe00,DeSean Jackson,rai
WR,38,3.33%,0,0%,38,7.97%,SneaWi00,Willie Snead,rai
WR,0,0%,0,0%,3,.63%,AtemMa00,Marcell Ateman,rai
TE,608,53.33%,0,0%,3,.63%,WallDa01,Darren Waller,rai
TE,748,65.61%,0,0%,260,54.51%,MoreFo00,Foster Moreau,rai
TE,45,3.95%,0,0%,112,23.48%,CarrDe00,Derek Carrier,rai
TE,11,.96%,0,0%,10,2.10%,BushMa00,Matt Bushman,rai
TE,40,3.51%,0,0%,39,8.18%,BoweNi00,Nick Bowers,rai
TE,60,5.26%,0,0%,115,24.11%,HelmDa01,Daniel Helm,rai
T,1105,96.93%,0,0%,73,15.30%,LeatAl00,Alex Leatherwood,rai
T,1140,100.00%,0,0%,76,15.93%,MillKo00,Kolton Miller,rai
T,882,77.37%,0,0%,75,15.72%,ParkBr01,Brandon Parker,rai
T,6,.53%,0,0%,0,0%,BartJa00,Jackson Barton,rai
G,1113,97.63%,0,0%,73,15.30%,SimpJo00,John Simpson,rai
G,266,23.33%,0,0%,67,14.05%,ElueJe00,Jermaine Eluemunor,rai
G,17,1.49%,0,0%,1,.21%,GoodDe01,Denzelle Good,rai
G,31,2.72%,0,0%,9,1.89%,SimmJo00,Jordan Simmons,rai
G,5,.44%,0,0%,6,1.26%,CottLe00,Lester Cotton,rai
C,1140,100.00%,0,0%,0,0%,JameAn01,Andre James,rai
C,7,.61%,0,0%,76,15.93%,MartNi00,Nick Martin,rai
DE,0,0%,925,79.88%,91,19.08%,CrosMa00,Maxx Crosby,rai
DE,0,0%,251,21.68%,101,21.17%,NassCa00,Carl Nassib,rai
DE,0,0%,834,72.02%,15,3.14%,NgakYa00,Yannick Ngakoue,rai
DE,0,0%,261,22.54%,99,20.75%,FerrCl00,Clelin Ferrell,rai
DE,0,0%,48,4.15%,18,3.77%,KoonMa00,Malcolm Koonce,rai
DT,0,0%,685,59.15%,90,18.87%,JeffQu00,Quinton Jefferson,rai
DT,0,0%,277,23.92%,18,3.77%,PhilDa01,Darius Philon,rai
DT,0,0%,19,1.64%,0,0%,VickKe00,Kendal Vickers,rai
DT,0,0%,554,47.84%,80,16.77%,ThomSo00,Solomon Thomas,rai
DT,0,0%,9,.78%,0,0%,McCoGe99,Gerald McCoy,rai
NT,0,0%,185,15.98%,5,1.05%,SquaDa00,Damion Square,rai
NT,0,0%,567,48.96%,66,13.84%,HankJo00,Johnathan Hankins,rai
LB,0,0%,661,57.08%,209,43.82%,LittCo01,Cory Littleton,rai
LB,0,0%,863,74.53%,0,0%,PerrDe00,Denzel Perryman,rai
LB,0,0%,425,36.70%,13,2.73%,WrigK.00,K.J. Wright,rai
LB,0,0%,66,5.70%,150,31.45%,KwiaNi00,Nick Kwiatkoski,rai
LB,0,0%,296,25.56%,254,53.25%,DeabDi00,Divine Deablo,rai
LB,0,0%,33,2.85%,240,50.31%,LeexMa01,Marquel Lee,rai
LB,0,0%,4,.35%,45,9.43%,WilbKy00,Kyle Wilber,rai
LB,0,0%,1,.09%,92,19.29%,OnwuPa00,Patrick Onwuasor,rai
LB,0,0%,0,0%,32,6.71%,CompWi00,William Compton,rai
LB,0,0%,0,0%,11,2.31%,WhitJa04,Javin White,rai
CB,0,0%,229,19.78%,12,2.52%,MullTr00,Trayvon Mullen,rai
CB,0,0%,1091,94.21%,45,9.43%,HaywCa00,Casey Hayward,rai
CB,0,0%,837,72.28%,171,35.85%,HobbNa00,Nate Hobbs,rai
CB,0,0%,176,15.20%,10,2.10%,TrufDe00,Desmond Trufant,rai
CB,0,0%,195,16.84%,125,26.21%,TeamRo00,Roderic Teamer,rai
CB,0,0%,80,6.91%,157,32.91%,NixoKe00,Keisean Nixon,rai
CB,0,0%,137,11.83%,59,12.37%,RobeAm00,Amik Robertson,rai
CB,0,0%,601,51.90%,116,24.32%,FacyBr00,Brandon Facyson,rai
CB,0,0%,60,5.18%,14,2.94%,ArneDa00,Damon Arnette,rai
SS,0,0%,954,82.38%,98,20.55%,AbraJo01,Johnathan Abram,rai
SS,0,0%,13,1.12%,150,31.45%,GillTy00,Tyree Gillespie,rai
SS,0,0%,0,0%,13,2.73%,ClinHa00,Ha Ha Clinton-Dix,rai
FS,0,0%,1152,99.48%,190,39.83%,MoehTr00,Tre'von Moehrig,rai
FS,0,0%,249,21.50%,348,72.96%,LeavDa00,Dallin Leavitt,rai
FS,0,0%,0,0%,8,1.68%,FrazKa00,Kavon Frazier,rai
LS,0,0%,0,0%,135,28.30%,SiegTr00,Trent Sieg,rai
LS,0,0%,0,0%,7,1.47%,TinkCa00,Carson Tinker,rai
K,0,0%,0,0%,163,34.17%,CarlDa00,Daniel Carlson,rai
P,0,0%,0,0%,142,29.77%,ColeAJ01,AJ Cole III,rai
QB,1191,99.58%,0,0%,0,0%,HerbJu00,Justin Herbert,sdg
QB,5,.42%,0,0%,0,0%,DaniCh00,Chase Daniel,sdg
RB,731,61.12%,0,0%,0,0%,EkelAu00,Austin Ekeler,sdg
RB,107,8.95%,0,0%,123,27.46%,RounLa00,Larry Rountree,sdg
RB,139,11.62%,0,0%,14,3.13%,KellJo01,Joshua Kelley,sdg
RB,231,19.31%,0,0%,125,27.90%,JackJu01,Justin Jackson,sdg
"FB,RB",46,3.85%,0,0%,140,31.25%,NabeGa00,Gabe Nabers,sdg
RB,7,.59%,0,0%,25,5.58%,BradDa00,Darius Bradwell,sdg
WR,972,81.27%,0,0%,0,0%,AlleKe00,Keenan Allen,sdg
WR,896,74.92%,0,0%,3,.67%,WillMi07,Mike Williams,sdg
WR,613,51.25%,0,0%,57,12.72%,GuytJa01,Jalen Guyton,sdg
WR,10,.84%,0,0%,6,1.34%,BandMi00,Michael Bandy,sdg
WR,53,4.43%,0,0%,17,3.79%,MoorJa02,Jason Moore,sdg
WR,458,38.29%,0,0%,79,17.63%,PalmJo00,Josh Palmer,sdg
WR,14,1.17%,0,0%,19,4.24%,HillKJ00,K.J. Hill,sdg
WR,7,.59%,0,0%,88,19.64%,RobeAn00,Andre Roberts,sdg
WR,2,.17%,0,0%,14,3.13%,FfreMa00,Maurice Ffrench,sdg
TE,644,53.85%,0,0%,0,0%,CookJa02,Jared Cook,sdg
TE,398,33.28%,0,0%,60,13.39%,ParhDo00,Donald Parham,sdg
TE,345,28.85%,0,0%,234,52.23%,AndeSt01,Stephen Anderson,sdg
TE,237,19.82%,0,0%,34,7.59%,McKiTr00,Tre' McKitty,sdg
TE,3,.25%,0,0%,0,0%,KampHu00,Hunter Kampmoyer,sdg
T,1116,93.31%,0,0%,72,16.07%,SlatRa00,Rashawn Slater,sdg
T,45,3.76%,0,0%,3,.67%,BulaBr20,Bryan Bulaga,sdg
T,1079,90.22%,0,0%,76,16.96%,NortSt00,Storm Norton,sdg
T,174,14.55%,0,0%,42,9.38%,PipkTr00,Trey Pipkins,sdg
G,1120,93.65%,0,0%,74,16.52%,FeilMa00,Matt Feiler,sdg
G,298,24.92%,0,0%,17,3.79%,AbouOd00,Oday Aboushi,sdg
G,908,75.92%,0,0%,67,14.96%,SchoMi00,Michael Schofield,sdg
G,5,.42%,0,0%,49,10.94%,JaimBr00,Brenden Jaimes,sdg
G,110,9.20%,0,0%,37,8.26%,KeleSe00,Senio Kelemete,sdg
C,1077,90.05%,0,0%,0,0%,LinsCo00,Corey Linsley,sdg
C,115,9.62%,0,0%,66,14.73%,QuesSc00,Scott Quessenberry,sdg
"DE,LB",0,0%,848,72.91%,2,.45%,BosaJo00,Joey Bosa,sdg
"DE,LB",0,0%,782,67.24%,9,2.01%,NwosUc00,Uchenna Nwosu,sdg
"DE,LB",0,0%,176,15.13%,333,74.33%,RumpCh00,Chris Rumph,sdg
DE,0,0%,215,18.49%,64,14.29%,GaziJo01,Joe Gaziano,sdg
DT,0,0%,860,73.95%,51,11.38%,TillJe00,Jerry Tillery,sdg
DT,0,0%,487,41.87%,23,5.13%,JoneJu03,Justin Jones,sdg
DT,0,0%,34,2.92%,4,.89%,BankEr00,Eric Banks,sdg
DT,0,0%,36,3.10%,21,4.69%,MerrFo00,Forrest Merrill,sdg
NT,0,0%,551,47.38%,58,12.95%,JoseLi99,Linval Joseph,sdg
NT,0,0%,524,45.06%,75,16.74%,CoviCh00,Christian Covington,sdg
NT,0,0%,12,1.03%,1,.22%,BrowAn05,Andrew Brown,sdg
NT,0,0%,122,10.49%,65,14.51%,FehoBr01,Breiden Fehoko,sdg
LB,0,0%,364,31.30%,1,.22%,MurrKe00,Kenneth Murray,sdg
LB,0,0%,981,84.35%,29,6.47%,WhitKy00,Kyzir White,sdg
LB,0,0%,382,32.85%,85,18.97%,FackKy00,Kyler Fackrell,sdg
LB,0,0%,561,48.24%,142,31.70%,TranDr00,Drue Tranquill,sdg
LB,0,0%,0,0%,51,11.38%,ChriCo00,Cole Christiansen,sdg
LB,0,0%,66,5.67%,365,81.47%,NiemNi00,Nick Niemann,sdg
LB,0,0%,110,9.46%,260,58.04%,OgboAm00,Amen Ogbongbemiga,sdg
LB,0,0%,40,3.44%,15,3.35%,EgbuEm00,Emeke Egbule,sdg
CB,0,0%,853,73.34%,13,2.90%,DaviMi03,Michael Davis,sdg
CB,0,0%,749,64.40%,0,0%,HarrCh01,Chris Harris Jr.,sdg
CB,0,0%,693,59.59%,71,15.85%,SamuAs00,Asante Samuel Jr.,sdg
CB,0,0%,73,6.28%,69,15.40%,HarrDa05,Davontae Harris,sdg
CB,0,0%,11,.95%,8,1.79%,BassEs01,Essang Bassey,sdg
CB,0,0%,679,58.38%,192,42.86%,CampTe00,Tevaughn Campbell,sdg
CB,0,0%,21,1.81%,301,67.19%,HallKe01,Kemon Hall,sdg
CB,0,0%,54,4.64%,59,13.17%,SmitRy00,Ryan Smith,sdg
CB,0,0%,0,0%,28,6.25%,ThomKi00,Kiondre Thomas,sdg
SS,0,0%,355,30.52%,207,46.21%,GilmAl00,Alohi Gilman,sdg
SS,0,0%,197,16.94%,182,40.63%,MarsTr00,Trey Marshall,sdg
FS,0,0%,962,82.72%,3,.67%,JameDe00,Derwin James,sdg
FS,0,0%,989,85.04%,76,16.96%,AddeNa00,Nasir Adderley,sdg
FS,0,0%,6,.52%,68,15.18%,WebbMa01,Mark Webb,sdg
DB,0,0%,1,.09%,23,5.13%,DeLuBe00,Ben DeLuca,sdg
LS,0,0%,0,0%,127,28.35%,OverMa00,Matt Overton,sdg
K,0,0%,0,0%,54,12.05%,VizcTr00,Tristan Vizcaino,sdg
K,0,0%,0,0%,122,27.23%,HopkDu00,Dustin Hopkins,sdg
P,0,0%,0,0%,127,28.35%,LongTy00,Ty Long,sdg
QB,1065,97.80%,0,0%,0,0%,StafMa00,Matthew Stafford,ram
QB,24,2.20%,0,0%,0,0%,WolfJo00,John Wolford,ram
RB,507,46.56%,0,0%,0,0%,HendDa00,Darrell Henderson,ram
RB,6,.55%,0,0%,162,35.06%,HoweGr00,Buddy Howell,ram
RB,13,1.19%,0,0%,0,0%,AkerCa00,Cam Akers,ram
RB,20,1.84%,0,0%,128,27.71%,FunkJa00,Jake Funk,ram
RB,2,.18%,0,0%,21,4.55%,SargMe00,Mekhi Sargent,ram
RB,538,49.40%,0,0%,21,4.55%,MichSo00,Sony Michel,ram
WR,1024,94.03%,0,0%,60,12.99%,KuppCo00,Cooper Kupp,ram
WR,543,49.86%,0,0%,5,1.08%,WoodRo02,Robert Woods,ram
WR,875,80.35%,0,0%,5,1.08%,JeffVa00,Van Jefferson,ram
WR,376,34.53%,0,0%,0,0%,BeckOd00,Odell Beckham Jr.,ram
WR,100,9.18%,0,0%,2,.43%,JackDe00,DeSean Jackson,ram
WR,1,.09%,0,0%,25,5.41%,AkerLa00,Landen Akers,ram
WR,178,16.35%,0,0%,200,43.29%,SkowBe00,Ben Skowronek,ram
WR,0,0%,0,0%,47,10.17%,KoskJJ00,J.J. Koski,ram
WR,3,.28%,0,0%,59,12.77%,PoweBr00,Brandon Powell,ram
WR,10,.92%,0,0%,27,5.84%,AtweTu00,Tutu Atwell,ram
TE,883,81.08%,0,0%,73,15.80%,HigbTy00,Tyler Higbee,ram
TE,100,9.18%,0,0%,81,17.53%,MundJo00,Johnny Mundt,ram
TE,15,1.38%,0,0%,137,29.65%,HarrJa03,Jacob Harris,ram
TE,148,13.59%,0,0%,70,15.15%,BlanKe01,Kendall Blanton,ram
TE,59,5.42%,0,0%,26,5.63%,HopkBr01,Brycen Hopkins,ram
T,956,87.79%,0,0%,74,16.02%,HaveRo00,Rob Havenstein,ram
T,926,85.03%,0,0%,0,0%,WhitAn20,Andrew Whitworth,ram
T,61,5.60%,0,0%,16,3.46%,JackAl01,Alaric Jackson,ram
T,173,15.89%,0,0%,74,16.02%,NoteJo00,Joseph Noteboom,ram
G,1085,99.63%,0,0%,82,17.75%,EdwaDa01,David Edwards,ram
G,1080,99.17%,0,0%,84,18.18%,CorbAu00,Austin Corbett,ram
G,90,8.26%,0,0%,37,8.01%,EvanBo00,Bobby Evans,ram
G,215,19.74%,0,0%,84,18.18%,ShelCo00,Coleman Shelton,ram
C,903,82.92%,0,0%,51,11.04%,AlleBr02,Brian Allen,ram
DE,0,0%,96,8.25%,41,8.87%,WillJo16,Jonah Williams,ram
DT,0,0%,1041,89.51%,0,0%,DonaAa00,Aaron Donald,ram
DT,0,0%,516,44.37%,90,19.48%,RobiAS00,A'Shawn Robinson,ram
DT,0,0%,108,9.29%,51,11.04%,CopeMa01,Marquise Copeland,ram
DT,0,0%,110,9.46%,298,64.50%,HoecMi00,Michael Hoecht,ram
NT,0,0%,341,29.32%,0,0%,JoseSe00,Sebastian Joseph-Day,ram
NT,0,0%,780,67.07%,33,7.14%,GainGr00,Greg Gaines,ram
NT,0,0%,22,1.89%,47,10.17%,BrowBo04,Bobby Brown,ram
LB,0,0%,384,33.02%,0,0%,YounKe03,Kenny Young,ram
LB,0,0%,932,80.14%,0,0%,FloyLe00,Leonard Floyd,ram
LB,0,0%,223,19.17%,27,5.84%,HollJu00,Justin Hollins,ram
LB,0,0%,434,37.32%,0,0%,MillVo00,Von Miller,ram
LB,0,0%,255,21.93%,64,13.85%,OkorOg00,Ogbonnia Okoronkwo,ram
LB,0,0%,681,58.56%,286,61.90%,ReedTr01,Troy Reeder,ram
LB,0,0%,0,0%,179,38.74%,RozeCh00,Christian Rozeboom,ram
LB,0,0%,18,1.55%,14,3.03%,LawlJu00,Justin Lawler,ram
LB,0,0%,367,31.56%,0,0%,LewiTe00,Terrell Lewis,ram
LB,0,0%,0,0%,17,3.68%,KiseMi00,Micah Kiser,ram
LB,0,0%,101,8.68%,211,45.67%,HowaTr00,Travin Howard,ram
LB,0,0%,440,37.83%,141,30.52%,JoneEr01,Ernest Jones,ram
LB,0,0%,4,.34%,6,1.30%,GarrCh00,Chris Garrett,ram
LB,0,0%,51,4.39%,206,44.59%,JoneJa11,Jamir Jones,ram
CB,0,0%,1037,89.17%,60,12.99%,RamsJa00,Jalen Ramsey,ram
CB,0,0%,925,79.54%,0,0%,WillDa09,Darious Williams,ram
CB,0,0%,461,39.64%,1,.22%,DeayDo01,Donte Deayon,ram
CB,0,0%,40,3.44%,14,3.03%,OrrxKa00,Kareem Orr,ram
CB,0,0%,516,44.37%,58,12.55%,LongDa02,David Long,ram
CB,0,0%,234,20.12%,39,8.44%,RochRo00,Robert Rochell,ram
CB,0,0%,0,0%,41,8.87%,HallTy01,Tyler Hall,ram
CB,0,0%,0,0%,64,13.85%,HaleGr00,Grant Haley,ram
SS,0,0%,1029,88.48%,0,0%,FullJo01,Jordan Fuller,ram
SS,0,0%,413,35.51%,358,77.49%,ScotNi01,Nick Scott,ram
SS,0,0%,0,0%,30,6.49%,GervJa00,Jake Gervase,ram
SS,0,0%,0,0%,11,2.38%,ReedJR01,J.R. Reed,ram
FS,0,0%,1114,95.79%,54,11.69%,RappTa00,Taylor Rapp,ram
FS,0,0%,90,7.74%,303,65.58%,BurgTe00,Terrell Burgess,ram
FS,0,0%,29,2.49%,72,15.58%,HughJu00,Juju Hughes,ram
DB,0,0%,0,0%,139,30.09%,BrooAn00,Antoine Brooks Jr.,ram
LS,0,0%,0,0%,139,30.09%,OrzeMa00,Matthew Orzech,ram
K,0,0%,0,0%,186,40.26%,GayxMa00,Matt Gay,ram
P,0,0%,0,0%,139,30.09%,HekkJo00,Johnny Hekker,ram
QB,788,79.52%,0,0%,0,0%,WilsRu00,Russell Wilson,sea
QB,203,20.48%,0,0%,0,0%,SmitGe00,Geno Smith,sea
RB,124,12.51%,0,0%,0,0%,CarsCh00,Chris Carson,sea
RB,181,18.26%,0,0%,260,55.91%,HomeTr00,Travis Homer,sea
RB,161,16.25%,0,0%,290,62.37%,DallDe00,DeeJay Dallas,sea
RB,18,1.82%,0,0%,0,0%,PeteAd01,Adrian Peterson,sea
RB,0,0%,0,0%,38,8.17%,JohnJo06,Josh Johnson,sea
RB,253,25.53%,0,0%,0,0%,PennRa00,Rashaad Penny,sea
RB,257,25.93%,0,0%,0,0%,CollAl00,Alex Collins,sea
"FB,LB",19,1.92%,0,0%,318,68.39%,BellNi01,Nick Bellore,sea
WR,820,82.74%,0,0%,7,1.51%,MetcDK00,D.K. Metcalf,sea
WR,813,82.04%,0,0%,7,1.51%,LockTy00,Tyler Lockett,sea
WR,592,59.74%,0,0%,120,25.81%,SwaiFr00,Freddie Swain,sea
WR,187,18.87%,0,0%,6,1.29%,EskrDW00,D'Wayne Eskridge,sea
WR,4,.40%,0,0%,47,10.11%,ThomCo04,Cody Thompson,sea
WR,142,14.33%,0,0%,209,44.95%,HartPe01,Penny Hart,sea
WR,12,1.21%,0,0%,0,0%,DorsPh00,Phillip Dorsett,sea
WR,1,.10%,0,0%,2,.43%,FullAa01,Aaron Fuller,sea
TE,512,51.66%,0,0%,181,38.92%,DissWi00,Will Dissly,sea
TE,187,18.87%,0,0%,139,29.89%,ParkCo02,Colby Parkinson,sea
TE,650,65.59%,0,0%,0,0%,EverGe00,Gerald Everett,sea
TE,22,2.22%,0,0%,81,17.42%,MabrTy00,Tyler Mabry,sea
T,551,55.60%,0,0%,34,7.31%,ShelBr00,Brandon Shell,sea
T,970,97.88%,0,0%,0,0%,BrowDu20,Duane Brown,sea
T,48,4.84%,0,0%,4,.86%,OgbuCe00,Cedric Ogbuehi,sea
T,14,1.41%,0,0%,44,9.46%,ForsSt00,Stone Forsythe,sea
T,163,16.45%,0,0%,45,9.68%,JoneJa08,Jamarco Jones,sea
T,405,40.87%,0,0%,66,14.19%,CurhJa00,Jake Curhan,sea
G,923,93.14%,0,0%,63,13.55%,JackGa00,Gabe Jackson,sea
G,697,70.33%,0,0%,48,10.32%,LewiDa05,Damien Lewis,sea
G,447,45.11%,0,0%,34,7.31%,FullKy01,Kyle Fuller,sea
G,136,13.72%,0,0%,28,6.02%,HaynPh00,Phil Haynes,sea
C,601,60.65%,0,0%,17,3.66%,PociEt00,Ethan Pocic,sea
C,0,0%,0,0%,37,7.96%,ShepDa01,Dakoda Shepley,sea
DE,0,0%,846,66.82%,78,16.77%,GreeRa01,Rasheem Green,sea
DE,0,0%,506,39.97%,74,15.91%,HydeKe01,Kerry Hyder,sea
DE,0,0%,543,42.89%,125,26.88%,TaylDa00,Darrell Taylor,sea
DE,0,0%,218,17.22%,38,8.17%,CollLJ00,L.J. Collier,sea
DE,0,0%,371,29.30%,81,17.42%,RobiAl03,Alton Robinson,sea
DT,0,0%,230,18.17%,19,4.09%,NkemRo00,Robert Nkemdiche,sea
DT,0,0%,619,48.89%,73,15.70%,WoodAl99,Al Woods,sea
DT,0,0%,33,2.61%,0,0%,AdamMy00,Myles Adams,sea
NT,0,0%,802,63.35%,74,15.91%,FordPo00,Poona Ford,sea
NT,0,0%,396,31.28%,29,6.24%,MoneBr00,Bryan Mone,sea
LB,0,0%,1128,89.10%,68,14.62%,WagnBo00,Bobby Wagner,sea
LB,0,0%,1107,87.44%,118,25.38%,BrooJo01,Jordyn Brooks,sea
LB,0,0%,481,37.99%,5,1.08%,DunlCa99,Carlos Dunlap,sea
LB,0,0%,509,40.21%,7,1.51%,MayoBe00,Benson Mayowa,sea
LB,0,0%,189,14.93%,305,65.59%,BartCo00,Cody Barton,sea
LB,0,0%,0,0%,54,11.61%,RobiEd00,Edmond Robinson,sea
LB,0,0%,0,0%,250,53.76%,RhatJo00,Jon Rhattigan,sea
LB,0,0%,0,0%,100,21.51%,MuseTa00,Tanner Muse,sea
CB,0,0%,239,18.88%,54,11.61%,FlowTr01,Tre Flowers,sea
CB,0,0%,1000,78.99%,35,7.53%,ReedD.00,D.J. Reed,sea
CB,0,0%,25,1.97%,18,3.87%,JackMi01,Michael Jackson,sea
CB,0,0%,728,57.50%,82,17.63%,JoneSi00,Sidney Jones,sea
CB,0,0%,132,10.43%,72,15.48%,ReidJo00,John Reid,sea
CB,0,0%,149,11.77%,52,11.18%,AustBl00,Blessuan Austin,sea
SS,0,0%,872,68.88%,0,0%,AdamJa00,Jamal Adams,sea
SS,0,0%,433,34.20%,288,61.94%,NealRy00,Ryan Neal,sea
SS,0,0%,52,4.11%,42,9.03%,JoneJo06,Josh Jones,sea
FS,0,0%,1228,97.00%,4,.86%,DiggQu00,Quandre Diggs,sea
FS,0,0%,691,54.58%,227,48.82%,AmadUg00,Ugo Amadi,sea
FS,0,0%,119,9.40%,66,14.19%,BlaiMa01,Marquise Blair,sea
DB,0,0%,255,20.14%,11,2.37%,BrowTr03,Tre Brown,sea
DB,0,0%,4,.32%,30,6.45%,HeslGa00,Gavin Heslop,sea
DB,0,0%,19,1.50%,39,8.39%,WarrNi01,Nigel Warrior,sea
LS,0,0%,0,0%,157,33.76%,OttxTy00,Tyler Ott,sea
K,0,0%,0,0%,153,32.90%,MyerJa00,Jason Myers,sea
P,0,0%,0,0%,158,33.98%,DickMi00,Michael Dickson,sea
QB,913,83.68%,0,0%,0,0%,GaroJi00,Jimmy Garoppolo,sfo
QB,178,16.32%,0,0%,0,0%,LancTr00,Trey Lance,sfo
RB,441,40.42%,0,0%,3,.67%,MitcEl00,Elijah Mitchell,sfo
RB,228,20.90%,0,0%,36,8.05%,WilsJe01,Jeff Wilson,sfo
RB,153,14.02%,0,0%,115,25.73%,HastJa02,Jamycal Hasty,sfo
RB,6,.55%,0,0%,18,4.03%,PatrJa01,Jacques Patrick,sfo
RB,0,0%,0,0%,46,10.29%,HillBr02,Brian Hill,sfo
RB,2,.18%,0,0%,160,35.79%,CannTr00,Trenton Cannon,sfo
RB,0,0%,0,0%,9,2.01%,JohnKe06,Kerryon Johnson,sfo
RB,4,.37%,0,0%,0,0%,MostRa00,Raheem Mostert,sfo
RB,107,9.81%,0,0%,51,11.41%,SermTr00,Trey Sermon,sfo
FB,610,55.91%,0,0%,78,17.45%,JuszKy00,Kyle Juszczyk,sfo
WR,829,75.99%,0,0%,9,2.01%,SamuDe00,Deebo Samuel,sfo
WR,265,24.29%,0,0%,194,43.40%,SherTr00,Trent Sherfield,sfo
WR,906,83.04%,0,0%,56,12.53%,AiyuBr00,Brandon Aiyuk,sfo
WR,240,22.00%,0,0%,22,4.92%,SanuMo00,Mohamed Sanu,sfo
WR,40,3.67%,0,0%,11,2.46%,BenjTr00,Travis Benjamin,sfo
WR,0,0%,0,0%,89,19.91%,CracRi00,River Cracraft,sfo
WR,337,30.89%,0,0%,25,5.59%,JennJa00,Jauan Jennings,sfo
WR,0,0%,0,0%,4,.89%,MattJo00,Jordan Matthews,sfo
TE,840,76.99%,0,0%,5,1.12%,KittGe00,George Kittle,sfo
TE,249,22.82%,0,0%,328,73.38%,WoerCh00,Charlie Woerner,sfo
TE,195,17.87%,0,0%,188,42.06%,DwelRo00,Ross Dwelley,sfo
TE,1,.09%,0,0%,7,1.57%,HudsTa00,Tanner Hudson,sfo
T,70,6.42%,0,0%,0,0%,McKiCo00,Colton McKivitz,sfo
T,466,42.71%,0,0%,30,6.71%,McGlMi00,Mike McGlinchey,sfo
T,933,85.52%,0,0%,0,0%,WillTr21,Trent Williams,sfo
T,145,13.29%,0,0%,12,2.68%,MoorJa04,Jaylon Moore,sfo
T,570,52.25%,0,0%,78,17.45%,CompTo00,Tom Compton,sfo
G,1091,100.00%,0,0%,78,17.45%,TomlLa01,Laken Tomlinson,sfo
G,1086,99.54%,0,0%,78,17.45%,BrunDa00,Daniel Brunskill,sfo
G,5,.46%,0,0%,44,9.84%,BankAa00,Aaron Banks,sfo
C,1085,99.45%,0,0%,0,0%,MackAl20,Alex Mack,sfo
C,6,.55%,0,0%,70,15.66%,BrenJa01,Jake Brendel,sfo
DE,0,0%,820,75.58%,156,34.90%,ArmsAr01,Arik Armstead,sfo
DE,0,0%,555,51.15%,72,16.11%,EbukSa00,Samson Ebukam,sfo
DE,0,0%,841,77.51%,14,3.13%,BosaNi00,Nick Bosa,sfo
DE,0,0%,374,34.47%,85,19.02%,KeyxAr00,Arden Key,sfo
DE,0,0%,351,32.35%,28,6.26%,StreKe00,Kentavius Street,sfo
DE,0,0%,106,9.77%,5,1.12%,FordDe00,Dee Ford,sfo
DE,0,0%,155,14.29%,59,13.20%,WillJo09,Jordan Willis,sfo
DE,0,0%,136,12.53%,28,6.26%,OmenCh00,Charles Omenihu,sfo
DT,0,0%,550,50.69%,141,31.54%,JoneD.01,D.J. Jones,sfo
DT,0,0%,230,21.20%,5,1.12%,GiveKe01,Kevin Givens,sfo
DT,0,0%,149,13.73%,14,3.13%,KinlJa00,Javon Kinlaw,sfo
DT,0,0%,58,5.35%,0,0%,KerrZa00,Zach Kerr,sfo
DT,0,0%,41,3.78%,0,0%,HursMa00,Maurice Hurst Jr.,sfo
LB,0,0%,978,90.14%,17,3.80%,WarnFr00,Fred Warner,sfo
LB,0,0%,730,67.28%,25,5.59%,AlShAz00,Azeez Al-Shaair,sfo
LB,0,0%,163,15.02%,336,75.17%,FlanDe00,Demetrius Flannigan-Fowles,sfo
LB,0,0%,113,10.41%,0,0%,GreeDr00,Dre Greenlaw,sfo
LB,0,0%,1,.09%,95,21.25%,AdamTy00,Tyrell Adams,sfo
LB,0,0%,0,0%,40,8.95%,NzeoMa00,Mark Nzeocha,sfo
LB,0,0%,336,30.97%,250,55.93%,HarrMa03,Marcell Harris,sfo
LB,0,0%,0,0%,15,3.36%,MarcJu00,Justin March,sfo
LB,0,0%,0,0%,37,8.28%,RobiCu00,Curtis Robinson,sfo
CB,0,0%,237,21.84%,161,36.02%,LenoDe00,Deommodore Lenoir,sfo
CB,0,0%,602,55.48%,5,1.12%,MoseEm00,Emmanuel Moseley,sfo
CB,0,0%,648,59.72%,11,2.46%,WillKW00,K'Waun Williams,sfo
CB,0,0%,60,5.53%,0,0%,VerrJa00,Jason Verrett,sfo
CB,0,0%,766,70.60%,13,2.91%,NormJo01,Josh Norman,sfo
CB,0,0%,260,23.96%,269,60.18%,JohnDo02,Dontae Johnson,sfo
CB,0,0%,21,1.94%,10,2.24%,DennDa00,Darqueze Dennard,sfo
CB,0,0%,0,0%,11,2.46%,SmitSa02,Saivion Smith,sfo
CB,0,0%,0,0%,10,2.24%,HarrDa05,Davontae Harris,sfo
CB,0,0%,95,8.76%,48,10.74%,KirkDr00,Dre Kirkpatrick,sfo
CB,0,0%,0,0%,3,.67%,SkriBu00,Buster Skrine,sfo
SS,0,0%,727,67.00%,43,9.62%,TartJa00,Jaquiski Tartt,sfo
SS,0,0%,395,36.41%,237,53.02%,HufaTa00,Talanoa Hufanga,sfo
SS,0,0%,102,9.40%,94,21.03%,WilsTa00,Tavon Wilson,sfo
SS,0,0%,0,0%,15,3.36%,NacuKa00,Kai Nacua,sfo
SS,0,0%,8,.74%,68,15.21%,WilsJa00,Jarrod Wilson,sfo
SS,0,0%,2,.18%,21,4.70%,JeffTo00,Tony Jefferson,sfo
FS,0,0%,992,91.43%,91,20.36%,WardJi01,Jimmie Ward,sfo
"CB,DB",0,0%,333,30.69%,101,22.60%,ThomAm00,Ambry Thomas,sfo
LS,0,0%,0,0%,137,30.65%,PeppTa00,Taybor Pepper,sfo
K,0,0%,0,0%,86,19.24%,gouldrob01,Robbie Gould,sfo
K,0,0%,0,0%,27,6.04%,SlyeJo00,Joey Slye,sfo
P,0,0%,0,0%,184,41.16%,WishMi00,Mitch Wishnowsky,sfo
QB,1139,96.28%,0,0%,0,0%,BradTo00,Tom Brady,tam
QB,44,3.72%,0,0%,1,.21%,GabbBl00,Blaine Gabbert,tam
RB,623,52.66%,0,0%,0,0%,FourLe00,Leonard Fournette,tam
RB,146,12.34%,0,0%,82,17.12%,BernGi00,Giovani Bernard,tam
RB,111,9.38%,0,0%,160,33.40%,VaugKe00,Ke'Shawn Vaughn,tam
RB,9,.76%,0,0%,20,4.18%,BarnKe00,Kenjon Barner,tam
RB,219,18.51%,0,0%,0,0%,JoneRo01,Ronald Jones II,tam
RB,52,4.40%,0,0%,0,0%,BellLe00,Le'Veon Bell,tam
WR,833,70.41%,0,0%,0,0%,GodwCh00,Chris Godwin,tam
WR,915,77.35%,0,0%,0,0%,EvanMi00,Mike Evans,tam
WR,268,22.65%,0,0%,1,.21%,BrowAn04,Antonio Brown,tam
WR,19,1.61%,0,0%,69,14.41%,MickJa01,Jaydon Mickens,tam
WR,0,0%,0,0%,19,3.97%,WatsJu01,Justin Watson,tam
WR,89,7.52%,0,0%,84,17.54%,DardJa00,Jaelon Darden,tam
WR,127,10.74%,0,0%,25,5.22%,GrayCy01,Cyril Grayson,tam
WR,612,51.73%,0,0%,89,18.58%,JohnTy00,Tyler Johnson,tam
WR,135,11.41%,0,0%,28,5.85%,MillSc01,Scott Miller,tam
WR,153,12.93%,0,0%,1,.21%,PerrBr02,Breshad Perriman,tam
TE,634,53.59%,0,0%,0,0%,GronRo00,Rob Gronkowski,tam
TE,469,39.64%,0,0%,6,1.25%,BratCa00,Cameron Brate,tam
TE,14,1.18%,0,0%,14,2.92%,YeldDe00,Deon Yelder,tam
TE,16,1.35%,0,0%,11,2.30%,McElCo00,Codey McElroy,tam
TE,365,30.85%,0,0%,13,2.71%,HowaO.00,O.J. Howard,tam
TE,9,.76%,0,0%,1,.21%,FellDa01,Darren Fells,tam
T,1183,100.00%,0,0%,90,18.79%,WirfTr00,Tristan Wirfs,tam
T,1148,97.04%,0,0%,89,18.58%,SmitDo02,Donovan Smith,tam
T,31,2.62%,0,0%,35,7.31%,HainRo00,Robert Hainsey,tam
T,124,10.48%,0,0%,90,18.79%,WellJo02,Josh Wells,tam
G,1183,100.00%,0,0%,90,18.79%,CappAl00,Alex Cappa,tam
G,1038,87.74%,0,0%,79,16.49%,MarpAl00,Ali Marpet,tam
G,60,5.07%,0,0%,0,0%,LeveNi00,Nick Leverett,tam
G,90,7.61%,0,0%,8,1.67%,StinAa00,Aaron Stinnie,tam
C,1152,97.38%,0,0%,0,0%,JensRy00,Ryan Jensen,tam
DE,0,0%,601,52.67%,0,0%,PierJa99,Jason Pierre-Paul,tam
DE,0,0%,717,62.84%,0,0%,SuhxNd99,Ndamukong Suh,tam
DE,0,0%,507,44.43%,78,16.28%,GholWi00,William Gholston,tam
DE,0,0%,45,3.94%,344,71.82%,OConPa00,Pat O'Connor,tam
DE,0,0%,9,.79%,1,.21%,PotoBe00,Benning Potoa'e,tam
DT,0,0%,415,36.37%,160,33.40%,NuneRa00,Rakeem Nunez-Roches,tam
NT,3,.25%,607,53.20%,95,19.83%,VeaxVi00,Vita Vea,tam
NT,0,0%,253,22.17%,21,4.38%,McLeSt00,Steve McLendon,tam
LB,0,0%,1079,94.57%,57,11.90%,WhitDe02,Devin White,tam
LB,0,0%,787,68.97%,12,2.51%,DaviLa00,Lavonte David,tam
LB,0,0%,767,67.22%,9,1.88%,BarrSh00,Shaquil Barrett,tam
LB,0,0%,560,49.08%,144,30.06%,TryoJo00,Joe Tryon-Shoyinka,tam
LB,0,0%,358,31.38%,333,69.52%,NelsAn01,Anthony Nelson,tam
LB,0,0%,331,29.01%,199,41.54%,MintKe00,Kevin Minter,tam
LB,0,0%,26,2.28%,311,64.93%,StuaGr00,Grant Stuard,tam
LB,0,0%,28,2.45%,324,67.64%,BritKJ00,K.J. Britt,tam
LB,0,0%,100,8.76%,233,48.64%,GillCa00,Cam Gill,tam
CB,0,0%,638,55.92%,69,14.41%,DaviCa02,Carlton Davis,tam
CB,0,0%,685,60.04%,56,11.69%,DeanJa00,Jamel Dean,tam
CB,0,0%,474,41.54%,247,51.57%,CockRo00,Ross Cockrell,tam
CB,0,0%,140,12.27%,4,.84%,SherRi00,Richard Sherman,tam
CB,0,0%,308,26.99%,154,32.15%,DesiPi00,Pierre Desir,tam
CB,0,0%,213,18.67%,276,57.62%,DelaDe00,Dee Delaney,tam
CB,0,0%,25,2.19%,120,25.05%,RobiRa00,Rashard Robinson,tam
CB,0,0%,461,40.40%,39,8.14%,BuntSe00,Sean Murphy-Bunting,tam
CB,0,0%,0,0%,15,3.13%,WrehBl00,Blidi Wreh-Wilson,tam
SS,0,0%,796,69.76%,17,3.55%,WhitJo03,Jordan Whitehead,tam
SS,0,0%,214,18.76%,244,50.94%,AdamAn00,Andrew Adams,tam
FS,0,0%,876,76.77%,48,10.02%,WinfAn00,Antoine Winfield Jr.,tam
FS,0,0%,531,46.54%,50,10.44%,EdwaMi01,Mike Edwards,tam
LS,0,0%,0,0%,70,14.61%,TinkCa00,Carson Tinker,tam
LS,0,0%,0,0%,83,17.33%,TrinZa00,Zach Triner,tam
K,0,0%,0,0%,89,18.58%,SuccRy44,Ryan Succop,tam
P,0,0%,0,0%,30,6.26%,HofrSt00,Sterling Hofrichter,tam
P,0,0%,0,0%,227,47.39%,PiniBr00,Bradley Pinion,tam
QB,1168,98.65%,0,0%,0,0%,TannRy00,Ryan Tannehill,oti
QB,7,.59%,0,0%,0,0%,HogaKe00,Kevin Hogan,oti
QB,9,.76%,0,0%,0,0%,WoodLo00,Logan Woodside,oti
RB,411,34.71%,0,0%,0,0%,HenrDe00,Derrick Henry,oti
RB,269,22.72%,0,0%,15,3.28%,McNiJe00,Jeremy McNichols,oti
RB,54,4.56%,0,0%,0,0%,PeteAd01,Adrian Peterson,oti
RB,198,16.72%,0,0%,38,8.30%,HillDo00,Dontrell Hilliard,oti
RB,0,0%,0,0%,13,2.84%,WilkJo01,Jordan Wilkins,oti
RB,230,19.43%,0,0%,0,0%,ForeDO00,D'Onta Foreman,oti
RB,6,.51%,0,0%,2,.44%,EvanDa02,Darrynton Evans,oti
RB,2,.17%,0,0%,13,2.84%,SargMe00,Mekhi Sargent,oti
FB,84,7.09%,0,0%,135,29.48%,BlasKh00,Khari Blasingame,oti
WR,147,12.42%,0,0%,31,6.77%,HollCo00,Cody Hollister,oti
WR,604,51.01%,4,.36%,2,.44%,BrowAJ00,A.J. Brown,oti
WR,200,16.89%,0,0%,24,5.24%,JohnMa07,Marcus Johnson,oti
WR,393,33.19%,0,0%,1,.22%,JoneJu02,Julio Jones,oti
WR,464,39.19%,0,0%,102,22.27%,RogeCh02,Chester Rogers,oti
WR,661,55.83%,0,0%,172,37.55%,WestNi00,Nick Westbrook-Ikhine,oti
WR,62,5.24%,0,0%,16,3.49%,BatsCa00,Cameron Batson,oti
WR,106,8.95%,0,0%,148,32.31%,McMaRa00,Racey McMath,oti
WR,99,8.36%,0,0%,9,1.97%,FitzDe00,Dez Fitzpatrick,oti
WR,142,11.99%,0,0%,1,.22%,ReynJo00,Josh Reynolds,oti
WR,3,.25%,0,0%,2,.44%,KinsMa00,Mason Kinsey,oti
TE,719,60.73%,0,0%,198,43.23%,SwaiGe00,Geoff Swaim,oti
TE,396,33.45%,0,0%,72,15.72%,FirkAn00,Anthony Firkser,oti
TE,65,5.49%,0,0%,20,4.37%,HudsTo00,Tommy Hudson,oti
TE,479,40.46%,0,0%,99,21.62%,PruiMy00,MyCole Pruitt,oti
TE,64,5.41%,0,0%,122,26.64%,CartTo01,Tory Carter,oti
TE,5,.42%,0,0%,0,0%,IzzoRy00,Ryan Izzo,oti
T,845,71.37%,0,0%,48,10.48%,LewaTa00,Taylor Lewan,oti
T,101,8.53%,0,0%,13,2.84%,HartBo00,Bobby Hart,oti
T,87,7.35%,0,0%,51,11.14%,LammKe00,Kendall Lamm,oti
T,124,10.47%,0,0%,58,12.66%,RaduDi00,Dillon Radunz,oti
T,0,0%,0,0%,4,.87%,DiLaCh00,Christian DiLauro,oti
T,123,10.39%,0,0%,19,4.15%,SambTy00,Ty Sambrailo,oti
G,852,71.96%,0,0%,46,10.04%,SaffRo20,Rodger Saffold,oti
G,950,80.24%,0,0%,68,14.85%,DaviNa01,Nate Davis,oti
G,1183,99.92%,0,0%,79,17.25%,QuesDa00,David Quessenberry,oti
C,1159,97.89%,0,0%,6,1.31%,JoneBe01,Ben Jones,oti
C,507,42.82%,0,0%,20,4.37%,BrewAa01,Aaron Brewer,oti
C,46,3.89%,0,0%,51,11.14%,LeviCo00,Corey Levin,oti
DE,0,0%,88,8.03%,30,6.55%,BledAm01,Amani Bledsoe,oti
DE,0,0%,709,64.69%,83,18.12%,AutrDe00,Denico Autry,oti
DE,0,0%,38,3.47%,6,1.31%,SimoJo01,John Simon,oti
DE,0,0%,48,4.38%,0,0%,StroKe00,Kevin Strong,oti
DE,0,0%,6,.55%,0,0%,HandDa00,Da'Shawn Hand,oti
DT,0,0%,932,85.04%,89,19.43%,SimmJe01,Jeffery Simmons,oti
DT,0,0%,200,18.25%,63,13.76%,MurcLa00,Larrell Murchison,oti
DT,0,0%,344,31.39%,44,9.61%,TartTe00,Teair Tart,oti
DT,0,0%,157,14.32%,37,8.08%,PekoKy00,Kyle Peko,oti
DT,0,0%,16,1.46%,8,1.75%,RushAn00,Anthony Rush,oti
DT,0,0%,18,1.64%,0,0%,AnkoEl00,Eli Ankou,oti
DT,0,0%,328,29.93%,58,12.66%,JoneNa01,Naquan Jones,oti
DT,0,0%,12,1.09%,0,0%,ReidCa00,Caraun Reid,oti
DT,0,0%,12,1.09%,0,0%,HamiWo00,Woodrow Hamilton,oti
LB,0,0%,420,38.32%,11,2.40%,BrowJa06,Jayon Brown,oti
LB,0,0%,397,36.22%,17,3.71%,DuprAl00,Bud Dupree,oti
LB,0,0%,981,89.51%,11,2.40%,LandHa00,Harold Landry,oti
LB,0,0%,445,40.60%,5,1.09%,EvanRa01,Rashaan Evans,oti
LB,0,0%,634,57.85%,2,.44%,LongDa04,David Long,oti
LB,0,0%,153,13.96%,14,3.06%,CunnZa00,Zach Cunningham,oti
LB,0,0%,86,7.85%,43,9.39%,RobeDe01,Derick Roberson,oti
LB,0,0%,36,3.28%,379,82.75%,DzubNi00,Nick Dzubnar,oti
LB,0,0%,207,18.89%,319,69.65%,AdenOl00,Olasunkanmi Adeniyi,oti
LB,0,0%,26,2.37%,185,40.39%,JoneJo05,Joseph Jones,oti
LB,0,0%,12,1.09%,20,4.37%,WeavRa00,Rashad Weaver,oti
LB,0,0%,0,0%,13,2.84%,CartJa02,Jamal Carter,oti
LB,0,0%,54,4.93%,177,38.65%,ColeDy00,Dylan Cole,oti
LB,0,0%,5,.46%,5,1.09%,FincSh00,Sharif Finch,oti
LB,0,0%,0,0%,22,4.80%,WillAv00,Avery Williamson,oti
LB,0,0%,179,16.33%,60,13.10%,RiceMo00,Monty Rice,oti
CB,0,0%,737,67.24%,22,4.80%,FultKr00,Kristian Fulton,oti
CB,0,0%,171,15.60%,9,1.97%,MabiGr00,Greg Mabin,oti
CB,0,0%,861,78.56%,0,0%,JenkJa03,Jackrabbit Jenkins,oti
CB,0,0%,386,35.22%,125,27.29%,JackCh01,Chris Jackson,oti
CB,0,0%,632,57.66%,74,16.16%,MoldEl00,Elijah Molden,oti
CB,0,0%,83,7.57%,62,13.54%,JoneCh06,Chris Jones,oti
CB,0,0%,217,19.80%,30,6.55%,SkriBu00,Buster Skrine,oti
CB,0,0%,60,5.47%,14,3.06%,FarlCa00,Caleb Farley,oti
CB,0,0%,52,4.74%,121,26.42%,BordBr00,Breon Borders,oti
SS,0,0%,77,7.03%,1,.22%,McDoBr01,Bradley McDougald,oti
SS,0,0%,414,37.77%,234,51.09%,CruiDa00,Dane Cruikshank,oti
FS,0,0%,1057,96.44%,4,.87%,ByarKe01,Kevin Byard,oti
FS,0,0%,704,64.23%,71,15.50%,HookAm00,Amani Hooker,oti
FS,0,0%,57,5.20%,356,77.73%,FarlMa00,Matthias Farley,oti
DB,0,0%,0,0%,62,13.54%,BreeBr00,Brady Breeze,oti
LS,0,0%,0,0%,141,30.79%,CoxxMo00,Morgan Cox,oti
K,0,0%,0,0%,165,36.03%,BullRa00,Randy Bullock,oti
K,0,0%,0,0%,6,1.31%,BadgMi00,Michael Badgley,oti
P,0,0%,0,0%,28,6.11%,TownJo01,Johnny Townsend,oti
P,0,0%,0,0%,113,24.67%,KernBr20,Brett Kern,oti
QB,673,61.13%,0,0%,0,0%,JoneDa05,Daniel Jones,nyg
QB,315,28.61%,0,0%,0,0%,GlenMi00,Mike Glennon,nyg
QB,113,10.26%,0,0%,0,0%,FromJa00,Jake Fromm,nyg
RB,519,47.14%,0,0%,67,15.26%,BookDe00,Devontae Booker,nyg
RB,513,46.59%,0,0%,0,0%,BarkSa00,Saquon Barkley,nyg
RB,12,1.09%,0,0%,195,44.42%,BrigGa00,Gary Brightwell,nyg
"FB,RB",4,.36%,0,0%,257,58.54%,GillCu00,Cullen Gillaspia,nyg
"FB,RB",142,12.90%,0,0%,273,62.19%,PennEl00,Elijhaa Penny,nyg
WR,344,31.24%,0,0%,0,0%,ShepSt00,Sterling Shepard,nyg
WR,666,60.49%,0,0%,0,0%,GollKe00,Kenny Golladay,nyg
WR,82,7.45%,0,0%,5,1.14%,PettDa00,Dante Pettis,nyg
WR,536,48.68%,0,0%,0,0%,SlayDa01,Darius Slayton,nyg
WR,223,20.25%,0,0%,108,24.60%,JohnCo01,Collin Johnson,nyg
WR,98,8.90%,0,0%,23,5.24%,SillDa01,David Sills V,nyg
WR,213,19.35%,0,0%,2,.46%,RossJo00,John Ross,nyg
WR,80,7.27%,0,0%,81,18.45%,BoarC.00,C.J. Board,nyg
WR,148,13.44%,0,0%,91,20.73%,CoopPh00,Pharoh Cooper,nyg
WR,30,2.72%,0,0%,25,5.69%,BachAl00,Alex Bachman,nyg
WR,301,27.34%,0,0%,2,.46%,ToneKa00,Kadarius Toney,nyg
TE,500,45.41%,0,0%,46,10.48%,RudoKy00,Kyle Rudolph,nyg
TE,722,65.58%,0,0%,0,0%,EngrEv00,Evan Engram,nyg
TE,192,17.44%,0,0%,66,15.03%,SmitKa00,Kaden Smith,nyg
TE,93,8.45%,0,0%,56,12.76%,MyarCh00,Chris Myarick,nyg
T,799,72.57%,0,0%,25,5.69%,ThomAn02,Andrew Thomas,nyg
T,926,84.11%,0,0%,44,10.02%,SoldNa00,Nate Solder,nyg
T,421,38.24%,0,0%,43,9.79%,PearMa00,Matt Peart,nyg
T,18,1.63%,0,0%,1,.23%,KellDe01,Derrick Kelly,nyg
T,113,10.26%,0,0%,34,7.74%,CunnKo00,Korey Cunningham,nyg
G,1048,95.19%,0,0%,49,11.16%,HernWi00,Will Hernandez,nyg
G,294,26.70%,0,0%,3,.68%,BredBe00,Ben Bredeson,nyg
G,130,11.81%,0,0%,13,2.96%,MartWe00,Wes Martin,nyg
G,17,1.54%,0,0%,0,0%,LemiSh00,Shane Lemieux,nyg
C,768,69.75%,0,0%,4,.91%,SkurMa01,Matt Skura,nyg
C,74,6.72%,0,0%,2,.46%,GateNi00,Nick Gates,nyg
C,984,89.37%,0,0%,49,11.16%,PricBi01,Billy Price,nyg
DE,0,0%,757,64.76%,159,36.22%,LawrDe03,Dexter Lawrence,nyg
DE,0,0%,166,14.20%,7,1.59%,JohnRa02,Raymond Johnson,nyg
DT,0,0%,888,75.96%,96,21.87%,WillLe02,Leonard Williams,nyg
DT,0,0%,9,.77%,0,0%,HamiWo00,Woodrow Hamilton,nyg
DT,0,0%,44,3.76%,21,4.78%,MoaxDa00,David Moa,nyg
NT,0,0%,664,56.80%,110,25.06%,JohnAu01,Austin Johnson,nyg
NT,0,0%,255,21.81%,115,26.20%,ShelDa01,Danny Shelton,nyg
LB,0,0%,142,12.15%,0,0%,MartBl01,Blake Martinez,nyg
LB,0,0%,617,52.78%,66,15.03%,CartLo01,Lorenzo Carter,nyg
LB,0,0%,780,66.72%,31,7.06%,OjulAz00,Azeez Ojulari,nyg
LB,0,0%,183,15.65%,33,7.52%,XimiOs00,Oshane Ximines,nyg
LB,0,0%,473,40.46%,198,45.10%,RaglRe00,Reggie Ragland,nyg
LB,0,0%,1098,93.93%,59,13.44%,CrowTa00,Tae Crowder,nyg
LB,0,0%,44,3.76%,69,15.72%,HarrTr01,Trent Harris,nyg
LB,0,0%,39,3.34%,159,36.22%,CougCa00,Carter Coughlin,nyg
LB,0,0%,154,13.17%,4,.91%,SmitJa05,Jaylon Smith,nyg
LB,0,0%,11,.94%,245,55.81%,BrowCa01,Cam Brown,nyg
LB,0,0%,181,15.48%,41,9.34%,McKiBe00,Benardrick McKinney,nyg
LB,0,0%,0,0%,15,3.42%,HillJu01,Justin Hilliard,nyg
LB,0,0%,401,34.30%,109,24.83%,RochQu00,Quincy Roche,nyg
LB,0,0%,107,9.15%,94,21.41%,SmitEl00,Elerson Smith,nyg
CB,0,0%,1159,99.14%,60,13.67%,BradJa00,James Bradberry,nyg
CB,0,0%,814,69.63%,1,.23%,JackAd00,Adoree' Jackson,nyg
CB,0,0%,281,24.04%,48,10.93%,HolmDa01,Darnay Holmes,nyg
CB,0,0%,23,1.97%,309,70.39%,CrosKe00,Keion Crossen,nyg
CB,0,0%,0,0%,14,3.19%,DennDa00,Darqueze Dennard,nyg
CB,0,0%,268,22.93%,18,4.10%,RobiAa00,Aaron Robinson,nyg
CB,0,0%,2,.17%,8,1.82%,BealSa00,Sam Beal,nyg
CB,0,0%,50,4.28%,15,3.42%,WillRo07,Rodarius Williams,nyg
SS,0,0%,229,19.59%,38,8.66%,PeppJa00,Jabrill Peppers,nyg
SS,0,0%,610,52.18%,273,62.19%,LoveJu00,Julian Love,nyg
SS,0,0%,0,0%,134,30.52%,EbneNa00,Nate Ebner,nyg
SS,0,0%,56,4.79%,90,20.50%,ReedJR01,J.R. Reed,nyg
FS,0,0%,1002,85.71%,86,19.59%,RyanLo00,Logan Ryan,nyg
FS,0,0%,1133,96.92%,0,0%,McKiXa00,Xavier McKinney,nyg
FS,0,0%,24,2.05%,98,22.32%,ParkSt00,Steven Parker,nyg
DB,0,0%,194,16.60%,69,15.72%,WillJa09,Jarren Williams,nyg
LS,0,0%,0,0%,125,28.47%,KreiCa00,Casey Kreiter,nyg
K,0,0%,0,0%,114,25.97%,GanoGr44,Graham Gano,nyg
P,0,0%,0,0%,130,29.61%,DixoRi00,Riley Dixon,nyg
QB,741,68.23%,0,0%,0,0%,WilsZa00,Zach Wilson,nyj
QB,211,19.43%,0,0%,0,0%,WhitMi01,Mike White,nyj
QB,66,6.08%,0,0%,0,0%,FlacJo00,Joe Flacco,nyj
QB,69,6.35%,0,0%,0,0%,JohnJo05,Josh Johnson,nyj
RB,409,37.66%,0,0%,95,20.34%,JohnTy02,Ty Johnson,nyj
RB,449,41.34%,0,0%,8,1.71%,CartMi03,Michael Carter,nyj
RB,57,5.25%,0,0%,166,35.55%,BawdNi00,Nick Bawden,nyj
RB,180,16.57%,0,0%,34,7.28%,ColeTe01,Tevin Coleman,nyj
RB,55,5.06%,0,0%,1,.21%,WaltAu00,Austin Walter,nyj
RB,0,0%,0,0%,11,2.36%,AdamJo03,Josh Adams,nyj
RB,24,2.21%,0,0%,20,4.28%,PeriLa00,La'Mical Perine,nyj
WR,450,41.44%,0,0%,0,0%,DaviCo03,Corey Davis,nyj
WR,476,43.83%,0,0%,2,.43%,MoorEl00,Elijah Moore,nyj
WR,390,35.91%,0,0%,158,33.83%,BerrBr00,Braxton Berrios,nyj
WR,50,4.60%,0,0%,20,4.28%,MontDJ01,D.J. Montgomery,nyj
WR,538,49.54%,0,0%,1,.21%,CrowJa00,Jamison Crowder,nyj
WR,29,2.67%,0,0%,24,5.14%,SmitVy00,Vyncint Smith,nyj
WR,19,1.75%,0,0%,2,.43%,BlacTa00,Tarik Black,nyj
WR,557,51.29%,0,0%,35,7.49%,ColeKe00,Keelan Cole,nyj
WR,218,20.07%,0,0%,60,12.85%,SmitJe03,Jeff Smith,nyj
WR,279,25.69%,0,0%,0,0%,MimsDe00,Denzel Mims,nyj
TE,363,33.43%,0,0%,64,13.70%,KrofTy00,Tyler Kroft,nyj
TE,583,53.68%,0,0%,193,41.33%,GrifRy00,Ryan Griffin,nyj
TE,177,16.30%,0,0%,129,27.62%,WescTr00,Trevon Wesco,nyj
TE,38,3.50%,0,0%,232,49.68%,BrowDa04,Daniel Brown,nyj
TE,54,4.97%,0,0%,114,24.41%,YeboKe00,Kenny Yeboah,nyj
T,887,81.68%,0,0%,21,4.50%,FantGe00,George Fant,nyj
T,48,4.42%,0,0%,0,0%,BectMe00,Mekhi Becton,nyj
T,1020,93.92%,0,0%,51,10.92%,MoseMo00,Morgan Moses,nyj
T,134,12.34%,0,0%,13,2.78%,McDeCo00,Conor McDermott,nyj
T,99,9.12%,0,0%,3,.64%,EdogCh00,Chuma Edoga,nyj
G,698,64.27%,0,0%,55,11.78%,VanRGr00,Greg Van Roten,nyj
G,1026,94.48%,0,0%,39,8.35%,VeraAl00,Alijah Vera-Tucker,nyj
G,7,.64%,0,0%,10,2.14%,WillIs02,Isaiah Williams,nyj
G,184,16.94%,0,0%,56,11.99%,FeenDa00,Dan Feeney,nyj
G,390,35.91%,0,0%,25,5.35%,DuveLa00,Laurent Duvernay-Tardif,nyj
C,972,89.50%,0,0%,1,.21%,McGoCo00,Connor McGovern,nyj
DE,0,0%,337,28.34%,78,16.70%,HuffBr00,Bryce Huff,nyj
DE,0,0%,716,60.22%,23,4.93%,FranJo02,John Franklin-Myers,nyj
DE,0,0%,313,26.32%,42,8.99%,BlaiRo00,Ronald Blair,nyj
DE,0,0%,233,19.60%,26,5.57%,PhilKy00,Kyle Phillips,nyj
DE,0,0%,191,16.06%,61,13.06%,WardTi00,Tim Ward,nyj
DE,0,0%,53,4.46%,0,0%,ZuniJa00,Jabari Zuniga,nyj
DE,0,0%,21,1.77%,0,0%,AkinFr01,Freedom Akinmoladun,nyj
DE,0,0%,16,1.35%,2,.43%,RashHa00,Hamilcar Rashed Jr.,nyj
DT,0,0%,641,53.91%,96,20.56%,RankSh00,Sheldon Rankins,nyj
DT,0,0%,558,46.93%,63,13.49%,FatuFo00,Folorunso Fatukasi,nyj
DT,0,0%,495,41.63%,138,29.55%,ShepNa00,Nathan Shepherd,nyj
DT,0,0%,76,6.39%,1,.21%,MarsJo00,Jonathan Marshall,nyj
NT,0,0%,613,51.56%,72,15.42%,WillQu00,Quinnen Williams,nyj
LB,0,0%,160,13.46%,374,80.09%,PhilDe00,Del'Shawn Phillips,nyj
LB,0,0%,1096,92.18%,97,20.77%,MoslC.00,C.J. Mosley,nyj
LB,0,0%,879,73.93%,60,12.85%,WillQu01,Quincy Williams,nyj
LB,0,0%,60,5.05%,224,47.97%,NasiHa00,Hamsah Nasirildeen,nyj
"DE,LB",0,0%,534,44.91%,48,10.28%,LawsSh00,Shaq Lawson,nyj
LB,0,0%,208,17.49%,112,23.98%,DaviJa01,Jarrad Davis,nyj
LB,0,0%,14,1.18%,32,6.85%,DawkNo00,Noah Dawkins,nyj
LB,0,0%,0,0%,15,3.21%,ReynLa00,LaRoy Reynolds,nyj
LB,0,0%,0,0%,13,2.78%,WhitJa04,Javin White,nyj
LB,0,0%,33,2.78%,32,6.85%,CashBl00,Blake Cashman,nyj
LB,0,0%,0,0%,7,1.50%,GoodB.00,B.J. Goodson,nyj
LB,0,0%,139,11.69%,72,15.42%,SherJa00,Jamien Sherwood,nyj
CB,0,0%,225,18.92%,194,41.54%,NeasSh00,Sharrod Neasman,nyj
CB,0,0%,1169,98.32%,47,10.06%,HallBr02,Bryce Hall,nyj
CB,0,0%,760,63.92%,76,16.27%,EchoBr00,Brandin Echols,nyj
CB,0,0%,776,65.26%,126,26.98%,CartMi02,Michael Carter II,nyj
CB,0,0%,486,40.87%,134,28.69%,GuidJa01,Javelin Guidry,nyj
CB,0,0%,1,.08%,368,78.80%,HardJu01,Justin Hardee,nyj
CB,0,0%,0,0%,5,1.07%,JackLa02,Lamar Jackson,nyj
CB,0,0%,1,.08%,29,6.21%,WildRa00,Rachad Wildgoose,nyj
CB,0,0%,201,16.90%,104,22.27%,PinnJa01,Jason Pinnock,nyj
CB,0,0%,114,9.59%,80,17.13%,DunnIs00,Isaiah Dunn,nyj
SS,0,0%,745,62.66%,37,7.92%,DaviAs00,Ashtyn Davis,nyj
SS,0,0%,10,.84%,55,11.78%,NacuKa00,Kai Nacua,nyj
SS,0,0%,176,14.80%,43,9.21%,WilsJa00,Jarrod Wilson,nyj
SS,0,0%,9,.76%,2,.43%,JoynLa00,Lamarcus Joyner,nyj
FS,0,0%,362,30.45%,38,8.14%,MayeMa00,Marcus Maye,nyj
FS,0,0%,90,7.57%,19,4.07%,ParkWi01,Will Parks,nyj
FS,0,0%,159,13.37%,43,9.21%,ColbAd00,Adrian Colbert,nyj
FS,0,0%,21,1.77%,16,3.43%,RedwSh00,Sheldrick Redwine,nyj
DB,0,0%,386,32.46%,2,.43%,RileEl01,Elijah Riley,nyj
LS,0,0%,0,0%,129,27.62%,HennTh00,Thomas Hennessy,nyj
K,0,0%,0,0%,87,18.63%,AmmeMa00,Matt Ammendola,nyj
K,0,0%,0,0%,6,1.28%,KessAl00,Alex Kessman,nyj
K,0,0%,0,0%,19,4.07%,PineEd00,Eddy Piñeiro,nyj
P,0,0%,0,0%,46,9.85%,MorsTh00,Thomas Morstead,nyj
P,0,0%,0,0%,100,21.41%,MannBr01,Braden Mann,nyj
QB,954,85.18%,0,0%,0,0%,HurtJa00,Jalen Hurts,phi
QB,166,14.82%,0,0%,0,0%,MinsGa00,Gardner Minshew II,phi
RB,31,2.77%,0,0%,16,3.58%,HuntJa01,Jason Huntley,phi
RB,426,38.04%,0,0%,0,0%,SandMi01,Miles Sanders,phi
RB,298,26.61%,0,0%,33,7.38%,GainKe00,Kenneth Gainwell,phi
RB,153,13.66%,0,0%,16,3.58%,HowaJo00,Jordan Howard,phi
RB,219,19.55%,0,0%,96,21.48%,ScotBo02,Boston Scott,phi
WR,916,81.79%,0,0%,2,.45%,SmitDe07,DeVonta Smith,phi
WR,750,66.96%,0,0%,95,21.25%,ReagJa00,Jalen Reagor,phi
WR,771,68.84%,0,0%,26,5.82%,WatkQu00,Quez Watkins,phi
WR,170,15.18%,0,0%,229,51.23%,ArceJJ00,JJ Arcega-Whiteside,phi
WR,245,21.88%,0,0%,123,27.52%,WardGr02,Greg Ward,phi
WR,2,.18%,0,0%,9,2.01%,HighJo00,John Hightower,phi
TE,781,69.73%,0,0%,27,6.04%,GoedDa00,Dallas Goedert,phi
TE,231,20.63%,0,0%,0,0%,ErtzZa00,Zach Ertz,phi
TE,24,2.14%,0,0%,16,3.58%,TogiNo00,Noah Togiai,phi
TE,331,29.55%,0,0%,214,47.87%,StolJa00,Jack Stoll,phi
TE,171,15.27%,0,0%,106,23.71%,JackTy01,Tyree Jackson,phi
TE,69,6.16%,0,0%,24,5.37%,RodgRi00,Richard Rodgers,phi
T,914,81.61%,0,0%,63,14.09%,MailJo00,Jordan Mailata,phi
T,512,45.71%,0,0%,20,4.47%,DrisJa00,Jack Driscoll,phi
T,821,73.30%,0,0%,0,0%,JohnLa01,Lane Johnson,phi
T,43,3.84%,0,0%,0,0%,AwosKa00,Kayode Awosika,phi
T,12,1.07%,0,0%,2,.45%,TuckCa00,Casey Tucker,phi
T,340,30.36%,0,0%,66,14.77%,DillAn00,Andre Dillard,phi
T,53,4.73%,0,0%,50,11.19%,TothBr00,Brett Toth,phi
T,74,6.61%,0,0%,15,3.36%,ClarLe01,Le'Raven Clark,phi
G,168,15.00%,0,0%,9,2.01%,SeumIs00,Isaac Seumalo,phi
G,96,8.57%,0,0%,0,0%,BrooBr00,Brandon Brooks,phi
G,859,76.70%,0,0%,60,13.42%,DickLa00,Landon Dickerson,phi
G,81,7.23%,0,0%,4,.89%,AndeJa01,Jack Anderson,phi
G,481,42.95%,0,0%,76,17.00%,HerbNa01,Nate Herbig,phi
G,163,14.55%,0,0%,40,8.95%,OpetIo00,Sua Opeta,phi
C,993,88.66%,0,0%,0,0%,KelcJa00,Jason Kelce,phi
DE,0,0%,655,58.17%,6,1.34%,SweaJo00,Josh Sweat,phi
DE,0,0%,66,5.86%,17,3.80%,MalvCa00,Cameron Malveaux,phi
DE,0,0%,50,4.44%,3,.67%,GrahBr99,Brandon Graham,phi
DE,0,0%,330,29.31%,0,0%,KerrRy00,Ryan Kerrigan,phi
DE,0,0%,718,63.77%,65,14.54%,BarnDe01,Derek Barnett,phi
DE,0,0%,253,22.47%,86,19.24%,JackTa02,Tarron Jackson,phi
DT,0,0%,43,3.82%,8,1.79%,WillRa03,Raequan Williams,phi
DT,0,0%,748,66.43%,6,1.34%,CoxxFl00,Fletcher Cox,phi
DT,0,0%,728,64.65%,17,3.80%,HargJa00,Javon Hargrave,phi
DT,0,0%,373,33.13%,137,30.65%,RidgHa00,Hassan Ridgeway,phi
DT,0,0%,456,40.50%,55,12.30%,WillMi08,Milton Williams,phi
DT,0,0%,19,1.69%,0,0%,WilsMa05,Marvin Wilson,phi
DT,0,0%,55,4.88%,11,2.46%,TuipMa00,Marlon Tuipulotu,phi
LB,0,0%,280,24.87%,30,6.71%,WilsEr00,Eric Wilson,phi
LB,0,0%,720,63.94%,214,47.87%,SingAl00,Alex Singleton,phi
LB,0,0%,685,60.83%,167,37.36%,EdwaTJ02,T.J. Edwards,phi
LB,0,0%,358,31.79%,98,21.92%,AverGe00,Genard Avery,phi
LB,0,0%,7,.62%,27,6.04%,ElliCh00,Christian Elliss,phi
LB,0,0%,55,4.88%,280,62.64%,BradSh00,Shaun Bradley,phi
LB,0,0%,111,9.86%,254,56.82%,JohnPa02,Patrick Johnson,phi
LB,0,0%,250,22.20%,31,6.94%,TaylDa01,Davion Taylor,phi
LB,0,0%,44,3.91%,36,8.05%,StevJa00,JaCoby Stevens,phi
CB,0,0%,982,87.21%,0,0%,NelsSt01,Steven Nelson,phi
CB,2,.18%,954,84.72%,0,0%,SlayDa00,Darius Slay,phi
CB,0,0%,730,64.83%,48,10.74%,MaddAv00,Avonte Maddox,phi
CB,0,0%,44,3.91%,32,7.16%,GowaTa00,Tay Gowan,phi
CB,0,0%,179,15.90%,325,72.71%,McPhZe00,Zech McPhearson,phi
CB,0,0%,118,10.48%,322,72.04%,ChacAn00,Andre Chachere,phi
CB,0,0%,29,2.58%,23,5.15%,VincKa00,Kary Vincent Jr.,phi
CB,0,0%,90,7.99%,171,38.26%,ScotJo00,Josiah Scott,phi
CB,0,0%,11,.98%,33,7.38%,McCaMa02,Mac McCain,phi
SS,0,0%,184,16.34%,193,43.18%,WallKV00,K'Von Wallace,phi
SS,0,0%,505,44.85%,244,54.59%,EppsMa00,Marcus Epps,phi
FS,0,0%,835,74.16%,11,2.46%,HarrAn01,Anthony Harris,phi
FS,0,0%,684,60.75%,9,2.01%,McLeRo00,Rodney McLeod,phi
FS,0,0%,38,3.37%,62,13.87%,MaydJa01,Jared Mayden,phi
DB,0,0%,0,0%,8,1.79%,RileEl01,Elijah Riley,phi
LS,0,0%,0,0%,135,30.20%,LovaRi00,Rick Lovato,phi
K,0,0%,0,0%,176,39.37%,ElliJa03,Jake Elliott,phi
P,0,0%,0,0%,136,30.43%,SipoAr01,Arryn Siposs,phi
QB,97,8.27%,0,0%,0,0%,RudoMa00,Mason Rudolph,pit
QB,1076,91.73%,0,0%,0,0%,RoetBe00,Ben Roethlisberger,pit
RB,980,83.55%,0,0%,0,0%,HarrNa00,Najee Harris,pit
RB,110,9.38%,0,0%,326,66.53%,SnelBe00,Benny Snell Jr.,pit
RB,0,0%,0,0%,18,3.67%,EdmuTr00,Trey Edmunds,pit
RB,19,1.62%,0,0%,8,1.63%,McFaAn00,Anthony McFarland Jr.,pit
RB,65,5.54%,0,0%,98,20.00%,BallKa00,Kalen Ballage,pit
FB,86,7.33%,0,0%,332,67.76%,WattDe00,Derek Watt,pit
WR,222,18.93%,0,0%,1,.20%,SmitJu00,JuJu Smith-Schuster,pit
WR,988,84.23%,0,0%,3,.61%,JohnDi01,Diontae Johnson,pit
WR,823,70.16%,0,0%,3,.61%,ClayCh01,Chase Claypool,pit
WR,25,2.13%,0,0%,0,0%,MillAn02,Anthony Miller,pit
WR,480,40.92%,0,0%,3,.61%,WashJa00,James Washington,pit
WR,538,45.87%,0,0%,161,32.86%,McClRa00,Ray-Ray McCloud,pit
WR,77,6.56%,0,0%,105,21.43%,WhitCo05,Cody White,pit
WR,5,.43%,0,0%,0,0%,SimsSt00,Steven Sims,pit
TE,683,58.23%,0,0%,41,8.37%,FreiPa00,Pat Freiermuth,pit
TE,246,20.97%,0,0%,1,.20%,EbroEr00,Eric Ebron,pit
TE,473,40.32%,0,0%,139,28.37%,GentZa00,Zach Gentry,pit
TE,36,3.07%,0,0%,37,7.55%,RadeKe00,Kevin Rader,pit
T,1080,92.07%,0,0%,65,13.27%,MoorDa05,Dan Moore,pit
T,1079,91.99%,0,0%,67,13.67%,OkorCh00,Chukwuma Okorafor,pit
T,407,34.70%,0,0%,0,0%,LeglJo00,John Leglue,pit
T,307,26.17%,0,0%,33,6.73%,HaegJo00,Joe Haeg,pit
T,2,.17%,0,0%,22,4.49%,CowaRa00,Rashaad Coward,pit
T,5,.43%,0,0%,27,5.51%,BannZa00,Zach Banner,pit
T,0,0%,0,0%,4,.82%,GreeCh02,Chaz Green,pit
G,565,48.17%,0,0%,33,6.73%,DotsKe00,Kevin Dotson,pit
G,1084,92.41%,0,0%,0,0%,TurnTr01,Trai Turner,pit
C,977,83.29%,0,0%,0,0%,GreeKe02,Kendrick Green,pit
C,87,7.42%,0,0%,15,3.06%,FinnB.01,B.J. Finney,pit
C,276,23.53%,0,0%,51,10.41%,HassJ.00,J.C. Hassenauer,pit
DE,0,0%,57,4.89%,4,.82%,AluaTy99,Tyson Alualu,pit
DE,0,0%,729,62.52%,113,23.06%,WormCh00,Chris Wormley,pit
DE,0,0%,171,14.67%,18,3.67%,AdamMo00,Montravius Adams,pit
DE,0,0%,288,24.70%,43,8.78%,LoudIs00,Isaiahh Loudermilk,pit
DE,0,0%,11,.94%,1,.20%,SimoJo01,John Simon,pit
DE,0,0%,216,18.52%,11,2.24%,CharTa00,Taco Charlton,pit
DE,0,0%,7,.60%,2,.41%,ScotDe01,Delontae Scott,pit
DE,0,0%,227,19.47%,42,8.57%,BuggIs00,Isaiah Buggs,pit
DE,0,0%,244,20.93%,55,11.22%,MondHe00,Henry Mondeaux,pit
DT,0,0%,955,81.90%,109,22.24%,HeywCa01,Cameron Heyward,pit
DT,0,0%,50,4.29%,8,1.63%,DaviCa03,Carlos Davis,pit
DT,0,0%,13,1.11%,6,1.22%,ArchDa01,Daniel Archibong,pit
LB,0,0%,762,65.35%,60,12.24%,BushDe01,Devin Bush Jr.,pit
LB,0,0%,346,29.67%,244,49.80%,SpilRo00,Robert Spillane,pit
LB,0,0%,758,65.01%,32,6.53%,WattT.00,T.J. Watt,pit
LB,0,0%,921,78.99%,77,15.71%,SchoJo00,Joe Schobert,pit
LB,0,0%,246,21.10%,13,2.65%,IngrMe00,Melvin Ingram,pit
LB,0,0%,851,72.98%,60,12.24%,HighAl02,Alex Highsmith,pit
LB,0,0%,247,21.18%,194,39.59%,TuszDe00,Derrek Tuszka,pit
LB,0,0%,62,5.32%,301,61.43%,AlleMa03,Marcus Allen,pit
LB,0,0%,36,3.09%,337,68.78%,GilbUl00,Ulysees Gilbert,pit
LB,0,0%,6,.51%,59,12.04%,JohnBu01,Buddy Johnson,pit
LB,0,0%,36,3.09%,29,5.92%,JoneJa11,Jamir Jones,pit
LB,0,0%,0,0%,4,.82%,ScalTe00,Tegray Scales,pit
CB,0,0%,1089,93.40%,101,20.61%,SuttCa00,Cameron Sutton,pit
CB,0,0%,631,54.12%,39,7.96%,HadeJo99,Joe Haden,pit
CB,0,0%,414,35.51%,244,49.80%,PierJa01,James Pierre,pit
CB,0,0%,379,32.50%,163,33.27%,MaulAr00,Arthur Maulet,pit
CB,0,0%,28,2.40%,245,50.00%,LaynJu00,Justin Layne,pit
CB,0,0%,368,31.56%,20,4.08%,WithAh00,Ahkello Witherspoon,pit
SS,5,.43%,1083,92.88%,75,15.31%,FitzMi00,Minkah Fitzpatrick,pit
SS,0,0%,1145,98.20%,81,16.53%,EdmuTe00,Terrell Edmunds,pit
SS,0,0%,17,1.46%,14,2.86%,JoseKa00,Karl Joseph,pit
FS,0,0%,388,33.28%,202,41.22%,NorwTr00,Tre Norwood,pit
FS,0,0%,44,3.77%,335,68.37%,KillMi00,Miles Killebrew,pit
LS,0,0%,0,0%,148,30.20%,KuntCh02,Christian Kuntz,pit
K,0,0%,0,0%,157,32.04%,BoswCh00,Chris Boswell,pit
P,0,0%,0,0%,134,27.35%,HarvPr00,Pressley Harvin III,pit
P,0,0%,0,0%,16,3.27%,WaitCo00,Corliss Waitman,pit
QB,1065,96.29%,0,0%,0,0%,JoneMa05,Mac Jones,nwe
QB,41,3.71%,0,0%,0,0%,HoyeBr00,Brian Hoyer,nwe
RB,407,36.80%,0,0%,0,0%,HarrDa06,Damien Harris,nwe
RB,63,5.70%,0,0%,1,.23%,WhitJa02,James White,nwe
RB,342,30.92%,0,0%,278,63.33%,BoldBr00,Brandon Bolden,nwe
RB,265,23.96%,0,0%,1,.23%,StevRh00,Rhamondre Stevenson,nwe
RB,52,4.70%,0,0%,3,.68%,TaylJJ01,J.J. Taylor,nwe
FB,310,28.03%,0,0%,191,43.51%,JohnJa12,Jakob Johnson,nwe
WR,931,84.18%,0,0%,10,2.28%,MeyeJa01,Jakobi Meyers,nwe
WR,707,63.92%,0,0%,0,0%,AghoNe00,Nelson Agholor,nwe
WR,573,51.81%,0,0%,4,.91%,BourKe00,Kendrick Bourne,nwe
WR,66,5.97%,0,0%,212,48.29%,OlszGu00,Gunner Olszewski,nwe
WR,16,1.45%,0,0%,351,79.95%,SlatMa00,Matthew Slater,nwe
WR,326,29.48%,0,0%,11,2.51%,HarrNK00,N'Keal Harry,nwe
WR,67,6.06%,0,0%,15,3.42%,WilkKr00,Kristian Wilkerson,nwe
TE,526,47.56%,0,0%,10,2.28%,SmitJo01,Jonnu Smith,nwe
TE,750,67.81%,0,0%,45,10.25%,HenrHu00,Hunter Henry,nwe
TE,12,1.08%,0,0%,0,0%,AsiaDe00,Devin Asiasi,nwe
TE,9,.81%,0,0%,1,.23%,LaCoMa00,Matt LaCosse,nwe
T,916,82.82%,0,0%,77,17.54%,WynnIs00,Isaiah Wynn,nwe
T,394,35.62%,0,0%,65,14.81%,HerrJu00,Justin Herron,nwe
"G,T",95,8.59%,0,0%,27,6.15%,DuraYa01,Yasir Durant,nwe
T,490,44.30%,0,0%,41,9.34%,BrowTr02,Trent Brown,nwe
T,81,7.32%,0,0%,24,5.47%,CajuYo00,Yodny Cajuste,nwe
G,648,58.59%,0,0%,81,18.45%,OnweMi00,Michael Onwenu,nwe
G,957,86.53%,0,0%,76,17.31%,MasoSh01,Shaq Mason,nwe
G,0,0%,0,0%,6,1.37%,SherWi01,William Sherman,nwe
C,1091,98.64%,0,0%,0,0%,AndrDa00,David Andrews,nwe
C,134,12.12%,0,0%,2,.46%,FereJa00,James Ferentz,nwe
C,832,75.23%,0,0%,87,19.82%,KarrTe00,Ted Karras,nwe
DE,0,0%,521,48.29%,45,10.25%,WiseDe00,Deatrich Wise Jr.,nwe
DE,0,0%,113,10.47%,161,36.67%,WinoCh00,Chase Winovich,nwe
DE,0,0%,32,2.97%,0,0%,BoweTa00,Tashawn Bower,nwe
DE,0,0%,35,3.24%,28,6.38%,AndeHe00,Henry Anderson,nwe
DT,0,0%,530,49.12%,170,38.72%,GuyxLa00,Lawrence Guy,nwe
DT,0,0%,598,55.42%,35,7.97%,BarmCh00,Christian Barmore,nwe
DT,0,0%,99,9.18%,2,.46%,EkuaDa00,Daniel Ekuale,nwe
NT,0,0%,639,59.22%,69,15.72%,GodcDa00,Davon Godchaux,nwe
NT,0,0%,276,25.58%,4,.91%,DaviCa01,Carl Davis,nwe
LB,0,0%,877,81.28%,115,26.20%,JudoMa00,Matt Judon,nwe
LB,0,0%,634,58.76%,47,10.71%,HighDo01,Dont'a Hightower,nwe
LB,0,0%,691,64.04%,32,7.29%,BentJa00,Ja'Whaun Bentley,nwe
LB,0,0%,810,75.07%,1,.23%,VanNKy00,Kyle Van Noy,nwe
LB,0,0%,9,.83%,97,22.10%,MunsCa00,Calvin Munson,nwe
LB,0,0%,236,21.87%,22,5.01%,UcheJo00,Joshua Uche,nwe
LB,0,0%,2,.19%,307,69.93%,KingBr02,Brandon King,nwe
LB,0,0%,56,5.19%,195,44.42%,TavaJa00,Jahlani Tavai,nwe
LB,0,0%,16,1.48%,98,22.32%,LangHa00,Harvey Langi,nwe
LB,0,0%,200,18.54%,93,21.18%,CollJa00,Jamie Collins,nwe
CB,0,0%,945,87.58%,12,2.73%,JackJ.00,J.C. Jackson,nwe
CB,0,0%,225,20.85%,68,15.49%,JoneJo03,Jonathan Jones,nwe
CB,0,0%,254,23.54%,77,17.54%,WillJo13,Joejuan Williams,nwe
CB,0,0%,406,37.63%,33,7.52%,BryaMy01,Myles Bryant,nwe
CB,0,0%,11,1.02%,7,1.59%,WadeSh00,Shaun Wade,nwe
CB,0,0%,60,5.56%,13,2.96%,RossDA03,D'Angelo Ross,nwe
"CB,SS",0,0%,913,84.62%,17,3.87%,MillJa02,Jalen Mills,nwe
SS,0,0%,882,81.74%,137,31.21%,PhilAd00,Adrian Phillips,nwe
FS,0,0%,733,67.93%,125,28.47%,DuggKy00,Kyle Dugger,nwe
FS,0,0%,1019,94.44%,39,8.88%,McCoDe99,Devin McCourty,nwe
FS,0,0%,0,0%,341,77.68%,DaviCo02,Cody Davis,nwe
FS,0,0%,41,3.80%,348,79.27%,BethJu00,Justin Bethel,nwe
FS,0,0%,6,.56%,0,0%,DaviSe00,Sean Davis,nwe
LS,0,0%,0,0%,140,31.89%,CardJo00,Joe Cardona,nwe
K,0,0%,0,0%,97,22.10%,FolkNi20,Nick Folk,nwe
P,0,0%,0,0%,233,53.08%,BailJa00,Jake Bailey,nwe
QB,55,4.88%,0,0%,0,0%,GilbGa01,Garrett Gilbert,was
QB,1019,90.42%,0,0%,0,0%,HeinTa00,Taylor Heinicke,was
QB,37,3.28%,0,0%,0,0%,AlleKy00,Kyle Allen,was
QB,16,1.42%,0,0%,0,0%,FitzRy00,Ryan Fitzpatrick,was
RB,604,53.59%,0,0%,0,0%,GibsAn00,Antonio Gibson,was
RB,55,4.88%,0,0%,91,20.78%,WillJo07,Jonathan Williams,was
RB,343,30.43%,0,0%,0,0%,McKiJ.00,J.D. McKissic,was
RB,3,.27%,0,0%,28,6.39%,ArmaAl00,Alex Armah,was
RB,21,1.86%,0,0%,21,4.79%,SmalWe00,Wendell Smallwood,was
RB,151,13.40%,0,0%,71,16.21%,PattJa01,Jaret Patterson,was
WR,1010,89.62%,0,0%,2,.46%,McLaTe00,Terry McLaurin,was
WR,335,29.72%,0,0%,60,13.70%,BrowDy00,Dyami Brown,was
WR,658,58.39%,0,0%,2,.46%,HumpAd00,Adam Humphries,was
WR,84,7.45%,0,0%,2,.46%,SamuCu00,Curtis Samuel,was
WR,287,25.47%,0,0%,147,33.56%,SimsCa00,Cam Sims,was
WR,20,1.77%,0,0%,22,5.02%,GandAn00,Antonio Gandy-Golden,was
WR,505,44.81%,0,0%,157,35.84%,CartDe02,DeAndre Carter,was
WR,163,14.46%,0,0%,2,.46%,MilnDa00,Dax Milne,was
TE,294,26.09%,0,0%,15,3.42%,ThomLo00,Logan Thomas,was
TE,507,44.99%,0,0%,60,13.70%,SealRi00,Ricky Seals-Jones,was
TE,519,46.05%,0,0%,134,30.59%,BateJo00,John Bates,was
TE,13,1.15%,0,0%,18,4.11%,HemiTe00,Temarrick Hemingway,was
TE,39,3.46%,0,0%,145,33.11%,ReyeSa00,Sammis Reyes,was
T,474,42.06%,0,0%,30,6.85%,CosmSa00,Samuel Cosmi,was
T,1121,99.47%,0,0%,63,14.38%,LenoCh00,Charles Leno Jr.,was
T,253,22.45%,0,0%,27,6.16%,CharSa00,Saahdiq Charles,was
T,587,52.09%,0,0%,56,12.79%,LucaCo01,Cornelius Lucas,was
T,1,.09%,0,0%,4,.91%,SteiDa00,David Steinmetz,was
G,1061,94.14%,0,0%,59,13.47%,FlowEr00,Ereck Flowers,was
G,697,61.85%,0,0%,18,4.11%,ScheBr00,Brandon Scherff,was
G,401,35.58%,0,0%,45,10.27%,SchwWe00,Wes Schweitzer,was
G,0,0%,0,0%,11,2.51%,DougJa00,Jamil Douglas,was
C,490,43.48%,0,0%,0,0%,RoulCh00,Chase Roullier,was
C,7,.62%,0,0%,17,3.88%,TothJo00,Jon Toth,was
C,382,33.90%,0,0%,12,2.74%,IsmaKe00,Keith Ismael,was
C,185,16.42%,0,0%,16,3.65%,LarsTy00,Tyler Larsen,was
DE,0,0%,477,43.09%,0,0%,YounCh04,Chase Young,was
DE,0,0%,483,43.63%,0,0%,SweaMo00,Montez Sweat,was
DE,0,0%,387,34.96%,130,29.68%,SmitJa08,James Smith-Williams,was
DE,0,0%,361,32.61%,243,55.48%,ToohCa00,Casey Toohill,was
DE,0,0%,1,.09%,26,5.94%,OrchNa00,Nate Orchard,was
DE,0,0%,118,10.66%,65,14.84%,ToneSh00,Shaka Toney,was
DE,0,0%,139,12.56%,7,1.60%,WiseDa01,Daniel Wise,was
DE,0,0%,204,18.43%,46,10.50%,RotiBu00,Bunmi Rotimi,was
DE,0,0%,59,5.33%,0,0%,BradWi00,William Bradley-King,was
DT,0,0%,837,75.61%,91,20.78%,PaynDa00,Daron Payne,was
DT,0,0%,772,69.74%,80,18.26%,AlleJo01,Jonathan Allen,was
DT,0,0%,608,54.92%,28,6.39%,IoanMa01,Matthew Ioannidis,was
DT,0,0%,210,18.97%,98,22.37%,SettTi00,Tim Settle,was
DT,0,0%,5,.45%,6,1.37%,SpenAk00,Akeem Spence,was
LB,0,0%,1021,92.23%,0,0%,HolcCo00,Cole Holcomb,was
LB,0,0%,179,16.17%,0,0%,BostJo00,Jonathan Bostic,was
LB,0,0%,581,52.48%,0,0%,DaviJa11,Jamin Davis,was
LB,0,0%,15,1.36%,120,27.40%,HarrDe10,De'Jon Harris,was
LB,0,0%,166,15.00%,290,66.21%,MayoDa00,David Mayo,was
LB,0,0%,23,2.08%,249,56.85%,HudsKh00,Khaleke Hudson,was
LB,0,0%,0,0%,54,12.33%,EiflMi00,Milo Eifler,was
LB,0,0%,12,1.08%,172,39.27%,KunaJo00,Jordan Kunaszyk,was
LB,0,0%,0,0%,90,20.55%,NorrJa00,Jared Norris,was
CB,0,0%,1004,90.70%,0,0%,FullKe00,Kendall Fuller,was
CB,0,0%,1031,93.13%,0,0%,McCaBo01,Bobby McCain,was
CB,0,0%,748,67.57%,0,0%,JackWi02,William Jackson III,was
CB,0,0%,42,3.79%,54,12.33%,McTyTo00,Torry McTyer,was
CB,0,0%,203,18.34%,45,10.27%,RobeDa00,Darryl Roberts,was
CB,0,0%,336,30.35%,118,26.94%,JohnDa09,Danny Johnson,was
CB,0,0%,4,.36%,7,1.60%,HaydDJ00,D.J. Hayden,was
CB,0,0%,19,1.72%,47,10.73%,EldeCo00,Corn Elder,was
SS,0,0%,675,60.98%,0,0%,CollLa00,Landon Collins,was
SS,0,0%,40,3.61%,305,69.63%,EverDe01,Deshazor Everett,was
SS,0,0%,26,2.35%,169,38.58%,ForrDa00,Darrick Forrest,was
FS,0,0%,878,79.31%,48,10.96%,CurlKa00,Kamren Curl,was
FS,0,0%,0,0%,356,81.28%,ApkeTr00,Troy Apke,was
FS,0,0%,195,17.62%,41,9.36%,ReavJe00,Jeremy Reaves,was
"CB,DB",0,0%,318,28.73%,94,21.46%,StJuBe00,Benjamin St-Juste,was
LS,0,0%,0,0%,127,29.00%,CheeCa00,Camaron Cheeseman,was
K,0,0%,0,0%,50,11.42%,SlyeJo00,Joey Slye,was
K,0,0%,0,0%,58,13.24%,HopkDu00,Dustin Hopkins,was
K,0,0%,0,0%,19,4.34%,JohnBr05,Brian Johnson,was
K,0,0%,0,0%,13,2.97%,BlewCh00,Chris Blewitt,was
P,0,0%,0,0%,123,28.08%,WayxTr00,Tress Way,was
P,0,0%,0,0%,6,1.37%,WinsRy00,Ryan Winslow,was
QB,777,67.33%,0,0%,0,0%,TagoTu00,Tua Tagovailoa,mia
QB,376,32.58%,0,0%,0,0%,BrisJa00,Jacoby Brissett,mia
RB,575,49.83%,0,0%,4,.86%,GaskMy00,Myles Gaskin,mia
RB,129,11.18%,0,0%,8,1.72%,BrowMa03,Malcolm Brown,mia
RB,0,0%,0,0%,16,3.44%,ScarJo00,Jordan Scarlett,mia
RB,56,4.85%,0,0%,13,2.80%,LindPh00,Phillip Lindsay,mia
RB,58,5.03%,0,0%,20,4.30%,LairPa00,Patrick Laird,mia
RB,170,14.73%,0,0%,2,.43%,AhmeSa01,Salvon Ahmed,mia
RB,149,12.91%,0,0%,0,0%,JohnDu00,Duke Johnson,mia
WR,65,5.63%,0,0%,0,0%,FullWi01,Will Fuller,mia
WR,539,46.71%,0,0%,0,0%,ParkDe01,DeVante Parker,mia
WR,903,78.25%,0,0%,55,11.83%,WaddJa00,Jaylen Waddle,mia
WR,361,31.28%,0,0%,2,.43%,WilsAl02,Albert Wilson,mia
WR,175,15.16%,0,0%,6,1.29%,WillPr01,Preston Williams,mia
WR,340,29.46%,0,0%,277,59.57%,HollMa00,Mack Hollins,mia
WR,11,.95%,0,0%,11,2.37%,MerrKi00,Kirk Merritt,mia
WR,17,1.47%,0,0%,33,7.10%,GranJa00,Jakeem Grant,mia
WR,3,.26%,0,0%,14,3.01%,LewiTo00,Tommylee Lewis,mia
WR,142,12.31%,0,0%,1,.22%,FordIs00,Isaiah Ford,mia
TE,716,62.05%,0,0%,238,51.18%,SmytDu00,Durham Smythe,mia
TE,52,4.51%,0,0%,268,57.63%,CartCe00,Cethan Carter,mia
TE,372,32.24%,0,0%,52,11.18%,ShahAd00,Adam Shaheen,mia
TE,90,7.80%,0,0%,5,1.08%,LongHu00,Hunter Long,mia
TE,828,71.75%,0,0%,1,.22%,GesiMi00,Mike Gesicki,mia
T,1064,92.20%,0,0%,66,14.19%,DaviJe00,Jesse Davis,mia
T,1109,96.10%,0,0%,10,2.15%,EichLi00,Liam Eichenberg,mia
T,1097,95.06%,0,0%,66,14.19%,JackAu00,Austin Jackson,mia
G,1154,100.00%,0,0%,66,14.19%,HuntRo01,Robert Hunt,mia
G,124,10.75%,0,0%,61,13.12%,KindSo00,Solomon Kindley,mia
G,79,6.85%,0,0%,28,6.02%,JoneRo02,Robert Jones,mia
G,1,.09%,0,0%,0,0%,PankAd00,Adam Pankey,mia
C,422,36.57%,0,0%,0,0%,ReitAu00,Austin Reiter,mia
C,546,47.31%,0,0%,20,4.30%,DeitMi00,Michael Deiter,mia
C,185,16.03%,0,0%,13,2.80%,MancGr00,Greg Mancz,mia
C,1,.09%,0,0%,0,0%,TomxCa00,Cameron Tom,mia
DE,0,0%,591,52.49%,49,10.54%,ButlAd00,Adam Butler,mia
DE,0,0%,755,67.05%,76,16.34%,OgbaEm00,Emmanuel Ogbah,mia
"DE,DT",8,.69%,734,65.19%,187,40.22%,WilkCh00,Christian Wilkins,mia
"DE,DT",0,0%,518,46.00%,179,38.49%,SielZa00,Zach Sieler,mia
"DE,LB",0,0%,603,53.55%,22,4.73%,PhilJa02,Jaelan Phillips,mia
DE,0,0%,13,1.15%,0,0%,SheaJa00,Jabaal Sheard,mia
NT,0,0%,176,15.63%,21,4.52%,JenkJo00,John Jenkins,mia
NT,0,0%,425,37.74%,56,12.04%,DaviRa03,Raekwon Davis,mia
LB,0,0%,972,86.32%,0,0%,BakeJe00,Jerome Baker,mia
LB,0,0%,801,71.14%,277,59.57%,VanGAn00,Andrew Van Ginkel,mia
LB,0,0%,181,16.07%,281,60.43%,EguaSa00,Samuel Eguavoen,mia
LB,0,0%,621,55.15%,76,16.34%,RobeEl00,Elandon Roberts,mia
LB,0,0%,166,14.74%,270,58.06%,ScarBr00,Brennan Scarlett,mia
LB,0,0%,227,20.16%,260,55.91%,RileDu00,Duke Riley,mia
LB,0,0%,3,.27%,35,7.53%,MunsCa00,Calvin Munson,mia
LB,0,0%,6,.53%,96,20.65%,BiegVi00,Vince Biegel,mia
CB,0,0%,976,86.68%,42,9.03%,JoneBy00,Byron Jones,mia
CB,0,0%,1026,91.12%,5,1.08%,HowaXa00,Xavien Howard,mia
CB,0,0%,607,53.91%,147,31.61%,NeedNi00,Nik Needham,mia
CB,0,0%,4,.36%,15,3.23%,WillTr07,Trill Williams,mia
CB,0,0%,78,6.93%,110,23.66%,IgbiNo00,Noah Igbinoghene,mia
CB,0,0%,0,0%,133,28.60%,CampEl00,Elijah Campbell,mia
CB,0,0%,3,.27%,34,7.31%,WiltJo01,Jamal Perry,mia
CB,0,0%,0,0%,11,2.37%,MiltCh00,Christopher Milton,mia
CB,0,0%,10,.89%,0,0%,DaviJa06,Jalen Davis,mia
CB,0,0%,371,32.95%,141,30.32%,ColeJu01,Justin Coleman,mia
SS,0,0%,638,56.66%,1,.22%,RoweEr00,Eric Rowe,mia
SS,0,0%,646,57.37%,182,39.14%,JoneBr06,Brandon Jones,mia
SS,0,0%,16,1.42%,396,85.16%,FejeCl00,Clayton Fejedelem,mia
FS,0,0%,312,27.71%,0,0%,McCoJa99,Jason McCourty,mia
FS,0,0%,893,79.31%,143,30.75%,HollJe02,Jevon Holland,mia
FS,0,0%,12,1.07%,64,13.76%,RedwSh00,Sheldrick Redwine,mia
FS,0,0%,0,0%,4,.86%,ParkWi01,Will Parks,mia
LS,0,0%,0,0%,148,31.83%,FergBl00,Blake Ferguson,mia
K,0,0%,0,0%,144,30.97%,SandJa00,Jason Sanders,mia
P,0,0%,0,0%,149,32.04%,PalaMi00,Michael Palardy,mia
QB,1087,95.27%,0,0%,0,0%,CousKi00,Kirk Cousins,min
QB,51,4.47%,0,0%,0,0%,MannSe00,Sean Mannion,min
QB,3,.26%,0,0%,0,0%,MondKe00,Kellen Mond,min
RB,608,53.29%,0,0%,0,0%,CookDa01,Dalvin Cook,min
RB,49,4.29%,0,0%,44,9.00%,AbduAm00,Ameer Abdullah,min
RB,377,33.04%,0,0%,46,9.41%,MattAl01,Alexander Mattison,min
RB,29,2.54%,0,0%,79,16.16%,NwanKe00,Kene Nwangwu,min
RB,0,0%,0,0%,5,1.02%,BargJa00,Jake Bargas,min
RB,0,0%,0,0%,10,2.04%,GallWa00,Wayne Gallman,min
FB,376,32.95%,0,0%,254,51.94%,HamxC.00,C.J. Ham,min
WR,758,66.43%,0,0%,1,.20%,ThieAd00,Adam Thielen,min
WR,1014,88.87%,0,0%,0,0%,JeffJu00,Justin Jefferson,min
WR,774,67.84%,0,0%,35,7.16%,OsboKJ00,K.J. Osborn,min
WR,11,.96%,0,0%,213,43.56%,ChisDa00,Dan Chisena,min
WR,211,18.49%,0,0%,57,11.66%,WestDe00,Dede Westbrook,min
WR,86,7.54%,0,0%,15,3.07%,SmitIh00,Ihmir Smith-Marsette,min
WR,1,.09%,0,0%,0,0%,MitcMy00,Myron Mitchell,min
TE,924,80.98%,0,0%,1,.20%,ConkTy00,Tyler Conklin,min
TE,81,7.10%,0,0%,44,9.00%,ElleBe00,Ben Ellefson,min
TE,0,0%,0,0%,22,4.50%,DillBr00,Brandon Dillon,min
TE,154,13.50%,0,0%,162,33.13%,StocLu00,Luke Stocker,min
TE,184,16.13%,0,0%,21,4.29%,HernCh00,Chris Herndon,min
T,342,29.97%,0,0%,68,13.91%,HillRa01,Rashod Hill,min
T,1141,100.00%,0,0%,78,15.95%,ONeiBr00,Brian O'Neill,min
T,1076,94.30%,0,0%,77,15.75%,UdohOl01,Oli Udoh,min
T,65,5.70%,0,0%,59,12.07%,BranBl00,Blake Brandel,min
T,653,57.23%,0,0%,50,10.22%,DarrCh00,Christian Darrisaw,min
G,1141,100.00%,0,0%,78,15.95%,ClevEz00,Ezra Cleveland,min
G,0,0%,0,0%,25,5.11%,DoziDa00,Dakota Dozier,min
G,0,0%,0,0%,28,5.73%,DaviWy00,Wyatt Davis,min
C,883,77.39%,0,0%,11,2.25%,BradGa00,Garrett Bradbury,min
C,472,41.37%,0,0%,65,13.29%,ColeMa02,Mason Cole,min
DE,0,0%,384,31.79%,34,6.95%,HuntDa01,Danielle Hunter,min
DE,0,0%,952,78.81%,84,17.18%,WonnDJ00,D.J. Wonnum,min
DE,0,0%,82,6.79%,114,23.31%,WeatSt00,Stephen Weatherly,min
DE,0,0%,457,37.83%,13,2.66%,GrifEv99,Everson Griffen,min
DE,0,0%,202,16.72%,27,5.52%,WillKe06,Kenny Willekes,min
DE,0,0%,34,2.81%,5,1.02%,BoweTa00,Tashawn Bower,min
DE,0,0%,7,.58%,14,2.86%,YarbEd01,Eddie Yarbrough,min
DE,0,0%,99,8.20%,4,.82%,JonePa00,Patrick Jones II,min
DT,0,0%,641,53.06%,80,16.36%,TomlDa00,Dalvin Tomlinson,min
DT,0,0%,690,57.12%,70,14.31%,RichSh00,Sheldon Richardson,min
DT,0,0%,20,1.66%,1,.20%,SmitTJ00,T.J. Smith,min
DT,0,0%,33,2.73%,0,0%,McGiT.00,T.Y. McGill,min
NT,0,0%,251,20.78%,17,3.48%,PierMi00,Michael Pierce,min
NT,0,0%,670,55.46%,35,7.16%,WattAr01,Armon Watts,min
NT,0,0%,305,25.25%,8,1.64%,LyncJa00,James Lynch,min
LB,0,0%,1032,85.43%,81,16.56%,KendEr00,Eric Kendricks,min
LB,0,0%,719,59.52%,198,40.49%,VigiNi00,Nick Vigil,min
LB,0,0%,784,64.90%,30,6.13%,BarrAn00,Anthony Barr,min
LB,0,0%,218,18.05%,342,69.94%,LyncBl00,Blake Lynch,min
LB,0,0%,54,4.47%,326,66.67%,DyexTr00,Troy Dye,min
LB,0,0%,0,0%,19,3.89%,BorlTu00,Tuf Borland,min
LB,0,0%,0,0%,216,44.17%,ConnRy00,Ryan Connelly,min
LB,0,0%,0,0%,98,20.04%,SurrCh00,Chazz Surratt,min
CB,0,0%,885,73.26%,60,12.27%,PetePa00,Patrick Peterson,min
CB,0,0%,675,55.88%,31,6.34%,BreeBa00,Bashaud Breeland,min
CB,0,0%,690,57.12%,71,14.52%,AlexMa01,Mackensie Alexander,min
CB,0,0%,160,13.25%,245,50.10%,BoydKr00,Kris Boyd,min
CB,0,0%,686,56.79%,74,15.13%,DantCa00,Cameron Dantzler,min
CB,0,0%,2,.17%,115,23.52%,HandHa00,Harrison Hand,min
CB,0,0%,17,1.41%,35,7.16%,NickPa00,Parry Nickerson,min
CB,0,0%,17,1.41%,40,8.18%,SmitTy01,Tye Smith,min
SS,0,0%,1049,86.84%,67,13.70%,SmitHa00,Harrison Smith,min
SS,0,0%,54,4.47%,298,60.94%,MeteJo00,Josh Metellus,min
SS,0,0%,0,0%,140,28.63%,DornMy01,Myles Dorn,min
FS,0,0%,1208,100.00%,115,23.52%,WoodXa00,Xavier Woods,min
FS,0,0%,211,17.47%,230,47.03%,BynuCa00,Camryn Bynum,min
DB,0,0%,0,0%,1,.20%,MillBr05,Bryan Mills,min
LS,0,0%,0,0%,160,32.72%,DePaAn00,Andrew DePaola,min
K,0,0%,0,0%,172,35.17%,JoseGr00,Greg Joseph,min
P,0,0%,0,0%,160,32.72%,BerrJo00,Jordan Berry,min
QB,371,34.04%,0,0%,0,0%,WinsJa00,Jameis Winston,nor
QB,359,32.94%,0,0%,0,0%,SiemTr00,Trevor Siemian,nor
QB,50,4.59%,0,0%,0,0%,BookIa00,Ian Book,nor
QB,431,39.54%,0,0%,27,5.76%,HillTa00,Taysom Hill,nor
RB,627,57.52%,0,0%,4,.85%,KamaAl00,Alvin Kamara,nor
RB,132,12.11%,0,0%,45,9.59%,JoneTo04,Tony Jones,nor
"RB,WR",300,27.52%,0,0%,180,38.38%,MontTy01,Ty Montgomery,nor
RB,236,21.65%,0,0%,0,0%,IngrMa01,Mark Ingram,nor
RB,15,1.38%,0,0%,253,53.94%,WashDw00,Dwayne Washington,nor
RB,11,1.01%,0,0%,9,1.92%,OzigDe01,Devine Ozigbo,nor
RB,72,6.61%,0,0%,96,20.47%,ArmaAl00,Alex Armah,nor
FB,106,9.72%,0,0%,94,20.04%,PrenAd00,Adam Prentice,nor
WR,833,76.42%,0,0%,10,2.13%,CallMa01,Marquez Callaway,nor
WR,520,47.71%,0,0%,1,.21%,SmitTr03,Tre'Quan Smith,nor
WR,298,27.34%,0,0%,118,25.16%,HarrDe07,Deonte Harty,nor
WR,274,25.14%,0,0%,0,0%,StilKe00,Kenny Stills,nor
WR,216,19.82%,0,0%,45,9.59%,HumpLi01,Lil'Jordan Humphrey,nor
WR,0,0%,0,0%,27,5.76%,BakeKa00,Kawaan Baker,nor
"TE,WR",236,21.65%,0,0%,113,24.09%,JohnJu02,Juwan Johnson,nor
WR,68,6.24%,0,0%,25,5.33%,HogaCh00,Chris Hogan,nor
WR,14,1.28%,0,0%,23,4.90%,WinsEa00,Easop Winston,nor
WR,54,4.95%,0,0%,72,15.35%,WhitKe00,Kevin White,nor
TE,642,58.90%,0,0%,57,12.15%,TrauAd00,Adam Trautman,nor
TE,235,21.56%,0,0%,154,32.84%,GrifGa00,Garrett Griffin,nor
TE,228,20.92%,0,0%,30,6.40%,VannNi00,Nick Vannett,nor
TE,20,1.83%,0,0%,6,1.28%,WolfEt00,Ethan Wolf,nor
T,653,59.91%,0,0%,45,9.59%,RamcRy00,Ryan Ramczyk,nor
T,937,85.96%,0,0%,69,14.71%,ThroCa01,Calvin Throckmorton,nor
T,467,42.84%,0,0%,0,0%,ArmsTe00,Terron Armstead,nor
T,49,4.50%,0,0%,1,.21%,BeneCa00,Caleb Benenoch,nor
T,940,86.24%,0,0%,69,14.71%,HursJa00,James Hurst,nor
T,67,6.15%,0,0%,42,8.96%,YounLa00,Landon Young,nor
T,3,.28%,0,0%,0,0%,MurpKy00,Kyle Murphy,nor
T,221,20.28%,0,0%,37,7.89%,MillJo02,Jordan Mills,nor
G,1090,100.00%,0,0%,57,12.15%,RuizCe00,Cesar Ruiz,nor
G,303,27.80%,0,0%,21,4.48%,PeatAn00,Andrus Peat,nor
G,35,3.21%,0,0%,22,4.69%,CarpJa00,James Carpenter,nor
G,0,0%,0,0%,5,1.07%,LampFo00,Forrest Lamp,nor
C,132,12.11%,0,0%,34,7.25%,ClapWi00,Will Clapp,nor
C,745,68.35%,0,0%,17,3.62%,McCoEr01,Erik McCoy,nor
DE,0,0%,143,12.80%,21,4.48%,TurnPa02,Payton Turner,nor
DE,0,0%,448,40.11%,141,30.06%,GranCa01,Carl Granderson,nor
DE,0,0%,830,74.31%,73,15.57%,JordCa00,Cameron Jordan,nor
DE,0,0%,220,19.70%,32,6.82%,KpasTa00,Tanoh Kpassagnon,nor
DE,0,0%,437,39.12%,49,10.45%,DaveMa00,Marcus Davenport,nor
DE,0,0%,115,10.30%,0,0%,AdamMo00,Montravius Adams,nor
DE,0,0%,189,16.92%,13,2.77%,HolmJa01,Jalyn Holmes,nor
DT,0,0%,193,17.28%,22,4.69%,RoacMa01,Malcolm Roach,nor
DT,0,0%,430,38.50%,49,10.45%,OnyeDa00,David Onyemata,nor
DT,0,0%,315,28.20%,2,.43%,RingCh00,Christian Ringo,nor
DT,0,0%,156,13.97%,0,0%,BronJo01,Josiah Bronson,nor
DT,0,0%,494,44.23%,49,10.45%,TuttSh00,Shy Tuttle,nor
DT,0,0%,219,19.61%,1,.21%,HuggAl01,Albert Huggins,nor
DT,0,0%,15,1.34%,0,0%,WestEt00,Ethan Westbrooks,nor
DT,0,0%,15,1.34%,0,0%,HoyeBr01,Braxton Hoyett,nor
LB,0,0%,1037,92.84%,6,1.28%,DaviDe00,Demario Davis,nor
LB,0,0%,191,17.10%,279,59.49%,ElliKa00,Kaden Elliss,nor
LB,0,0%,194,17.37%,372,79.32%,BaunZa00,Zack Baun,nor
LB,0,0%,535,47.90%,3,.64%,AlexKw00,Kwon Alexander,nor
LB,0,0%,20,1.79%,340,72.49%,DoweAn00,Andrew Dowell,nor
LB,0,0%,1,.09%,72,15.35%,HansCh02,Chase Hansen,nor
LB,0,0%,19,1.70%,5,1.07%,FincSh00,Sharif Finch,nor
LB,0,0%,0,0%,12,2.56%,MarcJu00,Justin March,nor
LB,0,0%,0,0%,8,1.71%,McMaWy00,Wynton McManis,nor
LB,0,0%,394,35.27%,196,41.79%,WernPe00,Pete Werner,nor
CB,0,0%,394,35.27%,5,1.07%,RobyBr00,Bradley Roby,nor
CB,0,0%,998,89.35%,4,.85%,LattMa01,Marshon Lattimore,nor
CB,0,0%,0,0%,36,7.68%,RussKe00,KeiVarae Russell,nor
CB,0,0%,57,5.10%,1,.21%,TrufDe00,Desmond Trufant,nor
CB,0,0%,16,1.43%,30,6.40%,CrawKe02,Ken Crawley,nor
CB,0,0%,0,0%,2,.43%,MillJo05,Jordan Miller,nor
SS,0,0%,626,56.04%,76,16.20%,GardCh00,C.J. Gardner-Johnson,nor
SS,0,0%,1041,93.20%,66,14.07%,JenkMa99,Malcolm Jenkins,nor
SS,0,0%,41,3.67%,368,78.46%,GrayJ.00,J.T. Gray,nor
SS,0,0%,73,6.54%,318,67.80%,HeatJe00,Jeff Heath,nor
FS,0,0%,1036,92.75%,3,.64%,WillMa06,Marcus Williams,nor
"CB,FS",0,0%,545,48.79%,70,14.93%,WillP.00,P.J. Williams,nor
"CB,DB",0,0%,850,76.10%,144,30.70%,AdebPa00,Paulson Adebo,nor
DB,0,0%,0,0%,19,4.05%,ThomBr03,Bryce Thompson,nor
LS,0,0%,0,0%,155,33.05%,WoodZa00,Zach Wood,nor
K,0,0%,0,0%,36,7.68%,RosaAl00,Aldrick Rosas,nor
K,0,0%,0,0%,68,14.50%,MaheBr01,Brett Maher,nor
K,0,0%,0,0%,8,1.71%,ParkCo03,Cody Parkey,nor
K,0,0%,0,0%,39,8.32%,JohnBr05,Brian Johnson,nor
P,0,0%,0,0%,157,33.48%,GillBl00,Blake Gillikin,nor
