pos,offense,off_pct,defense,def_pct,special_teams,st_pct,player_id,player_name,team
QB,109,9.05%,0,0%,0,0%,BlouDa00,David Blough,crd
QB,229,19.00%,0,0%,0,0%,McCoCo00,Colt McCoy,crd
QB,719,59.67%,0,0%,0,0%,MurrKy00,Kyler Murray,crd
QB,148,12.28%,0,0%,0,0%,McSoTr00,Trace McSorley,crd
RB,663,55.02%,0,0%,0,0%,ConnJa00,James Conner,crd
RB,315,26.14%,0,0%,47,10.33%,BenjEn00,Eno Benjamin,crd
RB,99,8.22%,0,0%,48,10.55%,WillDa10,Darrel Williams,crd
RB,73,6.06%,0,0%,102,22.42%,ClemCo00,Corey Clement,crd
RB,0,0%,0,0%,58,12.75%,WardJo00,Jonathan Ward,crd
RB,104,8.63%,0,0%,48,10.55%,IngrKe01,Keaontay Ingram,crd
RB,2,.17%,0,0%,5,1.10%,WillTy01,Ty'Son Williams,crd
WR,459,38.09%,0,0%,0,0%,MoorRo02,Rondale Moore,crd
WR,783,64.98%,0,0%,0,0%,BrowMa04,Marquise Brown,crd
WR,513,42.57%,0,0%,113,24.84%,DortGr01,Greg Dortch,crd
WR,555,46.06%,0,0%,0,0%,HopkDe00,DeAndre Hopkins,crd
WR,554,45.98%,0,0%,1,.22%,GreeA.00,A.J. Green,crd
WR,67,5.56%,0,0%,5,1.10%,IsabAn00,Andy Isabella,crd
WR,209,17.34%,0,0%,0,0%,AndeRo04,Robbie Chosen,crd
WR,25,2.07%,0,0%,50,10.99%,CoopPh00,Pharoh Cooper,crd
WR,118,9.79%,0,0%,20,4.40%,BaccAn00,Andre Baccellia,crd
WR,5,.41%,0,0%,0,0%,WimsJa00,Javon Wims,crd
TE,575,47.72%,0,0%,3,.66%,ErtzZa00,Zach Ertz,crd
TE,132,10.95%,0,0%,272,59.78%,AndeSt01,Stephen Anderson,crd
TE,169,14.02%,0,0%,88,19.34%,WillMa04,Maxx Williams,crd
TE,599,49.71%,0,0%,167,36.70%,McBrTr01,Trey McBride,crd
T,575,47.72%,0,0%,21,4.62%,HumpD.00,D.J. Humphries,crd
T,1180,97.93%,0,0%,42,9.23%,BeacKe00,Kelvin Beachum,crd
T,156,12.95%,0,0%,11,2.42%,CowaRa00,Rashaad Coward,crd
T,0,0%,0,0%,4,.88%,TraoBa00,Badara Traore,crd
G,263,21.83%,0,0%,5,1.10%,PughJu00,Justin Pugh,crd
"C,G",228,18.92%,0,0%,55,12.09%,HarlSe00,Sean Harlow,crd
G,845,70.12%,0,0%,23,5.05%,HernWi00,Will Hernandez,crd
G,350,29.05%,0,0%,38,8.35%,FordCo00,Cody Ford,crd
"C,G",209,17.34%,0,0%,37,8.13%,SmitLe01,Lecitus Smith,crd
G,624,51.78%,0,0%,59,12.97%,JoneJo07,Josh Jones,crd
G,544,45.15%,0,0%,27,5.93%,GarcMa00,Max Garcia,crd
G,1,.08%,0,0%,0,0%,DaviWy00,Wyatt Davis,crd
C,754,62.57%,0,0%,0,0%,PricBi01,Billy Price,crd
C,303,25.15%,0,0%,0,0%,HudsRo00,Rodney Hudson,crd
DE,0,0%,660,59.41%,60,13.19%,AlleZa01,Zach Allen,crd
DE,0,0%,282,25.38%,51,11.21%,DogbMi00,Michael Dogbe,crd
DE,0,0%,815,73.36%,0,0%,WattJ.00,J.J. Watt,crd
DE,0,0%,275,24.75%,56,12.31%,LedbJo01,Jonathan Ledbetter,crd
DE,0,0%,59,5.31%,9,1.98%,JoneMa07,Manny Jones,crd
"DE,LB",0,0%,236,21.24%,57,12.53%,ThomCa03,Cameron Thomas,crd
DT,0,0%,499,44.91%,133,29.23%,FotuLe00,Leki Fotu,crd
DT,0,0%,14,1.26%,6,1.32%,BankEr00,Eric Banks,crd
DT,0,0%,90,8.10%,8,1.76%,HillTr00,Trysten Hill,crd
DT,0,0%,13,1.17%,0,0%,WoodAn02,Antwaun Woods,crd
NT,0,0%,112,10.08%,9,1.98%,LawrRa01,Rashard Lawrence,crd
LB,0,0%,1024,92.17%,51,11.21%,CollZa00,Zaven Collins,crd
LB,0,0%,896,80.65%,0,0%,SimmIs00,Isaiah Simmons,crd
LB,0,0%,84,7.56%,29,6.37%,VigiNi00,Nick Vigil,crd
LB,0,0%,209,18.81%,306,67.25%,GardDe01,Dennis Gardeck,crd
LB,0,0%,107,9.63%,328,72.09%,TurnZe00,Zeke Turner,crd
LB,0,0%,280,25.20%,375,82.42%,VallTa00,Tanner Vallejo,crd
LB,0,0%,249,22.41%,241,52.97%,DimuVi00,Victor Dimukeje,crd
LB,0,0%,96,8.64%,0,0%,KennDe00,Devon Kennard,crd
LB,0,0%,781,70.30%,0,0%,GoldMa00,Markus Golden,crd
LB,0,0%,481,43.29%,184,40.44%,NiemBe00,Ben Niemann,crd
LB,0,0%,259,23.31%,15,3.30%,SandMy00,Myjai Sanders,crd
LB,0,0%,56,5.04%,163,35.82%,GrugKa00,Kamu Grugier-Hill,crd
LB,0,0%,47,4.23%,82,18.02%,LukeJe00,Jesse Luketa,crd
CB,0,0%,593,53.38%,21,4.62%,MurpBy00,Byron Murphy,crd
CB,0,0%,777,69.94%,76,16.70%,WilsMa04,Marco Wilson,crd
CB,0,0%,418,37.62%,122,26.81%,HamiAn01,Antonio Hamilton,crd
CB,0,0%,281,25.29%,56,12.31%,WhitJa05,Jace Whittaker,crd
CB,0,0%,3,.27%,26,5.71%,HairNa00,Nate Hairston,crd
CB,0,0%,124,11.16%,64,14.07%,MullTr00,Trayvon Mullen,crd
CB,0,0%,0,0%,5,1.10%,JackJo01,Josh Jackson,crd
SS,0,0%,968,87.13%,58,12.75%,BakeBu00,Budda Baker,crd
SS,0,0%,6,.54%,49,10.77%,ThomDe06,Deionte Thompson,crd
SS,0,0%,14,1.26%,19,4.18%,ThomJo06,Josh Thomas,crd
FS,0,0%,1097,98.74%,16,3.52%,ThomJa04,Jalen Thompson,crd
FS,0,0%,77,6.93%,287,63.08%,BanjCh00,Chris Banjo,crd
FS,0,0%,0,0%,119,26.15%,WashCh01,Charles Washington,crd
"CB,DB",0,0%,235,21.15%,180,39.56%,MattCh01,Christian Matthew,crd
LS,0,0%,0,0%,13,2.86%,BradHu00,Hunter Bradley,crd
LS,0,0%,0,0%,116,25.49%,BrewAa00,Aaron Brewer,crd
K,0,0%,0,0%,19,4.18%,BlanRo03,Rodrigo Blankenship,crd
K,0,0%,0,0%,11,2.42%,VizcTr00,Tristan Vizcaino,crd
K,0,0%,0,0%,12,2.64%,AmmeMa00,Matt Ammendola,crd
K,0,0%,0,0%,92,20.22%,PratMa20,Matt Prater,crd
P,0,0%,0,0%,129,28.35%,LeexAn20,Andy Lee,crd
QB,776,73.83%,0,0%,0,0%,MariMa01,Marcus Mariota,atl
QB,271,25.78%,0,0%,0,0%,RiddDe00,Desmond Ridder,atl
QB,4,.38%,0,0%,0,0%,WoodLo00,Logan Woodside,atl
"QB,TE",54,5.14%,0,0%,91,20.92%,FranFe00,Feleipe Franks,atl
RB,382,36.35%,0,0%,60,13.79%,PattCo00,Cordarrelle Patterson,atl
RB,141,13.42%,1,.09%,318,73.10%,WillAv02,Avery Williams,atl
RB,497,47.29%,0,0%,30,6.90%,AllgTy00,Tyler Allgeier,atl
RB,10,.95%,0,0%,0,0%,WillDa05,Damien Williams,atl
RB,120,11.42%,0,0%,0,0%,HuntCa02,Caleb Huntley,atl
FB,259,24.64%,1,.09%,261,60.00%,SmitKe03,Keith Smith,atl
WR,819,77.93%,0,0%,0,0%,LondDr00,Drake London,atl
WR,737,70.12%,0,0%,33,7.59%,ZaccOl01,Olamide Zaccheaus,atl
WR,199,18.93%,1,.09%,259,59.54%,HodgKh00,KhaDarel Hodge,atl
WR,91,8.66%,0,0%,0,0%,EdwaBr01,Bryan Edwards,atl
WR,312,29.69%,0,0%,0,0%,ByrdDa00,Damiere Byrd,atl
WR,54,5.14%,0,0%,28,6.44%,DarbFr00,Frank Darby,atl
WR,14,1.33%,0,0%,0,0%,AlixJo00,Josh Ali,atl
WR,9,.86%,0,0%,0,0%,BernJa00,Jared Bernhardt,atl
TE,434,41.29%,0,0%,0,0%,PittKy00,Kyle Pitts,atl
TE,646,61.47%,0,0%,221,50.80%,HessPa00,Parker Hesse,atl
TE,321,30.54%,0,0%,75,17.24%,PruiMy00,MyCole Pruitt,atl
TE,149,14.18%,0,0%,1,.23%,FirkAn00,Anthony Firkser,atl
T,1047,99.62%,0,0%,72,16.55%,MattJa00,Jake Matthews,atl
T,574,54.61%,0,0%,32,7.36%,WilkEl00,Elijah Wilkinson,atl
T,1051,100.00%,0,0%,72,16.55%,McGaKa00,Kaleb McGary,atl
T,8,.76%,0,0%,72,16.55%,IfedGe00,Germain Ifedi,atl
T,55,5.23%,0,0%,5,1.15%,EdogCh00,Chuma Edoga,atl
G,1047,99.62%,0,0%,72,16.55%,LindCh00,Chris Lindstrom,atl
G,267,25.40%,0,0%,72,16.55%,GossCo00,Colby Gossett,atl
G,5,.48%,0,0%,35,8.05%,NeuzRy00,Ryan Neuzil,atl
C,1051,100.00%,0,0%,0,0%,DalmDr00,Drew Dalman,atl
C,157,14.94%,0,0%,39,8.97%,HennMa00,Matt Hennessy,atl
DE,0,0%,471,41.98%,44,10.11%,GrahTa00,Ta'Quon Graham,atl
DE,0,0%,433,38.59%,69,15.86%,AndeAb00,Abdullah Anderson,atl
DT,0,0%,856,76.29%,4,.92%,JarrGr00,Grady Jarrett,atl
DT,0,0%,87,7.75%,0,0%,RushAn00,Anthony Rush,atl
DT,0,0%,385,34.31%,66,15.17%,HornTi00,Timmy Horne,atl
DT,0,0%,145,12.92%,33,7.59%,DaltJa00,Jalen Dalton,atl
DT,0,0%,95,8.47%,16,3.68%,JohnJa09,Jaleel Johnson,atl
DT,0,0%,96,8.56%,13,2.99%,DickMa00,Matt Dickerson,atl
LB,0,0%,769,68.54%,5,1.15%,WalkMy00,Mykal Walker,atl
LB,0,0%,1104,98.40%,0,0%,EvanRa01,Rashaan Evans,atl
LB,0,0%,909,81.02%,34,7.82%,CartLo01,Lorenzo Carter,atl
LB,0,0%,542,48.31%,96,22.07%,OgunAd01,Adetokunbo Ogundeji,atl
LB,0,0%,61,5.44%,60,13.79%,BellQu00,Quinton Bell,atl
LB,0,0%,516,45.99%,7,1.61%,EbikAr00,Arnold Ebiketie,atl
LB,0,0%,481,42.87%,263,60.46%,AndeTr00,Troy Andersen,atl
LB,0,0%,216,19.25%,216,49.66%,MaloDe00,DeAngelo Malone,atl
LB,0,0%,0,0%,228,52.41%,KwiaNi00,Nick Kwiatkoski,atl
LB,0,0%,22,1.96%,67,15.40%,LandNa01,Nathan Landman,atl
CB,0,0%,372,33.16%,52,11.95%,ArmsCo00,Cornell Armstrong,atl
CB,0,0%,799,71.21%,0,0%,TerrAJ00,AJ Terrell,atl
CB,0,0%,355,31.64%,0,0%,HaywCa00,Casey Hayward,atl
CB,0,0%,83,7.40%,361,82.99%,FordMi01,Mike Ford,atl
CB,0,0%,349,31.11%,77,17.70%,OlivIs00,Isaiah Oliver,atl
CB,0,0%,634,56.51%,57,13.10%,HallDa03,Darren Hall,atl
CB,0,0%,66,5.88%,5,1.15%,FentRa00,Rashad Fenton,atl
SS,0,0%,1117,99.55%,165,37.93%,GranRi00,Richie Grant,atl
SS,0,0%,140,12.48%,157,36.09%,MarlDe00,Dean Marlowe,atl
SS,0,0%,0,0%,55,12.64%,MoffJo01,Jovante Moffatt,atl
FS,0,0%,955,85.12%,49,11.26%,HawkJa00,Jaylinn Hawkins,atl
FS,0,0%,33,2.94%,299,68.74%,HarrEr00,Erik Harris,atl
"CB,DB",0,0%,246,21.93%,18,4.14%,AlfoDe00,DeAundre Alford,atl
LS,0,0%,0,0%,134,30.80%,McCuLi00,Liam McCullough,atl
K,0,0%,0,0%,72,16.55%,KooxYo00,Younghoe Koo,atl
P,0,0%,0,0%,214,49.20%,PiniBr00,Bradley Pinion,atl
QB,728,66.42%,0,0%,0,0%,JackLa00,Lamar Jackson,rav
QB,101,9.22%,0,0%,0,0%,BrowAn06,Anthony Brown,rav
QB,268,24.45%,0,0%,0,0%,HuntTy01,Tyler Huntley,rav
RB,366,33.39%,0,0%,6,1.39%,DrakKe00,Kenyan Drake,rav
RB,202,18.43%,0,0%,0,0%,DobbJK00,J.K. Dobbins,rav
RB,264,24.09%,0,0%,214,49.65%,HillJu00,Justice Hill,rav
RB,159,14.51%,0,0%,0,0%,EdwaGu00,Gus Edwards,rav
RB,42,3.83%,0,0%,0,0%,DaviMi01,Mike Davis,rav
FB,698,63.69%,0,0%,70,16.24%,RicaPa00,Patrick Ricard,rav
WR,190,17.34%,0,0%,1,.23%,BateRa00,Rashod Bateman,rav
WR,632,57.66%,0,0%,118,27.38%,DuveDe00,Devin Duvernay,rav
WR,637,58.12%,0,0%,4,.93%,RobiDe01,Demarcus Robinson,rav
WR,77,7.03%,0,0%,121,28.07%,WallTy00,Tylan Wallace,rav
WR,0,0%,0,0%,34,7.89%,WebbRa02,Raleigh Webb,rav
WR,78,7.12%,0,0%,0,0%,WatkSa00,Sammy Watkins,rav
WR,110,10.04%,0,0%,0,0%,JackDe00,DeSean Jackson,rav
WR,6,.55%,0,0%,8,1.86%,IsabAn00,Andy Isabella,rav
WR,5,.46%,0,0%,5,1.16%,VictBi01,Binjimen Victor,rav
WR,193,17.61%,0,0%,70,16.24%,ProcJa00,James Proche,rav
TE,787,71.81%,0,0%,2,.46%,AndrMa00,Mark Andrews,rav
TE,414,37.77%,0,0%,75,17.40%,LikeIs00,Isaiah Likely,rav
TE,514,46.90%,0,0%,127,29.47%,OlivJo00,Josh Oliver,rav
TE,61,5.57%,0,0%,108,25.06%,BoylNi00,Nick Boyle,rav
TE,36,3.28%,0,0%,4,.93%,KolaCh00,Charlie Kolar,rav
T,1024,93.43%,0,0%,60,13.92%,MoseMo00,Morgan Moses,rav
T,24,2.19%,0,0%,0,0%,JameJa01,Ja'Wuan James,rav
T,602,54.93%,0,0%,4,.93%,StanRo00,Ronnie Stanley,rav
T,170,15.51%,0,0%,71,16.47%,FaalDa00,Daniel Faalele,rav
G,1096,100.00%,0,0%,75,17.40%,PoweBe00,Ben Powers,rav
G,957,87.32%,0,0%,54,12.53%,ZeitKe00,Kevin Zeitler,rav
G,379,34.58%,0,0%,56,12.99%,MekaPa00,Patrick Mekari,rav
G,92,8.39%,0,0%,39,9.05%,ClevBe00,Ben Cleveland,rav
C,1094,99.82%,0,0%,0,0%,LindTy00,Tyler Linderbaum,rav
C,49,4.47%,4,.37%,17,3.94%,ColoTr01,Trystan Colon,rav
DE,0,0%,526,48.12%,0,0%,PierJa99,Jason Pierre-Paul,rav
DE,0,0%,550,50.32%,123,28.54%,CampCa99,Calais Campbell,rav
DE,0,0%,299,27.36%,86,19.95%,UrbaBr00,Brent Urban,rav
DT,0,0%,655,59.93%,24,5.57%,MaduJu00,Nnamdi Madubuike,rav
DT,0,0%,483,44.19%,99,22.97%,WashBr01,Broderick Washington Jr.,rav
DT,0,0%,324,29.64%,116,26.91%,JoneTr00,Travis Jones,rav
DT,0,0%,15,1.37%,0,0%,NichRa00,Rayshad Nichols,rav
NT,0,0%,91,8.33%,0,0%,PierMi00,Michael Pierce,rav
NT,0,0%,30,2.74%,0,0%,MackIs00,Isaiah Mack,rav
LB,0,0%,1026,93.87%,0,0%,QueePa00,Patrick Queen,rav
LB,0,0%,634,58.01%,22,5.10%,OwehJa00,Odafe Oweh,rav
LB,0,0%,397,36.32%,0,0%,HousJu00,Justin Houston,rav
LB,0,0%,248,22.69%,338,78.42%,HarrMa06,Malik Harrison,rav
LB,0,0%,533,48.76%,0,0%,SmitRo07,Roquan Smith,rav
LB,0,0%,29,2.65%,9,2.09%,MeanSt00,Steven Means,rav
LB,0,0%,355,32.48%,5,1.16%,BowsTy00,Tyus Bowser,rav
LB,0,0%,271,24.79%,0,0%,ByneJo00,Josh Bynes,rav
LB,0,0%,52,4.76%,5,1.16%,CopeBr00,Brandon Copeland,rav
LB,0,0%,4,.37%,336,77.96%,WelcKr00,Kristian Welch,rav
LB,0,0%,1,.09%,258,59.86%,PhilDe00,Del'Shawn Phillips,rav
LB,0,0%,0,0%,36,8.35%,RossJo01,Josh Ross,rav
LB,0,0%,0,0%,17,3.94%,StanJu00,Julian Stanford,rav
LB,0,0%,32,2.93%,0,0%,KennDe00,Devon Kennard,rav
LB,0,0%,8,.73%,0,0%,AttaJe00,Jeremiah Attaochu,rav
LB,0,0%,18,1.65%,8,1.86%,KleiAJ00,A.J. Klein,rav
LB,0,0%,21,1.92%,8,1.86%,OjabDa00,David Ojabo,rav
CB,0,0%,1053,96.34%,31,7.19%,HumpMa00,Marlon Humphrey,rav
CB,0,0%,80,7.32%,0,0%,FullKy00,Kyle Fuller,rav
CB,0,0%,736,67.34%,0,0%,PeteMa00,Marcus Peters,rav
CB,0,0%,6,.55%,282,65.43%,SeymKe00,Kevon Seymour,rav
CB,0,0%,64,5.86%,88,20.42%,WorlDa00,Daryl Worley,rav
SS,0,0%,1093,100.00%,74,17.17%,ClarCh00,Chuck Clark,rav
SS,0,0%,451,41.26%,301,69.84%,StonGe00,Geno Stone,rav
FS,0,0%,638,58.37%,0,0%,WillMa06,Marcus Williams,rav
FS,0,0%,453,41.45%,206,47.80%,StepBr01,Brandon Stephens,rav
FS,0,0%,25,2.29%,23,5.34%,WashAr00,Ar'Darius Washington,rav
"DB,FS",0,0%,548,50.14%,282,65.43%,HamiKy00,Kyle Hamilton,rav
"CB,DB",0,0%,226,20.68%,134,31.09%,WillDa15,Damarion Williams,rav
"CB,DB",0,0%,50,4.57%,57,13.23%,ArmoJa00,Jalyn Armour-Davis,rav
LS,0,0%,0,0%,132,30.63%,MoorNi00,Nick Moore,rav
K,0,0%,0,0%,161,37.35%,TuckJu00,Justin Tucker,rav
P,0,0%,0,0%,132,30.63%,StouJo00,Jordan Stout,rav
QB,1061,97.79%,0,0%,0,0%,AlleJo02,Josh Allen,buf
QB,24,2.21%,0,0%,0,0%,KeenCa00,Case Keenum,buf
RB,709,65.35%,0,0%,0,0%,SingDe00,Devin Singletary,buf
RB,73,6.73%,0,0%,0,0%,MossZa00,Zack Moss,buf
RB,5,.46%,0,0%,7,1.71%,JohnDu00,Duke Johnson,buf
RB,0,0%,0,0%,305,74.39%,JoneTa00,Taiwan Jones,buf
RB,66,6.08%,0,0%,93,22.68%,HineNy00,Nyheim Hines,buf
RB,269,24.79%,0,0%,1,.24%,CookJa01,James Cook,buf
FB,176,16.22%,0,0%,296,72.20%,GillRe00,Reggie Gilliam,buf
WR,926,85.35%,0,0%,4,.98%,DaviGa01,Gabriel Davis,buf
WR,836,77.05%,0,0%,4,.98%,DiggSt00,Stefon Diggs,buf
WR,555,51.15%,0,0%,28,6.83%,McKeIs00,Isaiah McKenzie,buf
WR,92,8.48%,0,0%,71,17.32%,KumeJa00,Jake Kumerow,buf
WR,275,25.35%,0,0%,18,4.39%,ShakKh00,Khalil Shakir,buf
WR,93,8.57%,0,0%,18,4.39%,CrowJa00,Jamison Crowder,buf
WR,16,1.47%,0,0%,3,.73%,HodgIs00,Isaiah Hodgins,buf
WR,22,2.03%,0,0%,0,0%,BrowJo02,John Brown,buf
WR,20,1.84%,0,0%,1,.24%,GentTa00,Tanner Gentry,buf
WR,17,1.57%,0,0%,0,0%,BeasCo00,Cole Beasley,buf
TE,825,76.04%,0,0%,5,1.22%,KnoxDa00,Dawson Knox,buf
TE,281,25.90%,0,0%,276,67.32%,MorrQu00,Quintin Morris,buf
TE,68,6.27%,0,0%,51,12.44%,SweeTo00,Tommy Sweeney,buf
T,848,78.16%,0,0%,67,16.34%,BrowSp00,Spencer Brown,buf
T,957,88.20%,0,0%,75,18.29%,DawkDi00,Dion Dawkins,buf
T,37,3.41%,0,0%,4,.98%,DoylTo00,Tommy Doyle,buf
T,125,11.52%,0,0%,77,18.78%,HartBo00,Bobby Hart,buf
T,1,.09%,0,0%,22,5.37%,MurrJu00,Justin Murray,buf
G,1062,97.88%,0,0%,11,2.68%,SaffRo20,Rodger Saffold,buf
G,6,.55%,0,0%,5,1.22%,BoetIk00,Ike Boettger,buf
G,355,32.72%,0,0%,79,19.27%,VanRGr00,Greg Van Roten,buf
G,398,36.68%,0,0%,80,19.51%,QuesDa00,David Quessenberry,buf
C,947,87.28%,0,0%,62,15.12%,BateRy02,Ryan Bates,buf
C,767,70.69%,0,0%,0,0%,MorsMi00,Mitch Morse,buf
C,23,2.12%,0,0%,4,.98%,MancGr00,Greg Mancz,buf
DE,0,0%,463,44.05%,38,9.27%,RousGr00,Gregory Rousseau,buf
DE,0,0%,375,35.68%,43,10.49%,EpenAJ00,A.J. Epenesa,buf
DE,0,0%,346,32.92%,3,.73%,PhilJo01,Jordan Phillips,buf
DE,0,0%,20,1.90%,9,2.20%,LoveMi00,Mike Love,buf
DE,0,0%,389,37.01%,39,9.51%,BashCa00,Boogie Basham,buf
DE,0,0%,467,44.43%,28,6.83%,LawsSh00,Shaq Lawson,buf
DE,0,0%,18,1.71%,0,0%,JonaKi00,Kingsley Jonathan,buf
DT,0,0%,643,61.18%,56,13.66%,JoneDa04,DaQuan Jones,buf
DT,0,0%,373,35.49%,50,12.20%,SettTi00,Tim Settle,buf
DT,0,0%,74,7.04%,11,2.68%,BryaBr00,Brandin Bryant,buf
DT,0,0%,29,2.76%,0,0%,BrewCJ00,C.J. Brewer,buf
DT,0,0%,527,50.14%,4,.98%,OlivEd00,Ed Oliver,buf
DT,0,0%,27,2.57%,0,0%,EmilPr00,Prince Emili,buf
LB,0,0%,86,8.18%,83,20.24%,KleiAJ00,A.J. Klein,buf
LB,0,0%,760,72.31%,48,11.71%,EdmuTr01,Tremaine Edmunds,buf
LB,0,0%,947,90.10%,24,5.85%,MilaMa00,Matt Milano,buf
LB,0,0%,450,42.82%,0,0%,MillVo00,Von Miller,buf
LB,0,0%,0,0%,15,3.66%,GileJo01,Joe Giles-Harris,buf
LB,0,0%,3,.29%,323,78.78%,MataTy00,Tyler Matakevich,buf
LB,0,0%,110,10.47%,254,61.95%,BernTe00,Terrel Bernard,buf
LB,0,0%,12,1.14%,86,20.98%,SpecBa00,Baylon Spector,buf
LB,0,0%,220,20.93%,276,67.32%,DodsTy01,Tyrel Dodson,buf
CB,0,0%,969,92.20%,50,12.20%,JohnTa01,Taron Johnson,buf
CB,0,0%,829,78.88%,8,1.95%,JackDa02,Dane Jackson,buf
CB,0,0%,72,6.85%,0,0%,RhodXa00,Xavier Rhodes,buf
CB,0,0%,308,29.31%,0,0%,WhitTr01,Tre'Davious White,buf
CB,0,0%,63,5.99%,316,77.07%,NealSi00,Siran Neal,buf
CB,0,0%,104,9.90%,171,41.71%,LewiCa00,Cameron Lewis,buf
SS,0,0%,755,71.84%,42,10.24%,PoyeJo00,Jordan Poyer,buf
SS,0,0%,69,6.57%,36,8.78%,MarlDe00,Dean Marlowe,buf
SS,0,0%,846,80.49%,76,18.54%,HamlDa00,Damar Hamlin,buf
FS,0,0%,101,9.61%,3,.73%,HydeMi00,Micah Hyde,buf
FS,0,0%,226,21.50%,246,60.00%,JohnJa11,Jaquan Johnson,buf
"CB,DB",0,0%,363,34.54%,43,10.49%,BenfCh00,Christian Benford,buf
"CB,DB",0,0%,477,45.39%,25,6.10%,ElamKa00,Kaiir Elam,buf
DB,0,0%,44,4.19%,12,2.93%,IngrJa00,Ja'Marcus Ingram,buf
LS,0,0%,0,0%,127,30.98%,FergRe00,Reid Ferguson,buf
K,0,0%,0,0%,173,42.20%,BassTy00,Tyler Bass,buf
P,0,0%,0,0%,128,31.22%,MartSa01,Sam Martin,buf
QB,377,37.11%,0,0%,0,0%,DarnSa00,Sam Darnold,car
QB,372,36.61%,0,0%,0,0%,MayfBa00,Baker Mayfield,car
QB,260,25.59%,0,0%,0,0%,WalkPh00,P.J. Walker,car
QB,7,.69%,0,0%,0,0%,EasoJa00,Jacob Eason,car
RB,287,28.25%,0,0%,1,.21%,McCaCh01,Christian McCaffrey,car
RB,31,3.05%,0,0%,16,3.40%,BrowSp01,Spencer Brown,car
RB,275,27.07%,0,0%,145,30.79%,HubbCh01,Chuba Hubbard,car
RB,353,34.74%,0,0%,0,0%,ForeDO00,D'Onta Foreman,car
RB,79,7.78%,0,0%,113,23.99%,BlacRa00,Raheem Blackshear,car
WR,284,27.95%,0,0%,2,.42%,AndeRo04,Robbie Chosen,car
WR,978,96.26%,0,0%,8,1.70%,MoorD.00,D.J. Moore,car
WR,482,47.44%,0,0%,57,12.10%,SmitSh03,Shi Smith,car
WR,206,20.28%,0,0%,13,2.76%,ShenLa00,Laviska Shenault Jr.,car
WR,0,0%,0,0%,23,4.88%,RobeAn00,Andre Roberts,car
WR,2,.20%,0,0%,7,1.49%,WillPr01,Preston Williams,car
WR,9,.89%,0,0%,3,.64%,HiggRa00,Rashard Higgins,car
WR,645,63.48%,0,0%,5,1.06%,MarsTe00,Terrace Marshall Jr.,car
TE,556,54.72%,0,0%,169,35.88%,ThomIa00,Ian Thomas,car
TE,510,50.20%,0,0%,256,54.35%,TremTo00,Tommy Tremble,car
TE,163,16.04%,0,0%,258,54.78%,RiccGi00,Giovanni Ricci,car
TE,125,12.30%,0,0%,176,37.37%,SullSt00,Stephen Sullivan,car
T,1016,100.00%,0,0%,67,14.23%,EkwoIk00,Ikem Ekwonu,car
T,963,94.78%,0,0%,65,13.80%,ChriBr00,Brady Christensen,car
T,1016,100.00%,0,0%,63,13.38%,MotoTa00,Taylor Moton,car
T,76,7.48%,0,0%,6,1.27%,ErviCa00,Cameron Erving,car
G,983,96.75%,0,0%,65,13.80%,CorbAu00,Austin Corbett,car
G,54,5.31%,0,0%,67,14.23%,JordMi01,Michael Jordan,car
G,51,5.02%,0,0%,47,9.98%,MaysCa00,Cade Mays,car
C,337,33.17%,0,0%,0,0%,ElflPa00,Pat Elflein,car
C,679,66.83%,0,0%,21,4.46%,BozeBr00,Bradley Bozeman,car
DE,0,0%,951,82.27%,71,15.07%,BurnBr00,Brian Burns,car
DE,0,0%,846,73.18%,80,16.99%,GrosYe00,Yetur Gross-Matos,car
DE,0,0%,470,40.66%,78,16.56%,HaynMa01,Marquis Haynes,car
"DE,LB",0,0%,204,17.65%,40,8.49%,AndeHe00,Henry Anderson,car
DE,0,0%,11,.95%,0,0%,JoneKo00,Kobe Jones,car
DE,0,0%,51,4.41%,73,15.50%,BarnAm00,Amare Barno,car
DT,0,0%,870,75.26%,67,14.23%,BrowDe05,Derrick Brown,car
DT,0,0%,641,55.45%,30,6.37%,IoanMa01,Matthew Ioannidis,car
DT,0,0%,299,25.87%,35,7.43%,RoyxBr00,Bravvion Roy,car
DT,0,0%,44,3.81%,2,.42%,HoskPh00,Phil Hoskins,car
DT,0,0%,62,5.36%,1,.21%,NixoDa00,Daviyon Nixon,car
NT,0,0%,186,16.09%,46,9.77%,McCaMa03,Marquan McCall,car
LB,0,0%,940,81.31%,71,15.07%,LuvuFr00,Frankie Luvu,car
LB,0,0%,1090,94.29%,87,18.47%,ThomSh01,Shaq Thompson,car
LB,0,0%,373,32.27%,287,60.93%,LittCo01,Cory Littleton,car
LB,0,0%,204,17.65%,211,44.80%,WilsDa02,Damien Wilson,car
LB,0,0%,53,4.58%,193,40.98%,SmitBr08,Brandon Smith,car
LB,0,0%,0,0%,121,25.69%,IyieJo00,Joel Iyiegbuniwe,car
LB,0,0%,2,.17%,33,7.01%,MosbAr00,Arron Mosby,car
LB,0,0%,0,0%,145,30.79%,WootCh00,Chandler Wooten,car
CB,0,0%,812,70.24%,32,6.79%,HornJa00,Jaycee Horn,car
CB,0,0%,442,38.24%,7,1.49%,JackDo02,Donte Jackson,car
CB,0,0%,765,66.18%,109,23.14%,HendCJ00,C.J. Henderson,car
CB,0,0%,38,3.29%,16,3.40%,HayeTa00,Tae Hayes,car
CB,0,0%,0,0%,46,9.77%,ThomSt00,Stantley Thomas-Oliver,car
CB,0,0%,70,6.06%,0,0%,NormJo01,Josh Norman,car
CB,0,0%,37,3.20%,59,12.53%,CarrTr00,T.J. Carrie,car
CB,0,0%,377,32.61%,170,36.09%,TaylKe03,Keith Taylor,car
SS,0,0%,219,18.94%,33,7.01%,BurrJu00,Juston Burris,car
SS,0,0%,88,7.61%,359,76.22%,FranSa00,Sam Franklin,car
SS,0,0%,74,6.40%,320,67.94%,ChanSe00,Sean Chandler,car
FS,0,0%,683,59.08%,30,6.37%,ChinJe00,Jeremy Chinn,car
FS,0,0%,1000,86.51%,30,6.37%,WoodXa00,Xavier Woods,car
FS,0,0%,813,70.33%,160,33.97%,HartMy00,Myles Hartsfield,car
FS,0,0%,1,.09%,25,5.31%,BlaiMa01,Marquise Blair,car
LS,0,0%,0,0%,152,32.27%,JansJ.00,J.J. Jansen,car
K,0,0%,0,0%,149,31.63%,PineEd00,Eddy Piñeiro,car
P,0,0%,0,0%,154,32.70%,HekkJo00,Johnny Hekker,car
QB,917,88.68%,0,0%,0,0%,FielJu00,Justin Fields,chi
QB,13,1.26%,0,0%,0,0%,BoylTi00,Tim Boyle,chi
QB,60,5.80%,0,0%,0,0%,SiemTr00,Trevor Siemian,chi
QB,44,4.26%,0,0%,0,0%,PeteNa00,Nathan Peterman,chi
RB,629,60.83%,0,0%,0,0%,MontDa01,David Montgomery,chi
RB,301,29.11%,0,0%,69,15.83%,HerbKh00,Khalil Herbert,chi
RB,49,4.74%,0,0%,63,14.45%,EvanDa02,Darrynton Evans,chi
RB,85,8.22%,0,0%,173,39.68%,EbneTr00,Trestan Ebner,chi
FB,174,16.83%,0,0%,215,49.31%,BlasKh00,Khari Blasingame,chi
WR,630,60.93%,0,0%,0,0%,MoonDa00,Darnell Mooney,chi
WR,555,53.68%,0,0%,0,0%,St.BEq00,Equanimeous St. Brown,chi
WR,176,17.02%,0,0%,2,.46%,HarrNK00,N'Keal Harry,chi
WR,524,50.68%,0,0%,39,8.94%,PettDa00,Dante Pettis,chi
WR,200,19.34%,0,0%,0,0%,ClayCh01,Chase Claypool,chi
WR,10,.97%,0,0%,17,3.90%,WebsNs00,Nsimba Webster,chi
WR,159,15.38%,0,0%,121,27.75%,JoneVe00,Velus Jones Jr.,chi
WR,285,27.56%,0,0%,35,8.03%,PrinBy00,Byron Pringle,chi
WR,58,5.61%,0,0%,2,.46%,SmitIh00,Ihmir Smith-Marsette,chi
TE,971,93.91%,0,0%,57,13.07%,KmetCo00,Cole Kmet,chi
TE,159,15.38%,0,0%,175,40.14%,GrifRy00,Ryan Griffin,chi
TE,2,.19%,0,0%,7,1.61%,AlleCh03,Chase Allen,chi
TE,16,1.55%,0,0%,11,2.52%,TongJa00,Jake Tonges,chi
TE,181,17.50%,0,0%,84,19.27%,WescTr00,Trevon Wesco,chi
T,528,51.06%,0,0%,46,10.55%,BoroLa00,Larry Borom,chi
T,1034,100.00%,0,0%,61,13.99%,JoneBr08,Braxton Jones,chi
T,576,55.71%,0,0%,40,9.17%,JenkTe00,Teven Jenkins,chi
T,32,3.09%,0,0%,11,2.52%,LeatAl00,Alex Leatherwood,chi
T,543,52.51%,0,0%,49,11.24%,ReifRi00,Riley Reiff,chi
T,31,3.00%,0,0%,4,.92%,CartJa04,Ja'Tyre Carter,chi
G,661,63.93%,0,0%,40,9.17%,WhitCo03,Cody Whitehair,chi
G,269,26.02%,0,0%,8,1.83%,PatrLu00,Lucas Patrick,chi
G,419,40.52%,0,0%,38,8.72%,SchoMi00,Michael Schofield,chi
G,63,6.09%,0,0%,36,8.26%,EiseDi00,Dieter Eiselen,chi
C,1021,98.74%,0,0%,33,7.57%,MustSa01,Sam Mustipher,chi
DE,0,0%,608,55.88%,42,9.63%,MuhaAl00,Al-Quadin Muhammad,chi
DE,0,0%,34,3.13%,0,0%,HolmJa01,Jalyn Holmes,chi
DE,0,0%,550,50.55%,104,23.85%,RobiDo00,Dominique Robinson,chi
DE,0,0%,67,6.16%,2,.46%,CharTa00,Taco Charlton,chi
DE,0,0%,35,3.22%,8,1.83%,JonaKi00,Kingsley Jonathan,chi
DE,0,0%,4,.37%,0,0%,GreeGe00,Gerri Green,chi
DT,0,0%,392,36.03%,101,23.17%,BlacAn00,Angelo Blackson,chi
DT,0,0%,744,68.38%,89,20.41%,JoneJu03,Justin Jones,chi
NT,0,0%,79,7.26%,0,0%,BrowAn05,Andrew Brown,chi
NT,0,0%,532,48.90%,16,3.67%,WattAr01,Armon Watts,chi
NT,0,0%,365,33.55%,0,0%,PennMi00,Mike Pennel,chi
LB,0,0%,506,46.51%,8,1.83%,SmitRo07,Roquan Smith,chi
LB,0,0%,1086,99.82%,91,20.87%,MorrNi00,Nicholas Morrow,chi
LB,0,0%,304,27.94%,6,1.38%,QuinRo00,Robert Quinn,chi
LB,0,0%,413,37.96%,265,60.78%,ThomJo04,Joe Thomas,chi
LB,0,0%,188,17.28%,205,47.02%,AdamMa00,Matthew Adams,chi
LB,0,0%,641,58.92%,91,20.87%,GipsTr00,Trevis Gipson,chi
LB,0,0%,0,0%,69,15.83%,LeexEl00,Elijah Lee,chi
LB,0,0%,0,0%,224,51.38%,WeatSt01,Sterling Weatherford,chi
LB,0,0%,331,30.42%,153,35.09%,SanbJa00,Jack Sanborn,chi
LB,0,0%,2,.18%,35,8.03%,GateDe00,DeMarquis Gates,chi
LB,0,0%,0,0%,9,2.06%,KleiAJ00,A.J. Klein,chi
CB,0,0%,658,60.48%,30,6.88%,JohnJa13,Jaylon Johnson,chi
CB,0,0%,531,48.81%,32,7.34%,VildKi00,Kindle Vildor,chi
CB,0,0%,70,6.43%,19,4.36%,StroGr00,Greg Stroman,chi
CB,0,0%,0,0%,9,2.06%,BordBr00,Breon Borders,chi
CB,0,0%,0,0%,15,3.44%,LaynJu00,Justin Layne,chi
CB,0,0%,8,.74%,61,13.99%,JackLa02,Lamar Jackson,chi
CB,0,0%,111,10.20%,13,2.98%,HandHa00,Harrison Hand,chi
CB,0,0%,0,0%,1,.23%,OjemMi00,Michael Ojemudia,chi
SS,0,0%,698,64.15%,49,11.24%,JackEd01,Eddie Jackson,chi
SS,0,0%,1,.09%,119,27.29%,CruiDa00,Dane Cruikshank,chi
FS,0,0%,413,37.96%,286,65.60%,HousDe00,DeAndre Houston-Carson,chi
FS,0,0%,0,0%,20,4.59%,ColbAd00,Adrian Colbert,chi
"DB,SS",0,0%,955,87.78%,47,10.78%,BrisJa01,Jaquan Brisker,chi
"CB,DB",0,0%,864,79.41%,70,16.06%,GordKy00,Kyler Gordon,chi
"CB,DB",0,0%,464,42.65%,153,35.09%,JoneJa12,Jaylon Jones,chi
"DB,FS",0,0%,168,15.44%,213,48.85%,HickEl00,Elijah Hicks,chi
DB,0,0%,13,1.19%,66,15.14%,ThomAJ00,A.J. Thomas,chi
"CB,DB",0,0%,133,12.22%,245,56.19%,BlacJo00,Josh Blackwell,chi
LS,0,0%,0,0%,128,29.36%,ScalPa00,Patrick Scales,chi
K,0,0%,0,0%,106,24.31%,SantCa01,Cairo Santos,chi
K,0,0%,0,0%,4,.92%,BadgMi00,Michael Badgley,chi
P,0,0%,0,0%,155,35.55%,GillTr01,Trenton Gill,chi
QB,1091,98.55%,0,0%,0,0%,BurrJo01,Joe Burrow,cin
QB,16,1.45%,0,0%,0,0%,AlleBr00,Brandon Allen,cin
RB,624,56.37%,0,0%,0,0%,MixoJo00,Joe Mixon,cin
RB,448,40.47%,0,0%,186,42.86%,PeriSa00,Samaje Perine,cin
RB,18,1.63%,0,0%,155,35.71%,EvanCh02,Chris Evans,cin
RB,36,3.25%,0,0%,127,29.26%,WillTr06,Trayveon Williams,cin
WR,793,71.64%,0,0%,0,0%,ChasJa00,Ja'Marr Chase,cin
WR,797,72.00%,0,0%,3,.69%,BoydTy00,Tyler Boyd,cin
WR,198,17.89%,0,0%,58,13.36%,ThomMi04,Mike Thomas,cin
WR,757,68.38%,0,0%,3,.69%,HiggTe00,Tee Higgins,cin
WR,77,6.96%,0,0%,254,58.53%,MorgSt02,Stanley Morgan Jr.,cin
WR,287,25.93%,0,0%,5,1.15%,IrwiTr00,Trenton Irwin,cin
WR,148,13.37%,0,0%,72,16.59%,TaylTr02,Trent Taylor,cin
WR,8,.72%,0,0%,0,0%,LassKw00,Kwamie Lassiter II,cin
TE,545,49.23%,0,0%,61,14.06%,HursHa00,Hayden Hurst,cin
TE,39,3.52%,0,0%,12,2.76%,SampDr00,Drew Sample,cin
TE,183,16.53%,0,0%,75,17.28%,AsiaDe00,Devin Asiasi,cin
TE,498,44.99%,0,0%,242,55.76%,WilcMi01,Mitchell Wilcox,cin
T,1101,99.46%,0,0%,74,17.05%,WillJo10,Jonah Williams,cin
T,951,85.91%,0,0%,1,.23%,CollLa01,La'el Collins,cin
G,1086,98.10%,0,0%,21,4.84%,CappAl00,Alex Cappa,cin
G,1107,100.00%,0,0%,75,17.28%,VolsCo02,Cordell Volson,cin
G,6,.54%,0,0%,3,.69%,SmitDA03,D'Ante Smith,cin
G,30,2.71%,0,0%,68,15.67%,SchaMa01,Max Scharping,cin
G,220,19.87%,0,0%,72,16.59%,AdenHa00,Hakeem Adeniji,cin
G,4,.36%,0,0%,7,1.61%,CarmJa00,Jackson Carman,cin
C,1100,99.37%,0,0%,52,11.98%,KarrTe00,Ted Karras,cin
C,7,.63%,0,0%,54,12.44%,HillTr03,Trey Hill,cin
DE,0,0%,801,77.32%,37,8.53%,HubbSa00,Sam Hubbard,cin
DE,0,0%,629,60.71%,1,.23%,HendTr00,Trey Hendrickson,cin
DE,0,0%,37,3.57%,79,18.20%,GuntJe01,Jeff Gunter,cin
DE,0,0%,412,39.77%,75,17.28%,SampCa00,Cameron Sample,cin
DE,0,0%,334,32.24%,31,7.14%,OssaJo00,Joseph Ossai,cin
DT,0,0%,816,78.76%,69,15.90%,HillB.00,B.J. Hill,cin
DT,0,0%,138,13.32%,16,3.69%,TufeJa00,Jay Tufele,cin
DT,0,0%,38,3.67%,3,.69%,DaviDo03,Domenique Davis,cin
DT,0,0%,396,38.22%,71,16.36%,CartZa00,Zachary Carter,cin
NT,0,0%,397,38.32%,37,8.53%,ReadD.00,D.J. Reader,cin
NT,0,0%,272,26.25%,44,10.14%,TupoJo00,Josh Tupou,cin
NT,0,0%,24,2.32%,0,0%,ShelTy00,Tyler Shelvin,cin
LB,0,0%,955,92.18%,66,15.21%,WilsLo00,Logan Wilson,cin
LB,0,0%,724,69.88%,60,13.82%,PratGe00,Germaine Pratt,cin
LB,0,0%,227,21.91%,294,67.74%,DaviAk01,Akeem Davis-Gaither,cin
LB,0,0%,58,5.60%,277,63.82%,BailMa01,Markus Bailey,cin
LB,0,0%,1,.10%,315,72.58%,JohnCl00,Clay Johnston,cin
LB,0,0%,13,1.25%,168,38.71%,BachJo01,Joe Bachie,cin
LB,0,0%,0,0%,16,3.69%,JoneKe03,Keandre Jones,cin
CB,0,0%,471,45.46%,35,8.06%,AwuzCh00,Chidobe Awuzie,cin
CB,0,0%,908,87.64%,10,2.30%,ApplEl00,Eli Apple,cin
CB,2,.18%,701,67.66%,1,.23%,HiltMi01,Mike Hilton,cin
CB,0,0%,171,16.51%,254,58.53%,FlowTr01,Tre Flowers,cin
CB,0,0%,50,4.83%,86,19.82%,DaviJa06,Jalen Davis,cin
SS,0,0%,1024,98.84%,52,11.98%,BellVo00,Vonn Bell,cin
SS,0,0%,25,2.41%,289,66.59%,ThomMi02,Michael Thomas,cin
FS,0,0%,1017,98.17%,68,15.67%,BateJe00,Jessie Bates III,cin
DB,0,0%,591,57.05%,19,4.38%,TaylCa01,Cam Taylor-Britt,cin
DB,0,0%,36,3.47%,20,4.61%,GeorAl00,Allan George,cin
"DB,FS",0,0%,131,12.64%,167,38.48%,HillDa04,Daxton Hill,cin
LS,0,0%,0,0%,128,29.49%,AdomCa00,Cal Adomitis,cin
LS,0,0%,0,0%,4,.92%,HarrCl20,Clark Harris,cin
K,0,0%,0,0%,165,38.02%,McPhEv00,Evan McPherson,cin
P,0,0%,0,0%,64,14.75%,ChriDr00,Drue Chrisman,cin
P,0,0%,0,0%,71,16.36%,HubeKe20,Kevin Huber,cin
QB,787,67.04%,0,0%,0,0%,BrisJa00,Jacoby Brissett,cle
QB,387,32.96%,0,0%,0,0%,WatsDe00,Deshaun Watson,cle
RB,492,41.91%,0,0%,0,0%,HuntKa00,Kareem Hunt,cle
RB,660,56.22%,0,0%,0,0%,ChubNi00,Nick Chubb,cle
RB,74,6.30%,0,0%,49,11.04%,FeltDe00,Demetric Felton,cle
RB,35,2.98%,0,0%,200,45.05%,JohnDE04,D'Ernest Johnson,cle
RB,0,0%,0,0%,14,3.15%,KellJo00,John Kelly,cle
RB,14,1.19%,0,0%,145,32.66%,FordJe00,Jerome Ford,cle
WR,1055,89.86%,0,0%,48,10.81%,PeopDo00,Donovan Peoples-Jones,cle
WR,978,83.30%,0,0%,5,1.13%,CoopAm00,Amari Cooper,cle
WR,107,9.11%,0,0%,88,19.82%,SchwAn00,Anthony Schwartz,cle
WR,516,43.95%,0,0%,123,27.70%,BellDa02,David Bell,cle
WR,155,13.20%,0,0%,85,19.14%,WoodMi00,Michael Woods II,cle
WR,12,1.02%,0,0%,2,.45%,BaldDa01,Daylen Baldwin,cle
WR,0,0%,0,0%,28,6.31%,RogeCh02,Chester Rogers,cle
WR,3,.26%,0,0%,4,.90%,DardJa00,Jaelon Darden,cle
TE,817,69.59%,0,0%,0,0%,NjokDa00,David Njoku,cle
TE,564,48.04%,0,0%,76,17.12%,BryaHa00,Harrison Bryant,cle
TE,16,1.36%,0,0%,43,9.68%,ForrMi00,Miller Forristall,cle
TE,18,1.53%,0,0%,11,2.48%,JameJe00,Jesse James,cle
TE,202,17.21%,0,0%,10,2.25%,BrowPh01,Pharaoh Brown,cle
T,1154,98.30%,0,0%,63,14.19%,WillJe04,Jedrick Wills Jr.,cle
T,298,25.38%,0,0%,71,15.99%,HudsJa00,James Hudson,cle
T,914,77.85%,0,0%,0,0%,ConkJa00,Jack Conklin,cle
T,39,3.32%,0,0%,4,.90%,HubbCh00,Chris Hubbard,cle
T,1,.09%,0,0%,0,0%,HaegJo00,Joe Haeg,cle
G,928,79.05%,0,0%,58,13.06%,TellWy00,Wyatt Teller,cle
G,1174,100.00%,0,0%,41,9.23%,BitoJo00,Joel Bitonio,cle
G,82,6.98%,0,0%,39,8.78%,DunnMi01,Michael Dunn,cle
G,592,50.43%,0,0%,71,15.99%,FrohHj00,Hjalte Froholdt,cle
G,19,1.62%,0,0%,28,6.31%,ForbDr00,Drew Forbes,cle
C,821,69.93%,0,0%,38,8.56%,PociEt00,Ethan Pocic,cle
DE,0,0%,817,75.02%,56,12.61%,GarrMy00,Myles Garrett,cle
DE,0,0%,493,45.27%,43,9.68%,ClowJa00,Jadeveon Clowney,cle
DE,0,0%,542,49.77%,53,11.94%,WrigAl01,Alex Wright,cle
DE,0,0%,162,14.88%,22,4.95%,ThomIs01,Isaiah Thomas,cle
DE,0,0%,178,16.35%,66,14.86%,WinoCh00,Chase Winovich,cle
DE,0,0%,135,12.40%,15,3.38%,RochIs00,Isaac Rochell,cle
DT,0,0%,703,64.55%,151,34.01%,ElliJo02,Jordan Elliott,cle
DT,0,0%,641,58.86%,109,24.55%,BryaTa00,Taven Bryan,cle
DT,0,0%,75,6.89%,1,.23%,StilBe00,Ben Stille,cle
DT,0,0%,40,3.67%,2,.45%,PerrRo01,Roderick Perry,cle
DT,0,0%,224,20.57%,12,2.70%,TogiTo00,Tommy Togiai,cle
DT,0,0%,342,31.40%,10,2.25%,WinfPe00,Perrion Winfrey,cle
LB,0,0%,534,49.04%,51,11.49%,OwusJe00,Jeremiah Owusu-Koramoah,cle
LB,0,0%,119,10.93%,24,5.41%,WalkAn01,Anthony Walker,cle
LB,0,0%,497,45.64%,189,42.57%,TakiSi00,Sione Takitaki,cle
LB,0,0%,422,38.75%,0,0%,JoneDe01,Deion Jones,cle
LB,0,0%,320,29.38%,40,9.01%,PhilJa01,Jacob Phillips,cle
LB,0,0%,101,9.27%,317,71.40%,KunaJo00,Jordan Kunaszyk,cle
LB,0,0%,276,25.34%,290,65.32%,FielTo00,Tony Fields,cle
LB,0,0%,0,0%,15,3.38%,JackSt01,Storey Jackson,cle
LB,0,0%,0,0%,57,12.84%,AlleDa01,Dakota Allen,cle
LB,0,0%,93,8.54%,124,27.93%,CartJe00,Jermaine Carter Jr.,cle
LB,0,0%,0,0%,71,15.99%,DaviTa00,Tae Davis,cle
LB,0,0%,7,.64%,1,.23%,KamaSa00,Sam Kamara,cle
LB,0,0%,68,6.24%,1,.23%,RaglRe00,Reggie Ragland,cle
CB,0,0%,907,83.29%,63,14.19%,NewsGr00,Greg Newsome II,cle
CB,0,0%,748,68.69%,52,11.71%,WardDe02,Denzel Ward,cle
CB,0,0%,105,9.64%,115,25.90%,WillGr00,Greedy Williams,cle
CB,0,0%,0,0%,64,14.41%,MillHe01,Herb Miller,cle
CB,0,0%,141,12.95%,221,49.77%,GreeAJ00,A.J. Green,cle
CB,0,0%,37,3.40%,55,12.39%,GrahTh00,Thomas Graham,cle
SS,0,0%,1086,99.72%,137,30.86%,DelpGr00,Grant Delpit,cle
SS,0,0%,259,23.78%,153,34.46%,HarrRo02,Ronnie Harrison,cle
FS,0,0%,1055,96.88%,139,31.31%,JohnJo10,John Johnson,cle
FS,0,0%,0,0%,11,2.48%,LeCoRi00,Richard LeCounte,cle
"CB,DB",0,0%,782,71.81%,86,19.37%,EmerMa00,Martin Emerson,cle
"DB,FS",0,0%,72,6.61%,248,55.86%,BellDA03,D'Anthony Bell,cle
DB,0,0%,0,0%,55,12.39%,BrowMi02,Mike Brown,cle
LS,0,0%,0,0%,132,29.73%,HughCh01,Charley Hughlett,cle
K,0,0%,0,0%,153,34.46%,YorkCa00,Cade York,cle
P,0,0%,0,0%,133,29.95%,BojoCo00,Corey Bojorquez,cle
QB,821,70.65%,0,0%,0,0%,PresDa01,Dak Prescott,dal
QB,341,29.35%,0,0%,0,0%,RushCo00,Cooper Rush,dal
RB,558,48.02%,0,0%,0,0%,ElliEz00,Ezekiel Elliott,dal
RB,569,48.97%,0,0%,6,1.26%,PollTo00,Tony Pollard,dal
RB,6,.52%,0,0%,93,19.50%,DowdRi01,Rico Dowdle,dal
RB,79,6.80%,0,0%,176,36.90%,DaviMa02,Malik Davis,dal
RB,2,.17%,0,0%,36,7.55%,OlliQa00,Qadree Ollison,dal
WR,1015,87.35%,0,0%,1,.21%,LambCe00,CeeDee Lamb,dal
WR,822,70.74%,0,0%,68,14.26%,BrowNo00,Noah Brown,dal
WR,60,5.16%,0,0%,13,2.73%,HousDe01,Dennis Houston,dal
WR,738,63.51%,0,0%,0,0%,GallMi00,Michael Gallup,dal
WR,36,3.10%,0,0%,43,9.01%,FehoSi00,Simi Fehoko,dal
WR,89,7.66%,0,0%,53,11.11%,TolbJa00,Jalen Tolbert,dal
WR,15,1.29%,0,0%,13,2.73%,WashJa00,James Washington,dal
WR,62,5.34%,0,0%,153,32.08%,TurpKa00,KaVontae Turpin,dal
WR,60,5.16%,0,0%,0,0%,HiltT.00,T.Y. Hilton,dal
TE,817,70.31%,0,0%,1,.21%,SchuDa00,Dalton Schultz,dal
TE,430,37.01%,0,0%,125,26.21%,FergJa00,Jake Ferguson,dal
TE,128,11.02%,0,0%,161,33.75%,McKeSe01,Sean McKeon,dal
TE,298,25.65%,0,0%,297,62.26%,HendPe01,Peyton Hendershot,dal
T,818,70.40%,0,0%,63,13.21%,SteeTe01,Terence Steele,dal
T,1144,98.45%,0,0%,86,18.03%,SmitTy02,Tyler Smith,dal
T,271,23.32%,0,0%,2,.42%,SmitTy00,Tyron Smith,dal
T,235,20.22%,0,0%,6,1.26%,PeteJa21,Jason Peters,dal
T,3,.26%,0,0%,12,2.52%,CollAv00,Aviante Collins,dal
T,41,3.53%,0,0%,64,13.42%,BallJo00,Josh Ball,dal
T,0,0%,0,0%,1,.21%,TaylAl02,Alex Taylor-Prioleau,dal
T,1,.09%,0,0%,11,2.31%,WaleMa00,Matt Waletzko,dal
G,1143,98.36%,0,0%,84,17.61%,MartZa00,Zack Martin,dal
G,190,16.35%,0,0%,28,5.87%,FarnMa00,Matt Farniok,dal
G,909,78.23%,0,0%,72,15.09%,McGoCo01,Connor McGovern,dal
C,1066,91.74%,0,0%,83,17.40%,BiadTy00,Tyler Biadasz,dal
C,0,0%,0,0%,19,3.98%,HoffBr00,Brock Hoffman,dal
C,14,1.20%,0,0%,16,3.35%,ShepDa01,Dakoda Shepley,dal
DE,0,0%,697,60.77%,0,0%,LawrDe00,DeMarcus Lawrence,dal
DE,0,0%,543,47.34%,97,20.34%,ArmsDo00,Dorance Armstrong Jr.,dal
DE,0,0%,26,2.27%,7,1.47%,BashTa00,Tarell Basham,dal
DE,0,0%,237,20.66%,141,29.56%,GolsCh00,Chauncey Golston,dal
DE,0,0%,273,23.80%,245,51.36%,WillSa00,Sam Williams,dal
DE,0,0%,278,24.24%,10,2.10%,WatkCa00,Carlos Watkins,dal
DT,0,0%,616,53.71%,76,15.93%,OdigOs00,Osa Odighizuwa,dal
DT,0,0%,265,23.10%,125,26.21%,BohaQu00,Quinton Bohanna,dal
DT,0,0%,403,35.14%,47,9.85%,GallNe00,Neville Gallimore,dal
DT,0,0%,138,12.03%,0,0%,HillTr00,Trysten Hill,dal
NT,0,0%,115,10.03%,0,0%,HankJo00,Johnathan Hankins,dal
LB,0,0%,919,80.12%,0,0%,ParsMi00,Micah Parsons,dal
LB,0,0%,746,65.04%,55,11.53%,VandLe00,Leighton Vander Esch,dal
LB,0,0%,398,34.70%,106,22.22%,ClarDa02,Damone Clark,dal
LB,0,0%,609,53.10%,26,5.45%,BarrAn00,Anthony Barr,dal
LB,1,.09%,41,3.57%,368,77.15%,GiffLu00,Luke Gifford,dal
LB,0,0%,36,3.14%,185,38.78%,CoxxJa00,Jabril Cox,dal
LB,0,0%,0,0%,52,10.90%,HarpDe00,Devin Harper,dal
LB,0,0%,343,29.90%,4,.84%,FowlDa00,Dante Fowler,dal
CB,0,0%,1116,97.30%,0,0%,DiggTr00,Trevon Diggs,dal
CB,0,0%,729,63.56%,0,0%,BrowAn02,Anthony Brown,dal
CB,0,0%,316,27.55%,0,0%,LewiJo01,Jourdan Lewis,dal
CB,0,0%,35,3.05%,1,.21%,MullTr00,Trayvon Mullen,dal
CB,0,0%,166,14.47%,317,66.46%,JoseKe02,Kelvin Joseph,dal
CB,0,0%,128,11.16%,121,25.37%,WrigNa00,Nahshon Wright,dal
CB,0,0%,0,0%,343,71.91%,GoodC.00,C.J. Goodwin,dal
CB,0,0%,14,1.22%,0,0%,AlexMa01,Mackensie Alexander,dal
SS,0,0%,960,83.70%,47,9.85%,WilsDo01,Donovan Wilson,dal
SS,0,0%,153,13.34%,279,58.49%,MukuIs00,Israel Mukuamu,dal
FS,0,0%,861,75.07%,35,7.34%,HookMa00,Malik Hooker,dal
FS,0,0%,815,71.05%,4,.84%,KearJa00,Jayron Kearse,dal
FS,0,0%,21,1.83%,21,4.40%,CoylTy00,Tyler Coyle,dal
"CB,DB",0,0%,596,51.96%,171,35.85%,BlanDa00,DaRon Bland,dal
"DB,FS",0,0%,22,1.92%,80,16.77%,BellMa01,Markquese Bell,dal
LS,0,0%,0,0%,118,24.74%,OverMa00,Matt Overton,dal
LS,0,0%,0,0%,37,7.76%,McQuJa00,Jake McQuaide,dal
K,0,0%,0,0%,186,38.99%,MaheBr01,Brett Maher,dal
P,0,0%,0,0%,155,32.49%,AngeBr00,Bryan Anger,dal
QB,175,15.40%,0,0%,0,0%,RypiBr00,Brett Rypien,den
QB,961,84.60%,0,0%,0,0%,WilsRu00,Russell Wilson,den
RB,142,12.50%,0,0%,0,0%,WillJa10,Javonte Williams,den
RB,284,25.00%,0,0%,0,0%,GordMe00,Melvin Gordon,den
RB,421,37.06%,0,0%,0,0%,MurrLa00,Latavius Murray,den
RB,9,.79%,0,0%,11,2.29%,BadiTy00,Tyler Badie,den
RB,11,.97%,0,0%,47,9.79%,OzigDe01,Devine Ozigbo,den
RB,111,9.77%,0,0%,6,1.25%,EdmoCh00,Chase Edmonds,den
RB,126,11.09%,0,0%,77,16.04%,BoonMi00,Mike Boone,den
RB,64,5.63%,0,0%,1,.21%,MackMa00,Marlon Mack,den
WR,882,77.64%,0,0%,0,0%,SuttCo00,Courtland Sutton,den
WR,713,62.76%,0,0%,0,0%,JeudJe00,Jerry Jeudy,den
WR,461,40.58%,0,0%,40,8.33%,HintKe00,Kendall Hinton,den
WR,224,19.72%,0,0%,0,0%,HamlKJ00,KJ Hamler,den
WR,109,9.60%,0,0%,13,2.71%,SwaiFr00,Freddie Swain,den
WR,74,6.51%,0,0%,111,23.13%,VirgJa00,Jalen Virgil,den
WR,204,17.96%,0,0%,10,2.08%,JohnBr23,Brandon Johnson,den
WR,76,6.69%,0,0%,104,21.67%,ClevTy00,Tyrie Cleveland,den
WR,78,6.87%,0,0%,217,45.21%,WashMo00,Montrell Washington,den
TE,190,16.73%,0,0%,0,0%,OkwuAl00,Albert Okwuegbunam,den
TE,497,43.75%,0,0%,0,0%,DulcGr00,Greg Dulcich,den
TE,395,34.77%,0,0%,323,67.29%,SaubEr00,Eric Saubert,den
TE,198,17.43%,0,0%,249,51.88%,BeckAn01,Andrew Beck,den
TE,407,35.83%,0,0%,62,12.92%,TomlEr01,Eric Tomlinson,den
T,976,85.92%,0,0%,58,12.08%,FlemCa00,Cameron Fleming,den
T,325,28.61%,0,0%,19,3.96%,BollGa00,Garett Bolles,den
T,162,14.26%,0,0%,29,6.04%,BailQu00,Quinn Bailey,den
T,483,42.52%,0,0%,0,0%,TurnBi00,Billy Turner,den
T,30,2.64%,0,0%,0,0%,CompTo00,Tom Compton,den
T,439,38.64%,0,0%,52,10.83%,AndeCa00,Calvin Anderson,den
T,0,0%,0,0%,11,2.29%,DiLaCh00,Christian DiLauro,den
G,967,85.12%,0,0%,27,5.63%,RisnDa00,Dalton Risner,den
G,929,81.78%,0,0%,33,6.88%,GlasGr00,Graham Glasgow,den
G,28,2.46%,0,0%,0,0%,MutiNe00,Netane Muti,den
G,752,66.20%,0,0%,33,6.88%,MeinQu02,Quinn Meinerz,den
C,502,44.19%,0,0%,0,0%,CushLl00,Lloyd Cushenberry III,den
C,90,7.92%,0,0%,18,3.75%,WattLu00,Luke Wattenberg,den
DE,0,0%,716,62.59%,9,1.88%,JoneDr00,Dre'Mont Jones,den
DE,0,0%,108,9.44%,93,19.38%,MartJa02,Jacob Martin,den
DE,0,0%,60,5.24%,33,6.88%,KongJo00,Jonathan Kongbo,den
DE,0,0%,37,3.23%,67,13.96%,RayxWy01,Wyatt Ray,den
DE,0,0%,189,16.52%,13,2.71%,GregRa00,Randy Gregory,den
DE,0,0%,211,18.44%,10,2.08%,HarrJo05,Jonathan Harris,den
DE,0,0%,165,14.42%,33,6.88%,UwazEy00,Eyioma Uwazurike,den
DE,0,0%,229,20.02%,193,40.21%,HennMa01,Matt Henningsen,den
DT,0,0%,560,48.95%,31,6.46%,JoneD.01,D.J. Jones,den
DT,0,0%,597,52.19%,76,15.83%,WillDe04,DeShawn Williams,den
DT,0,0%,18,1.57%,1,.21%,GarcEl00,Elijah Garcia,den
NT,1,.09%,528,46.15%,136,28.33%,PurcMi00,Mike Purcell,den
LB,0,0%,772,67.48%,198,41.25%,SingAl00,Alex Singleton,den
LB,0,0%,826,72.20%,7,1.46%,JeweJo00,Josey Jewell,den
LB,0,0%,409,35.75%,38,7.92%,ChubBr00,Bradley Chubb,den
LB,0,0%,571,49.91%,30,6.25%,BrowBa01,Baron Browning,den
LB,0,0%,336,29.37%,141,29.38%,GrifJo01,Jonas Griffith,den
LB,0,0%,0,0%,72,15.00%,LangHa00,Harvey Langi,den
LB,0,0%,441,38.55%,261,54.38%,CoopJo02,Jonathon Cooper,den
LB,0,0%,2,.17%,102,21.25%,PatrAa00,Aaron Patrick,den
LB,0,0%,0,0%,31,6.46%,WilbRa00,Ray Wilborn,den
LB,0,0%,0,0%,405,84.38%,StrnJu00,Justin Strnad,den
LB,0,0%,357,31.21%,59,12.29%,BoniNi00,Nik Bonitto,den
LB,0,0%,0,0%,31,6.46%,AlleDa01,Dakota Allen,den
CB,0,0%,281,24.56%,4,.83%,DarbRo00,Ronald Darby,den
CB,0,0%,1106,96.68%,11,2.29%,SurtPa01,Patrick Surtain II,den
CB,0,0%,598,52.27%,11,2.29%,WillKW00,K'Waun Williams,den
CB,0,0%,221,19.32%,252,52.50%,BassEs01,Essang Bassey,den
CB,0,0%,6,.52%,119,24.79%,PhilDa02,Darius Phillips,den
CB,0,0%,2,.17%,23,4.79%,OjemMi00,Michael Ojemudia,den
CB,0,0%,41,3.58%,31,6.46%,JackLa02,Lamar Jackson,den
SS,0,0%,1139,99.56%,0,0%,JackKa99,Kareem Jackson,den
FS,0,0%,809,70.72%,7,1.46%,SimmJu00,Justin Simmons,den
FS,0,0%,0,0%,43,8.96%,HarrAn01,Anthony Harris,den
FS,0,0%,111,9.70%,341,71.04%,LockPJ00,P.J. Locke,den
FS,0,0%,275,24.04%,14,2.92%,SterCa00,Caden Sterns,den
DB,0,0%,68,5.94%,0,0%,McMiJa00,Ja'Quan McMillian,den
DB,0,0%,0,0%,30,6.25%,HickFa00,Faion Hicks,den
"DB,SS",0,0%,0,0%,251,52.29%,TurnDe02,Delarrin Turner-Yell,den
"CB,DB",0,0%,795,69.49%,66,13.75%,MathDa00,Damarri Mathis,den
LS,0,0%,0,0%,40,8.33%,FrabMi00,Mitchell Fraboni,den
LS,0,0%,0,0%,119,24.79%,BobeJa00,Jacob Bobenmoyer,den
K,0,0%,0,0%,136,28.33%,McMaBr01,Brandon McManus,den
P,0,0%,0,0%,159,33.13%,WaitCo00,Corliss Waitman,den
QB,1133,99.21%,0,0%,0,0%,GoffJa00,Jared Goff,det
QB,9,.79%,0,0%,0,0%,SudfNa00,Nate Sudfeld,det
RB,393,34.41%,0,0%,0,0%,SwifDA00,D'Andre Swift,det
RB,459,40.19%,0,0%,0,0%,WillJa06,Jamaal Williams,det
RB,187,16.37%,0,0%,253,56.10%,JackJu01,Justin Jackson,det
RB,116,10.16%,0,0%,105,23.28%,ReynCr00,Craig Reynolds,det
FB,104,9.11%,0,0%,93,20.62%,CabiJa00,Jason Cabinda,det
WR,832,72.85%,0,0%,3,.67%,StxxAm00,Amon-Ra St. Brown,det
WR,227,19.88%,0,0%,4,.89%,KennTo01,Tom Kennedy,det
WR,534,46.76%,0,0%,0,0%,CharDJ00,DJ Chark,det
WR,625,54.73%,0,0%,1,.22%,ReynJo00,Josh Reynolds,det
WR,13,1.14%,0,0%,0,0%,BensTr00,Trinity Benson,det
WR,555,48.60%,0,0%,61,13.53%,RaymKa00,Kalif Raymond,det
WR,7,.61%,0,0%,27,5.99%,AlexMa02,Maurice Alexander,det
WR,51,4.47%,0,0%,36,7.98%,CephQu00,Quintez Cephus,det
WR,6,.53%,0,0%,34,7.54%,BerrSt00,Stanley Berryhill,det
WR,0,0%,0,0%,14,3.10%,ZylsBr00,Brandon Zylstra,det
WR,78,6.83%,0,0%,1,.22%,WillJa11,Jameson Williams,det
TE,398,34.85%,0,0%,0,0%,HockTJ00,T.J. Hockenson,det
TE,591,51.75%,0,0%,171,37.92%,WrigBr01,Brock Wright,det
TE,183,16.02%,0,0%,136,30.16%,MitcJa00,James Mitchell,det
TE,10,.88%,0,0%,7,1.55%,GrifGa00,Garrett Griffin,det
TE,227,19.88%,0,0%,100,22.17%,ZylsSh00,Shane Zylstra,det
T,1142,100.00%,0,0%,81,17.96%,SewePe00,Penei Sewell,det
T,1142,100.00%,0,0%,4,.89%,DeckTa00,Taylor Decker,det
T,387,33.89%,0,0%,76,16.85%,SkipDa00,Dan Skipper,det
T,70,6.13%,0,0%,62,13.75%,NelsMa00,Matt Nelson,det
T,155,13.57%,0,0%,48,10.64%,AwosKa00,Kayode Awosika,det
G,858,75.13%,0,0%,60,13.30%,JackJo03,Jonah Jackson,det
G,228,19.96%,0,0%,73,16.19%,StenLo00,Logan Stenberg,det
G,0,0%,0,0%,5,1.11%,ForbDr00,Drew Forbes,det
C,1074,94.05%,0,0%,1,.22%,RagnFr00,Frank Ragnow,det
C,768,67.25%,0,0%,57,12.64%,BrowEv00,Evan Brown,det
C,0,0%,0,0%,19,4.21%,PierRo00,Ross Pierschbacher,det
DE,0,0%,958,84.33%,76,16.85%,HutcAi00,Aidan Hutchinson,det
DE,0,0%,125,11.00%,7,1.55%,BrocMi00,Michael Brockers,det
DT,0,0%,293,25.79%,1,.22%,PascJo00,Josh Paschal,det
DT,0,0%,755,66.46%,3,.67%,BuggIs00,Isaiah Buggs,det
DT,0,0%,556,48.94%,54,11.97%,ComiJo00,John Cominsky,det
DT,0,0%,311,27.38%,67,14.86%,JoneBe03,Benito Jones,det
DT,0,0%,13,1.14%,0,0%,TaylDe02,Demetrius Taylor,det
NT,0,0%,782,68.84%,2,.44%,McNeAl00,Alim McNeill,det
LB,0,0%,1080,95.07%,47,10.42%,AnzaAl00,Alex Anzalone,det
LB,0,0%,261,22.98%,29,6.43%,HarrCh03,Charles Harris,det
LB,0,0%,614,54.05%,71,15.74%,RodrMa00,Malcolm Rodriguez,det
LB,0,0%,160,14.08%,359,79.60%,BoarCh00,Chris Board,det
LB,0,0%,222,19.54%,15,3.33%,OkwaJu00,Julian Okwara,det
LB,0,0%,208,18.31%,46,10.20%,BryaAu00,Austin Bryant,det
LB,0,0%,349,30.72%,161,35.70%,BarnDe02,Derrick Barnes,det
LB,0,0%,119,10.48%,21,4.66%,OkwaRo01,Romeo Okwara,det
LB,0,0%,36,3.17%,28,6.21%,DaviJa01,Jarrad Davis,det
LB,0,0%,10,.88%,322,71.40%,WoodJo02,Josh Woods,det
LB,0,0%,54,4.75%,358,79.38%,PittAn01,Anthony Pittman,det
LB,0,0%,140,12.32%,71,15.74%,HousJa01,James Houston,det
CB,0,0%,477,41.99%,52,11.53%,OruwAm00,Amani Oruwariye,det
CB,0,0%,793,69.81%,5,1.11%,OkudJe00,Jeff Okudah,det
CB,0,0%,563,49.56%,100,22.17%,HughMi00,Mike Hughes,det
CB,0,0%,113,9.95%,12,2.66%,ParkAJ00,AJ Parker,det
CB,0,0%,98,8.63%,81,17.96%,MeliIf00,Ifeatu Melifonwu,det
CB,0,0%,542,47.71%,77,17.07%,JacoJe00,Jerry Jacobs,det
CB,0,0%,2,.18%,0,0%,SmitSa02,Saivion Smith,det
SS,0,0%,660,58.10%,142,31.49%,HarrWi02,Will Harris,det
FS,0,0%,864,76.06%,25,5.54%,ElliDe02,DeShon Elliott,det
FS,0,0%,140,12.32%,13,2.88%,WalkTr01,Tracy Walker,det
FS,0,0%,165,14.52%,88,19.51%,HughJu00,Juju Hughes,det
FS,0,0%,38,3.35%,120,26.61%,PricBo00,Bobby Price,det
FS,0,0%,106,9.33%,224,49.67%,MoorCJ01,C.J. Moore,det
DB,0,0%,4,.35%,40,8.87%,BreeBr00,Brady Breeze,det
"DB,SS",0,0%,878,77.29%,170,37.69%,JoseKe03,Kerby Joseph,det
"CB,DB",0,0%,6,.53%,75,16.63%,LucaCh01,Chase Lucas,det
DB,0,0%,0,0%,19,4.21%,WillJa09,Jarren Williams,det
LS,0,0%,0,0%,136,30.16%,DalySc01,Scott Daly,det
K,0,0%,0,0%,12,2.66%,EberDo01,Dominik Eberle,det
K,0,0%,0,0%,35,7.76%,SeibAu00,Austin Seibert,det
K,0,0%,0,0%,62,13.75%,BadgMi00,Michael Badgley,det
P,0,0%,0,0%,202,44.79%,FoxxJa01,Jack Fox,det
QB,1068,97.62%,0,0%,0,0%,RodgAa00,Aaron Rodgers,gnb
QB,26,2.38%,0,0%,0,0%,LoveJo03,Jordan Love,gnb
RB,630,57.59%,0,0%,3,.70%,JoneAa00,Aaron Jones,gnb
RB,537,49.09%,0,0%,10,2.34%,DillAJ00,AJ Dillon,gnb
RB,33,3.02%,0,0%,122,28.50%,TaylPa01,Patrick Taylor,gnb
RB,1,.09%,0,0%,8,1.87%,HillKy00,Kylin Hill,gnb
WR,863,78.88%,0,0%,3,.70%,LazaAl00,Allen Lazard,gnb
WR,507,46.34%,0,0%,14,3.27%,WatsCh00,Christian Watson,gnb
WR,279,25.50%,0,0%,0,0%,WatkSa00,Sammy Watkins,gnb
WR,371,33.91%,0,0%,7,1.64%,CobbRa00,Randall Cobb,gnb
WR,529,48.35%,0,0%,3,.70%,DoubRo00,Romeo Doubs,gnb
WR,35,3.20%,0,0%,22,5.14%,WinfJu00,Juwann Winfree,gnb
WR,112,10.24%,0,0%,2,.47%,TourSa00,Samori Toure,gnb
WR,98,8.96%,0,0%,86,20.09%,RodgAm00,Amari Rodgers,gnb
TE,174,15.90%,0,0%,346,80.84%,DaviTy02,Tyler Davis,gnb
TE,258,23.58%,0,0%,200,46.73%,DeguJo00,Josiah Deguara,gnb
TE,451,41.22%,0,0%,68,15.89%,LewiMa00,Marcedes Lewis,gnb
TE,591,54.02%,0,0%,3,.70%,TonyRo00,Robert Tonyan,gnb
T,451,41.22%,0,0%,68,15.89%,NewmRo00,Royce Newman,gnb
T,756,69.10%,0,0%,66,15.42%,NijmYo01,Yosh Nijman,gnb
T,597,54.57%,0,0%,0,0%,BakhDa00,David Bakhtiari,gnb
T,489,44.70%,0,0%,0,0%,TomxZa00,Zach Tom,gnb
T,7,.64%,0,0%,18,4.21%,TenuLu00,Luke Tenuta,gnb
T,0,0%,0,0%,4,.93%,WalkRa00,Rasheed Walker,gnb
G,960,87.75%,0,0%,0,0%,JenkEl00,Elgton Jenkins,gnb
G,1051,96.07%,0,0%,66,15.42%,RunyJo00,Jon Runyan Jr.,gnb
G,0,0%,0,0%,1,.23%,RhyaSe00,Sean Rhyan,gnb
C,69,6.31%,0,0%,19,4.44%,HansJa00,Jake Hanson,gnb
C,1091,99.73%,0,0%,50,11.68%,MyerJo00,Josh Myers,gnb
DE,0,0%,482,46.66%,118,27.57%,LowrDe00,Dean Lowry,gnb
DT,0,0%,705,68.25%,81,18.93%,ReedJa02,Jarran Reed,gnb
DT,0,0%,333,32.24%,145,33.88%,SlatTe00,Tedarrell Slaton,gnb
DT,0,0%,224,21.68%,23,5.37%,WyatDe00,Devonte Wyatt,gnb
NT,0,0%,807,78.12%,80,18.69%,ClarKe01,Kenny Clark,gnb
LB,0,0%,694,67.18%,61,14.25%,CampDe00,De'Vondre Campbell,gnb
LB,0,0%,825,79.86%,78,18.22%,SmitPr00,Preston Smith,gnb
LB,0,0%,378,36.59%,37,8.64%,GaryRa00,Rashan Gary,gnb
LB,0,0%,846,81.90%,78,18.22%,WalkQu00,Quay Walker,gnb
LB,0,0%,128,12.39%,8,1.87%,HollJu00,Justin Hollins,gnb
LB,0,0%,24,2.32%,26,6.07%,HamiLa01,Ladarius Hamilton,gnb
LB,0,0%,141,13.65%,25,5.84%,BarnKr00,Krys Barnes,gnb
LB,0,0%,193,18.68%,124,28.97%,GarvJo00,Jonathan Garvin,gnb
LB,0,0%,174,16.84%,263,61.45%,McDuIs00,Isaiah McDuffie,gnb
LB,0,0%,0,0%,85,19.86%,GaleTi01,Tipa Galeai,gnb
LB,0,0%,7,.68%,7,1.64%,JoneKo00,Kobe Jones,gnb
LB,0,0%,35,3.39%,197,46.03%,WilsEr00,Eric Wilson,gnb
LB,0,0%,465,45.01%,86,20.09%,EnagKi00,Kingsley Enagbare,gnb
CB,0,0%,477,46.18%,74,17.29%,StokEr00,Eric Stokes,gnb
CB,0,0%,901,87.22%,61,14.25%,AlexJa00,Jaire Alexander,gnb
CB,0,0%,914,88.48%,172,40.19%,DougRa00,Rasul Douglas,gnb
CB,0,0%,17,1.65%,106,24.77%,BallCo00,Corey Ballentine,gnb
CB,0,0%,289,27.98%,231,53.97%,NixoKe00,Keisean Nixon,gnb
CB,0,0%,3,.29%,72,16.82%,JeanSh00,Shemar Jean-Charles,gnb
SS,0,0%,819,79.28%,97,22.66%,SavaDa00,Darnell Savage Jr.,gnb
SS,0,0%,1,.10%,28,6.54%,AbraJo01,Johnathan Abram,gnb
SS,0,0%,44,4.26%,99,23.13%,GainIn00,Innis Gaines,gnb
SS,0,0%,442,42.79%,108,25.23%,FordRu00,Rudy Ford,gnb
FS,0,0%,977,94.58%,111,25.93%,AmosAd00,Adrian Amos,gnb
FS,0,0%,0,0%,308,71.96%,LeavDa00,Dallin Leavitt,gnb
"DB,SS",0,0%,16,1.55%,122,28.50%,CarpTa00,Tariq Carpenter,gnb
"DB,FS",0,0%,1,.10%,13,3.04%,AberMi00,Micah Abernathy,gnb
LS,0,0%,0,0%,123,28.74%,CocoJa00,Jack Coco,gnb
K,0,0%,0,0%,6,1.40%,AhmeRa00,Ramiz Ahmed,gnb
K,0,0%,0,0%,142,33.18%,CrosMa20,Mason Crosby,gnb
P,0,0%,0,0%,123,28.74%,ODonPa00,Pat O'Donnell,gnb
QB,855,80.43%,0,0%,0,0%,MillDa02,Davis Mills,htx
QB,126,11.85%,0,0%,0,0%,AlleKy00,Kyle Allen,htx
QB,96,9.03%,0,0%,0,0%,DrisJe00,Jeff Driskel,htx
RB,260,24.46%,0,0%,17,3.66%,BurkRe00,Rex Burkhead,htx
RB,106,9.97%,0,0%,17,3.66%,FreeRo00,Royce Freeman,htx
RB,183,17.22%,0,0%,281,60.56%,OgunDa00,Dare Ogunbowale,htx
RB,508,47.79%,0,0%,0,0%,PierDa01,Dameon Pierce,htx
RB,12,1.13%,0,0%,0,0%,BenjEn00,Eno Benjamin,htx
FB,168,15.80%,0,0%,238,51.29%,HairTr00,Troy Hairston,htx
WR,658,61.90%,0,0%,0,0%,CookBr00,Brandin Cooks,htx
WR,441,41.49%,0,0%,0,0%,CollNi00,Nico Collins,htx
WR,678,63.78%,0,0%,24,5.17%,MoorCh00,Chris Moore,htx
WR,170,15.99%,0,0%,1,.22%,RodgAm00,Amari Rodgers,htx
WR,21,1.98%,0,0%,2,.43%,CampJa03,Jalen Camp,htx
WR,30,2.82%,0,0%,1,.22%,ConlCh00,Chris Conley,htx
WR,9,.85%,0,0%,0,0%,JohnJo12,Johnny Johnson,htx
WR,30,2.82%,0,0%,0,0%,JohnTy03,Tyron Johnson,htx
WR,29,2.73%,0,0%,0,0%,JohnTy00,Tyler Johnson,htx
WR,465,43.74%,0,0%,1,.22%,DorsPh00,Phillip Dorsett,htx
TE,139,13.08%,0,0%,11,2.37%,BrowPh01,Pharaoh Brown,htx
TE,272,25.59%,0,0%,17,3.66%,JordBr00,Brevin Jordan,htx
TE,406,38.19%,0,0%,34,7.33%,AkinJo00,Jordan Akins,htx
TE,53,4.99%,0,0%,0,0%,SchrMa00,Mason Schreck,htx
TE,323,30.39%,0,0%,18,3.88%,QuitTe00,Teagan Quitoriano,htx
TE,313,29.44%,0,0%,31,6.68%,HowaO.00,O.J. Howard,htx
T,1063,100.00%,0,0%,55,11.85%,TunsLa00,Laremy Tunsil,htx
T,999,93.98%,0,0%,51,10.99%,HowaTy00,Tytus Howard,htx
T,19,1.79%,0,0%,5,1.08%,McDeKC01,KC McDermott,htx
T,161,15.15%,0,0%,55,11.85%,HeckCh00,Charlie Heck,htx
T,0,0%,0,0%,27,5.82%,DecuAu00,Austin Deculus,htx
G,1005,94.54%,0,0%,52,11.21%,CannA.00,A.J. Cann,htx
G,824,77.52%,0,0%,46,9.91%,GreeKe03,Kenyon Green,htx
C,70,6.59%,0,0%,0,0%,BritJu00,Justin Britt,htx
C,992,93.32%,0,0%,0,0%,QuesSc00,Scott Quessenberry,htx
C,152,14.30%,0,0%,37,7.97%,McCrJu00,Justin McCray,htx
C,57,5.36%,0,0%,13,2.80%,MorrJi00,Jimmy Morrissey,htx
DE,0,0%,284,24.23%,7,1.51%,GreeJo04,Jonathan Greenard,htx
DE,0,0%,691,58.96%,0,0%,HughJe99,Jerry Hughes,htx
DE,0,0%,368,31.40%,12,2.59%,AddiMa00,Mario Addison,htx
DE,0,0%,568,48.46%,78,16.81%,GreeRa01,Rasheem Green,htx
DE,0,0%,62,5.29%,0,0%,HarrDe06,Demone Harris,htx
DE,0,0%,518,44.20%,10,2.16%,OkorOg00,Ogbonnia Okoronkwo,htx
DT,0,0%,603,51.45%,49,10.56%,CollMa00,Maliek Collins,htx
DT,0,0%,558,47.61%,130,28.02%,LopeRo00,Roy Lopez,htx
DT,0,0%,198,16.89%,18,3.88%,DwumMi00,Michael Dwumfour,htx
DT,0,0%,435,37.12%,66,14.22%,HiniKu00,Kurt Hinish,htx
DT,0,0%,86,7.34%,8,1.72%,JohnJa09,Jaleel Johnson,htx
DT,0,0%,206,17.58%,22,4.74%,BookTh00,Thomas Booker,htx
DT,0,0%,20,1.71%,0,0%,StalTa00,Taylor Stallworth,htx
LB,0,0%,1141,97.35%,4,.86%,KirkCh00,Christian Kirksey,htx
LB,0,0%,363,30.97%,0,0%,GrugKa00,Kamu Grugier-Hill,htx
LB,0,0%,42,3.58%,43,9.27%,PierKe00,Kevin Pierre-Louis,htx
LB,0,0%,712,60.75%,1,.22%,HarrCh06,Christian Harris,htx
LB,0,0%,124,10.58%,185,39.87%,WallGa00,Garret Wallow,htx
LB,0,0%,88,7.51%,390,84.05%,ReevJa00,Jalen Reeves-Maybin,htx
LB,0,0%,23,1.96%,310,66.81%,HewiNe00,Neville Hewitt,htx
LB,0,0%,149,12.71%,320,68.97%,CashBl00,Blake Cashman,htx
LB,0,0%,205,17.49%,148,31.90%,HansJa01,Jake Hansen,htx
CB,0,0%,958,81.74%,1,.22%,NelsSt01,Steven Nelson,htx
CB,0,0%,918,78.33%,103,22.20%,KingDe01,Desmond King,htx
CB,0,0%,410,34.98%,153,32.97%,ThomTa01,Tavierre Thomas,htx
CB,0,0%,2,.17%,64,13.79%,YiadIs00,Isaac Yiadom,htx
CB,0,0%,202,17.24%,361,77.80%,SmitTr04,Tremon Smith,htx
SS,0,0%,179,15.27%,391,84.27%,StewM.00,M.J. Stewart,htx
SS,0,0%,0,0%,50,10.78%,RedmWi00,Will Redmond,htx
FS,0,0%,971,82.85%,71,15.30%,OwenJo01,Jonathan Owens,htx
FS,0,0%,119,10.15%,403,86.85%,MurrEr00,Eric Murray,htx
"DB,FS",0,0%,1089,92.92%,9,1.94%,PitrJa00,Jalen Pitre,htx
"CB,DB",0,0%,600,51.19%,0,0%,StinDe00,Derek Stingley Jr.,htx
DB,0,0%,0,0%,166,35.78%,ArnoGr01,Grayland Arnold,htx
DB,0,0%,0,0%,76,16.38%,FranJa03,Jacobi Francis,htx
LS,0,0%,0,0%,145,31.25%,WeekJo00,Jon Weeks,htx
K,0,0%,0,0%,130,28.02%,FairKa01,Ka'imi Fairbairn,htx
P,0,0%,0,0%,145,31.25%,JohnCa02,Cameron Johnston,htx
QB,846,73.50%,0,0%,0,0%,RyanMa00,Matt Ryan,clt
QB,222,19.29%,0,0%,0,0%,EhliSa00,Sam Ehlinger,clt
QB,83,7.21%,0,0%,0,0%,FoleNi00,Nick Foles,clt
RB,524,45.53%,0,0%,0,0%,TaylJo02,Jonathan Taylor,clt
RB,142,12.34%,0,0%,20,4.41%,HineNy00,Nyheim Hines,clt
RB,66,5.73%,0,0%,0,0%,LindPh00,Phillip Lindsay,clt
RB,40,3.48%,0,0%,8,1.76%,WilkJo01,Jordan Wilkins,clt
RB,250,21.72%,0,0%,140,30.84%,JackDe02,Deon Jackson,clt
RB,0,0%,0,0%,15,3.30%,FunkJa00,Jake Funk,clt
RB,0,0%,0,0%,2,.44%,PricDV00,D'Vonte Price,clt
RB,176,15.29%,0,0%,0,0%,MossZa00,Zack Moss,clt
WR,1065,92.53%,0,0%,1,.22%,PittMi01,Michael Pittman Jr.,clt
WR,980,85.14%,0,0%,14,3.08%,CampPa00,Parris Campbell,clt
WR,229,19.90%,0,0%,187,41.19%,DuliAs00,Ashton Dulin,clt
WR,725,62.99%,0,0%,1,.22%,PierAl00,Alec Pierce,clt
WR,24,2.09%,0,0%,0,0%,PatmDe00,Dezmon Patmon,clt
WR,131,11.38%,0,0%,0,0%,StraMi03,Mike Strachan,clt
WR,1,.09%,0,0%,9,1.98%,FernEt00,Ethan Fernea,clt
WR,2,.17%,0,0%,34,7.49%,CoutKe00,Keke Coutee,clt
TE,408,35.45%,0,0%,147,32.38%,GranKy00,Kylen Granson,clt
TE,586,50.91%,0,0%,93,20.48%,AlieMo00,Mo Alie-Cox,clt
TE,47,4.08%,0,0%,42,9.25%,KaliNi00,Nikola Kalinic,clt
TE,334,29.02%,0,0%,23,5.07%,WoodJe01,Jelani Woods,clt
T,1069,92.88%,0,0%,5,1.10%,SmitBr06,Braden Smith,clt
T,577,50.13%,0,0%,58,12.78%,PryoMa00,Matt Pryor,clt
T,711,61.77%,0,0%,54,11.89%,RaimBe00,Bernhard Raimann,clt
T,240,20.85%,0,0%,63,13.88%,KellDe00,Dennis Kelly,clt
G,292,25.37%,0,0%,63,13.88%,PintDa00,Danny Pinter,clt
G,1151,100.00%,0,0%,63,13.88%,NelsQu00,Quenton Nelson,clt
G,645,56.04%,0,0%,63,13.88%,FrieWi00,Will Fries,clt
C,1095,95.13%,0,0%,0,0%,KellRy00,Ryan Kelly,clt
DE,0,0%,546,47.98%,14,3.08%,PayeKw00,Kwity Paye,clt
DE,0,0%,732,64.32%,1,.22%,NgakYa00,Yannick Ngakoue,clt
DE,0,0%,273,23.99%,1,.22%,LewiTy00,Tyquan Lewis,clt
DE,0,0%,229,20.12%,50,11.01%,OdenIf00,Ifeadi Odenigbo,clt
DE,0,0%,115,10.11%,232,51.10%,BanoBe00,Ben Banogu,clt
DE,0,0%,61,5.36%,20,4.41%,KareKh00,Khalid Kareem,clt
DE,0,0%,12,1.05%,2,.44%,ClinKa00,Kameron Cline,clt
DE,0,0%,518,45.52%,65,14.32%,OdeyDa00,Dayo Odeyingbo,clt
DT,0,0%,873,76.71%,19,4.19%,BuckDe00,DeForest Buckner,clt
DT,0,0%,778,68.37%,155,34.14%,StewGr00,Grover Stewart,clt
DT,0,0%,227,19.95%,92,20.26%,CowaBy00,Byron Cowart,clt
DT,0,0%,45,3.95%,2,.44%,WillCh08,Chris Williams,clt
DT,0,0%,126,11.07%,15,3.30%,JohnEr01,Eric Johnson,clt
LB,0,0%,1134,99.65%,178,39.21%,FranZa00,Zaire Franklin,clt
LB,0,0%,968,85.06%,160,35.24%,OkerBo00,Bobby Okereke,clt
LB,0,0%,314,27.59%,384,84.58%,SpeeEJ00,E.J. Speed,clt
LB,0,0%,0,0%,264,58.15%,StuaGr00,Grant Stuard,clt
LB,0,0%,0,0%,264,58.15%,DomaJo00,JoJo Domann,clt
LB,0,0%,74,6.50%,0,0%,LeonDa00,Shaquille Leonard,clt
LB,0,0%,0,0%,14,3.08%,McGrCa00,Cameron McGrone,clt
LB,0,0%,0,0%,48,10.57%,RhynFo00,Forrest Rhyne,clt
LB,0,0%,0,0%,18,3.96%,OlubSe00,Segun Olubi,clt
CB,0,0%,773,67.93%,86,18.94%,MoorKe03,Kenny Moore,clt
CB,0,0%,1063,93.41%,1,.22%,GilmSt00,Stephon Gilmore,clt
CB,0,0%,455,39.98%,37,8.15%,FacyBr00,Brandon Facyson,clt
CB,0,0%,9,.79%,303,66.74%,BrowTo01,Tony Brown,clt
CB,0,0%,430,37.79%,172,37.89%,RodgIs00,Isaiah Rodgers,clt
CB,0,0%,174,15.29%,143,31.50%,FlowDa00,Dallis Flowers,clt
FS,0,0%,718,63.09%,147,32.38%,BlacJu01,Julian Blackmon,clt
FS,0,0%,1031,90.60%,183,40.31%,McLeRo00,Rodney McLeod,clt
"DB,SS",0,0%,122,10.72%,215,47.36%,CrosNi00,Nick Cross,clt
DB,0,0%,0,0%,31,6.83%,DenbTr00,Trevor Denbow,clt
DB,0,0%,0,0%,31,6.83%,BakeDa02,Darrell Baker,clt
"DB,FS",0,0%,718,63.09%,127,27.97%,ThomRo07,Rodney Thomas II,clt
LS,0,0%,0,0%,135,29.74%,RhodLu00,Luke Rhodes,clt
K,0,0%,0,0%,11,2.42%,BlanRo03,Rodrigo Blankenship,clt
K,0,0%,0,0%,131,28.85%,McLaCh00,Chase McLaughlin,clt
P,0,0%,0,0%,134,29.52%,HaacMa00,Matt Haack,clt
QB,1096,97.60%,0,0%,0,0%,LawrTr00,Trevor Lawrence,jax
QB,27,2.40%,0,0%,0,0%,BeatC.00,C.J. Beathard,jax
RB,669,59.57%,0,0%,0,0%,EtieTr00,Travis Etienne,jax
RB,215,19.15%,0,0%,0,0%,RobiJa00,James Robinson,jax
RB,222,19.77%,0,0%,156,36.97%,HastJa02,Jamycal Hasty,jax
RB,38,3.38%,0,0%,0,0%,ConnSn00,Snoop Conner,jax
WR,991,88.25%,0,0%,9,2.13%,KirkCh01,Christian Kirk,jax
WR,930,82.81%,0,0%,1,.24%,JoneZa00,Zay Jones,jax
WR,700,62.33%,0,0%,0,0%,JoneMa02,Marvin Jones,jax
WR,141,12.56%,0,0%,120,28.44%,AgneJa00,Jamal Agnew,jax
WR,145,12.91%,0,0%,152,36.02%,JoneTi00,Tim Jones,jax
TE,868,77.29%,0,0%,1,.24%,EngrEv00,Evan Engram,jax
TE,427,38.02%,0,0%,155,36.73%,ManhCh00,Chris Manhertz,jax
TE,167,14.87%,0,0%,123,29.15%,ArnoDa00,Dan Arnold,jax
TE,97,8.64%,0,0%,146,34.60%,FarrLu00,Luke Farrell,jax
T,914,81.39%,0,0%,10,2.37%,RobiCa00,Cam Robinson,jax
T,1097,97.68%,0,0%,54,12.80%,TaylJa02,Jawaan Taylor,jax
T,235,20.93%,0,0%,73,17.30%,LittWa00,Walker Little,jax
T,6,.53%,0,0%,15,3.55%,CronCo00,Coy Cronk,jax
G,293,26.09%,0,0%,19,4.50%,BartBe00,Ben Bartch,jax
G,1088,96.88%,0,0%,1,.24%,ScheBr00,Brandon Scherff,jax
G,27,2.40%,0,0%,44,10.43%,HancBl00,Blake Hance,jax
G,821,73.11%,0,0%,73,17.30%,ShatTy00,Tyler Shatley,jax
G,0,0%,0,0%,9,2.13%,MillJo04,John Miller,jax
G,18,1.60%,0,0%,63,14.93%,VanxCo00,Cole Van Lanen,jax
C,1123,100.00%,0,0%,73,17.30%,FortLu01,Luke Fortner,jax
C,0,0%,0,0%,3,.71%,WillDa14,Darryl Williams,jax
DE,0,0%,293,25.19%,263,62.32%,GotsAd00,Adam Gotsis,jax
DE,0,0%,446,38.35%,8,1.90%,SmooDa00,Dawuane Smoot,jax
DE,0,0%,11,.95%,0,0%,LedbJe00,Jeremiah Ledbetter,jax
DT,0,0%,714,61.39%,26,6.16%,RobeRo00,Roy Robertson-Harris,jax
DT,0,0%,610,52.45%,42,9.95%,HamiDa02,DaVon Hamilton,jax
DT,0,0%,447,38.44%,1,.24%,FatuFo00,Folorunso Fatukasi,jax
DT,0,0%,264,22.70%,1,.24%,PeteCo00,Corey Peters,jax
LB,0,0%,1145,98.45%,68,16.11%,OluoFo00,Foyesade Oluokun,jax
LB,0,0%,926,79.62%,85,20.14%,LloyDe00,Devin Lloyd,jax
LB,0,0%,788,67.76%,59,13.98%,WalkTr03,Travon Walker,jax
LB,0,0%,894,76.87%,67,15.88%,AlleJo03,Josh Hines-Allen,jax
LB,0,0%,475,40.84%,62,14.69%,KeyxAr00,Arden Key,jax
LB,0,0%,109,9.37%,108,25.59%,ChaiKL00,K'Lavon Chaisson,jax
LB,0,0%,286,24.59%,245,58.06%,MumaCh00,Chad Muma,jax
LB,0,0%,0,0%,281,66.59%,JohnCa04,Caleb Johnson,jax
LB,0,0%,21,1.81%,281,66.59%,QuarSh00,Shaquille Quarterman,jax
LB,0,0%,0,0%,50,11.85%,SummTy00,Ty Summers,jax
LB,0,0%,4,.34%,25,5.92%,DixoDe01,De'Shaan Dixon,jax
CB,0,0%,1138,97.85%,67,15.88%,CampTy01,Tyson Campbell,jax
CB,0,0%,336,28.89%,3,.71%,GrifSh00,Shaquill Griffin,jax
CB,0,0%,943,81.08%,64,15.17%,WillDa09,Darious Williams,jax
CB,0,0%,47,4.04%,219,51.90%,ClayCh02,Chris Claybrooks,jax
CB,0,0%,31,2.67%,10,2.37%,CampTe00,Tevaughn Campbell,jax
CB,0,0%,416,35.77%,58,13.74%,HernTr00,Tre Herndon,jax
SS,0,0%,1126,96.82%,125,29.62%,JenkRa00,Rayshawn Jenkins,jax
SS,0,0%,992,85.30%,124,29.38%,CiscAn00,Andre Cisco,jax
SS,0,0%,0,0%,28,6.64%,GillTy00,Tyree Gillespie,jax
SS,0,0%,32,2.75%,237,56.16%,ThomDa07,Daniel Thomas,jax
FS,0,0%,217,18.66%,268,63.51%,WingAn01,Andrew Wingard,jax
DB,0,0%,18,1.55%,5,1.18%,JuniGr00,Gregory Junior,jax
"CB,DB",0,0%,63,5.42%,36,8.53%,BrowMo00,Montaric Brown,jax
LS,0,0%,0,0%,131,31.04%,MatiRo00,Ross Matiscik,jax
K,0,0%,0,0%,161,38.15%,PattRi01,Riley Patterson,jax
P,0,0%,0,0%,133,31.52%,CookLo00,Logan Cooke,jax
QB,1131,98.43%,0,0%,0,0%,MahoPa00,Patrick Mahomes,kan
QB,18,1.57%,0,0%,0,0%,HennCh01,Chad Henne,kan
RB,535,46.56%,0,0%,128,27.83%,McKiJe00,Jerick McKinnon,kan
RB,224,19.50%,0,0%,0,0%,EdwaCl00,Clyde Edwards-Helaire,kan
RB,351,30.55%,0,0%,124,26.96%,PachIs00,Isiah Pacheco,kan
RB,38,3.31%,0,0%,0,0%,JoneRo01,Ronald Jones II,kan
FB,71,6.18%,0,0%,238,51.74%,BurtMi00,Michael Burton,kan
WR,777,67.62%,0,0%,0,0%,ValdMa00,Marquez Valdes-Scantling,kan
WR,765,66.58%,0,0%,0,0%,SmitJu00,JuJu Smith-Schuster,kan
WR,303,26.37%,0,0%,10,2.17%,HardMe00,Mecole Hardman,kan
WR,10,.87%,0,0%,62,13.48%,KempMa00,Marcus Kemp,kan
WR,494,42.99%,0,0%,67,14.57%,WatsJu01,Justin Watson,kan
WR,313,27.24%,0,0%,31,6.74%,MoorSk01,Skyy Moore,kan
WR,3,.26%,0,0%,28,6.09%,PoweCo00,Cornell Powell,kan
WR,109,9.49%,0,0%,26,5.65%,ToneKa00,Kadarius Toney,kan
WR,12,1.04%,0,0%,1,.22%,SmitIh00,Ihmir Smith-Marsette,kan
TE,597,51.96%,0,0%,282,61.30%,GrayNo00,Noah Gray,kan
TE,914,79.55%,0,0%,0,0%,KelcTr00,Travis Kelce,kan
TE,184,16.01%,0,0%,181,39.35%,FortJo01,Jody Fortson,kan
TE,32,2.79%,0,0%,9,1.96%,BellBl00,Blake Bell,kan
T,1131,98.43%,0,0%,90,19.57%,BrowOr00,Orlando Brown Jr.,kan
T,11,.96%,0,0%,55,11.96%,ChriGe01,Geron Christian,kan
T,58,5.05%,0,0%,90,19.57%,WanoTe00,Prince Tega Wanogho,kan
T,9,.78%,0,0%,35,7.61%,NianLu00,Lucas Niang,kan
T,0,0%,0,0%,6,1.30%,KinnDa00,Darian Kinnard,kan
G,999,86.95%,0,0%,6,1.30%,ThunJo00,Joe Thuney,kan
G,1091,94.95%,0,0%,88,19.13%,WyliAn00,Andrew Wylie,kan
G,284,24.72%,0,0%,90,19.57%,AlleNi00,Nick Allegretti,kan
G,1037,90.25%,0,0%,80,17.39%,SmitTr05,Trey Smith,kan
C,1136,98.87%,0,0%,90,19.57%,HumpCr00,Creed Humphrey,kan
DE,0,0%,730,63.59%,70,15.22%,KarlGe00,George Karlaftis III,kan
DE,0,0%,471,41.03%,41,8.91%,DannMi00,Michael Danna,kan
DE,0,0%,717,62.46%,0,0%,ClarFr01,Frank Clark,kan
DE,0,0%,88,7.67%,22,4.78%,HerrMa02,Malik Herring,kan
DT,0,0%,916,79.79%,0,0%,JoneCh09,Chris Jones,kan
DT,0,0%,149,12.98%,16,3.48%,WharTe00,Tershawn Wharton,kan
DT,0,0%,388,33.80%,68,14.78%,NnadDe00,Derrick Nnadi,kan
DT,2,.17%,421,36.67%,54,11.74%,SaunKh00,Khalen Saunders,kan
DT,0,0%,53,4.62%,0,0%,StalTa00,Taylor Stallworth,kan
NT,0,0%,83,7.23%,0,0%,WillBr02,Brandon Williams,kan
NT,0,0%,9,.78%,2,.43%,ShelDa01,Danny Shelton,kan
LB,0,0%,1119,97.47%,70,15.22%,BoltNi00,Nick Bolton,kan
LB,0,0%,608,52.96%,5,1.09%,GayJWi00,Willie Gay Jr.,kan
LB,0,0%,291,25.35%,178,38.70%,HarrDa07,Darius Harris,kan
LB,0,0%,8,.70%,111,24.13%,LeexEl00,Elijah Lee,kan
LB,0,0%,572,49.83%,0,0%,DunlCa99,Carlos Dunlap,kan
LB,0,0%,261,22.74%,281,61.09%,ChenLe00,Leo Chenal,kan
LB,0,0%,0,0%,262,56.96%,CochJa00,Jack Cochrane,kan
LB,0,0%,0,0%,18,3.91%,ChriCo00,Cole Christiansen,kan
CB,0,0%,1107,96.43%,38,8.26%,SneeLJ00,L'Jarius Sneed,kan
CB,0,0%,313,27.26%,2,.43%,FentRa00,Rashad Fenton,kan
CB,0,0%,19,1.66%,322,70.00%,LammCh00,Chris Lammons,kan
CB,0,0%,0,0%,48,10.43%,AndeZa02,Zayne Anderson,kan
CB,0,0%,11,.96%,31,6.74%,BootDi00,Dicaprio Bootle,kan
SS,0,0%,1113,96.95%,74,16.09%,ReidJu00,Justin Reid,kan
SS,0,0%,71,6.18%,317,68.91%,BushDe00,Deon Bush,kan
FS,0,0%,1044,90.94%,5,1.09%,ThorJu00,Juan Thornhill,kan
FS,0,0%,0,0%,9,1.96%,AmadUg00,Ugo Amadi,kan
"CB,DB",0,0%,605,52.70%,114,24.78%,WatsJa02,Jaylen Watson,kan
"DB,SS",0,0%,342,29.79%,272,59.13%,CookBr02,Bryan Cook,kan
"CB,DB",0,0%,682,59.41%,33,7.17%,McDuTr00,Trent McDuffie,kan
"CB,DB",0,0%,437,38.07%,215,46.74%,WillJo03,Joshua Williams,kan
DB,0,0%,0,0%,96,20.87%,JohnNa01,Nazeeh Johnson,kan
LS,0,0%,0,0%,143,31.09%,WincJa00,James Winchester,kan
K,0,0%,0,0%,26,5.65%,WrigMa00,Matthew Wright,kan
K,0,0%,0,0%,19,4.13%,AmmeMa00,Matt Ammendola,kan
K,0,0%,0,0%,134,29.13%,ButkHa00,Harrison Butker,kan
P,0,0%,0,0%,143,31.09%,TownTo01,Tommy Townsend,kan
QB,946,85.84%,0,0%,0,0%,CarrDe02,Derek Carr,rai
QB,156,14.16%,0,0%,0,0%,StidJa00,Jarrett Stidham,rai
RB,821,74.50%,0,0%,0,0%,JacoJo01,Josh Jacobs,rai
RB,82,7.44%,0,0%,257,56.73%,BoldBr00,Brandon Bolden,rai
RB,175,15.88%,0,0%,225,49.67%,AbduAm00,Ameer Abdullah,rai
RB,0,0%,0,0%,61,13.47%,BrowBr06,Brittain Brown,rai
RB,40,3.63%,0,0%,63,13.91%,WhitZa01,Zamir White,rai
FB,301,27.31%,0,0%,151,33.33%,JohnJa12,Jakob Johnson,rai
WR,1030,93.47%,2,.18%,62,13.69%,HollMa00,Mack Hollins,rai
WR,1044,94.74%,0,0%,1,.22%,AdamDa01,Davante Adams,rai
WR,377,34.21%,0,0%,26,5.74%,RenfHu00,Hunter Renfrow,rai
WR,369,33.48%,0,0%,31,6.84%,ColeKe00,Keelan Cole,rai
WR,21,1.91%,0,0%,74,16.34%,TurnDJ00,DJ Turner,rai
WR,4,.36%,0,0%,3,.66%,JohnTy03,Tyron Johnson,rai
TE,346,31.40%,0,0%,0,0%,WallDa01,Darren Waller,rai
TE,745,67.60%,0,0%,95,20.97%,MoreFo00,Foster Moreau,rai
TE,57,5.17%,0,0%,190,41.94%,HorsJe00,Jesper Horsted,rai
TE,8,.73%,0,0%,21,4.64%,HollJa03,Jacob Hollister,rai
T,1036,94.01%,0,0%,68,15.01%,MillKo00,Kolton Miller,rai
T,17,1.54%,0,0%,7,1.55%,HerrJu00,Justin Herron,rai
T,370,33.58%,0,0%,73,16.11%,MunfTh00,Thayer Munford,rai
T,1,.09%,0,0%,26,5.74%,BartJa00,Jackson Barton,rai
T,0,0%,0,0%,2,.44%,GutiSe00,Sebastian Gutierrez,rai
G,181,16.42%,0,0%,51,11.26%,SimpJo00,John Simpson,rai
G,41,3.72%,0,0%,4,.88%,MereJo00,Jordan Meredith,rai
G,941,85.39%,0,0%,67,14.79%,ElueJe00,Jermaine Eluemunor,rai
G,1037,94.10%,0,0%,70,15.45%,ParhDy00,Dylan Parham,rai
G,90,8.17%,0,0%,48,10.60%,CottLe00,Lester Cotton,rai
G,853,77.40%,0,0%,49,10.82%,BarsAl01,Alex Bars,rai
C,68,6.17%,0,0%,15,3.31%,GrasHr00,Hroniss Grasu,rai
C,965,87.57%,0,0%,6,1.32%,JameAn01,Andre James,rai
DE,0,0%,1085,96.27%,101,22.30%,CrosMa00,Maxx Crosby,rai
DE,0,0%,784,69.57%,0,0%,JoneCh03,Chandler Jones,rai
"DE,DT",0,0%,804,71.34%,80,17.66%,NichBi00,Bilal Nichols,rai
DE,0,0%,494,43.83%,146,32.23%,FerrCl00,Clelin Ferrell,rai
DE,0,0%,68,6.03%,260,57.40%,KoonMa00,Malcolm Koonce,rai
DE,0,0%,36,3.19%,34,7.51%,BoweTa00,Tashawn Bower,rai
DE,0,0%,2,.18%,0,0%,RochIs00,Isaac Rochell,rai
DT,0,0%,481,42.68%,40,8.83%,BillAn00,Andrew Billings,rai
DT,0,0%,154,13.66%,61,13.47%,PekoKy00,Kyle Peko,rai
DT,0,0%,258,22.89%,42,9.27%,TillJe00,Jerry Tillery,rai
DT,0,0%,207,18.37%,42,9.27%,VickKe00,Kendal Vickers,rai
DT,0,0%,158,14.02%,6,1.32%,FarrNe00,Neil Farrell,rai
DT,0,0%,56,4.97%,7,1.55%,ButlMa02,Matthew Butler,rai
NT,0,0%,121,10.74%,9,1.99%,HankJo00,Johnathan Hankins,rai
LB,0,0%,464,41.17%,42,9.27%,DeabDi00,Divine Deablo,rai
LB,0,0%,57,5.06%,11,2.43%,LangHa00,Harvey Langi,rai
LB,0,0%,425,37.71%,14,3.09%,BrowJa06,Jayon Brown,rai
LB,0,0%,555,49.25%,8,1.77%,PerrDe00,Denzel Perryman,rai
LB,0,0%,344,30.52%,307,67.77%,MastLu00,Luke Masterson,rai
LB,0,0%,21,1.86%,271,59.82%,ButlDa00,Darien Butler,rai
LB,0,0%,1,.09%,180,39.74%,BoltCu00,Curtis Bolton,rai
LB,0,0%,0,0%,12,2.65%,CaliAu00,Austin Calitro,rai
LB,0,0%,105,9.32%,10,2.21%,MartBl01,Blake Martinez,rai
CB,0,0%,669,59.36%,27,5.96%,HobbNa00,Nate Hobbs,rai
CB,0,0%,665,59.01%,1,.22%,Ya-SRo00,Rock Ya-Sin,rai
"CB,SS",0,0%,286,25.38%,269,59.38%,TeamRo00,Roderic Teamer,rai
CB,0,0%,279,24.76%,0,0%,AverAn00,Anthony Averett,rai
CB,0,0%,677,60.07%,32,7.06%,RobeAm00,Amik Robertson,rai
CB,0,0%,219,19.43%,1,.22%,HallTy01,Tyler Hall,rai
CB,0,0%,65,5.77%,0,0%,JoneSi00,Sidney Jones,rai
CB,0,0%,18,1.60%,39,8.61%,GuidJa01,Javelin Guidry,rai
CB,0,0%,14,1.24%,2,.44%,RobeNi00,Nickell Robey-Coleman,rai
SS,0,0%,424,37.62%,27,5.96%,AbraJo01,Johnathan Abram,rai
SS,0,0%,1078,95.65%,86,18.98%,HarmDu00,Duron Harmon,rai
FS,0,0%,908,80.57%,13,2.87%,MoehTr00,Tre'von Moehrig,rai
FS,0,0%,7,.62%,373,82.34%,FarlMa00,Matthias Farley,rai
"DB,FS",0,0%,80,7.10%,179,39.51%,PolaIs00,Isaiah Pola-Mao,rai
"CB,DB",0,0%,327,29.02%,73,16.11%,WebbSa00,Sam Webb,rai
LS,0,0%,0,0%,134,29.58%,SiegTr00,Trent Sieg,rai
K,0,0%,0,0%,163,35.98%,CarlDa00,Daniel Carlson,rai
P,0,0%,0,0%,134,29.58%,ColeAJ01,AJ Cole III,rai
QB,1162,97.48%,0,0%,0,0%,HerbJu00,Justin Herbert,sdg
QB,30,2.52%,0,0%,0,0%,DaniCh00,Chase Daniel,sdg
RB,270,22.65%,0,0%,164,35.42%,KellJo01,Joshua Kelley,sdg
RB,734,61.58%,0,0%,0,0%,EkelAu00,Austin Ekeler,sdg
RB,110,9.23%,0,0%,257,55.51%,HorvZa00,Zander Horvath,sdg
RB,125,10.49%,0,0%,0,0%,MichSo00,Sony Michel,sdg
RB,53,4.45%,0,0%,0,0%,SpilIs00,Isaiah Spiller,sdg
RB,25,2.10%,0,0%,34,7.34%,RounLa00,Larry Rountree,sdg
WR,703,58.98%,0,0%,0,0%,WillMi07,Mike Williams,sdg
WR,898,75.34%,0,0%,2,.43%,PalmJo00,Josh Palmer,sdg
WR,698,58.56%,0,0%,154,33.26%,CartDe02,DeAndre Carter,sdg
WR,515,43.20%,0,0%,1,.22%,AlleKe00,Keenan Allen,sdg
WR,205,17.20%,0,0%,39,8.42%,BandMi00,Michael Bandy,sdg
WR,54,4.53%,0,0%,25,5.40%,MoorJa02,Jason Moore,sdg
WR,29,2.43%,0,0%,0,0%,GuytJa01,Jalen Guyton,sdg
TE,541,45.39%,0,0%,41,8.86%,McKiTr00,Tre' McKitty,sdg
TE,667,55.96%,0,0%,0,0%,EverGe00,Gerald Everett,sdg
TE,74,6.21%,0,0%,18,3.89%,SmarSt00,Stone Smartt,sdg
TE,144,12.08%,0,0%,0,0%,ParhDo00,Donald Parham,sdg
TE,96,8.05%,0,0%,48,10.37%,RodgRi00,Richard Rodgers,sdg
T,898,75.34%,0,0%,48,10.37%,PipkTr00,Trey Pipkins,sdg
T,175,14.68%,0,0%,10,2.16%,SlatRa00,Rashawn Slater,sdg
T,85,7.13%,0,0%,54,11.66%,NortSt00,Storm Norton,sdg
T,250,20.97%,0,0%,14,3.02%,SareFo00,Foster Sarell,sdg
G,1189,99.75%,0,0%,73,15.77%,FeilMa00,Matt Feiler,sdg
G,1184,99.33%,0,0%,53,11.45%,JohnZi00,Zion Johnson,sdg
G,18,1.51%,0,0%,51,11.02%,JaimBr00,Brenden Jaimes,sdg
G,989,82.97%,0,0%,73,15.77%,SalyJa00,Jamaree Salyer,sdg
G,0,0%,0,0%,4,.86%,BailZa01,Zack Bailey,sdg
C,858,71.98%,0,0%,0,0%,LinsCo00,Corey Linsley,sdg
C,333,27.94%,0,0%,67,14.47%,ClapWi00,Will Clapp,sdg
DE,0,0%,114,10.89%,30,6.48%,GaziJo01,Joe Gaziano,sdg
DE,0,0%,576,55.01%,78,16.85%,FoxxMo00,Morgan Fox,sdg
DT,0,0%,190,18.15%,28,6.05%,TillJe00,Jerry Tillery,sdg
DT,0,0%,38,3.63%,7,1.51%,MoaxDa00,David Moa,sdg
DT,0,0%,138,13.18%,27,5.83%,OgboOt00,Otito Ogbonnia,sdg
DT,0,0%,34,3.25%,7,1.51%,DaviTy01,Tyeler Davison,sdg
DT,0,0%,66,6.30%,8,1.73%,HintCh01,Christopher Hinton,sdg
NT,0,0%,279,26.65%,36,7.78%,FehoBr01,Breiden Fehoko,sdg
NT,0,0%,286,27.32%,42,9.07%,JohnAu01,Austin Johnson,sdg
NT,0,0%,702,67.05%,68,14.69%,JoseSe00,Sebastian Joseph-Day,sdg
NT,0,0%,124,11.84%,18,3.89%,CoviCh00,Christian Covington,sdg
LB,0,0%,165,15.76%,2,.43%,BosaJo00,Joey Bosa,sdg
LB,0,0%,861,82.23%,8,1.73%,MackKh00,Khalil Mack,sdg
LB,0,0%,719,68.67%,22,4.75%,MurrKe00,Kenneth Murray,sdg
LB,0,0%,978,93.41%,114,24.62%,TranDr00,Drue Tranquill,sdg
LB,0,0%,301,28.75%,218,47.08%,RumpCh00,Chris Rumph,sdg
LB,0,0%,734,70.11%,8,1.73%,VanNKy00,Kyle Van Noy,sdg
LB,0,0%,62,5.92%,313,67.60%,ReedTr01,Troy Reeder,sdg
LB,0,0%,14,1.34%,356,76.89%,OgboAm00,Amen Ogbongbemiga,sdg
LB,0,0%,8,.76%,303,65.44%,NiemNi00,Nick Niemann,sdg
LB,0,0%,107,10.22%,320,69.11%,TuszDe00,Derrek Tuszka,sdg
LB,0,0%,13,1.24%,15,3.24%,AttaJe00,Jeremiah Attaochu,sdg
CB,0,0%,972,92.84%,91,19.65%,SamuAs00,Asante Samuel Jr.,sdg
CB,0,0%,791,75.55%,157,33.91%,DaviMi03,Michael Davis,sdg
CB,0,0%,244,23.30%,1,.22%,JackJ.00,J.C. Jackson,sdg
CB,0,0%,586,55.97%,1,.22%,CallBr00,Bryce Callahan,sdg
CB,0,0%,0,0%,33,7.13%,HallKe01,Kemon Hall,sdg
SS,0,0%,475,45.37%,269,58.10%,GilmAl00,Alohi Gilman,sdg
FS,0,0%,882,84.24%,112,24.19%,AddeNa00,Nasir Adderley,sdg
FS,0,0%,836,79.85%,7,1.51%,JameDe00,Derwin James,sdg
"DB,FS",0,0%,161,15.38%,268,57.88%,TaylJa04,Ja'Sir Taylor,sdg
"DB,SS",0,0%,4,.38%,287,61.99%,LeonDe00,Deane Leonard,sdg
DB,0,0%,25,2.39%,80,17.28%,LaynRa00,Raheem Layne,sdg
"DB,FS",0,0%,31,2.96%,73,15.77%,WoodJT00,JT Woods,sdg
LS,0,0%,0,0%,147,31.75%,HarrJo02,Josh Harris,sdg
K,0,0%,0,0%,20,4.32%,BertTa01,Taylor Bertolet,sdg
K,0,0%,0,0%,41,8.86%,HopkDu00,Dustin Hopkins,sdg
P,0,0%,0,0%,154,33.26%,ScotJK00,JK Scott,sdg
P,0,0%,0,0%,92,19.87%,DickCa00,Cameron Dicker,sdg
QB,534,52.20%,0,0%,0,0%,StafMa00,Matthew Stafford,ram
QB,277,27.08%,0,0%,0,0%,MayfBa00,Baker Mayfield,ram
QB,121,11.83%,0,0%,0,0%,WolfJo00,John Wolford,ram
QB,90,8.80%,0,0%,0,0%,PerkBr02,Bryce Perkins,ram
RB,331,32.36%,0,0%,0,0%,HendDa00,Darrell Henderson,ram
RB,25,2.44%,0,0%,36,8.09%,RiveRo01,Ronnie Rivers,ram
RB,428,41.84%,0,0%,0,0%,AkerCa00,Cam Akers,ram
RB,1,.10%,0,0%,74,16.63%,FunkJa00,Jake Funk,ram
RB,95,9.29%,0,0%,88,19.78%,BrowMa03,Malcolm Brown,ram
RB,141,13.78%,0,0%,53,11.91%,WillKy02,Kyren Williams,ram
WR,530,51.81%,0,0%,3,.67%,KuppCo00,Cooper Kupp,ram
WR,562,54.94%,0,0%,0,0%,RobiAl02,Allen Robinson,ram
WR,696,68.04%,0,0%,42,9.44%,SkowBe00,Ben Skowronek,ram
WR,498,48.68%,0,0%,1,.22%,JeffVa00,Van Jefferson,ram
WR,290,28.35%,0,0%,228,51.24%,PoweBr00,Brandon Powell,ram
WR,1,.10%,0,0%,109,24.49%,HarrJa03,Jacob Harris,ram
WR,54,5.28%,0,0%,26,5.84%,TramAu00,Austin Trammell,ram
WR,56,5.47%,0,0%,110,24.72%,McCuLa01,Lance McCutcheon,ram
WR,308,30.11%,0,0%,0,0%,AtweTu00,Tutu Atwell,ram
TE,888,86.80%,0,0%,14,3.15%,HigbTy00,Tyler Higbee,ram
TE,3,.29%,0,0%,40,8.99%,PinkJa02,Jared Pinkney,ram
TE,1,.10%,0,0%,11,2.47%,CartRo03,Roger Carter,ram
TE,173,16.91%,0,0%,51,11.46%,HopkBr01,Brycen Hopkins,ram
TE,25,2.44%,0,0%,4,.90%,BlanKe01,Kendall Blanton,ram
T,1018,99.51%,0,0%,61,13.71%,HaveRo00,Rob Havenstein,ram
T,325,31.77%,0,0%,17,3.82%,NoteJo00,Joseph Noteboom,ram
T,70,6.84%,0,0%,33,7.42%,ArcuAJ00,AJ Arcuri,ram
T,423,41.35%,0,0%,36,8.09%,NsekTy00,Ty Nsekhe,ram
T,227,22.19%,0,0%,18,4.04%,BrewCh01,Chandler Brewer,ram
T,2,.20%,0,0%,2,.45%,AnchTr00,Tremayne Anchrum,ram
T,422,41.25%,0,0%,26,5.84%,JackAl01,Alaric Jackson,ram
T,1,.10%,0,0%,0,0%,ThomZa04,Zachary Thomas,ram
G,230,22.48%,0,0%,14,3.15%,EdwaDa01,David Edwards,ram
G,719,70.28%,0,0%,4,.90%,ShelCo00,Coleman Shelton,ram
G,188,18.38%,0,0%,6,1.35%,KoloJe00,Jeremiah Kolone,ram
G,339,33.14%,0,0%,62,13.93%,AbouOd00,Oday Aboushi,ram
G,314,30.69%,0,0%,44,9.89%,EvanBo00,Bobby Evans,ram
C,372,36.36%,0,0%,0,0%,AlleBr02,Brian Allen,ram
C,466,45.55%,0,0%,27,6.07%,SkurMa01,Matt Skura,ram
DE,0,0%,4,.37%,14,3.15%,ThomBr04,Brayden Thomas,ram
"DE,DT",0,0%,341,31.31%,167,37.53%,WillJo16,Jonah Williams,ram
DE,0,0%,136,12.49%,25,5.62%,BrowEa00,Earnest Brown IV,ram
DE,0,0%,18,1.65%,5,1.12%,McKiTa00,Takkarist McKinley,ram
DE,0,0%,5,.46%,5,1.12%,CartTJ01,T.J. Carter,ram
DT,0,0%,616,56.57%,5,1.12%,DonaAa00,Aaron Donald,ram
DT,0,0%,359,32.97%,52,11.69%,RobiAS00,A'Shawn Robinson,ram
DT,2,.20%,408,37.47%,369,82.92%,HoecMi00,Michael Hoecht,ram
DT,0,0%,54,4.96%,9,2.02%,MurcLa00,Larrell Murchison,ram
DT,0,0%,342,31.40%,50,11.24%,CopeMa01,Marquise Copeland,ram
NT,0,0%,732,67.22%,4,.90%,GainGr00,Greg Gaines,ram
NT,0,0%,164,15.06%,57,12.81%,BrowBo04,Bobby Brown,ram
LB,0,0%,1080,99.17%,52,11.69%,WagnBo00,Bobby Wagner,ram
LB,0,0%,933,85.67%,0,0%,FloyLe00,Leonard Floyd,ram
LB,1,.10%,723,66.39%,83,18.65%,JoneEr01,Ernest Jones,ram
LB,0,0%,308,28.28%,28,6.29%,HollJu00,Justin Hollins,ram
LB,0,0%,332,30.49%,14,3.15%,LewiTe00,Terrell Lewis,ram
LB,0,0%,0,0%,24,5.39%,HowaTr00,Travin Howard,ram
LB,0,0%,41,3.76%,128,28.76%,HardDa01,Daniel Hardy,ram
LB,1,.10%,7,.64%,373,83.82%,RozeCh00,Christian Rozeboom,ram
LB,1,.10%,0,0%,304,68.31%,GervJa00,Jake Gervase,ram
LB,0,0%,71,6.52%,69,15.51%,ThomKe04,Keir Thomas,ram
LB,1,.10%,0,0%,116,26.07%,HummJa00,Jake Hummel,ram
CB,0,0%,129,11.85%,26,5.84%,HaleGr00,Grant Haley,ram
CB,0,0%,1077,98.90%,126,28.31%,RamsJa00,Jalen Ramsey,ram
CB,0,0%,704,64.65%,0,0%,HillTr01,Troy Hill,ram
CB,0,0%,288,26.45%,17,3.82%,LongDa02,David Long,ram
CB,0,0%,26,2.39%,325,73.03%,RochRo00,Robert Rochell,ram
SS,1,.10%,984,90.36%,109,24.49%,ScotNi01,Nick Scott,ram
SS,0,0%,91,8.36%,17,3.82%,FullJo01,Jordan Fuller,ram
FS,0,0%,977,89.72%,44,9.89%,RappTa00,Taylor Rapp,ram
FS,1,.10%,82,7.53%,86,19.33%,BurgTe00,Terrell Burgess,ram
"CB,DB",0,0%,483,44.35%,39,8.76%,KendDe00,Derion Kendrick,ram
DB,0,0%,6,.55%,30,6.74%,CartTJ00,T.J. Carter,ram
"CB,DB",0,0%,281,25.80%,111,24.94%,DuraDe01,Cobie Durant,ram
DB,0,0%,63,5.79%,139,31.24%,LakeQu00,Quentin Lake,ram
"DB,FS",0,0%,113,10.38%,207,46.52%,YeasRu00,Russ Yeast,ram
DB,0,0%,0,0%,6,1.35%,JollSh00,Shaun Jolly,ram
LS,1,.10%,0,0%,139,31.24%,OrzeMa00,Matthew Orzech,ram
K,0,0%,0,0%,139,31.24%,GayxMa00,Matt Gay,ram
P,0,0%,0,0%,140,31.46%,DixoRi00,Riley Dixon,ram
QB,1093,100.00%,0,0%,0,0%,SmitGe00,Geno Smith,sea
RB,170,15.55%,0,0%,0,0%,PennRa00,Rashaad Penny,sea
RB,165,15.10%,0,0%,130,27.90%,HomeTr00,Travis Homer,sea
RB,196,17.93%,0,0%,227,48.71%,DallDe00,DeeJay Dallas,sea
RB,5,.46%,0,0%,90,19.31%,IgweGo00,Godwin Igwebuike,sea
RB,575,52.61%,0,0%,0,0%,WalkKe00,Kenneth Walker III,sea
RB,28,2.56%,0,0%,22,4.72%,JoneTo04,Tony Jones,sea
FB,0,0%,0,0%,112,24.03%,GillCu00,Cullen Gillaspia,sea
WR,799,73.10%,0,0%,28,6.01%,LockTy00,Tyler Lockett,sea
WR,893,81.70%,0,0%,2,.43%,MetcDK00,D.K. Metcalf,sea
WR,420,38.43%,0,0%,2,.43%,GoodMa00,Marquise Goodwin,sea
WR,138,12.63%,0,0%,41,8.80%,TreaLa00,Laquon Treadwell,sea
WR,109,9.97%,0,0%,209,44.85%,YounDa02,Dareke Young,sea
WR,34,3.11%,0,0%,77,16.52%,HartPe01,Penny Hart,sea
WR,168,15.37%,0,0%,16,3.43%,EskrDW00,D'Wayne Eskridge,sea
WR,56,5.12%,0,0%,0,0%,JohnCa03,Cade Johnson,sea
TE,569,52.06%,0,0%,180,38.63%,DissWi00,Will Dissly,sea
TE,660,60.38%,0,0%,6,1.29%,FantNo00,Noah Fant,sea
TE,443,40.53%,0,0%,193,41.42%,ParkCo02,Colby Parkinson,sea
TE,5,.46%,0,0%,21,4.51%,MabrTy00,Tyler Mabry,sea
T,978,89.48%,0,0%,64,13.73%,LucaAb00,Abraham Lucas,sea
T,1091,99.82%,0,0%,76,16.31%,CrosCh00,Charles Cross,sea
T,34,3.11%,0,0%,18,3.86%,CurhJa00,Jake Curhan,sea
T,122,11.16%,0,0%,79,16.95%,ForsSt00,Stone Forsythe,sea
G,485,44.37%,0,0%,58,12.45%,HaynPh00,Phil Haynes,sea
G,670,61.30%,0,0%,30,6.44%,JackGa00,Gabe Jackson,sea
G,1005,91.95%,0,0%,70,15.02%,LewiDa05,Damien Lewis,sea
G,51,4.67%,0,0%,79,16.95%,FullKy01,Kyle Fuller,sea
C,1044,95.52%,0,0%,0,0%,BlytAu00,Austin Blythe,sea
"DE,LB",0,0%,485,41.96%,70,15.02%,TaylDa00,Darrell Taylor,sea
DE,0,0%,562,48.62%,65,13.95%,HarrSh00,Shelby Harris,sea
DE,0,0%,149,12.89%,22,4.72%,CollLJ00,L.J. Collier,sea
DE,0,0%,11,.95%,6,1.29%,OnujJo00,Josh Onujiogu,sea
"DE,DT",0,0%,565,48.88%,70,15.02%,JeffQu00,Quinton Jefferson,sea
"DT,NT",0,0%,375,32.44%,50,10.73%,WoodAl99,Al Woods,sea
"DE,DT",0,0%,190,16.44%,9,1.93%,AdamMy00,Myles Adams,sea
"DE,NT",0,0%,642,55.54%,74,15.88%,FordPo00,Poona Ford,sea
NT,0,0%,270,23.36%,19,4.08%,MoneBr00,Bryan Mone,sea
LB,0,0%,895,77.42%,269,57.73%,BartCo00,Cody Barton,sea
LB,0,0%,1025,88.67%,3,.64%,BrooJo01,Jordyn Brooks,sea
LB,0,0%,904,78.20%,62,13.30%,NwosUc00,Uchenna Nwosu,sea
LB,0,0%,16,1.38%,17,3.65%,JohnAl01,Alexander Johnson,sea
LB,0,0%,400,34.60%,10,2.15%,IrviBr00,Bruce Irvin,sea
LB,0,0%,424,36.68%,69,14.81%,MafeBo00,Boye Mafe,sea
LB,0,0%,0,0%,96,20.60%,RhatJo00,Jon Rhattigan,sea
LB,17,1.56%,9,.78%,352,75.54%,BellNi01,Nick Bellore,sea
LB,0,0%,52,4.50%,62,13.30%,JohnDa10,Darryl Johnson,sea
LB,0,0%,20,1.73%,40,8.58%,JoneCh05,Christian Jones,sea
LB,0,0%,80,6.92%,325,69.74%,MuseTa00,Tanner Muse,sea
LB,0,0%,0,0%,43,9.23%,JoneVi00,Vi Jones,sea
CB,0,0%,1082,93.60%,77,16.52%,JackMi01,Michael Jackson,sea
CB,0,0%,60,5.19%,120,25.75%,ColeJu01,Justin Coleman,sea
CB,0,0%,16,1.38%,8,1.72%,BurnAr00,Artie Burns,sea
CB,0,0%,0,0%,87,18.67%,DunnIs00,Isaiah Dunn,sea
CB,0,0%,45,3.89%,1,.21%,JoneSi00,Sidney Jones,sea
CB,0,0%,0,0%,60,12.88%,CrawXa00,Xavier Crawford,sea
"FS,SS",0,0%,375,32.44%,166,35.62%,JoneJo06,Josh Jones,sea
SS,0,0%,15,1.30%,0,0%,AdamJa00,Jamal Adams,sea
SS,0,0%,710,61.42%,106,22.75%,NealRy00,Ryan Neal,sea
SS,0,0%,171,14.79%,42,9.01%,AbraJo01,Johnathan Abram,sea
FS,0,0%,1156,100.00%,3,.64%,DiggQu00,Quandre Diggs,sea
FS,0,0%,102,8.82%,100,21.46%,TaboTe00,Teez Tabor,sea
"CB,DB",0,0%,1134,98.10%,118,25.32%,WoolTa00,Riq Woolen,sea
"DB,FS",0,0%,0,0%,175,37.55%,BlouJo00,Joey Blount,sea
DB,0,0%,21,1.82%,21,4.51%,BrowTr03,Tre Brown,sea
"CB,DB",0,0%,756,65.40%,4,.86%,BryaCo01,Coby Bryant,sea
LS,0,0%,0,0%,148,31.76%,TinkCa00,Carson Tinker,sea
K,0,0%,0,0%,172,36.91%,MyerJa00,Jason Myers,sea
P,0,0%,0,0%,149,31.97%,DickMi00,Michael Dickson,sea
QB,84,7.64%,0,0%,0,0%,LancTr00,Trey Lance,sfo
QB,614,55.82%,0,0%,0,0%,GaroJi00,Jimmy Garoppolo,sfo
QB,22,2.00%,0,0%,0,0%,JohnJo05,Josh Johnson,sfo
QB,380,34.55%,0,0%,0,0%,PurdBr00,Brock Purdy,sfo
RB,266,24.18%,0,0%,4,.91%,WilsJe01,Jeff Wilson,sfo
RB,70,6.36%,0,0%,23,5.25%,DaviTy03,Tyrion Davis-Price,sfo
RB,490,44.55%,0,0%,2,.46%,McCaCh01,Christian McCaffrey,sfo
RB,80,7.27%,0,0%,0,0%,MitcEl00,Elijah Mitchell,sfo
RB,82,7.45%,0,0%,246,56.16%,MasoJo00,Jordan Mason,sfo
RB,0,0%,0,0%,5,1.14%,MackMa00,Marlon Mack,sfo
RB,32,2.91%,0,0%,2,.46%,ColeTe01,Tevin Coleman,sfo
FB,522,47.45%,0,0%,95,21.69%,JuszKy00,Kyle Juszczyk,sfo
WR,1002,91.09%,0,0%,0,0%,AiyuBr00,Brandon Aiyuk,sfo
WR,659,59.91%,0,0%,1,.23%,SamuDe00,Deebo Samuel,sfo
WR,489,44.45%,0,0%,68,15.53%,JennJa00,Jauan Jennings,sfo
WR,286,26.00%,0,0%,140,31.96%,McClRa00,Ray-Ray McCloud,sfo
WR,1,.09%,0,0%,50,11.42%,TurnMa00,Malik Turner,sfo
WR,30,2.73%,0,0%,38,8.68%,SneaWi00,Willie Snead,sfo
WR,87,7.91%,0,0%,19,4.34%,GrayDa02,Danny Gray,sfo
WR,1,.09%,0,0%,21,4.79%,MartTa00,Tay Martin,sfo
TE,859,78.09%,0,0%,3,.68%,KittGe00,George Kittle,sfo
TE,238,21.64%,0,0%,89,20.32%,KrofTy00,Tyler Kroft,sfo
TE,101,9.18%,0,0%,225,51.37%,DwelRo00,Ross Dwelley,sfo
TE,201,18.27%,0,0%,371,84.70%,WoerCh00,Charlie Woerner,sfo
"G,T",745,67.73%,0,0%,78,17.81%,BurfSp00,Spencer Burford,sfo
T,1038,94.36%,0,0%,64,14.61%,McGlMi00,Mike McGlinchey,sfo
T,872,79.27%,0,0%,0,0%,WillTr21,Trent Williams,sfo
T,185,16.82%,0,0%,85,19.41%,MoorJa04,Jaylon Moore,sfo
T,68,6.18%,0,0%,63,14.38%,McKiCo00,Colton McKivitz,sfo
G,971,88.27%,0,0%,71,16.21%,BankAa00,Aaron Banks,sfo
"C,G",519,47.18%,0,0%,72,16.44%,BrunDa00,Daniel Brunskill,sfo
G,12,1.09%,0,0%,21,4.79%,ZakeNi00,Nick Zakelj,sfo
G,12,1.09%,0,0%,29,6.62%,HancBl00,Blake Hance,sfo
C,1080,98.18%,0,0%,27,6.16%,BrenJa01,Jake Brendel,sfo
DE,0,0%,746,69.65%,8,1.83%,BosaNi00,Nick Bosa,sfo
"DE,DT",0,0%,350,32.68%,2,.46%,ArmsAr01,Arik Armstead,sfo
DE,0,0%,559,52.19%,41,9.36%,EbukSa00,Samson Ebukam,sfo
DE,0,0%,200,18.67%,99,22.60%,WillJo09,Jordan Willis,sfo
DE,0,0%,573,53.50%,59,13.47%,OmenCh00,Charles Omenihu,sfo
DE,0,0%,356,33.24%,62,14.16%,HydeKe01,Kerry Hyder,sfo
DE,0,0%,315,29.41%,12,2.74%,JackDr01,Drake Jackson,sfo
DE,0,0%,42,3.92%,0,0%,TuraKe00,Kemoko Turay,sfo
DT,0,0%,162,15.13%,9,2.05%,KinlJa00,Javon Kinlaw,sfo
DT,0,0%,40,3.73%,0,0%,DwumMi00,Michael Dwumfour,sfo
DT,0,0%,147,13.73%,4,.91%,SpenAk00,Akeem Spence,sfo
DT,0,0%,353,32.96%,37,8.45%,GiveKe01,Kevin Givens,sfo
DT,0,0%,284,26.52%,31,7.08%,RidgHa00,Hassan Ridgeway,sfo
DT,0,0%,181,16.90%,17,3.88%,McGiT.00,T.Y. McGill,sfo
LB,0,0%,1026,95.80%,62,14.16%,WarnFr00,Fred Warner,sfo
LB,0,0%,849,79.27%,8,1.83%,GreeDr00,Dre Greenlaw,sfo
LB,0,0%,314,29.32%,12,2.74%,AlShAz00,Azeez Al-Shaair,sfo
LB,0,0%,157,14.66%,335,76.48%,BurkOr00,Oren Burks,sfo
LB,0,0%,81,7.56%,276,63.01%,FlanDe00,Demetrius Flannigan-Fowles,sfo
LB,0,0%,0,0%,36,8.22%,RobiCu00,Curtis Robinson,sfo
CB,0,0%,311,29.04%,16,3.65%,MoseEm00,Emmanuel Moseley,sfo
CB,0,0%,959,89.54%,49,11.19%,WardCh01,Charvarius Ward,sfo
CB,0,0%,31,2.89%,27,6.16%,JenkJa03,Jackrabbit Jenkins,sfo
CB,0,0%,18,1.68%,16,3.65%,JohnDo02,Dontae Johnson,sfo
CB,0,0%,887,82.82%,111,25.34%,LenoDe00,Deommodore Lenoir,sfo
CB,0,0%,41,3.83%,138,31.51%,ThomAm00,Ambry Thomas,sfo
SS,2,.18%,1029,96.08%,93,21.23%,HufaTa00,Talanoa Hufanga,sfo
FS,0,0%,1036,96.73%,28,6.39%,GipsTa00,Tashaun Gipson,sfo
FS,0,0%,38,3.55%,345,78.77%,OdumGe00,George Odum,sfo
"FS,SS",0,0%,41,3.83%,222,50.68%,MoorTa00,Tarvarius Moore,sfo
FS,0,0%,510,47.62%,41,9.36%,WardJi01,Jimmie Ward,sfo
"CB,DB",0,0%,146,13.63%,233,53.20%,WomaSa00,Samuel Womack,sfo
LS,0,0%,0,0%,147,33.56%,PeppTa00,Taybor Pepper,sfo
K,0,0%,0,0%,178,40.64%,gouldrob01,Robbie Gould,sfo
P,0,0%,0,0%,151,34.47%,WishMi00,Mitch Wishnowsky,sfo
QB,1192,98.03%,0,0%,0,0%,BradTo00,Tom Brady,tam
QB,14,1.15%,0,0%,0,0%,GabbBl00,Blaine Gabbert,tam
QB,10,.82%,0,0%,0,0%,TrasKy00,Kyle Trask,tam
RB,689,56.66%,0,0%,0,0%,FourLe00,Leonard Fournette,tam
RB,469,38.57%,0,0%,120,26.09%,WhitRa01,Rachaad White,tam
RB,37,3.04%,0,0%,189,41.09%,VaugKe00,Ke'Shawn Vaughn,tam
RB,25,2.06%,0,0%,85,18.48%,BernGi00,Giovani Bernard,tam
WR,927,76.23%,0,0%,3,.65%,EvanMi00,Mike Evans,tam
WR,351,28.87%,0,0%,2,.43%,JoneJu02,Julio Jones,tam
WR,229,18.83%,0,0%,41,8.91%,PerrBr02,Breshad Perriman,tam
WR,258,21.22%,0,0%,133,28.91%,MillSc01,Scott Miller,tam
WR,529,43.50%,0,0%,2,.43%,GageRu00,Russell Gage,tam
WR,880,72.37%,0,0%,3,.65%,GodwCh00,Chris Godwin,tam
WR,57,4.69%,0,0%,79,17.17%,DardJa00,Jaelon Darden,tam
WR,13,1.07%,0,0%,11,2.39%,BeasCo00,Cole Beasley,tam
WR,72,5.92%,0,0%,52,11.30%,ThomDe07,Deven Thompkins,tam
WR,9,.74%,0,0%,19,4.13%,GeigKa00,Kaylon Geiger,tam
TE,803,66.04%,0,0%,107,23.26%,OttoCa00,Cade Otton,tam
TE,355,29.19%,0,0%,19,4.13%,BratCa00,Cameron Brate,tam
TE,265,21.79%,0,0%,276,60.00%,KiefKo00,Ko Kieft,tam
TE,79,6.50%,0,0%,1,.22%,RudoKy00,Kyle Rudolph,tam
T,930,76.48%,0,0%,36,7.83%,WirfTr00,Tristan Wirfs,tam
"C,T",1174,96.55%,0,0%,0,0%,HainRo00,Robert Hainsey,tam
T,326,26.81%,0,0%,33,7.17%,WellJo02,Josh Wells,tam
T,907,74.59%,0,0%,22,4.78%,SmitDo02,Donovan Smith,tam
T,16,1.32%,0,0%,0,0%,SkulJu00,Justin Skule,tam
"G,T",234,19.24%,0,0%,32,6.96%,WaltBr01,Brandon Walton,tam
T,2,.16%,0,0%,18,3.91%,JohnFr01,Fred Johnson,tam
G,523,43.01%,0,0%,37,8.04%,GoedLu00,Luke Goedeke,tam
G,1199,98.60%,0,0%,63,13.70%,MasoSh01,Shaq Mason,tam
G,42,3.45%,0,0%,0,0%,MolcJo01,John Molchon,tam
G,760,62.50%,0,0%,38,8.26%,LeveNi00,Nick Leverett,tam
DE,0,0%,32,2.85%,10,2.17%,OdenIf00,Ifeadi Odenigbo,tam
DE,0,0%,485,43.26%,113,24.57%,GholWi00,William Gholston,tam
DE,0,0%,403,35.95%,77,16.74%,HallLo00,Logan Hall,tam
"DE,LB",0,0%,251,22.39%,68,14.78%,NassCa00,Carl Nassib,tam
DE,0,0%,97,8.65%,280,60.87%,OConPa00,Pat O'Connor,tam
DT,0,0%,399,35.59%,1,.22%,HickAk00,Akiem Hicks,tam
"DT,NT",0,0%,548,48.88%,143,31.09%,NuneRa00,Rakeem Nunez-Roches,tam
DT,0,0%,165,14.72%,6,1.30%,SenaDe00,Deadrin Senat,tam
NT,0,0%,539,48.08%,53,11.52%,VeaxVi00,Vita Vea,tam
LB,0,0%,1075,95.90%,22,4.78%,DaviLa00,Lavonte David,tam
LB,0,0%,1076,95.99%,22,4.78%,WhitDe02,Devin White,tam
LB,0,0%,382,34.08%,9,1.96%,BarrSh00,Shaquil Barrett,tam
LB,0,0%,843,75.20%,17,3.70%,TryoJo00,Joe Tryon-Shoyinka,tam
LB,0,0%,633,56.47%,270,58.70%,NelsAn01,Anthony Nelson,tam
LB,0,0%,45,4.01%,147,31.96%,RussJJ00,J.J. Russell,tam
LB,0,0%,0,0%,70,15.22%,YounKe03,Kenny Young,tam
LB,0,0%,45,4.01%,253,55.00%,BritKJ00,K.J. Britt,tam
LB,0,0%,72,6.42%,164,35.65%,AverGe00,Genard Avery,tam
LB,0,0%,0,0%,64,13.91%,GilbUl00,Ulysees Gilbert,tam
"FS,LB",0,0%,581,51.83%,104,22.61%,NealKe01,Keanu Neal,tam
LB,0,0%,1,.09%,150,32.61%,FatuOl00,Olakunle Fatukasi,tam
CB,0,0%,885,78.95%,129,28.04%,DeanJa00,Jamel Dean,tam
CB,0,0%,810,72.26%,71,15.43%,DaviCa02,Carlton Davis,tam
CB,0,0%,277,24.71%,228,49.57%,McCoZy02,Zyon McCollum,tam
CB,0,0%,215,19.18%,304,66.09%,DelaDe00,Dee Delaney,tam
CB,0,0%,17,1.52%,110,23.91%,ChesAn00,Anthony Chesley,tam
CB,0,0%,430,38.36%,120,26.09%,BuntSe00,Sean Murphy-Bunting,tam
CB,0,0%,0,0%,12,2.61%,SmitRy00,Ryan Smith,tam
FS,0,0%,814,72.61%,51,11.09%,EdwaMi01,Mike Edwards,tam
FS,0,0%,764,68.15%,38,8.26%,WinfAn00,Antoine Winfield Jr.,tam
FS,0,0%,446,39.79%,3,.65%,RyanLo00,Logan Ryan,tam
DB,0,0%,1,.09%,74,16.09%,TurnNo00,Nolan Turner,tam
DB,0,0%,0,0%,14,3.04%,GardDo00,Don Gardner,tam
LS,0,0%,0,0%,148,32.17%,TrinZa00,Zach Triner,tam
K,0,0%,0,0%,63,13.70%,SuccRy44,Ryan Succop,tam
P,0,0%,0,0%,226,49.13%,CamaJa00,Jake Camarda,tam
QB,686,66.28%,0,0%,0,0%,TannRy00,Ryan Tannehill,oti
QB,139,13.43%,0,0%,0,0%,DobbJo00,Joshua Dobbs,oti
QB,211,20.39%,0,0%,0,0%,WillMa12,Malik Willis,oti
RB,648,62.61%,0,0%,0,0%,HenrDe00,Derrick Henry,oti
RB,155,14.98%,0,0%,234,52.23%,HaskHa00,Hassan Haskins,oti
RB,0,0%,0,0%,22,4.91%,CannTr00,Trenton Cannon,oti
RB,200,19.32%,0,0%,117,26.12%,HillDo00,Dontrell Hilliard,oti
RB,29,2.80%,0,0%,49,10.94%,ChesJu00,Julius Chestnut,oti
RB,10,.97%,0,0%,30,6.70%,WardJo00,Jonathan Ward,oti
FB,55,5.31%,0,0%,144,32.14%,CartTo01,Tory Carter,oti
WR,809,78.16%,0,0%,47,10.49%,WoodRo02,Robert Woods,oti
WR,777,75.07%,2,.17%,28,6.25%,WestNi00,Nick Westbrook-Ikhine,oti
WR,64,6.18%,0,0%,7,1.56%,PhilKy01,Kyle Philips,oti
WR,64,6.18%,0,0%,24,5.36%,McMaRa00,Racey McMath,oti
WR,393,37.97%,0,0%,24,5.36%,BurkTr00,Treylon Burks,oti
WR,171,16.52%,0,0%,150,33.48%,HollCo00,Cody Hollister,oti
WR,24,2.32%,0,0%,1,.22%,GordJo02,Josh Gordon,oti
WR,122,11.79%,0,0%,46,10.27%,ConlCh00,Chris Conley,oti
WR,13,1.26%,0,0%,7,1.56%,KinsMa00,Mason Kinsey,oti
WR,16,1.55%,0,0%,53,11.83%,BoarC.00,C.J. Board,oti
WR,5,.48%,0,0%,0,0%,FitzDe00,Dez Fitzpatrick,oti
TE,577,55.75%,0,0%,126,28.13%,SwaiGe00,Geoff Swaim,oti
TE,525,50.72%,0,0%,9,2.01%,HoopAu00,Austin Hooper,oti
TE,122,11.79%,0,0%,194,43.30%,RadeKe00,Kevin Rader,oti
TE,378,36.52%,0,0%,224,50.00%,OkonCh00,Chigoziem Okonkwo,oti
T,937,90.53%,0,0%,50,11.16%,PetiNi00,Nicholas Petit-Frere,oti
T,64,6.18%,0,0%,5,1.12%,LewaTa00,Taylor Lewan,oti
T,280,27.05%,0,0%,7,1.56%,RaduDi00,Dillon Radunz,oti
T,114,11.01%,0,0%,44,9.82%,ClarLe01,Le'Raven Clark,oti
G,683,65.99%,0,0%,40,8.93%,DaviNa01,Nate Davis,oti
"G,T",942,91.01%,0,0%,58,12.95%,DaleDe00,Dennis Daley,oti
G,4,.39%,0,0%,3,.67%,JohnZa00,Zack Johnson,oti
G,201,19.42%,0,0%,25,5.58%,RoosJo00,Jordan Roos,oti
G,4,.39%,0,0%,0,0%,NewmXa00,Xavier Newman-Johnson,oti
C,683,65.99%,0,0%,1,.22%,JoneBe01,Ben Jones,oti
"C,G",1031,99.61%,0,0%,53,11.83%,BrewAa01,Aaron Brewer,oti
C,250,24.15%,0,0%,58,12.95%,LeviCo00,Corey Levin,oti
C,0,0%,0,0%,5,1.12%,MunyDa00,Daniel Munyer,oti
DE,0,0%,532,45.55%,34,7.59%,AutrDe00,Denico Autry,oti
DE,0,0%,139,11.90%,21,4.69%,BashTa00,Tarell Basham,oti
DE,0,0%,304,26.03%,71,15.85%,StroKe00,Kevin Strong,oti
DE,0,0%,105,8.99%,9,2.01%,OkuaSa00,Sam Okuayinonu,oti
DE,0,0%,426,36.47%,65,14.51%,WalkDe03,DeMarcus Walker,oti
DE,0,0%,18,1.54%,0,0%,RayxWy01,Wyatt Ray,oti
DE,0,0%,2,.17%,0,0%,HandDa00,Da'Shawn Hand,oti
DT,0,0%,840,71.92%,69,15.40%,SimmJe01,Jeffery Simmons,oti
DT,0,0%,464,39.73%,54,12.05%,EdwaMa01,Mario Edwards,oti
DT,0,0%,519,44.43%,56,12.50%,TartTe00,Teair Tart,oti
DT,0,0%,27,2.31%,0,0%,PeevJa00,Jayden Peevy,oti
DT,0,0%,157,13.44%,36,8.04%,JoneNa01,Naquan Jones,oti
DT,0,0%,48,4.11%,13,2.90%,MurcLa00,Larrell Murchison,oti
LB,0,0%,740,63.36%,0,0%,LongDa04,David Long,oti
LB,0,0%,205,17.55%,11,2.46%,CunnZa00,Zach Cunningham,oti
LB,0,0%,453,38.78%,0,0%,DuprAl00,Bud Dupree,oti
LB,0,0%,16,1.37%,17,3.79%,TuszDe00,Derrek Tuszka,oti
LB,0,0%,640,54.79%,65,14.51%,WeavRa00,Rashad Weaver,oti
LB,0,0%,122,10.45%,34,7.59%,SchoJo00,Joe Schobert,oti
LB,0,0%,438,37.50%,295,65.85%,ColeDy00,Dylan Cole,oti
LB,0,0%,215,18.41%,88,19.64%,GibbJa00,Jack Gibbens,oti
LB,0,0%,366,31.34%,168,37.50%,RiceMo00,Monty Rice,oti
LB,0,0%,38,3.25%,342,76.34%,JoneJo05,Joseph Jones,oti
LB,0,0%,0,0%,81,18.08%,SmitAn04,Andre Smith,oti
LB,0,0%,69,5.91%,22,4.91%,AdenOl00,Olasunkanmi Adeniyi,oti
CB,0,0%,653,55.91%,4,.89%,FultKr00,Kristian Fulton,oti
CB,0,0%,82,7.02%,5,1.12%,MoldEl00,Elijah Molden,oti
CB,0,0%,398,34.08%,8,1.79%,MitcTe00,Terrance Mitchell,oti
CB,0,0%,165,14.13%,182,40.63%,JohnLo01,Lonnie Johnson Jr.,oti
CB,0,0%,103,8.82%,75,16.74%,FarlCa00,Caleb Farley,oti
CB,0,0%,24,2.05%,5,1.12%,JackCh01,Chris Jackson,oti
"CB,FS",0,0%,494,42.29%,218,48.66%,KaluJo00,Joshua Kalu,oti
CB,0,0%,108,9.25%,13,2.90%,MabiGr00,Greg Mabin,oti
CB,0,0%,0,0%,60,13.39%,HarrDa05,Davontae Harris,oti
CB,0,0%,38,3.25%,3,.67%,ReidJo00,John Reid,oti
SS,0,0%,727,62.24%,98,21.88%,AdamAn00,Andrew Adams,oti
FS,0,0%,522,44.69%,58,12.95%,HookAm00,Amani Hooker,oti
FS,0,0%,1139,97.52%,32,7.14%,ByarKe01,Kevin Byard,oti
FS,0,0%,56,4.79%,0,0%,AmadUg00,Ugo Amadi,oti
FS,0,0%,0,0%,5,1.12%,MoorA.00,A.J. Moore,oti
"CB,DB",0,0%,1165,99.74%,49,10.94%,McCrRo01,Roger McCreary,oti
DB,0,0%,0,0%,83,18.53%,ThomJo07,Josh Thompson,oti
"CB,DB",0,0%,290,24.83%,167,37.28%,AverTr01,Tre Avery,oti
LS,0,0%,0,0%,148,33.04%,CoxxMo00,Morgan Cox,oti
K,0,0%,0,0%,105,23.44%,BullRa00,Randy Bullock,oti
K,0,0%,0,0%,10,2.23%,ShudCa00,Caleb Shudak,oti
K,0,0%,0,0%,9,2.01%,LambJo00,Josh Lambo,oti
P,0,0%,0,0%,151,33.71%,StonRy00,Ryan Stonehouse,oti
QB,63,5.55%,0,0%,0,0%,WebbDa00,Davis Webb,nyg
QB,1040,91.63%,0,0%,0,0%,JoneDa05,Daniel Jones,nyg
QB,32,2.82%,0,0%,0,0%,TaylTy00,Tyrod Taylor,nyg
RB,856,75.42%,0,0%,2,.42%,BarkSa00,Saquon Barkley,nyg
RB,264,23.26%,0,0%,178,37.79%,BreiMa00,Matt Breida,nyg
RB,87,7.67%,0,0%,295,62.63%,BrigGa00,Gary Brightwell,nyg
RB,2,.18%,0,0%,33,7.01%,WillAn03,Antonio Williams,nyg
WR,524,46.17%,0,0%,66,14.01%,JameRi00,Richie James,nyg
WR,261,23.00%,0,0%,0,0%,GollKe00,Kenny Golladay,nyg
WR,417,36.74%,0,0%,0,0%,HodgIs00,Isaiah Hodgins,nyg
WR,165,14.54%,0,0%,0,0%,ShepSt00,Sterling Shepard,nyg
WR,270,23.79%,0,0%,0,0%,SillDa01,David Sills V,nyg
WR,229,20.18%,0,0%,0,0%,RobiWa01,Wan'Dale Robinson,nyg
WR,35,3.08%,0,0%,0,0%,ToneKa00,Kadarius Toney,nyg
WR,698,61.50%,0,0%,0,0%,SlayDa01,Darius Slayton,nyg
WR,312,27.49%,0,0%,145,30.79%,JohnMa07,Marcus Johnson,nyg
TE,143,12.60%,0,0%,50,10.62%,VannNi00,Nick Vannett,nyg
TE,300,26.43%,0,0%,212,45.01%,MyarCh00,Chris Myarick,nyg
TE,574,50.57%,0,0%,11,2.34%,BellDa00,Daniel Bellinger,nyg
TE,259,22.82%,0,0%,48,10.19%,HudsTa00,Tanner Hudson,nyg
TE,203,17.89%,0,0%,14,2.97%,CageLa01,Lawrence Cager,nyg
T,1050,92.51%,0,0%,66,14.01%,ThomAn02,Andrew Thomas,nyg
T,737,64.93%,0,0%,48,10.19%,NealEv00,Evan Neal,nyg
T,365,32.16%,0,0%,37,7.86%,PhilTy00,Tyre Phillips,nyg
T,116,10.22%,0,0%,35,7.43%,PearMa00,Matt Peart,nyg
T,8,.70%,0,0%,0,0%,CunnKo00,Korey Cunningham,nyg
T,39,3.44%,0,0%,38,8.07%,HamiDe00,Devery Hamilton,nyg
G,1046,92.16%,0,0%,14,2.97%,GlowMa00,Mark Glowinski,nyg
G,39,3.44%,0,0%,2,.42%,LemiSh00,Shane Lemieux,nyg
G,290,25.55%,0,0%,40,8.49%,EzeuJo00,Joshua Ezeudu,nyg
G,26,2.29%,0,0%,0,0%,DaviWy00,Wyatt Davis,nyg
G,147,12.95%,0,0%,50,10.62%,AndeJa01,Jack Anderson,nyg
C,973,85.73%,0,0%,0,0%,FeliJo00,Jon Feliciano,nyg
"C,G",541,47.67%,0,0%,45,9.55%,BredBe00,Ben Bredeson,nyg
C,367,32.33%,0,0%,38,8.07%,GateNi00,Nick Gates,nyg
DT,0,0%,604,53.40%,46,9.77%,WillLe02,Leonard Williams,nyg
DT,0,0%,864,76.39%,130,27.60%,LawrDe03,Dexter Lawrence,nyg
DT,0,0%,227,20.07%,4,.85%,WillNi01,Nick Williams,nyg
DT,0,0%,249,22.02%,63,13.38%,MondHe00,Henry Mondeaux,nyg
DT,0,0%,23,2.03%,0,0%,HeflJa00,Jack Heflin,nyg
DT,0,0%,362,32.01%,44,9.34%,ElliJu01,Justin Ellis,nyg
DT,0,0%,43,3.80%,43,9.13%,DaviDJ00,D.J. Davidson,nyg
DT,0,0%,12,1.06%,0,0%,ButlVe00,Vernon Butler,nyg
DT,0,0%,152,13.44%,26,5.52%,AndeRy01,Ryder Anderson,nyg
LB,0,0%,445,39.35%,160,33.97%,CrowTa00,Tae Crowder,nyg
LB,0,0%,70,6.19%,0,0%,DaviJa01,Jarrad Davis,nyg
LB,0,0%,657,58.09%,95,20.17%,WardJi02,Jihad Ward,nyg
LB,0,0%,506,44.74%,117,24.84%,XimiOs00,Oshane Ximines,nyg
LB,0,0%,62,5.48%,11,2.34%,CaliAu00,Austin Calitro,nyg
LB,0,0%,740,65.43%,2,.42%,ThibKa00,Kayvon Thibodeaux,nyg
LB,0,0%,320,28.29%,186,39.49%,FoxxTo00,Tomon Fox,nyg
LB,0,0%,626,55.35%,18,3.82%,SmitJa05,Jaylon Smith,nyg
LB,0,0%,230,20.34%,0,0%,OjulAz00,Azeez Ojulari,nyg
LB,0,0%,3,.27%,398,84.50%,BrowCa01,Cam Brown,nyg
LB,0,0%,6,.53%,398,84.50%,CougCa00,Carter Coughlin,nyg
LB,0,0%,435,38.46%,117,24.84%,McFaMi01,Micah McFadden,nyg
LB,0,0%,6,.53%,28,5.94%,RochQu00,Quincy Roche,nyg
LB,0,0%,14,1.24%,51,10.83%,SmitEl00,Elerson Smith,nyg
CB,0,0%,72,6.37%,17,3.61%,RobiAa00,Aaron Robinson,nyg
CB,0,0%,554,48.98%,47,9.98%,JackAd00,Adoree' Jackson,nyg
CB,0,0%,572,50.57%,8,1.70%,HolmDa01,Darnay Holmes,nyg
CB,0,0%,749,66.22%,68,14.44%,MoreFa00,Fabian Moreau,nyg
CB,0,0%,147,13.00%,6,1.27%,WillRo07,Rodarius Williams,nyg
"CB,FS",0,0%,459,40.58%,194,41.19%,PinnJa01,Jason Pinnock,nyg
CB,0,0%,537,47.48%,200,42.46%,McClNi00,Nick McCloud,nyg
CB,0,0%,11,.97%,91,19.32%,LaynJu00,Justin Layne,nyg
SS,3,.26%,1006,88.95%,220,46.71%,LoveJu00,Julian Love,nyg
SS,0,0%,160,14.15%,55,11.68%,CollLa00,Landon Collins,nyg
SS,0,0%,164,14.50%,83,17.62%,JeffTo00,Tony Jefferson,nyg
FS,3,.26%,554,48.98%,53,11.25%,McKiXa00,Xavier McKinney,nyg
FS,0,0%,0,0%,5,1.06%,BurgTe00,Terrell Burgess,nyg
DB,0,0%,73,6.45%,28,5.94%,GilbZy00,Zyon Gilbert,nyg
"DB,FS",0,0%,390,34.48%,143,30.36%,BeltDa00,Dane Belton,nyg
DB,0,0%,0,0%,12,2.55%,ThomTr01,Trenton Thompson,nyg
"CB,DB",0,0%,335,29.62%,91,19.32%,FlotCo00,Cordale Flott,nyg
LS,0,0%,0,0%,149,31.63%,KreiCa00,Casey Kreiter,nyg
K,0,0%,0,0%,153,32.48%,GanoGr44,Graham Gano,nyg
P,0,0%,0,0%,150,31.85%,GillJa00,Jamie Gillan,nyg
QB,295,26.48%,0,0%,0,0%,FlacJo00,Joe Flacco,nyj
QB,504,45.24%,0,0%,0,0%,WilsZa00,Zach Wilson,nyj
QB,285,25.58%,0,0%,0,0%,WhitMi01,Mike White,nyj
QB,31,2.78%,0,0%,7,1.52%,StreCh00,Chris Streveler,nyj
RB,496,44.52%,0,0%,2,.43%,CartMi03,Michael Carter,nyj
RB,198,17.77%,0,0%,16,3.48%,KnigZo00,Zonovan Knight,nyj
RB,233,20.92%,0,0%,0,0%,HallBr03,Breece Hall,nyj
RB,57,5.12%,0,0%,0,0%,RobiJa00,James Robinson,nyj
RB,173,15.53%,0,0%,192,41.74%,JohnTy02,Ty Johnson,nyj
WR,731,65.62%,0,0%,6,1.30%,MoorEl00,Elijah Moore,nyj
WR,617,55.39%,0,0%,0,0%,DaviCo03,Corey Davis,nyj
WR,297,26.66%,0,0%,169,36.74%,BerrBr00,Braxton Berrios,nyj
WR,884,79.35%,0,0%,0,0%,WilsGa00,Garrett Wilson,nyj
WR,270,24.24%,0,0%,3,.65%,MimsDe00,Denzel Mims,nyj
WR,10,.90%,0,0%,11,2.39%,CageLa01,Lawrence Cager,nyj
WR,141,12.66%,0,0%,86,18.70%,SmitJe03,Jeff Smith,nyj
TE,861,77.29%,0,0%,129,28.04%,ConkTy00,Tyler Conklin,nyj
TE,525,47.13%,0,0%,181,39.35%,UzomC.00,C.J. Uzomah,nyj
TE,46,4.13%,0,0%,101,21.96%,RuckJe00,Jeremy Ruckert,nyj
TE,26,2.33%,0,0%,213,46.30%,YeboKe00,Kenny Yeboah,nyj
T,518,46.50%,0,0%,8,1.74%,FantGe00,George Fant,nyj
T,340,30.52%,0,0%,27,5.87%,MitcMa02,Max Mitchell,nyj
T,746,66.97%,0,0%,0,0%,BrowDu20,Duane Brown,nyj
T,287,25.76%,0,0%,19,4.13%,OgbuCe00,Cedric Ogbuehi,nyj
T,76,6.82%,0,0%,29,6.30%,McDeCo00,Conor McDermott,nyj
T,0,0%,0,0%,7,1.52%,HermGr00,Grant Hermanns,nyj
T,61,5.48%,0,0%,25,5.43%,RemmMi00,Mike Remmers,nyj
G,432,38.78%,0,0%,29,6.30%,VeraAl00,Alijah Vera-Tucker,nyj
G,1112,99.82%,0,0%,66,14.35%,TomlLa01,Laken Tomlinson,nyj
G,706,63.38%,0,0%,48,10.43%,HerbNa01,Nate Herbig,nyj
G,109,9.78%,0,0%,67,14.57%,FeenDa00,Dan Feeney,nyj
G,72,6.46%,0,0%,12,2.61%,DuveLa00,Laurent Duvernay-Tardif,nyj
C,1114,100.00%,0,0%,6,1.30%,McGoCo00,Connor McGovern,nyj
DE,0,0%,153,13.44%,121,26.30%,MartJa02,Jacob Martin,nyj
DE,0,0%,311,27.33%,235,51.09%,ClemMi03,Micheal Clemons,nyj
DE,0,0%,663,58.26%,18,3.91%,LawsCa00,Carl Lawson,nyj
DE,0,0%,643,56.50%,14,3.04%,FranJo02,John Franklin-Myers,nyj
DE,0,0%,191,16.78%,161,35.00%,HuffBr00,Bryce Huff,nyj
DE,0,0%,185,16.26%,55,11.96%,CurrVi00,Vinny Curry,nyj
DT,0,0%,558,49.03%,31,6.74%,RankSh00,Sheldon Rankins,nyj
DT,0,0%,417,36.64%,136,29.57%,ShepNa00,Nathan Shepherd,nyj
DT,0,0%,375,32.95%,71,15.43%,ThomSo00,Solomon Thomas,nyj
DT,0,0%,49,4.31%,0,0%,SmarTa00,Tanzel Smart,nyj
NT,0,0%,690,60.63%,74,16.09%,WillQu00,Quinnen Williams,nyj
LB,0,0%,1114,97.89%,95,20.65%,MoslC.00,C.J. Mosley,nyj
LB,0,0%,793,69.68%,14,3.04%,WillQu01,Quincy Williams,nyj
LB,0,0%,559,49.12%,10,2.17%,AlexKw00,Kwon Alexander,nyj
"DE,LB",0,0%,312,27.42%,109,23.70%,JohnJe07,Jermaine Johnson II,nyj
LB,0,0%,25,2.20%,309,67.17%,SherJa00,Jamien Sherwood,nyj
LB,0,0%,62,5.45%,177,38.48%,HarrMa03,Marcell Harris,nyj
LB,0,0%,7,.62%,112,24.35%,NasiHa00,Hamsah Nasirildeen,nyj
LB,0,0%,0,0%,11,2.39%,SurrCh00,Chazz Surratt,nyj
CB,0,0%,1136,99.82%,23,5.00%,ReedD.00,D.J. Reed,nyj
CB,0,0%,732,64.32%,40,8.70%,CartMi02,Michael Carter II,nyj
CB,0,0%,0,0%,367,79.78%,HardJu01,Justin Hardee,nyj
CB,0,0%,69,6.06%,224,48.70%,EchoBr00,Brandin Echols,nyj
CB,0,0%,15,1.32%,58,12.61%,HallBr02,Bryce Hall,nyj
SS,0,0%,1130,99.30%,27,5.87%,WhitJo03,Jordan Whitehead,nyj
SS,0,0%,873,76.71%,10,2.17%,JoynLa00,Lamarcus Joyner,nyj
SS,0,0%,13,1.14%,278,60.43%,DaviAs00,Ashtyn Davis,nyj
FS,0,0%,210,18.45%,148,32.17%,ParkWi01,Will Parks,nyj
"CB,DB",0,0%,1115,97.98%,92,20.00%,GardSa00,Sauce Gardner,nyj
"DB,FS",0,0%,118,10.37%,128,27.83%,AdamTo03,Tony Adams,nyj
LS,0,0%,0,0%,155,33.70%,HennTh00,Thomas Hennessy,nyj
K,0,0%,0,0%,123,26.74%,ZuerGr00,Greg Zuerlein,nyj
P,0,0%,0,0%,172,37.39%,MannBr01,Braden Mann,nyj
QB,1028,87.19%,0,0%,0,0%,HurtJa00,Jalen Hurts,phi
QB,151,12.81%,0,0%,0,0%,MinsGa00,Gardner Minshew II,phi
RB,673,57.08%,0,0%,0,0%,SandMi01,Miles Sanders,phi
RB,331,28.07%,0,0%,43,9.49%,GainKe00,Kenneth Gainwell,phi
RB,170,14.42%,0,0%,84,18.54%,ScotBo02,Boston Scott,phi
RB,8,.68%,0,0%,4,.88%,SermTr00,Trey Sermon,phi
WR,1083,91.86%,0,0%,9,1.99%,SmitDe07,DeVonta Smith,phi
WR,1004,85.16%,0,0%,6,1.32%,BrowAJ00,A.J. Brown,phi
WR,681,57.76%,0,0%,13,2.87%,WatkQu00,Quez Watkins,phi
WR,338,28.67%,0,0%,246,54.30%,PascZa00,Zach Pascal,phi
WR,19,1.61%,0,0%,108,23.84%,CoveBr00,Britain Covey,phi
TE,735,62.34%,0,0%,4,.88%,GoedDa00,Dallas Goedert,phi
TE,574,48.69%,0,0%,203,44.81%,StolJa00,Jack Stoll,phi
TE,227,19.25%,0,0%,85,18.76%,CalcGr00,Grant Calcaterra,phi
TE,12,1.02%,0,0%,11,2.43%,TogiNo00,Noah Togiai,phi
TE,34,2.88%,0,0%,23,5.08%,JackTy01,Tyree Jackson,phi
T,1026,87.02%,0,0%,69,15.23%,MailJo00,Jordan Mailata,phi
T,974,82.61%,0,0%,0,0%,JohnLa01,Lane Johnson,phi
T,354,30.03%,0,0%,82,18.10%,DrisJa00,Jack Driscoll,phi
T,37,3.14%,0,0%,55,12.14%,DillAn00,Andre Dillard,phi
G,1137,96.44%,0,0%,82,18.10%,SeumIs00,Isaac Seumalo,phi
G,1096,92.96%,0,0%,79,17.44%,DickLa00,Landon Dickerson,phi
G,92,7.80%,0,0%,33,7.28%,OpetIo00,Sua Opeta,phi
G,0,0%,0,0%,4,.88%,SillJo00,Josh Sills,phi
C,1151,97.63%,0,0%,0,0%,KelcJa00,Jason Kelce,phi
C,35,2.97%,0,0%,82,18.10%,JurgCa01,Cam Jurgens,phi
DE,0,0%,587,53.07%,36,7.95%,SweaJo00,Josh Sweat,phi
DE,0,0%,474,42.86%,64,14.13%,GrahBr99,Brandon Graham,phi
DE,0,0%,176,15.91%,0,0%,SuhxNd99,Ndamukong Suh,phi
DE,0,0%,12,1.08%,2,.44%,BarnDe01,Derek Barnett,phi
DE,0,0%,27,2.44%,13,2.87%,JackTa02,Tarron Jackson,phi
DT,0,0%,713,64.47%,7,1.55%,CoxxFl00,Fletcher Cox,phi
DT,0,0%,712,64.38%,31,6.84%,HargJa00,Javon Hargrave,phi
DT,0,0%,395,35.71%,65,14.35%,WillMi08,Milton Williams,phi
DT,0,0%,232,20.98%,35,7.73%,TuipMa00,Marlon Tuipulotu,phi
DT,0,0%,224,20.25%,79,17.44%,DaviJo03,Jordan Davis,phi
DT,0,0%,19,1.72%,3,.66%,WilsMa05,Marvin Wilson,phi
NT,0,0%,189,17.09%,0,0%,JoseLi99,Linval Joseph,phi
LB,0,0%,1041,94.12%,24,5.30%,EdwaTJ02,T.J. Edwards,phi
LB,0,0%,844,76.31%,13,2.87%,WhitKy00,Kyzir White,phi
LB,0,0%,817,73.87%,7,1.55%,ReddHa00,Haason Reddick,phi
LB,0,0%,213,19.26%,315,69.54%,JohnPa02,Patrick Johnson,phi
LB,0,0%,22,1.99%,106,23.40%,ElliCh00,Christian Elliss,phi
LB,0,0%,0,0%,314,69.32%,BradSh00,Shaun Bradley,phi
LB,0,0%,88,7.96%,1,.22%,QuinRo00,Robert Quinn,phi
LB,0,0%,18,1.63%,265,58.50%,JohnKy02,Kyron Johnson,phi
LB,0,0%,34,3.07%,340,75.06%,DeanNa00,Nakobe Dean,phi
CB,0,0%,1078,97.47%,0,0%,BradJa00,James Bradberry,phi
CB,0,0%,1003,90.69%,0,0%,SlayDa00,Darius Slay,phi
CB,0,0%,457,41.32%,17,3.75%,MaddAv00,Avonte Maddox,phi
CB,0,0%,99,8.95%,362,79.91%,McPhZe00,Zech McPhearson,phi
CB,0,0%,10,.90%,141,31.13%,ChacAn00,Andre Chachere,phi
CB,0,0%,388,35.08%,156,34.44%,ScotJo00,Josiah Scott,phi
SS,0,0%,1096,99.10%,170,37.53%,EppsMa00,Marcus Epps,phi
SS,0,0%,729,65.91%,1,.22%,GardCh00,C.J. Gardner-Johnson,phi
SS,0,0%,164,14.83%,323,71.30%,WallKV00,K'Von Wallace,phi
"CB,DB",0,0%,12,1.08%,220,48.57%,JobeJo00,Josh Jobe,phi
"DB,SS",0,0%,291,26.31%,90,19.87%,BlanRe00,Reed Blankenship,phi
LS,0,0%,0,0%,139,30.68%,LovaRi00,Rick Lovato,phi
K,0,0%,0,0%,171,37.75%,ElliJa03,Jake Elliott,phi
P,0,0%,0,0%,9,1.99%,DickCa00,Cameron Dicker,phi
P,0,0%,0,0%,106,23.40%,SipoAr01,Arryn Siposs,phi
P,0,0%,0,0%,28,6.18%,KernBr20,Brett Kern,phi
QB,356,30.69%,0,0%,0,0%,TrubMi00,Mitchell Trubisky,pit
QB,804,69.31%,0,0%,0,0%,PickKe00,Kenny Pickett,pit
RB,763,65.78%,0,0%,1,.23%,HarrNa00,Najee Harris,pit
RB,342,29.48%,0,0%,127,29.00%,WarrJa01,Jaylen Warren,pit
RB,42,3.62%,0,0%,284,64.84%,SnelBe00,Benny Snell Jr.,pit
RB,21,1.81%,0,0%,0,0%,McFaAn00,Anthony McFarland Jr.,pit
FB,77,6.64%,0,0%,290,66.21%,WattDe00,Derek Watt,pit
WR,462,39.83%,0,0%,0,0%,ClayCh01,Chase Claypool,pit
WR,1042,89.83%,0,0%,1,.23%,JohnDi01,Diontae Johnson,pit
WR,882,76.03%,0,0%,3,.68%,PickGe00,George Pickens,pit
WR,132,11.38%,0,0%,207,47.26%,BoykMi00,Miles Boykin,pit
WR,10,.86%,0,0%,9,2.05%,WhitCo05,Cody White,pit
WR,216,18.62%,0,0%,106,24.20%,OlszGu00,Gunner Olszewski,pit
WR,284,24.48%,0,0%,102,23.29%,SimsSt00,Steven Sims,pit
TE,743,64.05%,0,0%,13,2.97%,FreiPa00,Pat Freiermuth,pit
TE,577,49.74%,0,0%,72,16.44%,GentZa00,Zach Gentry,pit
TE,174,15.00%,0,0%,284,64.84%,HeywCo00,Connor Heyward,pit
T,1159,99.91%,0,0%,70,15.98%,OkorCh00,Chukwuma Okorafor,pit
T,1160,100.00%,0,0%,71,16.21%,MoorDa05,Dan Moore,pit
T,0,0%,0,0%,58,13.24%,DaviJe00,Jesse Davis,pit
T,31,2.67%,0,0%,1,.23%,ScotTr01,Trenton Scott,pit
G,1160,100.00%,0,0%,71,16.21%,DotsKe00,Kevin Dotson,pit
G,1160,100.00%,0,0%,0,0%,DaniJa01,James Daniels,pit
C,1114,96.03%,0,0%,0,0%,ColeMa02,Mason Cole,pit
C,46,3.97%,0,0%,71,16.21%,HassJ.00,J.C. Hassenauer,pit
DE,0,0%,338,31.77%,78,17.81%,WormCh00,Chris Wormley,pit
"DE,NT",0,0%,291,27.35%,32,7.31%,AluaTy99,Tyson Alualu,pit
DE,0,0%,116,10.90%,71,16.21%,LoudIs00,Isaiahh Loudermilk,pit
DE,0,0%,175,16.45%,39,8.90%,LealDe00,DeMarvin Leal,pit
DE,0,0%,16,1.50%,1,.23%,ScotDe01,Delontae Scott,pit
"DE,NT",0,0%,281,26.41%,45,10.27%,AdamMo00,Montravius Adams,pit
DT,0,0%,801,75.28%,120,27.40%,HeywCa01,Cameron Heyward,pit
DT,0,0%,636,59.77%,55,12.56%,OgunLa00,Larry Ogunjobi,pit
DT,0,0%,12,1.13%,1,.23%,DaviCa03,Carlos Davis,pit
DT,0,0%,1,.09%,0,0%,WrenRe00,Renell Wren,pit
LB,0,0%,692,65.04%,55,12.56%,JackMy00,Myles Jack,pit
LB,0,0%,941,88.44%,48,10.96%,HighAl02,Alex Highsmith,pit
LB,0,0%,502,47.18%,32,7.31%,WattT.00,T.J. Watt,pit
LB,0,0%,659,61.94%,68,15.53%,BushDe01,Devin Bush Jr.,pit
LB,0,0%,86,8.08%,251,57.31%,JoneJa11,Jamir Jones,pit
LB,0,0%,396,37.22%,58,13.24%,ReedMa01,Malik Reed,pit
LB,0,0%,588,55.26%,134,30.59%,SpilRo00,Robert Spillane,pit
LB,0,0%,0,0%,230,52.51%,AlleMa03,Marcus Allen,pit
LB,0,0%,44,4.14%,16,3.65%,RobiMa03,Mark Robinson,pit
LB,0,0%,28,2.63%,0,0%,AndeRy00,Ryan Anderson,pit
CB,0,0%,248,23.31%,13,2.97%,WithAh00,Ahkello Witherspoon,pit
CB,1,.09%,931,87.50%,61,13.93%,SuttCa00,Cameron Sutton,pit
CB,0,0%,481,45.21%,152,34.70%,MaulAr00,Arthur Maulet,pit
CB,0,0%,709,66.64%,65,14.84%,WallLe00,Levi Wallace,pit
CB,0,0%,11,1.03%,5,1.14%,WilsQu01,Quincy Wilson,pit
CB,0,0%,260,24.44%,196,44.75%,PierJa01,James Pierre,pit
CB,0,0%,85,7.99%,17,3.88%,JackJo01,Josh Jackson,pit
SS,0,0%,886,83.27%,107,24.43%,EdmuTe00,Terrell Edmunds,pit
"FS,SS",2,.17%,939,88.25%,65,14.84%,FitzMi00,Minkah Fitzpatrick,pit
SS,0,0%,273,25.66%,58,13.24%,KazeDa00,Damontae Kazee,pit
FS,0,0%,243,22.84%,156,35.62%,NorwTr00,Tre Norwood,pit
"FS,SS",0,0%,13,1.22%,290,66.21%,KillMi00,Miles Killebrew,pit
DB,0,0%,20,1.88%,25,5.71%,RileEl01,Elijah Riley,pit
LS,0,0%,0,0%,141,32.19%,KuntCh02,Christian Kuntz,pit
K,0,0%,0,0%,97,22.15%,BoswCh00,Chris Boswell,pit
K,0,0%,0,0%,44,10.05%,WrigMa00,Matthew Wright,pit
K,0,0%,0,0%,7,1.60%,ScibNi00,Nick Sciba,pit
P,0,0%,0,0%,141,32.19%,HarvPr00,Pressley Harvin III,pit
QB,830,78.90%,0,0%,0,0%,JoneMa05,Mac Jones,nwe
QB,207,19.68%,0,0%,0,0%,ZappBa00,Bailey Zappe,nwe
QB,15,1.43%,0,0%,0,0%,HoyeBr00,Brian Hoyer,nwe
RB,238,22.62%,0,0%,0,0%,HarrDa06,Damien Harris,nwe
RB,17,1.62%,0,0%,0,0%,TaylJJ01,J.J. Taylor,nwe
RB,699,66.44%,0,0%,2,.44%,StevRh00,Rhamondre Stevenson,nwe
RB,14,1.33%,0,0%,0,0%,BowdLy00,Lynn Bowden Jr.,nwe
RB,53,5.04%,0,0%,0,0%,HarrKe01,Kevin Harris,nwe
RB,51,4.85%,0,0%,143,31.29%,StroPi00,Pierre Strong,nwe
WR,545,51.81%,0,0%,2,.44%,ParkDe01,DeVante Parker,nwe
WR,690,65.59%,0,0%,2,.44%,MeyeJa01,Jakobi Meyers,nwe
WR,476,45.25%,0,0%,0,0%,AghoNe00,Nelson Agholor,nwe
WR,21,2.00%,0,0%,7,1.53%,MontTy01,Ty Montgomery,nwe
WR,527,50.10%,0,0%,0,0%,ThorTy00,Tyquan Thornton,nwe
WR,14,1.33%,0,0%,385,84.25%,SlatMa00,Matthew Slater,nwe
WR,1,.10%,0,0%,138,30.20%,WebbRa02,Raleigh Webb,nwe
WR,128,12.17%,0,0%,24,5.25%,HumpLi01,Lil'Jordan Humphrey,nwe
WR,441,41.92%,0,0%,5,1.09%,BourKe00,Kendrick Bourne,nwe
TE,797,75.76%,0,0%,24,5.25%,HenrHu00,Hunter Henry,nwe
TE,423,40.21%,0,0%,54,11.82%,SmitJo01,Jonnu Smith,nwe
TE,22,2.09%,0,0%,0,0%,WashSc00,Scotty Washington,nwe
TE,24,2.28%,0,0%,10,2.19%,SokoMa00,Matt Sokol,nwe
T,1032,98.10%,0,0%,72,15.75%,BrowTr02,Trent Brown,nwe
T,361,34.32%,0,0%,15,3.28%,McDeCo00,Conor McDermott,nwe
T,424,40.30%,0,0%,33,7.22%,WynnIs00,Isaiah Wynn,nwe
T,208,19.77%,0,0%,26,5.69%,CannMa00,Marcus Cannon,nwe
T,197,18.73%,0,0%,31,6.78%,CajuYo00,Yodny Cajuste,nwe
G,1046,99.43%,0,0%,72,15.75%,OnweMi00,Michael Onwenu,nwe
G,984,93.54%,0,0%,72,15.75%,StraCo01,Cole Strange,nwe
G,0,0%,0,0%,3,.66%,MurrBi00,Bill Murray,nwe
C,800,76.05%,0,0%,0,0%,AndrDa00,David Andrews,nwe
C,269,25.57%,0,0%,39,8.53%,FereJa00,James Ferentz,nwe
DE,0,0%,829,73.36%,144,31.51%,WiseDe00,Deatrich Wise Jr.,nwe
DE,0,0%,5,.44%,310,67.83%,MitcDa00,DaMarcus Mitchell,nwe
DT,0,0%,503,44.51%,21,4.60%,GuyxLa00,Lawrence Guy,nwe
DT,0,0%,328,29.03%,0,0%,BarmCh00,Christian Barmore,nwe
DT,0,0%,364,32.21%,57,12.47%,EkuaDa00,Daniel Ekuale,nwe
DT,0,0%,40,3.54%,10,2.19%,RobeSa00,Sam Roberts,nwe
NT,0,0%,659,58.32%,5,1.09%,GodcDa00,Davon Godchaux,nwe
NT,0,0%,219,19.38%,127,27.79%,DaviCa01,Carl Davis,nwe
LB,0,0%,860,76.11%,8,1.75%,JudoMa00,Matt Judon,nwe
LB,0,0%,250,22.12%,277,60.61%,McMiRa02,Raekwon McMillan,nwe
LB,0,0%,907,80.27%,93,20.35%,BentJa00,Ja'Whaun Bentley,nwe
LB,0,0%,236,20.88%,284,62.14%,WilsMa03,Mack Wilson,nwe
LB,0,0%,570,50.44%,330,72.21%,TavaJa00,Jahlani Tavai,nwe
LB,0,0%,41,3.63%,20,4.38%,CollJa00,Jamie Collins,nwe
LB,0,0%,374,33.10%,45,9.85%,UcheJo00,Joshua Uche,nwe
LB,0,0%,0,0%,14,3.06%,MunsCa00,Calvin Munson,nwe
LB,0,0%,343,30.35%,165,36.11%,JennAn00,Anfernee Jennings,nwe
LB,0,0%,0,0%,18,3.94%,LangHa00,Harvey Langi,nwe
CB,0,0%,469,41.50%,8,1.75%,MillJa02,Jalen Mills,nwe
CB,0,0%,894,79.12%,116,25.38%,JoneJo03,Jonathan Jones,nwe
CB,0,0%,689,60.97%,101,22.10%,BryaMy01,Myles Bryant,nwe
CB,0,0%,32,2.83%,0,0%,HayeTa00,Tae Hayes,nwe
CB,0,0%,18,1.59%,3,.66%,WadeSh00,Shaun Wade,nwe
SS,0,0%,704,62.30%,194,42.45%,PhilAd00,Adrian Phillips,nwe
SS,0,0%,399,35.31%,269,58.86%,PeppJa00,Jabrill Peppers,nwe
FS,0,0%,752,66.55%,130,28.45%,DuggKy00,Kyle Dugger,nwe
FS,0,0%,1098,97.17%,9,1.97%,McCoDe99,Devin McCourty,nwe
FS,0,0%,0,0%,106,23.19%,DaviCo02,Cody Davis,nwe
"CB,DB",0,0%,454,40.18%,38,8.32%,JoneJa10,Jack Jones,nwe
"DB,SS",0,0%,0,0%,330,72.21%,SchoBr00,Brenden Schooler,nwe
"DB,FS",0,0%,22,1.95%,7,1.53%,BledJo00,Joshuah Bledsoe,nwe
"CB,DB",18,1.71%,370,32.74%,164,35.89%,JoneMa06,Marcus Jones,nwe
DB,0,0%,1,.09%,0,0%,MoseQu00,Quandre Mosely,nwe
LS,0,0%,0,0%,24,5.25%,AddiTu00,Tucker Addington,nwe
LS,0,0%,0,0%,128,28.01%,CardJo00,Joe Cardona,nwe
K,0,0%,0,0%,6,1.31%,VizcTr00,Tristan Vizcaino,nwe
K,0,0%,0,0%,105,22.98%,FolkNi20,Nick Folk,nwe
P,0,0%,0,0%,74,16.19%,PalaMi00,Michael Palardy,nwe
P,0,0%,0,0%,124,27.13%,BailJa00,Jake Bailey,nwe
QB,510,42.86%,0,0%,0,0%,WentCa00,Carson Wentz,was
QB,614,51.60%,0,0%,0,0%,HeinTa00,Taylor Heinicke,was
QB,66,5.55%,0,0%,0,0%,HoweSa00,Sam Howell,was
RB,489,41.09%,0,0%,42,9.11%,GibsAn00,Antonio Gibson,was
RB,221,18.57%,0,0%,2,.43%,McKiJ.00,J.D. McKissic,was
RB,351,29.50%,0,0%,0,0%,RobiBr01,Brian Robinson Jr.,was
RB,99,8.32%,0,0%,171,37.09%,WillJo07,Jonathan Williams,was
RB,4,.34%,0,0%,37,8.03%,ArmaAl00,Alex Armah,was
RB,33,2.77%,0,0%,11,2.39%,PattJa01,Jaret Patterson,was
RB,3,.25%,0,0%,0,0%,BonnRe00,Reggie Bonnafon,was
WR,1063,89.33%,0,0%,0,0%,McLaTe00,Terry McLaurin,was
WR,651,54.71%,0,0%,0,0%,DotsJa00,Jahan Dotson,was
WR,850,71.43%,0,0%,0,0%,SamuCu00,Curtis Samuel,was
WR,328,27.56%,0,0%,244,52.93%,SimsCa00,Cam Sims,was
WR,83,6.97%,0,0%,114,24.73%,MilnDa00,Dax Milne,was
WR,10,.84%,0,0%,19,4.12%,McGoKy00,Kyric McGowan,was
WR,169,14.20%,0,0%,65,14.10%,BrowDy00,Dyami Brown,was
WR,0,0%,0,0%,11,2.39%,EricAl01,Alex Erickson,was
TE,681,57.23%,0,0%,0,0%,ThomLo00,Logan Thomas,was
TE,510,42.86%,0,0%,65,14.10%,BateJo00,John Bates,was
TE,245,20.59%,0,0%,61,13.23%,TurnCo00,Cole Turner,was
TE,158,13.28%,0,0%,217,47.07%,RogeAr00,Armani Rogers,was
T,1190,100.00%,0,0%,59,12.80%,LenoCh00,Charles Leno Jr.,was
T,585,49.16%,0,0%,45,9.76%,CosmSa00,Samuel Cosmi,was
T,290,24.37%,0,0%,45,9.76%,CharSa00,Saahdiq Charles,was
T,672,56.47%,0,0%,52,11.28%,LucaCo01,Cornelius Lucas,was
G,1121,94.20%,0,0%,52,11.28%,NorwAn01,Andrew Norwell,was
G,66,5.55%,0,0%,7,1.52%,PaulCh00,Chris Paul,was
G,767,64.45%,0,0%,49,10.63%,TurnTr01,Trai Turner,was
G,419,35.21%,0,0%,6,1.30%,SchwWe00,Wes Schweitzer,was
G,1,.08%,0,0%,18,3.90%,MartWe00,Wes Martin,was
C,150,12.61%,0,0%,0,0%,RoulCh00,Chase Roullier,was
C,156,13.11%,0,0%,9,1.95%,MartNi00,Nick Martin,was
C,535,44.96%,0,0%,12,2.60%,LarsTy00,Tyler Larsen,was
DE,0,0%,731,70.02%,0,0%,SweaMo00,Montez Sweat,was
DE,0,0%,506,48.47%,15,3.25%,SmitJa08,James Smith-Williams,was
DE,0,0%,348,33.33%,130,28.20%,ToohCa00,Casey Toohill,was
DE,0,0%,101,9.67%,21,4.56%,WiseDa01,Daniel Wise,was
DE,0,0%,115,11.02%,0,0%,YounCh04,Chase Young,was
DE,0,0%,390,37.36%,203,44.03%,ObadEf00,Efe Obada,was
DE,0,0%,24,2.30%,1,.22%,BradWi00,William Bradley-King,was
DE,0,0%,51,4.89%,318,68.98%,ToneSh00,Shaka Toney,was
DE,0,0%,36,3.45%,7,1.52%,PotoBe00,Benning Potoa'e,was
DT,0,0%,908,86.97%,83,18.00%,PaynDa00,Daron Payne,was
DT,0,0%,802,76.82%,6,1.30%,AlleJo01,Jonathan Allen,was
DT,0,0%,280,26.82%,72,15.62%,RidgJo00,John Ridgeway,was
DT,0,0%,27,2.59%,2,.43%,BadaDa00,David Bada,was
DT,0,0%,3,.29%,1,.22%,MathPh00,Phidarian Mathis,was
NT,0,0%,18,1.72%,7,1.52%,JeteDo00,Donovan Jeter,was
LB,0,0%,446,42.72%,0,0%,HolcCo00,Cole Holcomb,was
LB,0,0%,834,79.89%,0,0%,DaviJa11,Jamin Davis,was
LB,0,0%,72,6.90%,270,58.57%,HudsKh00,Khaleke Hudson,was
LB,0,0%,202,19.35%,252,54.66%,MayoDa00,David Mayo,was
LB,0,0%,0,0%,90,19.52%,HarrDe10,De'Jon Harris,was
LB,0,0%,0,0%,82,17.79%,GerrNa00,Nathan Gerry,was
LB,0,0%,263,25.19%,184,39.91%,BostJo00,Jonathan Bostic,was
LB,0,0%,6,.57%,205,44.47%,EiflMi00,Milo Eifler,was
CB,0,0%,1031,98.75%,0,0%,FullKe00,Kendall Fuller,was
CB,0,0%,204,19.54%,0,0%,JackWi02,William Jackson III,was
"CB,FS",0,0%,971,93.01%,0,0%,McCaBo01,Bobby McCain,was
CB,0,0%,655,62.74%,12,2.60%,StJuBe00,Benjamin St-Juste,was
CB,0,0%,195,18.68%,90,19.52%,WildRa00,Rachad Wildgoose,was
CB,0,0%,293,28.07%,49,10.63%,JohnDa09,Danny Johnson,was
SS,0,0%,850,81.42%,112,24.30%,ForrDa00,Darrick Forrest,was
"FS,SS",0,0%,727,69.64%,0,0%,CurlKa00,Kamren Curl,was
FS,0,0%,149,14.27%,374,81.13%,ReavJe00,Jeremy Reaves,was
FS,0,0%,0,0%,32,6.94%,ApkeTr00,Troy Apke,was
"CB,DB",0,0%,103,9.87%,323,70.07%,HolmCh00,Christian Holmes,was
"DB,FS",0,0%,135,12.93%,273,59.22%,ButlPe00,Percy Butler,was
"CB,DB",0,0%,6,.57%,13,2.82%,CastTa00,Tariq Castro-Fields,was
LS,0,0%,0,0%,145,31.45%,CheeCa00,Camaron Cheeseman,was
K,0,0%,0,0%,136,29.50%,SlyeJo00,Joey Slye,was
P,0,0%,0,0%,146,31.67%,WayxTr00,Tress Way,was
QB,211,19.96%,0,0%,0,0%,ThomSk00,Skylar Thompson,mia
QB,705,66.70%,0,0%,0,0%,TagoTu00,Tua Tagovailoa,mia
QB,141,13.34%,0,0%,0,0%,BridTe00,Teddy Bridgewater,mia
RB,186,17.60%,0,0%,4,.88%,EdmoCh00,Chase Edmonds,mia
RB,259,24.50%,0,0%,10,2.21%,WilsJe01,Jeff Wilson,mia
RB,552,52.22%,0,0%,75,16.56%,MostRa00,Raheem Mostert,mia
RB,35,3.31%,0,0%,38,8.39%,AhmeSa01,Salvon Ahmed,mia
RB,39,3.69%,0,0%,11,2.43%,GaskMy00,Myles Gaskin,mia
FB,418,39.55%,0,0%,134,29.58%,IngoAl01,Alec Ingold,mia
WR,785,74.27%,0,0%,3,.66%,WaddJa00,Jaylen Waddle,mia
WR,800,75.69%,0,0%,7,1.55%,HillTy00,Tyreek Hill,mia
WR,611,57.81%,0,0%,183,40.40%,SherTr00,Trent Sherfield,mia
WR,237,22.42%,0,0%,40,8.83%,WilsCe01,Cedrick Wilson Jr.,mia
WR,25,2.37%,0,0%,152,33.55%,ConnTa00,Tanner Conner,mia
WR,159,15.04%,0,0%,11,2.43%,CracRi00,River Cracraft,mia
WR,34,3.22%,0,0%,0,0%,SandBr00,Braylon Sanders,mia
WR,10,.95%,0,0%,0,0%,EzukEr00,Erik Ezukanma,mia
WR,7,.66%,0,0%,0,0%,SwaiFr00,Freddie Swain,mia
TE,557,52.70%,0,0%,178,39.29%,SmytDu00,Durham Smythe,mia
TE,478,45.22%,0,0%,1,.22%,GesiMi00,Mike Gesicki,mia
TE,93,8.80%,0,0%,55,12.14%,LongHu00,Hunter Long,mia
TE,1,.09%,0,0%,4,.88%,CartCe00,Cethan Carter,mia
T,627,59.32%,0,0%,34,7.51%,EichLi00,Liam Eichenberg,mia
T,762,72.09%,0,0%,42,9.27%,ShelBr00,Brandon Shell,mia
T,688,65.09%,0,0%,0,0%,ArmsTe00,Terron Armstead,mia
T,528,49.95%,0,0%,75,16.56%,LittGr01,Greg Little,mia
T,32,3.03%,0,0%,0,0%,LammKe00,Kendall Lamm,mia
T,84,7.95%,0,0%,1,.22%,JackAu00,Austin Jackson,mia
T,1,.09%,0,0%,0,0%,ColeLa03,Larnel Coleman,mia
G,1056,99.91%,0,0%,76,16.78%,HuntRo01,Robert Hunt,mia
G,1057,100.00%,0,0%,4,.88%,WillCo00,Connor Williams,mia
G,450,42.57%,0,0%,72,15.89%,JoneRo02,Robert Jones,mia
C,0,0%,0,0%,76,16.78%,DeitMi00,Michael Deiter,mia
DE,0,0%,328,28.67%,42,9.27%,OgbaEm00,Emmanuel Ogbah,mia
DT,0,0%,877,76.66%,186,41.06%,SielZa00,Zach Sieler,mia
DT,0,0%,955,83.48%,187,41.28%,WilkCh00,Christian Wilkins,mia
DT,0,0%,41,3.58%,0,0%,ZimmJu00,Justin Zimmer,mia
DT,0,0%,9,.79%,0,0%,StilBe00,Ben Stille,mia
DT,0,0%,5,.44%,0,0%,BronJo01,Josiah Bronson,mia
NT,0,0%,585,51.14%,76,16.78%,DaviRa03,Raekwon Davis,mia
NT,0,0%,260,22.73%,61,13.47%,JenkJo00,John Jenkins,mia
LB,0,0%,1014,88.64%,7,1.55%,BakeJe00,Jerome Baker,mia
LB,0,0%,336,29.37%,36,7.95%,ChubBr00,Bradley Chubb,mia
LB,0,0%,840,73.43%,75,16.56%,PhilJa02,Jaelan Phillips,mia
LB,0,0%,680,59.44%,122,26.93%,RobeEl00,Elandon Roberts,mia
LB,0,0%,368,32.17%,330,72.85%,RileDu00,Duke Riley,mia
LB,0,0%,512,44.76%,1,.22%,IngrMe00,Melvin Ingram,mia
LB,0,0%,0,0%,14,3.09%,ScarBr00,Brennan Scarlett,mia
LB,0,0%,334,29.20%,306,67.55%,VanGAn00,Andrew Van Ginkel,mia
LB,0,0%,34,2.97%,281,62.03%,EguaSa00,Samuel Eguavoen,mia
LB,0,0%,65,5.68%,3,.66%,FlowTr00,Trey Flowers,mia
LB,0,0%,9,.79%,167,36.87%,TindCh00,Channing Tindall,mia
CB,0,0%,979,85.58%,0,0%,HowaXa00,Xavien Howard,mia
CB,0,0%,297,25.96%,0,0%,NeedNi00,Nik Needham,mia
CB,0,0%,383,33.48%,213,47.02%,CrosKe00,Keion Crossen,mia
CB,0,0%,80,6.99%,290,64.02%,CampEl00,Elijah Campbell,mia
CB,0,0%,238,20.80%,41,9.05%,IgbiNo00,Noah Igbinoghene,mia
SS,0,0%,350,30.59%,27,5.96%,JoneBr06,Brandon Jones,mia
SS,0,0%,569,49.74%,21,4.64%,RoweEr00,Eric Rowe,mia
SS,0,0%,36,3.15%,274,60.49%,FejeCl00,Clayton Fejedelem,mia
SS,0,0%,253,22.12%,2,.44%,McKiVe00,Verone McKinley,mia
FS,0,0%,1129,98.69%,108,23.84%,HollJe02,Jevon Holland,mia
FS,0,0%,123,10.75%,377,83.22%,BethJu00,Justin Bethel,mia
"CB,DB",0,0%,898,78.50%,1,.22%,KohoKa00,Kader Kohou,mia
LS,0,0%,0,0%,140,30.91%,FergBl00,Blake Ferguson,mia
K,0,0%,0,0%,164,36.20%,SandJa00,Jason Sanders,mia
P,0,0%,0,0%,142,31.35%,MorsTh00,Thomas Morstead,mia
QB,1114,95.38%,0,0%,0,0%,CousKi00,Kirk Cousins,min
QB,54,4.62%,0,0%,0,0%,MullNi00,Nick Mullens,min
RB,841,72.00%,0,0%,0,0%,CookDa01,Dalvin Cook,min
RB,12,1.03%,0,0%,39,7.91%,ChanTy01,Ty Chandler,min
RB,297,25.43%,0,0%,47,9.53%,MattAl01,Alexander Mattison,min
RB,18,1.54%,0,0%,154,31.24%,NwanKe00,Kene Nwangwu,min
FB,169,14.47%,0,0%,324,65.72%,HamxC.00,C.J. Ham,min
WR,1042,89.21%,0,0%,2,.41%,ThieAd00,Adam Thielen,min
WR,1079,92.38%,0,0%,0,0%,JeffJu00,Justin Jefferson,min
WR,873,74.74%,0,0%,2,.41%,OsboKJ00,K.J. Osborn,min
WR,57,4.88%,0,0%,216,43.81%,NailJa00,Jalen Nailor,min
WR,0,0%,0,0%,24,4.87%,ChisDa00,Dan Chisena,min
WR,82,7.02%,0,0%,62,12.58%,ReagJa00,Jalen Reagor,min
TE,589,50.43%,0,0%,0,0%,HockTJ00,T.J. Hockenson,min
TE,443,37.93%,0,0%,93,18.86%,MundJo00,Johnny Mundt,min
TE,43,3.68%,0,0%,52,10.55%,ElleBe00,Ben Ellefson,min
TE,285,24.40%,0,0%,1,.20%,SmitIr01,Irv Smith Jr.,min
TE,1,.09%,0,0%,17,3.45%,HollJa03,Jacob Hollister,min
TE,0,0%,0,0%,108,21.91%,MuseNi00,Nick Muse,min
T,1052,90.07%,0,0%,70,14.20%,ONeiBr00,Brian O'Neill,min
T,853,73.03%,0,0%,63,12.78%,DarrCh00,Christian Darrisaw,min
"G,T",131,11.22%,0,0%,81,16.43%,UdohOl01,Oli Udoh,min
T,33,2.83%,0,0%,20,4.06%,LoweVe00,Vederian Lowe,min
T,275,23.54%,0,0%,34,6.90%,BranBl00,Blake Brandel,min
G,1134,97.09%,0,0%,81,16.43%,ClevEz00,Ezra Cleveland,min
G,1168,100.00%,0,0%,81,16.43%,IngrEd00,Ed Ingram,min
G,124,10.62%,0,0%,29,5.88%,ReedCh00,Chris Reed,min
G,235,20.12%,0,0%,58,11.76%,SchlAu00,Austin Schlottmann,min
G,34,2.91%,0,0%,5,1.01%,HintKy00,Kyle Hinton,min
C,810,69.35%,0,0%,1,.20%,BradGa00,Garrett Bradbury,min
C,0,0%,0,0%,7,1.42%,MancGr00,Greg Mancz,min
"DE,LB",0,0%,906,78.04%,18,3.65%,HuntDa01,Danielle Hunter,min
"DE,LB",0,0%,562,48.41%,188,38.13%,WonnDJ00,D.J. Wonnum,min
DE,0,0%,319,27.48%,0,0%,BullJo00,Jonathan Bullard,min
"DE,LB",0,0%,306,26.36%,277,56.19%,JonePa00,Patrick Jones II,min
DE,0,0%,89,7.67%,45,9.13%,OtomEs00,Esezi Otomewo,min
DT,0,0%,694,59.78%,94,19.07%,PhilHa00,Harrison Phillips,min
DT,0,0%,551,47.46%,36,7.30%,TomlDa00,Dalvin Tomlinson,min
DT,0,0%,22,1.89%,7,1.42%,SmitTJ00,T.J. Smith,min
DT,0,0%,139,11.97%,0,0%,BlacRo00,Ross Blacklock,min
NT,0,0%,276,23.77%,51,10.34%,LyncJa00,James Lynch,min
NT,0,0%,276,23.77%,58,11.76%,TongKh00,Khyiris Tonga,min
LB,0,0%,1095,94.32%,79,16.02%,KendEr00,Eric Kendricks,min
LB,0,0%,935,80.53%,78,15.82%,HickJo00,Jordan Hicks,min
LB,0,0%,771,66.41%,0,0%,SmitZa00,Za'Darius Smith,min
LB,0,0%,34,2.93%,59,11.97%,VilaLu00,Luiji Vilain,min
LB,0,0%,16,1.38%,13,2.64%,ConnRy00,Ryan Connelly,min
LB,0,0%,119,10.25%,285,57.81%,AsamBr00,Brian Asamoah,min
LB,0,0%,40,3.45%,330,66.94%,DyexTr00,Troy Dye,min
LB,0,0%,13,1.12%,94,19.07%,KwenWi00,William Kwenkeu,min
CB,0,0%,1105,95.18%,84,17.04%,PetePa00,Patrick Peterson,min
CB,0,0%,505,43.50%,7,1.42%,DantCa00,Cameron Dantzler,min
CB,0,0%,945,81.40%,30,6.09%,SullCh00,Chandon Sullivan,min
CB,0,0%,37,3.19%,403,81.74%,BoydKr00,Kris Boyd,min
CB,0,0%,0,0%,15,3.04%,GowaTa00,Tay Gowan,min
CB,0,0%,397,34.19%,66,13.39%,ShelDu00,Duke Shelley,min
SS,0,0%,913,78.64%,0,0%,SmitHa00,Harrison Smith,min
SS,0,0%,258,22.22%,381,77.28%,MeteJo00,Josh Metellus,min
SS,0,0%,0,0%,68,13.79%,DornMy01,Myles Dorn,min
FS,0,0%,1161,100.00%,41,8.32%,BynuCa00,Camryn Bynum,min
DB,0,0%,18,1.55%,275,55.78%,JackTh00,Theo Jackson,min
"CB,DB",0,0%,162,13.95%,91,18.46%,EvanAk00,Akayleb Evans,min
DB,0,0%,2,.17%,34,6.90%,CineLe00,Lewis Cine,min
DB,0,0%,0,0%,9,1.83%,BarnKa00,Kalon Barnes,min
"CB,DB",0,0%,105,9.04%,40,8.11%,BootAn00,Andrew Booth,min
LS,0,0%,0,0%,159,32.25%,DePaAn00,Andrew DePaola,min
K,0,0%,0,0%,170,34.48%,JoseGr00,Greg Joseph,min
P,0,0%,0,0%,159,32.25%,WrigRy00,Ryan Wright,min
QB,196,18.63%,0,0%,0,0%,WinsJa00,Jameis Winston,nor
QB,736,69.96%,0,0%,0,0%,DaltAn00,Andy Dalton,nor
"QB,TE",326,30.99%,0,0%,169,37.81%,HillTa00,Taysom Hill,nor
RB,642,61.03%,0,0%,1,.22%,KamaAl00,Alvin Kamara,nor
RB,26,2.47%,0,0%,0,0%,MurrLa00,Latavius Murray,nor
RB,41,3.90%,0,0%,259,57.94%,WashDw00,Dwayne Washington,nor
RB,205,19.49%,0,0%,0,0%,IngrMa01,Mark Ingram,nor
RB,58,5.51%,0,0%,0,0%,JohnDa08,David Johnson,nor
RB,35,3.33%,0,0%,6,1.34%,JoneTo04,Tony Jones,nor
RB,12,1.14%,0,0%,5,1.12%,BenjEn00,Eno Benjamin,nor
RB,4,.38%,0,0%,0,0%,HowaJo00,Jordan Howard,nor
FB,120,11.41%,0,0%,126,28.19%,PrenAd00,Adam Prentice,nor
WR,403,38.31%,0,0%,44,9.84%,SmitTr03,Tre'Quan Smith,nor
WR,607,57.70%,0,0%,0,0%,OlavCh00,Chris Olave,nor
WR,301,28.61%,0,0%,4,.89%,LandJa00,Jarvis Landry,nor
WR,136,12.93%,0,0%,0,0%,ThomMi05,Michael Thomas,nor
WR,153,14.54%,0,0%,28,6.26%,KirkKe00,Keith Kirkwood,nor
WR,31,2.95%,0,0%,47,10.51%,MerrKi00,Kirk Merritt,nor
WR,397,37.74%,0,0%,17,3.80%,CallMa01,Marquez Callaway,nor
WR,131,12.45%,0,0%,63,14.09%,WhitKe00,Kevin White,nor
WR,24,2.28%,0,0%,35,7.83%,HarrDe07,Deonte Harty,nor
WR,298,28.33%,0,0%,106,23.71%,ShahRa00,Rashid Shaheed,nor
TE,648,61.60%,0,0%,174,38.93%,JohnJu02,Juwan Johnson,nor
TE,521,49.52%,0,0%,76,17.00%,TrauAd00,Adam Trautman,nor
TE,85,8.08%,0,0%,42,9.40%,HoltJ.01,J.P. Holtz,nor
TE,11,1.05%,0,0%,0,0%,KrulLu00,Lucas Krull,nor
TE,64,6.08%,0,0%,0,0%,VannNi00,Nick Vannett,nor
T,975,92.68%,0,0%,40,8.95%,HursJa00,James Hurst,nor
T,937,89.07%,0,0%,58,12.98%,RamcRy00,Ryan Ramczyk,nor
T,124,11.79%,0,0%,17,3.80%,PennTr00,Trevor Penning,nor
T,462,43.92%,0,0%,50,11.19%,ThroCa01,Calvin Throckmorton,nor
T,208,19.77%,0,0%,60,13.42%,YounLa00,Landon Young,nor
G,869,82.60%,0,0%,54,12.08%,RuizCe00,Cesar Ruiz,nor
G,574,54.56%,0,0%,32,7.16%,PeatAn00,Andrus Peat,nor
G,331,31.46%,0,0%,14,3.13%,AndrJo01,Josh Andrews,nor
G,78,7.41%,0,0%,53,11.86%,KiddLe00,Lewis Kidd,nor
G,2,.19%,0,0%,0,0%,DuraYa01,Yasir Durant,nor
G,2,.19%,0,0%,0,0%,DaviWy00,Wyatt Davis,nor
C,799,75.95%,0,0%,5,1.12%,McCoEr01,Erik McCoy,nor
DE,0,0%,790,69.79%,3,.67%,JordCa00,Cameron Jordan,nor
DE,0,0%,490,43.29%,97,21.70%,DaveMa00,Marcus Davenport,nor
DE,0,0%,479,42.31%,192,42.95%,GranCa01,Carl Granderson,nor
"DE,DT",0,0%,518,45.76%,3,.67%,StreKe00,Kentavius Street,nor
DE,0,0%,25,2.21%,0,0%,ZuniJa00,Jabari Zuniga,nor
DE,0,0%,356,31.45%,58,12.98%,KpasTa00,Tanoh Kpassagnon,nor
DE,0,0%,171,15.11%,32,7.16%,TurnPa02,Payton Turner,nor
DT,0,0%,681,60.16%,68,15.21%,OnyeDa00,David Onyemata,nor
DT,0,0%,558,49.29%,59,13.20%,TuttSh00,Shy Tuttle,nor
DT,0,0%,33,2.92%,0,0%,RingCh00,Christian Ringo,nor
DT,0,0%,315,27.83%,7,1.57%,RoacMa01,Malcolm Roach,nor
LB,0,0%,1132,100.00%,4,.89%,DaviDe00,Demario Davis,nor
LB,0,0%,597,52.74%,41,9.17%,WernPe00,Pete Werner,nor
LB,0,0%,630,55.65%,278,62.19%,ElliKa00,Kaden Elliss,nor
LB,0,0%,83,7.33%,289,64.65%,BaunZa00,Zack Baun,nor
LB,0,0%,0,0%,379,84.79%,DoweAn00,Andrew Dowell,nor
LB,0,0%,15,1.33%,197,44.07%,HansCh02,Chase Hansen,nor
LB,0,0%,0,0%,55,12.30%,SummTy00,Ty Summers,nor
LB,0,0%,1,.09%,53,11.86%,SeweNe00,Nephi Sewell,nor
CB,0,0%,415,36.66%,1,.22%,LattMa01,Marshon Lattimore,nor
CB,0,0%,628,55.48%,2,.45%,RobyBr00,Bradley Roby,nor
CB,0,0%,297,26.24%,49,10.96%,WillP.00,P.J. Williams,nor
CB,0,0%,0,0%,111,24.83%,YiadIs00,Isaac Yiadom,nor
CB,0,0%,812,71.73%,8,1.79%,AdebPa00,Paulson Adebo,nor
CB,0,0%,375,33.13%,2,.45%,HarrCh01,Chris Harris Jr.,nor
"FS,SS",0,0%,1129,99.73%,0,0%,MathTy00,Tyrann Mathieu,nor
SS,0,0%,392,34.63%,113,25.28%,EvanJu00,Justin Evans,nor
SS,0,0%,28,2.47%,310,69.35%,GrayJ.00,J.T. Gray,nor
FS,0,0%,669,59.10%,3,.67%,MayeMa00,Marcus Maye,nor
FS,0,0%,164,14.49%,319,71.36%,SoreDa01,Daniel Sorensen,nor
"CB,DB",0,0%,663,58.57%,84,18.79%,TaylAl01,Alontae Taylor,nor
DB,0,0%,0,0%,26,5.82%,FielDa02,DaMarcus Fields,nor
DB,0,0%,6,.53%,69,15.44%,ThomBr03,Bryce Thompson,nor
LS,0,0%,0,0%,141,31.54%,WoodZa00,Zach Wood,nor
K,0,0%,0,0%,139,31.10%,LutzWi00,Wil Lutz,nor
P,0,0%,0,0%,141,31.54%,GillBl00,Blake Gillikin,nor
