pos,offense,off_pct,defense,def_pct,special_teams,st_pct,player_id,player_name,team
QB,538,47.48%,0,0%,0,0%,MurrKy00,Kyler Murray,crd
QB,535,47.22%,0,0%,0,0%,DobbJo00,Joshua Dobbs,crd
QB,60,5.30%,0,0%,1,.23%,TuneCl00,Clayton Tune,crd
RB,533,47.04%,0,0%,0,0%,ConnJa00,James Conner,crd
RB,82,7.24%,0,0%,1,.23%,CartMi03,Michael Carter,crd
RB,44,3.88%,0,0%,13,2.93%,JoneTo04,Tony Jones,crd
RB,28,2.47%,0,0%,3,.68%,WillDa05,Damien Williams,crd
RB,292,25.77%,0,0%,63,14.19%,DemeEm00,Emari Demercado,crd
RB,0,0%,0,0%,26,5.86%,ClemCo00,Corey Clement,crd
RB,119,10.50%,0,0%,13,2.93%,IngrKe01,Keaontay Ingram,crd
WR,709,62.58%,0,0%,2,.45%,WilsMi02,Michael Wilson,crd
WR,784,69.20%,0,0%,0,0%,BrowMa04,Marquise Brown,crd
WR,757,66.81%,0,0%,8,1.80%,MoorRo02,Rondale Moore,crd
WR,202,17.83%,0,0%,202,45.50%,PascZa00,Zach Pascal,crd
WR,1,.09%,0,0%,53,11.94%,ChisDa00,Dan Chisena,crd
WR,397,35.04%,0,0%,156,35.14%,DortGr01,Greg Dortch,crd
WR,49,4.32%,0,0%,18,4.05%,BaccAn00,Andre Baccellia,crd
TE,295,26.04%,0,0%,0,0%,ErtzZa00,Zach Ertz,crd
TE,786,69.37%,0,0%,81,18.24%,McBrTr01,Trey McBride,crd
TE,337,29.74%,0,0%,148,33.33%,SwaiGe00,Geoff Swaim,crd
TE,40,3.53%,0,0%,4,.90%,VokoTr00,Travis Vokolek,crd
TE,192,16.95%,0,0%,111,25.00%,HiggEl00,Elijah Higgins,crd
TE,2,.18%,0,0%,9,2.03%,WhitBl01,Blake Whiteheart,crd
T,1133,100.00%,0,0%,60,13.51%,JohnPa03,Paris Johnson,crd
T,925,81.64%,0,0%,0,0%,HumpD.00,D.J. Humphries,crd
T,212,18.71%,0,0%,37,8.33%,BeacKe00,Kelvin Beachum,crd
T,146,12.89%,0,0%,6,1.35%,DaleDe00,Dennis Daley,crd
T,193,17.03%,0,0%,1,.23%,ODonCa00,Carter O'Donnell,crd
T,0,0%,0,0%,3,.68%,BartJa00,Jackson Barton,crd
G,501,44.22%,0,0%,39,8.78%,WilkEl00,Elijah Wilkinson,crd
G,1112,98.15%,0,0%,51,11.49%,HernWi00,Will Hernandez,crd
G,0,0%,0,0%,50,11.26%,IsmaKe00,Keith Ismael,crd
C,1126,99.38%,0,0%,60,13.51%,FrohHj00,Hjalte Froholdt,crd
C,323,28.51%,0,0%,51,11.49%,ColoTr01,Trystan Colon,crd
DE,0,0%,512,46.21%,33,7.43%,LedbJo01,Jonathan Ledbetter,crd
DE,0,0%,37,3.34%,3,.68%,CollLJ00,L.J. Collier,crd
DE,0,0%,43,3.88%,5,1.13%,WatkCa00,Carlos Watkins,crd
DE,0,0%,533,48.10%,68,15.32%,StilDa01,Dante Stills,crd
DT,0,0%,124,11.19%,3,.68%,HoskPh00,Phil Hoskins,crd
DT,0,0%,134,12.09%,0,0%,StilBe00,Ben Stille,crd
DT,0,0%,42,3.79%,10,2.25%,BankEr00,Eric Banks,crd
DT,0,0%,395,35.65%,8,1.80%,LopeRo00,Roy Lopez,crd
DT,0,0%,67,6.05%,11,2.48%,JoneNa01,Naquan Jones,crd
NT,0,0%,468,42.24%,5,1.13%,StroKe00,Kevin Strong,crd
NT,0,0%,298,26.90%,63,14.19%,FotuLe00,Leki Fotu,crd
LB,0,0%,709,63.99%,6,1.35%,WhitKy00,Kyzir White,crd
LB,0,0%,569,51.35%,28,6.31%,WoodJo02,Josh Woods,crd
LB,0,0%,386,34.84%,285,64.19%,DimuVi00,Victor Dimukeje,crd
LB,0,0%,637,57.49%,3,.68%,CollZa00,Zaven Collins,crd
LB,8,.71%,132,11.91%,295,66.44%,LukeJe00,Jesse Luketa,crd
LB,0,0%,408,36.82%,209,47.07%,BarnKr00,Krys Barnes,crd
LB,0,0%,510,46.03%,181,40.77%,GardDe01,Dennis Gardeck,crd
LB,0,0%,355,32.04%,119,26.80%,ThomCa03,Cameron Thomas,crd
LB,0,0%,50,4.51%,345,77.70%,TurnZe00,Zeke Turner,crd
LB,0,0%,5,.45%,30,6.76%,MaddTy00,Tyreek Maddox-Williams,crd
LB,0,0%,114,10.29%,240,54.05%,PappOw00,Owen Pappoe,crd
LB,0,0%,409,36.91%,92,20.72%,OjulBJ00,BJ Ojulari,crd
LB,0,0%,10,.90%,0,0%,SmitTy03,Tyreke Smith,crd
CB,0,0%,695,62.73%,72,16.22%,WilsMa04,Marco Wilson,crd
CB,0,0%,464,41.88%,92,20.72%,ClarKe02,Kei'Trel Clark,crd
CB,0,0%,96,8.66%,0,0%,WilsDi00,Divaad Wilson,crd
CB,0,0%,360,32.49%,16,3.60%,WillGa00,Garrett Williams,crd
CB,0,0%,559,50.45%,167,37.61%,HamiAn01,Antonio Hamilton,crd
CB,0,0%,0,0%,83,18.69%,MattCh01,Christian Matthew,crd
CB,0,0%,0,0%,63,14.19%,BoydKr00,Kris Boyd,crd
CB,0,0%,474,42.78%,67,15.09%,ThomSt01,Starling Thomas,crd
CB,0,0%,4,.36%,32,7.21%,KnigQw00,Qwuantrezz Knight,crd
SS,0,0%,764,68.95%,16,3.60%,BakeBu00,Budda Baker,crd
SS,0,0%,468,42.24%,232,52.25%,ChacAn00,Andre Chachere,crd
FS,0,0%,938,84.66%,4,.90%,ThomJa04,Jalen Thompson,crd
FS,0,0%,393,35.47%,16,3.60%,WallKV00,K'Von Wallace,crd
FS,0,0%,25,2.26%,195,43.92%,BlouJo00,Joey Blount,crd
FS,0,0%,0,0%,120,27.03%,PricBo00,Bobby Price,crd
LS,0,0%,0,0%,127,28.60%,BrewAa00,Aaron Brewer,crd
K,1,.09%,0,0%,139,31.31%,PratMa20,Matt Prater,crd
P,0,0%,0,0%,31,6.98%,CoonNo00,Nolan Cooney,crd
P,1,.09%,0,0%,96,21.62%,GillBl00,Blake Gillikin,crd
QB,850,75.22%,0,0%,0,0%,RiddDe00,Desmond Ridder,atl
QB,271,23.98%,0,0%,0,0%,HeinTa00,Taylor Heinicke,atl
QB,10,.88%,0,0%,0,0%,WoodLo00,Logan Woodside,atl
RB,771,68.23%,0,0%,1,.22%,RobiBi01,Bijan Robinson,atl
RB,360,31.86%,0,0%,31,6.67%,AllgTy00,Tyler Allgeier,atl
RB,2,.18%,0,0%,14,3.01%,IgweGo00,Godwin Igwebuike,atl
RB,177,15.66%,0,0%,76,16.34%,PattCo00,Cordarrelle Patterson,atl
FB,185,16.37%,0,0%,220,47.31%,SmitKe03,Keith Smith,atl
WR,860,76.11%,0,0%,0,0%,LondDr00,Drake London,atl
WR,345,30.53%,0,0%,136,29.25%,HollMa00,Mack Hollins,atl
WR,356,31.50%,0,0%,0,0%,JeffVa00,Van Jefferson,atl
WR,370,32.74%,0,0%,287,61.72%,HodgKh00,KhaDarel Hodge,atl
WR,19,1.68%,0,0%,0,0%,ByrdDa00,Damiere Byrd,atl
WR,9,.80%,0,0%,10,2.15%,BlaiCh00,Chris Blair,atl
WR,267,23.63%,0,0%,107,23.01%,MillSc01,Scott Miller,atl
WR,0,0%,0,0%,12,2.58%,DarbFr00,Frank Darby,atl
TE,402,35.58%,0,0%,122,26.24%,PruiMy00,MyCole Pruitt,atl
TE,728,64.42%,0,0%,0,0%,PittKy00,Kyle Pitts,atl
TE,653,57.79%,0,0%,0,0%,SmitJo01,Jonnu Smith,atl
TE,48,4.25%,0,0%,27,5.81%,HessPa00,Parker Hesse,atl
TE,72,6.37%,0,0%,84,18.06%,FiskTu00,Tucker Fisk,atl
TE,18,1.59%,0,0%,83,17.85%,FitzJo00,John FitzPatrick,atl
T,57,5.04%,0,0%,5,1.08%,VrabTy00,Tyler Vrabel,atl
T,1063,94.07%,0,0%,60,12.90%,MattJa00,Jake Matthews,atl
T,848,75.04%,0,0%,47,10.11%,McGaKa00,Kaleb McGary,atl
T,8,.71%,0,0%,2,.43%,LeglJo00,John Leglue,atl
T,0,0%,0,0%,10,2.15%,PrinIs00,Isaiah Prince,atl
T,284,25.13%,0,0%,53,11.40%,NortSt00,Storm Norton,atl
G,1129,99.91%,0,0%,66,14.19%,BergMa00,Matthew Bergeron,atl
G,1068,94.51%,0,0%,49,10.54%,LindCh00,Chris Lindstrom,atl
G,63,5.58%,0,0%,64,13.76%,HintKy00,Kyle Hinton,atl
G,0,0%,0,0%,1,.22%,GwynJo00,Jovaughn Gwyn,atl
C,934,82.65%,0,0%,3,.65%,DalmDr00,Drew Dalman,atl
C,203,17.96%,0,0%,66,14.19%,NeuzRy00,Ryan Neuzil,atl
DE,0,0%,712,62.51%,140,30.11%,CampCa99,Calais Campbell,atl
DE,0,0%,342,30.03%,107,23.01%,HarrZa00,Zach Harrison,atl
DE,0,0%,364,31.96%,68,14.62%,GrahTa00,Ta'Quon Graham,atl
DE,0,0%,48,4.21%,2,.43%,GaziJo01,Joe Gaziano,atl
DT,0,0%,318,27.92%,19,4.09%,JarrGr00,Grady Jarrett,atl
DT,0,0%,180,15.80%,9,1.94%,StreKe00,Kentavius Street,atl
DT,0,0%,593,52.06%,61,13.12%,OnyeDa00,David Onyemata,atl
DT,0,0%,317,27.83%,43,9.25%,HuggAl01,Albert Huggins,atl
DT,0,0%,57,5.00%,1,.22%,HornTi00,Timmy Horne,atl
DT,0,0%,30,2.63%,0,0%,BellTr01,Travis Bell,atl
DT,0,0%,204,17.91%,9,1.94%,LondLa00,LaCale London,atl
DT,0,0%,9,.79%,0,0%,AnkoEl00,Eli Ankou,atl
LB,0,0%,139,12.20%,13,2.80%,AndeTr00,Troy Andersen,atl
LB,0,0%,1082,95.00%,5,1.08%,ElliKa00,Kaden Elliss,atl
LB,0,0%,724,63.56%,4,.86%,DuprAl00,Bud Dupree,atl
LB,0,0%,431,37.84%,153,32.90%,CartLo01,Lorenzo Carter,atl
LB,0,0%,384,33.71%,53,11.40%,EbikAr00,Arnold Ebiketie,atl
LB,0,0%,1,.09%,174,37.42%,DaviTa00,Tae Davis,atl
LB,0,0%,808,70.94%,125,26.88%,LandNa01,Nathan Landman,atl
LB,0,0%,2,.18%,364,78.28%,MaloDe00,DeAngelo Malone,atl
LB,0,0%,0,0%,31,6.67%,EiflMi00,Milo Eifler,atl
LB,0,0%,112,9.83%,211,45.38%,SmitAn04,Andre Smith,atl
CB,0,0%,199,17.47%,325,69.89%,FlowTr01,Tre Flowers,atl
CB,0,0%,570,50.04%,143,30.75%,AlfoDe00,DeAundre Alford,atl
CB,0,0%,1065,93.50%,0,0%,TerrAJ00,AJ Terrell,atl
CB,0,0%,414,36.35%,53,11.40%,PhilCl00,Clark Phillips,atl
CB,0,0%,595,52.24%,1,.22%,OkudJe00,Jeff Okudah,atl
CB,0,0%,331,29.06%,73,15.70%,HughMi00,Mike Hughes,atl
SS,0,0%,943,82.79%,237,50.97%,GranRi00,Richie Grant,atl
SS,0,0%,369,32.40%,221,47.53%,HellDe00,DeMarcco Hellams,atl
FS,0,0%,1133,99.47%,4,.86%,BateJe00,Jessie Bates III,atl
FS,0,0%,29,2.55%,125,26.88%,HawkJa00,Jaylinn Hawkins,atl
FS,0,0%,23,2.02%,273,58.71%,AberMi00,Micah Abernathy,atl
LS,0,0%,0,0%,141,30.32%,McCuLi00,Liam McCullough,atl
K,0,0%,0,0%,66,14.19%,KooxYo00,Younghoe Koo,atl
P,0,0%,0,0%,220,47.31%,PiniBr00,Bradley Pinion,atl
QB,1040,92.36%,0,0%,0,0%,JackLa00,Lamar Jackson,rav
QB,4,.36%,0,0%,0,0%,CunnMa00,Malik Cunningham,rav
QB,86,7.64%,0,0%,0,0%,HuntTy01,Tyler Huntley,rav
RB,436,38.72%,0,0%,88,18.60%,HillJu00,Justice Hill,rav
RB,30,2.66%,0,0%,0,0%,DobbJK00,J.K. Dobbins,rav
RB,56,4.97%,0,0%,0,0%,GordMe00,Melvin Gordon,rav
RB,135,11.99%,0,0%,63,13.32%,MitcKe01,Keaton Mitchell,rav
RB,470,41.74%,0,0%,0,0%,EdwaGu00,Gus Edwards,rav
RB,12,1.07%,0,0%,0,0%,DrakKe00,Kenyan Drake,rav
RB,0,0%,0,0%,8,1.69%,WrigOw00,Owen Wright,rav
FB,443,39.34%,0,0%,86,18.18%,RicaPa00,Patrick Ricard,rav
WR,465,41.30%,0,0%,0,0%,BeckOd00,Odell Beckham Jr.,rav
WR,905,80.37%,0,0%,7,1.48%,FlowZa00,Zay Flowers,rav
WR,65,5.77%,0,0%,88,18.60%,TreaLa00,Laquon Treadwell,rav
WR,610,54.17%,0,0%,7,1.48%,BateRa00,Rashod Bateman,rav
WR,582,51.69%,0,0%,5,1.06%,AghoNe00,Nelson Agholor,rav
WR,136,12.08%,0,0%,136,28.75%,DuveDe00,Devin Duvernay,rav
WR,65,5.77%,0,0%,168,35.52%,WallTy00,Tylan Wallace,rav
TE,467,41.47%,0,0%,4,.85%,AndrMa00,Mark Andrews,rav
TE,497,44.14%,0,0%,121,25.58%,LikeIs00,Isaiah Likely,rav
TE,1,.09%,0,0%,19,4.02%,MasoBe00,Ben Mason,rav
TE,230,20.43%,0,0%,251,53.07%,KolaCh00,Charlie Kolar,rav
T,779,69.18%,0,0%,23,4.86%,MoseMo00,Morgan Moses,rav
T,721,64.03%,0,0%,0,0%,StanRo00,Ronnie Stanley,rav
T,186,16.52%,0,0%,83,17.55%,FaalDa00,Daniel Faalele,rav
G,1119,99.38%,0,0%,89,18.82%,SimpJo00,John Simpson,rav
G,983,87.30%,0,0%,79,16.70%,ZeitKe00,Kevin Zeitler,rav
G,581,51.60%,0,0%,52,10.99%,MekaPa00,Patrick Mekari,rav
G,162,14.39%,0,0%,86,18.18%,ClevBe00,Ben Cleveland,rav
C,918,81.53%,0,0%,0,0%,LindTy00,Tyler Linderbaum,rav
C,202,17.94%,0,0%,17,3.59%,MustSa01,Sam Mustipher,rav
DE,0,0%,411,35.52%,88,18.60%,WashBr01,Broderick Washington Jr.,rav
DE,0,0%,280,24.20%,79,16.70%,UrbaBr00,Brent Urban,rav
DT,0,0%,757,65.43%,53,11.21%,MaduJu00,Nnamdi Madubuike,rav
DT,0,0%,453,39.15%,165,34.88%,JoneTr00,Travis Jones,rav
NT,0,0%,640,55.32%,0,0%,PierMi00,Michael Pierce,rav
LB,0,0%,1067,92.22%,1,.21%,SmitRo07,Roquan Smith,rav
LB,0,0%,1121,96.89%,3,.63%,QueePa00,Patrick Queen,rav
LB,0,0%,99,8.56%,142,30.02%,MoonJe00,Jeremiah Moon,rav
LB,0,0%,437,37.77%,0,0%,OwehJa00,Odafe Oweh,rav
LB,0,0%,654,56.53%,1,.21%,ClowJa00,Jadeveon Clowney,rav
LB,0,0%,83,7.17%,0,0%,OjabDa00,David Ojabo,rav
LB,0,0%,197,17.03%,307,64.90%,HarrMa06,Malik Harrison,rav
LB,0,0%,0,0%,69,14.59%,RossJo01,Josh Ross,rav
LB,0,0%,486,42.01%,1,.21%,VanNKy00,Kyle Van Noy,rav
LB,0,0%,335,28.95%,244,51.59%,RobiTa00,Tavius Robinson,rav
LB,0,0%,81,7.00%,375,79.28%,PhilDe00,Del'Shawn Phillips,rav
LB,0,0%,46,3.98%,258,54.55%,SimpTr00,Trenton Simpson,rav
CB,0,0%,442,38.20%,65,13.74%,DarbRo00,Ronald Darby,rav
CB,0,0%,541,46.76%,3,.63%,HumpMa00,Marlon Humphrey,rav
CB,0,0%,13,1.12%,155,32.77%,SeymKe00,Kevon Seymour,rav
CB,0,0%,0,0%,19,4.02%,WillDa15,Damarion Williams,rav
CB,0,0%,408,35.26%,188,39.75%,MaulAr00,Arthur Maulet,rav
CB,0,0%,279,24.11%,149,31.50%,Ya-SRo00,Rock Ya-Sin,rav
CB,0,0%,28,2.42%,110,23.26%,ArmoJa00,Jalyn Armour-Davis,rav
SS,0,0%,937,80.99%,66,13.95%,HamiKy00,Kyle Hamilton,rav
SS,0,0%,951,82.20%,231,48.84%,StonGe00,Geno Stone,rav
SS,0,0%,21,1.82%,50,10.57%,AdamAn00,Andrew Adams,rav
FS,0,0%,1079,93.26%,98,20.72%,StepBr01,Brandon Stephens,rav
FS,0,0%,113,9.77%,16,3.38%,WashAr00,Ar'Darius Washington,rav
FS,0,0%,636,54.97%,0,0%,WillMa06,Marcus Williams,rav
FS,0,0%,124,10.72%,239,50.53%,WorlDa00,Daryl Worley,rav
FS,0,0%,8,.69%,32,6.77%,HousDe00,DeAndre Houston-Carson,rav
LS,0,0%,0,0%,159,33.62%,OttxTy00,Tyler Ott,rav
K,0,0%,0,0%,190,40.17%,TuckJu00,Justin Tucker,rav
P,0,0%,0,0%,163,34.46%,StouJo00,Jordan Stout,rav
QB,1126,96.74%,0,0%,0,0%,AlleJo02,Josh Allen,buf
QB,38,3.26%,0,0%,0,0%,AlleKy00,Kyle Allen,buf
RB,634,54.47%,0,0%,0,0%,CookJa01,James Cook,buf
RB,60,5.15%,0,0%,34,7.91%,HarrDa06,Damien Harris,buf
RB,26,2.23%,0,0%,8,1.86%,FourLe00,Leonard Fournette,buf
RB,351,30.15%,0,0%,0,0%,MurrLa00,Latavius Murray,buf
RB,91,7.82%,0,0%,65,15.12%,JohnTy02,Ty Johnson,buf
FB,99,8.51%,0,0%,365,84.88%,GillRe00,Reggie Gilliam,buf
WR,966,82.99%,0,0%,1,.23%,DaviGa01,Gabriel Davis,buf
WR,949,81.53%,0,0%,1,.23%,DiggSt00,Stefon Diggs,buf
WR,392,33.68%,0,0%,150,34.88%,SherTr00,Trent Sherfield,buf
WR,155,13.32%,0,0%,68,15.81%,HarrDe07,Deonte Harty,buf
WR,604,51.89%,0,0%,92,21.40%,ShakKh00,Khalil Shakir,buf
WR,2,.17%,0,0%,21,4.88%,IsabAn00,Andy Isabella,buf
TE,487,41.84%,0,0%,0,0%,KnoxDa00,Dawson Knox,buf
TE,699,60.05%,0,0%,1,.23%,KincDa00,Dalton Kincaid,buf
TE,185,15.89%,0,0%,312,72.56%,MorrQu00,Quintin Morris,buf
T,1120,96.22%,0,0%,77,17.91%,DawkDi00,Dion Dawkins,buf
T,1161,99.74%,0,0%,70,16.28%,BrowSp00,Spencer Brown,buf
T,47,4.04%,0,0%,22,5.12%,VanDRy00,Ryan Van Demark,buf
G,1164,100.00%,0,0%,80,18.60%,TorrOC00,O'Cyrus Torrence,buf
G,1136,97.59%,0,0%,79,18.37%,McGoCo01,Connor McGovern,buf
G,148,12.71%,0,0%,80,18.60%,EdwaDa01,David Edwards,buf
C,1129,96.99%,0,0%,0,0%,MorsMi00,Mitch Morse,buf
C,35,3.01%,0,0%,79,18.37%,BateRy02,Ryan Bates,buf
DE,0,0%,585,54.57%,49,11.40%,RousGr00,Gregory Rousseau,buf
DE,0,0%,321,29.94%,55,12.79%,LawsSh00,Shaq Lawson,buf
DE,0,0%,577,53.82%,7,1.63%,FloyLe00,Leonard Floyd,buf
DE,0,0%,387,36.10%,26,6.05%,EpenAJ00,A.J. Epenesa,buf
DE,0,0%,96,8.96%,178,41.40%,JonaKi00,Kingsley Jonathan,buf
DE,0,0%,151,14.09%,33,7.67%,FordPo00,Poona Ford,buf
DT,0,0%,62,5.78%,5,1.16%,VickKe00,Kendal Vickers,buf
DT,0,0%,730,68.10%,5,1.16%,OlivEd00,Ed Oliver,buf
DT,0,0%,174,16.23%,4,.93%,JoneDa04,DaQuan Jones,buf
DT,0,0%,379,35.35%,57,13.26%,SettTi00,Tim Settle,buf
DT,0,0%,392,36.57%,7,1.63%,PhilJo01,Jordan Phillips,buf
NT,0,0%,161,15.02%,1,.23%,JoseLi99,Linval Joseph,buf
LB,0,0%,999,93.19%,56,13.02%,BernTe00,Terrel Bernard,buf
LB,0,0%,211,19.68%,1,.23%,MilaMa00,Matt Milano,buf
LB,0,0%,549,51.21%,184,42.79%,DodsTy01,Tyrel Dodson,buf
LB,0,0%,16,1.49%,343,79.77%,MataTy00,Tyler Matakevich,buf
LB,0,0%,258,24.07%,1,.23%,MillVo00,Von Miller,buf
LB,0,0%,211,19.68%,261,60.70%,WillDo04,Dorian Williams,buf
LB,0,0%,0,0%,19,4.42%,KleiAJ00,A.J. Klein,buf
LB,0,0%,25,2.33%,141,32.79%,SpecBa00,Baylon Spector,buf
CB,0,0%,157,14.65%,8,1.86%,ElamKa00,Kaiir Elam,buf
CB,0,0%,824,76.87%,31,7.21%,BenfCh00,Christian Benford,buf
CB,0,0%,182,16.98%,0,0%,WhitTr01,Tre'Davious White,buf
CB,0,0%,503,46.92%,3,.70%,DougRa00,Rasul Douglas,buf
CB,0,0%,955,89.09%,8,1.86%,JohnTa01,Taron Johnson,buf
CB,0,0%,45,4.20%,342,79.53%,NealSi00,Siran Neal,buf
CB,0,0%,144,13.43%,322,74.88%,LewiCa00,Cameron Lewis,buf
CB,0,0%,8,.75%,36,8.37%,IngrJa00,Ja'Marcus Ingram,buf
CB,0,0%,463,43.19%,101,23.49%,JackDa02,Dane Jackson,buf
CB,0,0%,5,.47%,17,3.95%,NormJo01,Josh Norman,buf
SS,0,0%,987,92.07%,60,13.95%,PoyeJo00,Jordan Poyer,buf
SS,0,0%,421,39.27%,191,44.42%,RappTa00,Taylor Rapp,buf
SS,0,0%,17,1.59%,94,21.86%,HamlDa00,Damar Hamlin,buf
FS,0,0%,797,74.35%,37,8.60%,HydeMi00,Micah Hyde,buf
LS,0,0%,0,0%,132,30.70%,FergRe00,Reid Ferguson,buf
K,0,0%,0,0%,175,40.70%,BassTy00,Tyler Bass,buf
P,0,0%,0,0%,132,30.70%,MartSa01,Sam Martin,buf
QB,1068,92.95%,0,0%,0,0%,YounBr01,Bryce Young,car
QB,81,7.05%,0,0%,0,0%,DaltAn00,Andy Dalton,car
RB,406,35.34%,0,0%,1,.23%,SandMi01,Miles Sanders,car
RB,679,59.09%,0,0%,51,11.51%,HubbCh01,Chuba Hubbard,car
RB,51,4.44%,0,0%,113,25.51%,BlacRa00,Raheem Blackshear,car
WR,335,29.16%,0,0%,8,1.81%,MarsTe00,Terrace Marshall Jr.,car
WR,1046,91.04%,0,0%,0,0%,ThieAd00,Adam Thielen,car
WR,910,79.20%,0,0%,12,2.71%,MingJo00,Jonathan Mingo,car
WR,92,8.01%,0,0%,102,23.02%,ShenLa00,Laviska Shenault Jr.,car
WR,771,67.10%,0,0%,0,0%,CharDJ00,DJ Chark,car
WR,54,4.70%,0,0%,20,4.51%,StraMi03,Mike Strachan,car
WR,123,10.70%,0,0%,149,33.63%,SmitIh00,Ihmir Smith-Marsette,car
TE,318,27.68%,0,0%,25,5.64%,HursHa00,Hayden Hurst,car
TE,554,48.22%,0,0%,227,51.24%,TremTo00,Tommy Tremble,car
TE,12,1.04%,0,0%,88,19.86%,RiccGi00,Giovanni Ricci,car
TE,170,14.80%,0,0%,185,41.76%,SullSt00,Stephen Sullivan,car
TE,216,18.80%,0,0%,105,23.70%,ThomIa00,Ian Thomas,car
TE,0,0%,0,0%,19,4.29%,MattJo00,Jordan Matthews,car
T,77,6.70%,0,0%,2,.45%,ChriBr00,Brady Christensen,car
T,1149,100.00%,0,0%,52,11.74%,EkwoIk00,Ikem Ekwonu,car
T,1149,100.00%,0,0%,52,11.74%,MotoTa00,Taylor Moton,car
T,1,.09%,0,0%,23,5.19%,SharDa02,David Sharpe,car
T,0,0%,0,0%,24,5.42%,LeexRi00,Ricky Lee,car
T,74,6.44%,0,0%,6,1.35%,TothBr00,Brett Toth,car
G,374,32.55%,0,0%,29,6.55%,ZavaCh00,Chandler Zavala,car
G,257,22.37%,0,0%,4,.90%,CorbAu00,Austin Corbett,car
G,6,.52%,0,0%,8,1.81%,DiReJD00,J.D. DiRenzo,car
G,302,26.28%,0,0%,32,7.22%,JensNa00,Nash Jensen,car
G,194,16.88%,0,0%,11,2.48%,JackGa00,Gabe Jackson,car
G,435,37.86%,0,0%,51,11.51%,MaysCa00,Cade Mays,car
G,509,44.30%,0,0%,35,7.90%,ThroCa01,Calvin Throckmorton,car
C,1149,100.00%,0,0%,0,0%,BozeBr00,Bradley Bozeman,car
C,77,6.70%,0,0%,7,1.58%,McCrJu00,Justin McCray,car
"DE,DT",0,0%,940,89.10%,82,18.51%,BrowDe05,Derrick Brown,car
DE,0,0%,444,42.09%,12,2.71%,WillDe04,DeShawn Williams,car
DE,0,0%,46,4.36%,10,2.26%,WormCh00,Chris Wormley,car
DE,0,0%,355,33.65%,17,3.84%,RayxLa02,LaBryan Ray,car
DT,0,0%,549,52.04%,83,18.74%,TuttSh00,Shy Tuttle,car
DT,0,0%,367,34.79%,52,11.74%,ThurNi00,Nick Thurman,car
LB,0,0%,990,93.84%,50,11.29%,LuvuFr00,Frankie Luvu,car
LB,0,0%,69,6.54%,5,1.13%,ThomSh01,Shaq Thompson,car
LB,0,0%,814,77.16%,55,12.42%,BurnBr00,Brian Burns,car
LB,0,0%,313,29.67%,6,1.35%,JoneDe01,Deion Jones,car
LB,0,0%,180,17.06%,1,.23%,HousJu00,Justin Houston,car
LB,0,0%,142,13.46%,4,.90%,HaynMa01,Marquis Haynes,car
LB,0,0%,403,38.20%,297,67.04%,GrugKa00,Kamu Grugier-Hill,car
LB,0,0%,47,4.45%,177,39.95%,WootCh00,Chandler Wooten,car
LB,0,0%,0,0%,143,32.28%,DaviTa00,Tae Davis,car
LB,0,0%,0,0%,105,23.70%,CherCl00,Claudin Cherelus,car
LB,0,0%,188,17.82%,232,52.37%,BarnAm00,Amare Barno,car
LB,0,0%,77,7.30%,90,20.32%,LeotEk00,Eku Leota,car
LB,0,0%,466,44.17%,77,17.38%,GrosYe00,Yetur Gross-Matos,car
LB,0,0%,231,21.90%,107,24.15%,JohnDJ00,DJ Johnson,car
LB,0,0%,0,0%,4,.90%,VilaLu00,Luiji Vilain,car
CB,0,0%,903,85.59%,3,.68%,JackDo02,Donte Jackson,car
CB,0,0%,407,38.58%,55,12.42%,HendCJ00,C.J. Henderson,car
CB,0,0%,35,3.32%,1,.23%,ParkAJ00,AJ Parker,car
CB,0,0%,494,46.82%,70,15.80%,HillTr01,Troy Hill,car
CB,0,0%,183,17.35%,123,27.77%,BootDi00,Dicaprio Bootle,car
CB,0,0%,276,26.16%,3,.68%,HornJa00,Jaycee Horn,car
CB,0,0%,10,.95%,12,2.71%,WebbSa00,Sam Webb,car
CB,0,0%,0,0%,11,2.48%,JackLa02,Lamar Jackson,car
CB,0,0%,107,10.14%,155,34.99%,JamiDS00,D'Shawn Jamison,car
CB,0,0%,77,7.30%,31,7.00%,GrifSh00,Shaquill Griffin,car
CB,0,0%,57,5.40%,23,5.19%,LongDa02,David Long,car
SS,0,0%,155,14.69%,111,25.06%,CookAl00,Alex Cook,car
SS,0,0%,778,73.74%,0,0%,BellVo00,Vonn Bell,car
SS,0,0%,289,27.39%,313,70.65%,FranSa00,Sam Franklin,car
SS,0,0%,64,6.07%,269,60.72%,RobiJa03,Jammie Robinson,car
FS,0,0%,796,75.45%,14,3.16%,WoodXa00,Xavier Woods,car
FS,0,0%,286,27.11%,174,39.28%,ChinJe00,Jeremy Chinn,car
FS,0,0%,68,6.45%,63,14.22%,FarlMa00,Matthias Farley,car
LS,0,0%,0,0%,138,31.15%,JansJ.00,J.J. Jansen,car
K,0,0%,0,0%,107,24.15%,PineEd00,Eddy Piñeiro,car
K,0,0%,0,0%,2,.45%,WrigMa00,Matthew Wright,car
P,0,0%,0,0%,140,31.60%,HekkJo00,Johnny Hekker,car
QB,829,72.85%,0,0%,0,0%,FielJu00,Justin Fields,chi
QB,305,26.80%,0,0%,0,0%,BageTy00,Tyson Bagent,chi
QB,4,.35%,0,0%,0,0%,PeteNa00,Nathan Peterman,chi
RB,395,34.71%,0,0%,152,34.31%,JohnRo07,Roschon Johnson,chi
RB,88,7.73%,0,0%,36,8.13%,EvanDa02,Darrynton Evans,chi
RB,357,31.37%,0,0%,1,.23%,HerbKh00,Khalil Herbert,chi
RB,269,23.64%,0,0%,0,0%,ForeDO00,D'Onta Foreman,chi
RB,6,.53%,0,0%,253,57.11%,HomeTr00,Travis Homer,chi
FB,186,16.34%,0,0%,210,47.40%,BlasKh00,Khari Blasingame,chi
WR,1029,90.42%,0,0%,2,.45%,MoorD.00,D.J. Moore,chi
WR,766,67.31%,0,0%,0,0%,MoonDa00,Darnell Mooney,chi
WR,144,12.65%,0,0%,0,0%,ClayCh01,Chase Claypool,chi
WR,213,18.72%,0,0%,6,1.35%,St.BEq00,Equanimeous St. Brown,chi
WR,439,38.58%,0,0%,55,12.42%,ScotTy00,Tyler Scott,chi
WR,100,8.79%,0,0%,175,39.50%,JoneVe00,Velus Jones Jr.,chi
WR,40,3.51%,0,0%,4,.90%,JohnCo01,Collin Johnson,chi
WR,123,10.81%,0,0%,71,16.03%,TaylTr02,Trent Taylor,chi
TE,878,77.15%,0,0%,58,13.09%,KmetCo00,Cole Kmet,chi
TE,323,28.38%,0,0%,203,45.82%,TonyRo00,Robert Tonyan,chi
TE,332,29.17%,0,0%,17,3.84%,LewiMa00,Marcedes Lewis,chi
TE,0,0%,0,0%,1,.23%,CarlSt00,Stephen Carlson,chi
T,730,64.15%,0,0%,5,1.13%,JoneBr08,Braxton Jones,chi
T,1133,99.56%,0,0%,59,13.32%,WrigDa00,Darnell Wright,chi
T,736,64.67%,0,0%,35,7.90%,JenkTe00,Teven Jenkins,chi
T,0,0%,0,0%,3,.68%,CollAv00,Aviante Collins,chi
T,411,36.12%,0,0%,64,14.45%,BoroLa00,Larry Borom,chi
G,790,69.42%,0,0%,71,16.03%,WhitCo03,Cody Whitehair,chi
G,666,58.52%,0,0%,25,5.64%,DaviNa01,Nate Davis,chi
G,176,15.47%,0,0%,36,8.13%,CartJa04,Ja'Tyre Carter,chi
C,958,84.18%,0,0%,59,13.32%,PatrLu00,Lucas Patrick,chi
C,91,8.00%,0,0%,66,14.90%,FeenDa00,Dan Feeney,chi
C,2,.18%,0,0%,3,.68%,KramDo00,Doug Kramer,chi
DE,0,0%,713,66.57%,35,7.90%,WalkDe03,DeMarcus Walker,chi
DE,0,0%,386,36.04%,8,1.81%,SweaMo00,Montez Sweat,chi
DE,0,0%,592,55.28%,11,2.48%,NgakYa00,Yannick Ngakoue,chi
DE,0,0%,242,22.60%,77,17.38%,RobiDo00,Dominique Robinson,chi
DE,0,0%,385,35.95%,73,16.48%,GreeRa01,Rasheem Green,chi
DE,0,0%,26,2.43%,0,0%,KareKh00,Khalid Kareem,chi
DT,0,0%,739,69.00%,63,14.22%,JoneJu03,Justin Jones,chi
DT,0,0%,506,47.25%,21,4.74%,BillAn00,Andrew Billings,chi
DT,0,0%,432,40.34%,71,16.03%,DextGe00,Gervon Dexter,chi
DT,0,0%,264,24.65%,16,3.61%,PickZa00,Zacch Pickens,chi
LB,0,0%,1041,97.20%,90,20.32%,EdwaTJ02,T.J. Edwards,chi
LB,0,0%,875,81.70%,10,2.26%,EdmuTr01,Tremaine Edmunds,chi
LB,0,0%,412,38.47%,294,66.37%,SanbJa00,Jack Sanborn,chi
LB,0,0%,27,2.52%,270,60.95%,SeweNo00,Noah Sewell,chi
LB,0,0%,3,.28%,332,74.94%,ColeDy00,Dylan Cole,chi
LB,0,0%,0,0%,102,23.02%,GateDe00,DeMarquis Gates,chi
LB,0,0%,0,0%,21,4.74%,BaskMi00,Micah Baskerville,chi
CB,0,0%,829,77.40%,125,28.22%,StevTy01,Tyrique Stevenson,chi
CB,0,0%,808,75.44%,13,2.93%,JohnJa13,Jaylon Johnson,chi
CB,0,0%,150,14.01%,32,7.22%,StroGr00,Greg Stroman,chi
CB,0,0%,21,1.96%,178,40.18%,BlacJo00,Josh Blackwell,chi
CB,0,0%,645,60.22%,23,5.19%,GordKy00,Kyler Gordon,chi
CB,0,0%,148,13.82%,335,75.62%,JoneJa12,Jaylon Jones,chi
CB,0,0%,8,.75%,42,9.48%,WillJo13,Joejuan Williams,chi
CB,0,0%,0,0%,14,3.16%,MattCh01,Christian Matthew,chi
CB,0,0%,377,35.20%,87,19.64%,SmitTe05,Terell Smith,chi
SS,0,0%,895,83.57%,66,14.90%,BrisJa01,Jaquan Brisker,chi
SS,0,0%,35,3.27%,106,23.93%,JohnQu01,Quindell Johnson,chi
SS,0,0%,84,7.84%,4,.90%,HarmDu00,Duron Harmon,chi
FS,0,0%,645,60.22%,0,0%,JackEd01,Eddie Jackson,chi
FS,0,0%,487,45.47%,235,53.05%,HickEl00,Elijah Hicks,chi
FS,0,0%,6,.56%,10,2.26%,ThomAJ00,A.J. Thomas,chi
LS,0,0%,0,0%,139,31.38%,ScalPa00,Patrick Scales,chi
K,0,0%,0,0%,147,33.18%,SantCa01,Cairo Santos,chi
P,0,0%,0,0%,152,34.31%,GillTr01,Trenton Gill,chi
QB,602,55.33%,0,0%,0,0%,BurrJo01,Joe Burrow,cin
QB,17,1.56%,0,0%,0,0%,McCaA.00,A.J. McCarron,cin
QB,469,43.11%,0,0%,0,0%,BrowJa08,Jake Browning,cin
RB,156,14.34%,0,0%,294,64.19%,WillTr06,Trayveon Williams,cin
RB,752,69.12%,0,0%,0,0%,MixoJo00,Joe Mixon,cin
RB,24,2.21%,0,0%,122,26.64%,EvanCh02,Chris Evans,cin
RB,93,8.55%,0,0%,160,34.93%,BrowCh10,Chase Brown,cin
WR,890,81.80%,0,0%,0,0%,ChasJa00,Ja'Marr Chase,cin
WR,573,52.67%,0,0%,1,.22%,HiggTe00,Tee Higgins,cin
WR,824,75.74%,0,0%,1,.22%,BoydTy00,Tyler Boyd,cin
WR,266,24.45%,0,0%,217,47.38%,IosiAn00,Andrei Iosivas,cin
WR,429,39.43%,0,0%,22,4.80%,IrwiTr00,Trenton Irwin,cin
WR,4,.37%,0,0%,52,11.35%,MorgSt02,Stanley Morgan Jr.,cin
WR,44,4.04%,0,0%,52,11.35%,JoneCh11,Charlie Jones,cin
WR,5,.46%,0,0%,0,0%,LassKw00,Kwamie Lassiter II,cin
WR,5,.46%,0,0%,38,8.30%,JackSh01,Shedrick Jackson,cin
TE,276,25.37%,0,0%,31,6.77%,HudsTa00,Tanner Hudson,cin
TE,330,30.33%,0,0%,0,0%,SmitIr01,Irv Smith Jr.,cin
TE,497,45.68%,0,0%,199,43.45%,SampDr00,Drew Sample,cin
TE,230,21.14%,0,0%,316,69.00%,WilcMi01,Mitchell Wilcox,cin
T,1059,97.33%,0,0%,71,15.50%,BrowOr00,Orlando Brown Jr.,cin
T,1088,100.00%,0,0%,72,15.72%,WillJo10,Jonah Williams,cin
T,12,1.10%,0,0%,1,.22%,CarmJa00,Jackson Carman,cin
G,1088,100.00%,0,0%,72,15.72%,VolsCo02,Cordell Volson,cin
G,1067,98.07%,0,0%,0,0%,CappAl00,Alex Cappa,cin
G,79,7.26%,0,0%,72,15.72%,FordCo00,Cody Ford,cin
G,13,1.19%,0,0%,72,15.72%,SchaMa01,Max Scharping,cin
C,1076,98.90%,0,0%,66,14.41%,KarrTe00,Ted Karras,cin
DE,0,0%,714,65.09%,6,1.31%,HubbSa00,Sam Hubbard,cin
DE,0,0%,744,67.82%,5,1.09%,HendTr00,Trey Hendrickson,cin
DE,0,0%,376,34.28%,146,31.88%,SampCa00,Cameron Sample,cin
DE,0,0%,305,27.80%,88,19.21%,MurpMy00,Myles Murphy,cin
DE,0,0%,177,16.13%,7,1.53%,OssaJo00,Joseph Ossai,cin
DT,0,0%,778,70.92%,77,16.81%,HillB.00,B.J. Hill,cin
DT,0,0%,500,45.58%,76,16.59%,CartZa00,Zachary Carter,cin
NT,0,0%,535,48.77%,51,11.14%,ReadD.00,D.J. Reader,cin
NT,0,0%,287,26.16%,34,7.42%,TupoJo00,Josh Tupou,cin
NT,0,0%,96,8.75%,8,1.75%,TufeJa00,Jay Tufele,cin
LB,0,0%,1070,97.54%,78,17.03%,WilsLo00,Logan Wilson,cin
LB,0,0%,977,89.06%,32,6.99%,PratGe00,Germaine Pratt,cin
LB,0,0%,99,9.02%,289,63.10%,DaviAk01,Akeem Davis-Gaither,cin
LB,0,0%,29,2.64%,309,67.47%,BailMa01,Markus Bailey,cin
LB,0,0%,10,.91%,283,61.79%,BachJo01,Joe Bachie,cin
LB,0,0%,1,.09%,94,20.52%,HarpDe00,Devin Harper,cin
CB,0,0%,655,59.71%,5,1.09%,TaylCa01,Cam Taylor-Britt,cin
CB,0,0%,878,80.04%,7,1.53%,HiltMi01,Mike Hilton,cin
CB,0,0%,829,75.57%,84,18.34%,TurnDJ01,DJ Turner,cin
CB,0,0%,722,65.82%,56,12.23%,AwuzCh00,Chidobe Awuzie,cin
CB,0,0%,21,1.91%,113,24.67%,IveyDJ00,DJ Ivey,cin
CB,0,0%,25,2.28%,21,4.59%,JoneSi00,Sidney Jones,cin
CB,0,0%,53,4.83%,198,43.23%,DaviJa06,Jalen Davis,cin
SS,0,0%,571,52.05%,190,41.48%,ScotNi01,Nick Scott,cin
SS,0,0%,525,47.86%,190,41.48%,BattJo00,Jordan Battle,cin
SS,0,0%,0,0%,123,26.86%,AndeTy00,Tycen Anderson,cin
FS,0,0%,1091,99.45%,82,17.90%,HillDa04,Daxton Hill,cin
LS,0,0%,0,0%,148,32.31%,AdomCa00,Cal Adomitis,cin
K,0,0%,0,0%,154,33.62%,McPhEv00,Evan McPherson,cin
P,0,0%,0,0%,148,32.31%,RobbBr00,Brad Robbins,cin
QB,243,19.60%,0,0%,0,0%,WalkPh00,P.J. Walker,cle
QB,383,30.89%,0,0%,0,0%,WatsDe00,Deshaun Watson,cle
QB,346,27.90%,0,0%,0,0%,FlacJo00,Joe Flacco,cle
QB,53,4.27%,0,0%,0,0%,DrisJe00,Jeff Driskel,cle
QB,214,17.26%,0,0%,0,0%,ThomDo02,Dorian Thompson-Robinson,cle
RB,54,4.35%,0,0%,0,0%,ChubNi00,Nick Chubb,cle
RB,629,50.73%,0,0%,4,.78%,FordJe00,Jerome Ford,cle
RB,339,27.34%,0,0%,0,0%,HuntKa00,Kareem Hunt,cle
RB,169,13.63%,0,0%,280,54.90%,StroPi00,Pierre Strong,cle
RB,0,0%,0,0%,7,1.37%,JackDe02,Deon Jackson,cle
WR,439,35.40%,0,0%,39,7.65%,PeopDo00,Donovan Peoples-Jones,cle
WR,903,72.82%,0,0%,6,1.18%,MoorEl00,Elijah Moore,cle
WR,883,71.21%,0,0%,1,.20%,CoopAm00,Amari Cooper,cle
WR,59,4.76%,0,0%,117,22.94%,ProcJa00,James Proche,cle
WR,609,49.11%,0,0%,9,1.76%,TillCe01,Cedric Tillman,cle
WR,122,9.84%,0,0%,0,0%,GoodMa00,Marquise Goodwin,cle
WR,217,17.50%,0,0%,44,8.63%,BellDa02,David Bell,cle
WR,0,0%,0,0%,9,1.76%,DardJa00,Jaelon Darden,cle
TE,970,78.23%,0,0%,0,0%,NjokDa00,David Njoku,cle
TE,406,32.74%,0,0%,225,44.12%,BryaHa00,Harrison Bryant,cle
TE,231,18.63%,0,0%,138,27.06%,AkinJo00,Jordan Akins,cle
T,604,48.71%,0,0%,34,6.67%,ChriGe01,Geron Christian,cle
T,569,45.89%,0,0%,33,6.47%,WillJe04,Jedrick Wills Jr.,cle
T,712,57.42%,0,0%,14,2.75%,JoneDa07,Dawand Jones,cle
T,22,1.77%,0,0%,1,.20%,ConkJa00,Jack Conklin,cle
T,55,4.44%,0,0%,28,5.49%,WatsLe00,Leroy Watson,cle
T,556,44.84%,0,0%,64,12.55%,HudsJa00,James Hudson,cle
T,1,.08%,0,0%,8,1.57%,NsekTy00,Ty Nsekhe,cle
G,1187,95.73%,0,0%,71,13.92%,TellWy00,Wyatt Teller,cle
G,1047,84.44%,0,0%,51,10.00%,BitoJo00,Joel Bitonio,cle
G,248,20.00%,0,0%,40,7.84%,DunnMi01,Michael Dunn,cle
C,999,80.56%,0,0%,29,5.69%,PociEt00,Ethan Pocic,cle
C,311,25.08%,0,0%,18,3.53%,HarrNi01,Nick Harris,cle
C,57,4.60%,0,0%,19,3.73%,WyplLu00,Luke Wypler,cle
DE,0,0%,812,76.46%,59,11.57%,GarrMy00,Myles Garrett,cle
DE,0,0%,584,54.99%,24,4.71%,SmitZa00,Za'Darius Smith,cle
DE,0,0%,445,41.90%,24,4.71%,OkorOg00,Ogbonnia Okoronkwo,cle
DE,0,0%,388,36.53%,63,12.35%,WrigAl01,Alex Wright,cle
DE,0,0%,94,8.85%,22,4.31%,McGuIs00,Isaiah McGuire,cle
DT,0,0%,623,58.66%,80,15.69%,TomlDa00,Dalvin Tomlinson,cle
DT,0,0%,444,41.81%,114,22.35%,ElliJo02,Jordan Elliott,cle
DT,0,0%,442,41.62%,88,17.25%,HarrSh00,Shelby Harris,cle
DT,0,0%,304,28.63%,51,10.00%,HursMa00,Maurice Hurst Jr.,cle
DT,0,0%,100,9.42%,5,.98%,IkaxSi00,Siaki Ika,cle
LB,0,0%,761,71.66%,144,28.24%,OwusJe00,Jeremiah Owusu-Koramoah,cle
LB,3,.24%,456,42.94%,117,22.94%,WalkAn01,Anthony Walker,cle
LB,0,0%,80,7.53%,7,1.37%,KamaSa00,Sam Kamara,cle
LB,0,0%,56,5.27%,125,24.51%,KunaJo00,Jordan Kunaszyk,cle
LB,0,0%,567,53.39%,131,25.69%,TakiSi00,Sione Takitaki,cle
LB,0,0%,97,9.13%,435,85.29%,AdamMa00,Matthew Adams,cle
LB,0,0%,236,22.22%,342,67.06%,FielTo00,Tony Fields,cle
LB,0,0%,0,0%,40,7.84%,ThomCh02,Charlie Thomas,cle
LB,0,0%,27,2.54%,296,58.04%,DiabMo00,Mohamoud Diabate,cle
CB,0,0%,774,72.88%,71,13.92%,NewsGr00,Greg Newsome II,cle
CB,0,0%,44,4.14%,17,3.33%,GrayVi00,Vincent Gray,cle
CB,0,0%,863,81.26%,61,11.96%,EmerMa00,Martin Emerson,cle
CB,0,0%,622,58.57%,31,6.08%,WardDe02,Denzel Ward,cle
CB,0,0%,160,15.07%,357,70.00%,FordMi01,Mike Ford,cle
CB,0,0%,281,26.46%,185,36.27%,MitcCa01,Cameron Mitchell,cle
CB,0,0%,0,0%,57,11.18%,GreeAJ00,A.J. Green,cle
CB,0,0%,105,9.89%,102,20.00%,HailKa00,Kahlef Hailassie,cle
SS,0,0%,742,69.87%,136,26.67%,DelpGr00,Grant Delpit,cle
SS,0,0%,134,12.62%,69,13.53%,HarmDu00,Duron Harmon,cle
SS,0,0%,227,21.37%,359,70.39%,BellDA03,D'Anthony Bell,cle
SS,0,0%,312,29.38%,32,6.27%,HickRo00,Ronnie Hickman,cle
FS,0,0%,280,26.37%,108,21.18%,McLeRo00,Rodney McLeod,cle
FS,0,0%,608,57.25%,39,7.65%,ThorJu00,Juan Thornhill,cle
FS,0,0%,19,1.79%,37,7.25%,McCaTa00,Tanner McCalister,cle
LS,0,0%,0,0%,163,31.96%,HughCh01,Charley Hughlett,cle
K,0,0%,0,0%,18,3.53%,PattRi01,Riley Patterson,cle
K,0,0%,0,0%,139,27.25%,HopkDu00,Dustin Hopkins,cle
P,0,0%,0,0%,159,31.18%,BojoCo00,Corey Bojorquez,cle
P,0,0%,0,0%,9,1.76%,HaacMa00,Matt Haack,cle
QB,1115,94.17%,0,0%,0,0%,PresDa01,Dak Prescott,dal
QB,69,5.83%,0,0%,0,0%,RushCo00,Cooper Rush,dal
RB,836,70.61%,0,0%,1,.23%,PollTo00,Tony Pollard,dal
RB,247,20.86%,0,0%,85,19.19%,DowdRi01,Rico Dowdle,dal
RB,153,12.92%,0,0%,271,61.17%,LuepHu00,Hunter Luepke,dal
RB,0,0%,0,0%,47,10.61%,DaviMa02,Malik Davis,dal
RB,61,5.15%,0,0%,31,7.00%,VaugDe00,Deuce Vaughn,dal
WR,991,83.70%,0,0%,1,.23%,LambCe00,CeeDee Lamb,dal
WR,612,51.69%,0,0%,0,0%,GallMi00,Michael Gallup,dal
WR,809,68.33%,0,0%,1,.23%,CookBr00,Brandin Cooks,dal
WR,477,40.29%,0,0%,279,62.98%,TolbJa00,Jalen Tolbert,dal
WR,77,6.50%,0,0%,82,18.51%,BrooJa03,Jalen Brooks,dal
WR,140,11.82%,0,0%,123,27.77%,TurpKa00,KaVontae Turpin,dal
TE,880,74.32%,0,0%,1,.23%,FergJa00,Jake Ferguson,dal
TE,159,13.43%,0,0%,103,23.25%,HendPe01,Peyton Hendershot,dal
TE,368,31.08%,0,0%,220,49.66%,SchoLu00,Luke Schoonmaker,dal
TE,100,8.45%,0,0%,142,32.05%,McKeSe01,Sean McKeon,dal
TE,0,0%,0,0%,30,6.77%,FantPr00,Princeton Fant,dal
TE,0,0%,0,0%,14,3.16%,SaubEr00,Eric Saubert,dal
T,941,79.48%,0,0%,67,15.12%,SmitTy02,Tyler Smith,dal
T,1177,99.41%,0,0%,85,19.19%,SteeTe01,Terence Steele,dal
T,419,35.39%,0,0%,73,16.48%,EdogCh00,Chuma Edoga,dal
T,847,71.54%,0,0%,16,3.61%,SmitTy00,Tyron Smith,dal
T,7,.59%,0,0%,0,0%,WaleMa00,Matt Waletzko,dal
G,908,76.69%,0,0%,0,0%,MartZa00,Zack Martin,dal
G,343,28.97%,0,0%,91,20.54%,BassTJ00,T.J. Bass,dal
G,39,3.29%,0,0%,39,8.80%,RichAs00,Asim Richards,dal
C,1028,86.82%,0,0%,80,18.06%,BiadTy00,Tyler Biadasz,dal
C,221,18.67%,0,0%,91,20.54%,HoffBr00,Brock Hoffman,dal
C,0,0%,0,0%,4,.90%,HarlSe00,Sean Harlow,dal
DE,0,0%,303,28.32%,299,67.49%,WillSa00,Sam Williams,dal
DE,0,0%,270,25.23%,7,1.58%,FowlDa00,Dante Fowler,dal
DE,0,0%,612,57.20%,0,0%,LawrDe00,DeMarcus Lawrence,dal
DE,0,0%,446,41.68%,97,21.90%,ArmsDo00,Dorance Armstrong Jr.,dal
DE,0,0%,31,2.90%,197,44.47%,WheaTy02,Tyrus Wheat,dal
DT,0,0%,309,28.88%,191,43.12%,GolsCh00,Chauncey Golston,dal
DT,0,0%,288,26.92%,1,.23%,GallNe00,Neville Gallimore,dal
DT,0,0%,637,59.53%,70,15.80%,OdigOs00,Osa Odighizuwa,dal
DT,0,0%,351,32.80%,47,10.61%,HankJo00,Johnathan Hankins,dal
DT,0,0%,304,28.41%,21,4.74%,SmitMa06,Mazi Smith,dal
NT,0,0%,30,2.80%,0,0%,DaviCa01,Carl Davis,dal
LB,0,0%,784,73.27%,101,22.80%,ClarDa02,Damone Clark,dal
LB,0,0%,269,25.14%,19,4.29%,VandLe00,Leighton Vander Esch,dal
LB,0,0%,864,80.75%,1,.23%,ParsMi00,Micah Parsons,dal
LB,0,0%,71,6.64%,79,17.83%,EvanRa01,Rashaan Evans,dal
LB,0,0%,3,.28%,49,11.06%,HarpDe00,Devin Harper,dal
LB,0,0%,6,.56%,61,13.77%,JeffMa00,Malik Jefferson,dal
LB,0,0%,2,.19%,27,6.09%,JohnBu01,Buddy Johnson,dal
CB,0,0%,966,90.28%,30,6.77%,BlanDa00,DaRon Bland,dal
CB,0,0%,101,9.44%,0,0%,DiggTr00,Trevon Diggs,dal
CB,0,0%,1002,93.64%,0,0%,GilmSt00,Stephon Gilmore,dal
CB,0,0%,16,1.50%,86,19.41%,GoodC.00,C.J. Goodwin,dal
CB,0,0%,25,2.34%,77,17.38%,IgbiNo00,Noah Igbinoghene,dal
CB,0,0%,50,4.67%,235,53.05%,WrigNa00,Nahshon Wright,dal
CB,0,0%,732,68.41%,0,0%,LewiJo01,Jourdan Lewis,dal
SS,0,0%,732,68.41%,0,0%,WilsDo01,Donovan Wilson,dal
FS,0,0%,190,17.76%,315,71.11%,ThomJu03,Juanyeh Thomas,dal
FS,0,0%,820,76.64%,1,.23%,KearJa00,Jayron Kearse,dal
FS,0,0%,826,77.20%,0,0%,HookMa00,Malik Hooker,dal
FS,0,0%,649,60.65%,136,30.70%,BellMa01,Markquese Bell,dal
FS,0,0%,75,7.01%,261,58.92%,MukuIs00,Israel Mukuamu,dal
FS,0,0%,7,.65%,12,2.71%,RedwSh00,Sheldrick Redwine,dal
LS,0,0%,0,0%,136,30.70%,SiegTr00,Trent Sieg,dal
K,0,0%,0,0%,200,45.15%,AubrBr00,Brandon Aubrey,dal
P,0,0%,0,0%,136,30.70%,AngeBr00,Bryan Anger,dal
QB,938,87.50%,0,0%,0,0%,WilsRu00,Russell Wilson,den
QB,134,12.50%,0,0%,0,0%,StidJa00,Jarrett Stidham,den
RB,360,33.58%,0,0%,94,20.35%,PeriSa00,Samaje Perine,den
RB,493,45.99%,0,0%,0,0%,WillJa10,Javonte Williams,den
RB,1,.09%,0,0%,247,53.46%,WashDw00,Dwayne Washington,den
RB,193,18.00%,0,0%,80,17.32%,McLaJa00,Jaleel McLaughlin,den
FB,189,17.63%,0,0%,290,62.77%,BurtMi00,Michael Burton,den
WR,782,72.95%,0,0%,1,.22%,SuttCo00,Courtland Sutton,den
WR,428,39.93%,0,0%,0,0%,HumpLi01,Lil'Jordan Humphrey,den
WR,662,61.75%,0,0%,0,0%,JeudJe00,Jerry Jeudy,den
WR,343,32.00%,0,0%,5,1.08%,JohnBr23,Brandon Johnson,den
WR,384,35.82%,0,0%,144,31.17%,MimsMa00,Marvin Mims,den
WR,2,.19%,0,0%,8,1.73%,BandMi00,Michael Bandy,den
WR,10,.93%,0,0%,0,0%,SmitTr03,Tre'Quan Smith,den
WR,34,3.17%,0,0%,0,0%,DorsPh00,Phillip Dorsett,den
WR,16,1.49%,0,0%,0,0%,SillDa01,David Sills V,den
TE,755,70.43%,0,0%,16,3.46%,TrauAd00,Adam Trautman,den
TE,367,34.24%,0,0%,86,18.61%,ManhCh00,Chris Manhertz,den
TE,166,15.49%,0,0%,30,6.49%,KrulLu00,Lucas Krull,den
TE,32,2.99%,0,0%,0,0%,DulcGr00,Greg Dulcich,den
TE,60,5.60%,0,0%,97,21.00%,AdkiNa00,Nate Adkins,den
T,1072,100.00%,0,0%,67,14.50%,BollGa00,Garett Bolles,den
T,946,88.25%,0,0%,60,12.99%,McGlMi00,Mike McGlinchey,den
T,126,11.75%,0,0%,9,1.95%,FlemCa00,Cameron Fleming,den
G,1067,99.53%,0,0%,67,14.50%,PoweBe00,Ben Powers,den
G,1037,96.74%,0,0%,65,14.07%,MeinQu02,Quinn Meinerz,den
G,76,7.09%,0,0%,67,14.50%,BailQu00,Quinn Bailey,den
C,1069,99.72%,0,0%,67,14.50%,CushLl00,Lloyd Cushenberry III,den
C,38,3.54%,0,0%,67,14.50%,WattLu00,Luke Wattenberg,den
DE,0,0%,911,80.62%,100,21.65%,AlleZa01,Zach Allen,den
DE,0,0%,529,46.81%,79,17.10%,HarrJo05,Jonathan Harris,den
DE,0,0%,149,13.19%,21,4.55%,PerkRo00,Ronnie Perkins,den
DE,0,0%,224,19.82%,182,39.39%,HennMa01,Matt Henningsen,den
DE,0,0%,31,2.74%,8,1.73%,GarcEl00,Elijah Garcia,den
NT,0,0%,568,50.27%,0,0%,JoneD.01,D.J. Jones,den
NT,0,0%,462,40.88%,90,19.48%,PurcMi00,Mike Purcell,den
NT,0,0%,42,3.72%,0,0%,LancTy00,Tyler Lancaster,den
LB,0,0%,796,70.44%,69,14.94%,JeweJo00,Josey Jewell,den
LB,0,0%,1090,96.46%,38,8.23%,SingAl00,Alex Singleton,den
LB,0,0%,836,73.98%,109,23.59%,CoopJo02,Jonathon Cooper,den
LB,0,0%,154,13.63%,0,0%,GregRa00,Randy Gregory,den
LB,0,0%,446,39.47%,0,0%,BrowBa01,Baron Browning,den
LB,0,0%,36,3.19%,0,0%,ClarFr01,Frank Clark,den
LB,0,0%,524,46.37%,10,2.16%,BoniNi00,Nik Bonitto,den
LB,0,0%,0,0%,134,29.00%,NiemBe00,Ben Niemann,den
LB,0,0%,0,0%,395,85.50%,StrnJu00,Justin Strnad,den
LB,0,0%,258,22.83%,297,64.29%,SandDr00,Drew Sanders,den
LB,0,0%,20,1.77%,35,7.58%,IncoTh00,Thomas Incoom,den
CB,0,0%,1121,99.20%,78,16.88%,SurtPa01,Patrick Surtain II,den
CB,0,0%,438,38.76%,110,23.81%,MathDa00,Damarri Mathis,den
CB,0,0%,143,12.65%,25,5.41%,BassEs01,Essang Bassey,den
CB,0,0%,669,59.20%,113,24.46%,McMiJa00,Ja'Quan McMillian,den
CB,0,0%,23,2.04%,265,57.36%,MossRi00,Riley Moss,den
CB,0,0%,1,.09%,391,84.63%,SmitTr04,Tremon Smith,den
CB,0,0%,740,65.49%,26,5.63%,MoreFa00,Fabian Moreau,den
SS,0,0%,480,42.48%,0,0%,JackKa99,Kareem Jackson,den
SS,0,0%,0,0%,13,2.81%,KeyxDe00,Devon Key,den
SS,0,0%,1,.09%,9,1.95%,SkinJL00,JL Skinner,den
SS,0,0%,2,.18%,3,.65%,SterCa00,Caden Sterns,den
FS,11,1.03%,985,87.17%,69,14.94%,SimmJu00,Justin Simmons,den
FS,0,0%,539,47.70%,91,19.70%,LockPJ00,P.J. Locke,den
FS,0,0%,210,18.58%,308,66.67%,TurnDe02,Delarrin Turner-Yell,den
LS,0,0%,0,0%,148,32.03%,FrabMi00,Mitchell Fraboni,den
K,0,0%,0,0%,148,32.03%,LutzWi00,Wil Lutz,den
P,0,0%,0,0%,149,32.25%,DixoRi00,Riley Dixon,den
QB,1175,99.75%,0,0%,0,0%,GoffJa00,Jared Goff,det
QB,3,.25%,0,0%,0,0%,BridTe00,Teddy Bridgewater,det
RB,453,38.46%,0,0%,0,0%,MontDa01,David Montgomery,det
RB,596,50.59%,0,0%,2,.44%,GibbJa01,Jahmyr Gibbs,det
RB,132,11.21%,0,0%,211,46.68%,ReynCr00,Craig Reynolds,det
RB,8,.68%,0,0%,28,6.19%,OzigDe01,Devine Ozigbo,det
RB,9,.76%,0,0%,18,3.98%,KnigZo00,Zonovan Knight,det
RB,0,0%,0,0%,6,1.33%,IbraMo00,Mohamed Ibrahim,det
FB,31,2.63%,0,0%,74,16.37%,CabiJa00,Jason Cabinda,det
WR,1010,85.74%,0,0%,6,1.33%,StxxAm00,Amon-Ra St. Brown,det
WR,832,70.63%,0,0%,0,0%,ReynJo00,Josh Reynolds,det
WR,178,15.11%,0,0%,0,0%,JoneMa02,Marvin Jones,det
WR,444,37.69%,0,0%,2,.44%,WillJa11,Jameson Williams,det
WR,348,29.54%,0,0%,74,16.37%,RaymKa00,Kalif Raymond,det
WR,106,9.00%,0,0%,71,15.71%,GreeAn00,Antoine Green,det
WR,72,6.11%,0,0%,30,6.64%,PeopDo00,Donovan Peoples-Jones,det
WR,5,.42%,0,0%,3,.66%,DrumDy00,Dylan Drummond,det
TE,981,83.28%,0,0%,12,2.65%,LaPoSa01,Sam LaPorta,det
TE,423,35.91%,0,0%,179,39.60%,WrigBr01,Brock Wright,det
TE,22,1.87%,0,0%,70,15.49%,DaniDa02,Darrell Daniels,det
TE,157,13.33%,0,0%,141,31.19%,MitcJa00,James Mitchell,det
TE,2,.17%,0,0%,22,4.87%,FirkAn00,Anthony Firkser,det
T,1178,100.00%,0,0%,74,16.37%,SewePe00,Penei Sewell,det
T,1042,88.46%,0,0%,0,0%,DeckTa00,Taylor Decker,det
T,101,8.57%,0,0%,40,8.85%,SkipDa00,Dan Skipper,det
T,0,0%,0,0%,7,1.55%,GalvCo00,Connor Galvin,det
T,85,7.22%,0,0%,9,1.99%,NelsMa00,Matt Nelson,det
T,252,21.39%,0,0%,65,14.38%,AwosKa00,Kayode Awosika,det
G,192,16.30%,0,0%,20,4.42%,VaitHa00,Halapoulivaati Vaitai,det
G,798,67.74%,0,0%,27,5.97%,JackJo03,Jonah Jackson,det
G,1061,90.07%,0,0%,74,16.37%,GlasGr00,Graham Glasgow,det
G,253,21.48%,0,0%,74,16.37%,SorsCo00,Colby Sorsdal,det
C,989,83.96%,0,0%,0,0%,RagnFr00,Frank Ragnow,det
DE,0,0%,988,90.48%,10,2.21%,HutcAi00,Aidan Hutchinson,det
DE,0,0%,292,26.74%,55,12.17%,HarrCh03,Charles Harris,det
DE,0,0%,569,52.11%,67,14.82%,ComiJo00,John Cominsky,det
DE,0,0%,248,22.71%,77,17.04%,OkwaRo01,Romeo Okwara,det
DE,0,0%,32,2.93%,15,3.32%,HousJa01,James Houston,det
DE,0,0%,132,12.09%,8,1.77%,OnwuLe00,Levi Onwuzurike,det
DE,0,0%,400,36.63%,25,5.53%,PascJo00,Josh Paschal,det
DT,0,0%,559,51.19%,55,12.17%,McNeAl00,Alim McNeill,det
DT,0,0%,567,51.92%,124,27.43%,JoneBe03,Benito Jones,det
DT,0,0%,73,6.68%,0,0%,BohaQu00,Quinton Bohanna,det
DT,0,0%,254,23.26%,1,.22%,BuggIs00,Isaiah Buggs,det
DT,0,0%,28,2.56%,0,0%,MartBr00,Brodric Martin,det
NT,0,0%,67,6.14%,0,0%,AluaTy99,Tyson Alualu,det
LB,0,0%,1007,92.22%,7,1.55%,AnzaAl00,Alex Anzalone,det
LB,0,0%,639,58.52%,173,38.27%,CampJa04,Jack Campbell,det
LB,20,1.70%,120,10.99%,307,67.92%,RodrMa00,Malcolm Rodriguez,det
LB,0,0%,705,64.56%,83,18.36%,BarnDe02,Derrick Barnes,det
LB,0,0%,4,.37%,363,80.31%,PittAn01,Anthony Pittman,det
LB,0,0%,92,8.42%,371,82.08%,ReevJa00,Jalen Reeves-Maybin,det
LB,0,0%,0,0%,35,7.74%,NowaTr00,Trevor Nowaske,det
LB,0,0%,42,3.85%,1,.22%,IrviBr00,Bruce Irvin,det
LB,0,0%,121,11.08%,51,11.28%,OkwaJu00,Julian Okwara,det
CB,0,0%,1077,98.63%,8,1.77%,SuttCa00,Cameron Sutton,det
CB,0,0%,744,68.13%,62,13.72%,JacoJe00,Jerry Jacobs,det
CB,0,0%,201,18.41%,14,3.10%,VildKi00,Kindle Vildor,det
CB,0,0%,80,7.33%,248,54.87%,DorsKh00,Khalil Dorsey,det
CB,0,0%,2,.18%,12,2.65%,GilmSt01,Steven Gilmore,det
CB,0,0%,399,36.54%,180,39.82%,MeliIf00,Ifeatu Melifonwu,det
CB,0,0%,0,0%,230,50.88%,LucaCh01,Chase Lucas,det
CB,0,0%,2,.18%,0,0%,MoseEm00,Emmanuel Moseley,det
SS,0,0%,187,17.12%,1,.22%,GardCh00,C.J. Gardner-Johnson,det
SS,0,0%,738,67.58%,50,11.06%,BranBr00,Brian Branch,det
SS,0,0%,192,17.58%,294,65.04%,HarrWi02,Will Harris,det
SS,0,0%,0,0%,14,3.10%,JoseBr00,Brandon Joseph,det
FS,0,0%,911,83.42%,107,23.67%,JoseKe03,Kerby Joseph,det
FS,0,0%,541,49.54%,147,32.52%,WalkTr01,Tracy Walker,det
LS,0,0%,0,0%,65,14.38%,DalySc01,Scott Daly,det
LS,0,0%,0,0%,70,15.49%,McQuJa00,Jake McQuaide,det
K,0,0%,0,0%,20,4.42%,BadgMi00,Michael Badgley,det
K,0,0%,0,0%,62,13.72%,PattRi01,Riley Patterson,det
P,0,0%,0,0%,220,48.67%,FoxxJa01,Jack Fox,det
QB,1083,98.81%,0,0%,0,0%,LoveJo03,Jordan Love,gnb
QB,13,1.19%,0,0%,0,0%,ClifSe00,Sean Clifford,gnb
RB,494,45.07%,0,0%,24,5.59%,DillAJ00,AJ Dillon,gnb
RB,354,32.30%,0,0%,0,0%,JoneAa00,Aaron Jones,gnb
RB,226,20.62%,0,0%,109,25.41%,TaylPa01,Patrick Taylor,gnb
RB,36,3.28%,0,0%,2,.47%,WilsEm00,Emanuel Wilson,gnb
RB,5,.46%,0,0%,0,0%,DrakKe00,Kenyan Drake,gnb
RB,4,.36%,0,0%,0,0%,RobiJa00,James Robinson,gnb
WR,578,52.74%,0,0%,42,9.79%,ReedJa03,Jayden Reed,gnb
WR,458,41.79%,0,0%,1,.23%,WickDo00,Dontayvion Wicks,gnb
WR,260,23.72%,0,0%,71,16.55%,HeatMa00,Malik Heath,gnb
WR,845,77.10%,0,0%,1,.23%,DoubRo00,Romeo Doubs,gnb
WR,446,40.69%,0,0%,0,0%,WatsCh00,Christian Watson,gnb
WR,139,12.68%,0,0%,1,.23%,TourSa00,Samori Toure,gnb
WR,139,12.68%,0,0%,12,2.80%,MeltBo00,Bo Melton,gnb
TE,468,42.70%,0,0%,70,16.32%,MusgLu00,Luke Musgrave,gnb
TE,196,17.88%,0,0%,219,51.05%,DeguJo00,Josiah Deguara,gnb
TE,621,56.66%,0,0%,194,45.22%,KrafTu00,Tucker Kraft,gnb
TE,11,1.00%,0,0%,23,5.36%,PearHe00,Henry Pearson,gnb
TE,189,17.24%,0,0%,97,22.61%,SimsBe00,Ben Sims,gnb
T,1067,97.35%,0,0%,30,6.99%,TomxZa00,Zach Tom,gnb
T,55,5.02%,0,0%,0,0%,BakhDa00,David Bakhtiari,gnb
T,851,77.65%,0,0%,73,17.02%,WalkRa00,Rasheed Walker,gnb
T,231,21.08%,0,0%,108,25.17%,NijmYo01,Yosh Nijman,gnb
T,0,0%,0,0%,1,.23%,JoneCa03,Caleb Jones,gnb
G,928,84.67%,0,0%,67,15.62%,RunyJo00,Jon Runyan Jr.,gnb
G,903,82.39%,0,0%,10,2.33%,JenkEl00,Elgton Jenkins,gnb
G,183,16.70%,0,0%,73,17.02%,NewmRo00,Royce Newman,gnb
G,183,16.70%,0,0%,13,3.03%,RhyaSe00,Sean Rhyan,gnb
C,1089,99.36%,0,0%,66,15.38%,MyerJo00,Josh Myers,gnb
DE,0,0%,810,72.91%,30,6.99%,ClarKe01,Kenny Clark,gnb
DE,0,0%,255,22.95%,46,10.72%,WoodCo01,Colby Wooden,gnb
DE,0,0%,552,49.68%,40,9.32%,WyatDe00,Devonte Wyatt,gnb
NT,0,0%,626,56.35%,153,35.66%,SlatTe00,Tedarrell Slaton,gnb
NT,0,0%,380,34.20%,107,24.94%,BrooKa00,Karl Brooks,gnb
LB,0,0%,575,51.76%,48,11.19%,CampDe00,De'Vondre Campbell,gnb
LB,0,0%,849,76.42%,59,13.75%,WalkQu00,Quay Walker,gnb
LB,0,0%,452,40.68%,194,45.22%,EnagKi00,Kingsley Enagbare,gnb
LB,0,0%,365,32.85%,101,23.54%,VanNLu00,Lukas Van Ness,gnb
LB,0,0%,513,46.17%,202,47.09%,McDuIs00,Isaiah McDuffie,gnb
LB,0,0%,732,65.89%,4,.93%,SmitPr00,Preston Smith,gnb
LB,0,0%,84,7.56%,20,4.66%,HollJu00,Justin Hollins,gnb
LB,0,0%,121,10.89%,308,71.79%,WilsEr00,Eric Wilson,gnb
LB,0,0%,0,0%,210,48.95%,WelcKr00,Kristian Welch,gnb
LB,0,0%,587,52.84%,0,0%,GaryRa00,Rashan Gary,gnb
LB,0,0%,4,.36%,9,2.10%,CoxxBr02,Brenton Cox,gnb
CB,0,0%,487,43.83%,75,17.48%,DougRa00,Rasul Douglas,gnb
CB,1,.09%,809,72.82%,199,46.39%,NixoKe00,Keisean Nixon,gnb
CB,0,0%,446,40.14%,13,3.03%,AlexJa00,Jaire Alexander,gnb
CB,0,0%,488,43.92%,114,26.57%,BallCo00,Corey Ballentine,gnb
CB,0,0%,695,62.56%,100,23.31%,ValeCa00,Carrington Valentine,gnb
CB,0,0%,0,0%,11,2.56%,ThomKi00,Kiondre Thomas,gnb
CB,0,0%,1,.09%,4,.93%,BluxKy00,Kyu Blu Kelly,gnb
CB,0,0%,0,0%,14,3.26%,LongDa02,David Long,gnb
CB,0,0%,0,0%,112,26.11%,RochRo00,Robert Rochell,gnb
CB,0,0%,110,9.90%,4,.93%,StokEr00,Eric Stokes,gnb
SS,0,0%,558,50.23%,51,11.89%,SavaDa00,Darnell Savage Jr.,gnb
SS,0,0%,775,69.76%,233,54.31%,OwenJo01,Jonathan Owens,gnb
SS,0,0%,9,.81%,192,44.76%,LeavDa00,Dallin Leavitt,gnb
SS,0,0%,6,.54%,59,13.75%,GainIn00,Innis Gaines,gnb
SS,0,0%,3,.27%,40,9.32%,SappBe00,Benny Sapp III,gnb
FS,0,0%,626,56.35%,52,12.12%,FordRu00,Rudy Ford,gnb
FS,0,0%,303,27.27%,57,13.29%,JohnAn08,Anthony Johnson,gnb
FS,0,0%,0,0%,127,29.60%,AndeZa02,Zayne Anderson,gnb
LS,0,0%,0,0%,131,30.54%,OrzeMa00,Matthew Orzech,gnb
K,0,0%,0,0%,159,37.06%,CarlAn00,Anders Carlson,gnb
P,0,0%,0,0%,131,30.54%,WhelDa00,Daniel Whelan,gnb
QB,968,85.36%,0,0%,0,0%,StroCJ00,C.J. Stroud,htx
QB,113,9.96%,0,0%,0,0%,KeenCa00,Case Keenum,htx
QB,53,4.67%,0,0%,0,0%,MillDa02,Davis Mills,htx
RB,298,26.28%,0,0%,12,2.58%,PierDa01,Dameon Pierce,htx
RB,108,9.52%,0,0%,227,48.71%,OgunDa00,Dare Ogunbowale,htx
RB,102,8.99%,0,0%,44,9.44%,BoonMi00,Mike Boone,htx
RB,629,55.47%,0,0%,22,4.72%,SingDe00,Devin Singletary,htx
FB,322,28.40%,0,0%,185,39.70%,BeckAn01,Andrew Beck,htx
WR,666,58.73%,0,0%,24,5.15%,WoodRo02,Robert Woods,htx
WR,463,40.83%,0,0%,31,6.65%,BrowNo00,Noah Brown,htx
WR,669,58.99%,0,0%,0,0%,CollNi00,Nico Collins,htx
WR,494,43.56%,0,0%,35,7.51%,DellNa00,Tank Dell,htx
WR,310,27.34%,0,0%,20,4.29%,MetcJo00,John Metchie,htx
WR,281,24.78%,0,0%,127,27.25%,HutcXa00,Xavier Hutchinson,htx
WR,4,.35%,0,0%,5,1.07%,JohnJo12,Johnny Johnson,htx
WR,10,.88%,0,0%,26,5.58%,SimsSt00,Steven Sims,htx
TE,739,65.17%,0,0%,1,.21%,SchuDa00,Dalton Schultz,htx
TE,158,13.93%,0,0%,52,11.16%,QuitTe00,Teagan Quitoriano,htx
TE,8,.71%,0,0%,14,3.00%,KeenDa00,Dalton Keene,htx
TE,117,10.32%,0,0%,149,31.97%,SaubEr00,Eric Saubert,htx
TE,283,24.96%,0,0%,94,20.17%,JordBr00,Brevin Jordan,htx
T,876,77.25%,0,0%,48,10.30%,TunsLa00,Laremy Tunsil,htx
T,914,80.60%,0,0%,66,14.16%,FantGe00,George Fant,htx
T,407,35.89%,0,0%,23,4.94%,HowaTy00,Tytus Howard,htx
T,33,2.91%,0,0%,6,1.29%,ChriGe01,Geron Christian,htx
T,39,3.44%,0,0%,31,6.65%,DecuAu00,Austin Deculus,htx
T,246,21.69%,0,0%,22,4.72%,HeckCh00,Charlie Heck,htx
G,227,20.02%,0,0%,52,11.16%,JoneJo07,Josh Jones,htx
G,1131,99.74%,0,0%,71,15.24%,MasoSh01,Shaq Mason,htx
G,463,40.83%,0,0%,0,0%,PattJa03,Jarrett Patterson,htx
G,3,.26%,0,0%,13,2.79%,BroeNi00,Nick Broeker,htx
C,439,38.71%,0,0%,27,5.79%,ScruJu00,Juice Scruggs,htx
C,686,60.49%,0,0%,25,5.36%,DeitMi00,Michael Deiter,htx
C,3,.26%,0,0%,6,1.29%,MorrJi00,Jimmy Morrissey,htx
C,4,.35%,0,0%,40,8.58%,EiseDi00,Dieter Eiselen,htx
C,208,18.34%,0,0%,20,4.29%,GreeKe02,Kendrick Green,htx
DE,0,0%,630,55.26%,55,11.80%,AndeWi01,Will Anderson,htx
DE,0,0%,632,55.44%,1,.21%,GreeJo04,Jonathan Greenard,htx
DE,0,0%,40,3.51%,3,.64%,HydeKe01,Kerry Hyder,htx
DE,0,0%,475,41.67%,7,1.50%,HughJe99,Jerry Hughes,htx
DE,0,0%,175,15.35%,98,21.03%,HortDy00,Dylan Horton,htx
DE,0,0%,221,19.39%,20,4.29%,BarnDe01,Derek Barnett,htx
DE,0,0%,15,1.32%,0,0%,DogbMi00,Michael Dogbe,htx
DT,0,0%,699,61.32%,70,15.02%,CollMa00,Maliek Collins,htx
DT,0,0%,597,52.37%,19,4.08%,RankSh00,Sheldon Rankins,htx
DT,0,0%,422,37.02%,74,15.88%,DaviKh00,Khalil Davis,htx
DT,0,0%,467,40.96%,122,26.18%,HiniKu00,Kurt Hinish,htx
DT,0,0%,62,5.44%,2,.43%,RidgHa00,Hassan Ridgeway,htx
DT,0,0%,29,2.54%,6,1.29%,TartTe00,Teair Tart,htx
LB,0,0%,572,50.18%,0,0%,PerrDe00,Denzel Perryman,htx
LB,0,0%,755,66.23%,76,16.31%,HarrCh06,Christian Harris,htx
LB,0,0%,436,38.25%,192,41.20%,TooTHe00,Henry To'oTo'o,htx
LB,0,0%,24,2.11%,165,35.41%,LittCo01,Cory Littleton,htx
LB,0,0%,43,3.77%,320,68.67%,HansJa01,Jake Hansen,htx
LB,0,0%,657,57.63%,83,17.81%,CashBl00,Blake Cashman,htx
LB,0,0%,3,.26%,366,78.54%,HewiNe00,Neville Hewitt,htx
LB,0,0%,138,12.11%,17,3.65%,SandMy00,Myjai Sanders,htx
LB,0,0%,0,0%,20,4.29%,WallGa00,Garret Wallow,htx
CB,0,0%,1088,95.44%,9,1.93%,NelsSt01,Steven Nelson,htx
CB,0,0%,687,60.26%,9,1.93%,StinDe00,Derek Stingley Jr.,htx
CB,0,0%,352,30.88%,135,28.97%,ThomTa01,Tavierre Thomas,htx
CB,0,0%,8,.70%,258,55.36%,RossDA03,D'Angelo Ross,htx
CB,0,0%,3,.26%,36,7.73%,BoydKr00,Kris Boyd,htx
CB,0,0%,101,8.86%,228,48.93%,HollKa00,Ka'dar Hollman,htx
CB,0,0%,382,33.51%,60,12.88%,GrifSh00,Shaquill Griffin,htx
CB,0,0%,5,.44%,14,3.00%,AustAl00,Alex Austin,htx
CB,0,0%,311,27.28%,53,11.37%,KingDe01,Desmond King,htx
SS,0,0%,166,14.56%,142,30.47%,StewM.00,M.J. Stewart,htx
SS,0,0%,39,3.42%,0,0%,JackKa99,Kareem Jackson,htx
SS,0,0%,1,.09%,25,5.36%,HillBr03,Brandon Hill,htx
FS,0,0%,177,15.53%,60,12.88%,MurrEr00,Eric Murray,htx
FS,0,0%,507,44.47%,0,0%,WardJi01,Jimmie Ward,htx
FS,0,0%,476,41.75%,167,35.84%,HousDe00,DeAndre Houston-Carson,htx
FS,0,0%,906,79.47%,30,6.44%,PitrJa00,Jalen Pitre,htx
FS,0,0%,143,12.54%,132,28.33%,ArnoGr01,Grayland Arnold,htx
FS,0,0%,97,8.51%,70,15.02%,AmosAd00,Adrian Amos,htx
LS,0,0%,0,0%,156,33.48%,WeekJo00,Jon Weeks,htx
K,0,0%,0,0%,42,9.01%,AmmeMa00,Matt Ammendola,htx
K,0,0%,0,0%,108,23.18%,FairKa01,Ka'imi Fairbairn,htx
P,0,0%,0,0%,121,25.97%,JohnCa02,Cameron Johnston,htx
P,0,0%,0,0%,36,7.73%,ZentTy00,Ty Zentner,htx
QB,173,15.07%,0,0%,0,0%,RichAn03,Anthony Richardson,clt
QB,972,84.67%,0,0%,0,0%,MinsGa00,Gardner Minshew II,clt
QB,3,.26%,0,0%,0,0%,EhliSa00,Sam Ehlinger,clt
RB,531,46.25%,0,0%,0,0%,MossZa00,Zack Moss,clt
RB,51,4.44%,0,0%,1,.20%,JackDe02,Deon Jackson,clt
RB,13,1.13%,0,0%,25,4.99%,FunkJa00,Jake Funk,clt
RB,108,9.41%,0,0%,18,3.59%,SermTr00,Trey Sermon,clt
RB,386,33.62%,0,0%,0,0%,TaylJo02,Jonathan Taylor,clt
RB,8,.70%,0,0%,0,0%,HullEv00,Evan Hull,clt
RB,50,4.36%,0,0%,2,.40%,GoodTy00,Tyler Goodson,clt
WR,991,86.32%,0,0%,3,.60%,PittMi01,Michael Pittman Jr.,clt
WR,1090,94.95%,0,0%,3,.60%,PierAl00,Alec Pierce,clt
WR,788,68.64%,0,0%,40,7.98%,DownJo00,Josh Downs,clt
WR,124,10.80%,0,0%,53,10.58%,MontDJ01,D.J. Montgomery,clt
WR,21,1.83%,0,0%,75,14.97%,WinfJu00,Juwann Winfree,clt
WR,2,.17%,0,0%,27,5.39%,FernEt00,Ethan Fernea,clt
WR,117,10.19%,0,0%,109,21.76%,McKeIs00,Isaiah McKenzie,clt
WR,25,2.18%,0,0%,23,4.59%,RodgAm00,Amari Rodgers,clt
TE,496,43.21%,0,0%,159,31.74%,GranKy00,Kylen Granson,clt
TE,434,37.80%,0,0%,123,24.55%,AlieMo00,Mo Alie-Cox,clt
TE,336,29.27%,0,0%,119,23.75%,OgleAn00,Andrew Ogletree,clt
TE,159,13.85%,0,0%,0,0%,MallWi00,Will Mallory,clt
T,1011,88.07%,0,0%,73,14.57%,RaimBe00,Bernhard Raimann,clt
T,575,50.09%,0,0%,14,2.79%,SmitBr06,Braden Smith,clt
T,702,61.15%,0,0%,27,5.39%,FreeBl00,Blake Freeland,clt
G,1125,98.00%,4,.34%,75,14.97%,FrieWi00,Will Fries,clt
G,1140,99.30%,0,0%,34,6.79%,NelsQu00,Quenton Nelson,clt
G,0,0%,0,0%,8,1.60%,BoetIk00,Ike Boettger,clt
G,0,0%,0,0%,6,1.20%,AndeJa01,Jack Anderson,clt
G,37,3.22%,0,0%,79,15.77%,SillJo00,Josh Sills,clt
G,6,.52%,0,0%,0,0%,HambAr00,Arlington Hambright,clt
C,882,76.83%,0,0%,0,0%,KellRy00,Ryan Kelly,clt
C,270,23.52%,0,0%,65,12.97%,FrenWe00,Wesley French,clt
DE,0,0%,700,59.78%,23,4.59%,PayeKw00,Kwity Paye,clt
DE,0,0%,622,53.12%,106,21.16%,OdeyDa00,Dayo Odeyingbo,clt
DE,0,0%,702,59.95%,0,0%,EbukSa00,Samson Ebukam,clt
"DE,DT",0,0%,132,11.27%,74,14.77%,AdebAd00,Adetomiwa Adebawore,clt
DE,0,0%,436,37.23%,49,9.78%,LewiTy00,Tyquan Lewis,clt
DE,0,0%,13,1.11%,6,1.20%,AgimMc00,McTelvin Agim,clt
DE,0,0%,191,16.31%,127,25.35%,MartJa02,Jacob Martin,clt
DT,0,0%,445,38.00%,120,23.95%,StewGr00,Grover Stewart,clt
DT,0,0%,840,71.73%,21,4.19%,BuckDe00,DeForest Buckner,clt
DT,0,0%,343,29.29%,162,32.34%,BryaTa00,Taven Bryan,clt
DT,0,0%,265,22.63%,64,12.77%,JohnEr01,Eric Johnson,clt
LB,2,.17%,1089,93.00%,96,19.16%,FranZa00,Zaire Franklin,clt
LB,0,0%,455,38.86%,1,.20%,LeonDa00,Shaquille Leonard,clt
LB,0,0%,728,62.17%,249,49.70%,SpeeEJ00,E.J. Speed,clt
LB,0,0%,114,9.74%,334,66.67%,OlubSe00,Segun Olubi,clt
LB,0,0%,234,19.98%,64,12.77%,HarrRo02,Ronnie Harrison,clt
LB,0,0%,31,2.65%,350,69.86%,StuaGr00,Grant Stuard,clt
LB,0,0%,7,.60%,152,30.34%,McGrCa00,Cameron McGrone,clt
LB,0,0%,0,0%,8,1.60%,AndeLi00,Liam Anderson,clt
"DE,LB",0,0%,31,2.65%,14,2.79%,LandIs00,Isaiah Land,clt
CB,0,0%,304,25.96%,28,5.59%,FlowDa00,Dallis Flowers,clt
CB,0,0%,1088,92.91%,109,21.76%,MoorKe03,Kenny Moore,clt
CB,0,0%,496,42.36%,52,10.38%,BrenJu00,Julius Brents,clt
CB,0,0%,467,39.88%,168,33.53%,BakeDa02,Darrell Baker,clt
CB,0,0%,56,4.78%,252,50.30%,BrowTo01,Tony Brown,clt
CB,0,0%,787,67.21%,106,21.16%,JoneJa13,Jaylon Jones,clt
CB,0,0%,60,5.12%,56,11.18%,LammCh00,Chris Lammons,clt
SS,0,0%,292,24.94%,301,60.08%,CrosNi00,Nick Cross,clt
SS,0,0%,2,.17%,154,30.74%,SpeeAm00,Ameer Speed,clt
FS,0,0%,960,81.98%,179,35.73%,ThomRo07,Rodney Thomas II,clt
FS,0,0%,986,84.20%,124,24.75%,BlacJu01,Julian Blackmon,clt
FS,0,0%,6,.51%,325,64.87%,DenbTr00,Trevor Denbow,clt
LS,0,0%,0,0%,152,30.34%,RhodLu00,Luke Rhodes,clt
K,0,0%,0,0%,172,34.33%,GayxMa00,Matt Gay,clt
P,0,0%,0,0%,151,30.14%,SancRi00,Rigoberto Sanchez,clt
QB,1047,89.79%,0,0%,0,0%,LawrTr00,Trevor Lawrence,jax
QB,6,.51%,0,0%,0,0%,BarkMa00,Matt Barkley,jax
QB,113,9.69%,0,0%,0,0%,BeatC.00,C.J. Beathard,jax
RB,856,73.41%,0,0%,0,0%,EtieTr00,Travis Etienne,jax
RB,194,16.64%,0,0%,143,32.35%,JohnDE04,D'Ernest Johnson,jax
RB,141,12.09%,0,0%,34,7.69%,BigsTa00,Tank Bigsby,jax
RB,6,.51%,0,0%,14,3.17%,HastJa02,Jamycal Hasty,jax
WR,475,40.74%,0,0%,0,0%,JoneZa00,Zay Jones,jax
WR,993,85.16%,0,0%,5,1.13%,RidlCa00,Calvin Ridley,jax
WR,585,50.17%,0,0%,12,2.71%,KirkCh01,Christian Kirk,jax
WR,14,1.20%,0,0%,25,5.66%,HarrJa03,Jacob Harris,jax
WR,339,29.07%,0,0%,196,44.34%,JoneTi00,Tim Jones,jax
WR,201,17.24%,0,0%,91,20.59%,AgneJa00,Jamal Agnew,jax
WR,108,9.26%,0,0%,42,9.50%,CookEl00,Elijah Cooks,jax
WR,239,20.50%,0,0%,34,7.69%,WashPa01,Parker Washington,jax
TE,917,78.64%,0,0%,7,1.58%,EngrEv00,Evan Engram,jax
TE,411,35.25%,0,0%,142,32.13%,FarrLu00,Luke Farrell,jax
TE,307,26.33%,0,0%,158,35.75%,StraBr00,Brenton Strange,jax
TE,8,.69%,0,0%,13,2.94%,PedeJo00,Josh Pederson,jax
T,535,45.88%,0,0%,2,.45%,RobiCa00,Cam Robinson,jax
T,660,56.60%,0,0%,51,11.54%,LittWa00,Walker Little,jax
T,1113,95.45%,0,0%,71,16.06%,HarrAn00,Anton Harrison,jax
T,0,0%,0,0%,3,.68%,BrewCh01,Chandler Brewer,jax
G,213,18.27%,0,0%,37,8.37%,BartBe00,Ben Bartch,jax
G,518,44.43%,0,0%,72,16.29%,ShatTy00,Tyler Shatley,jax
G,1080,92.62%,0,0%,1,.23%,ScheBr00,Brandon Scherff,jax
G,152,13.04%,0,0%,72,16.29%,HancBl00,Blake Hance,jax
G,53,4.55%,0,0%,32,7.24%,VanxCo00,Cole Van Lanen,jax
G,377,32.33%,0,0%,31,7.01%,ClevEz00,Ezra Cleveland,jax
C,1164,99.83%,0,0%,60,13.57%,FortLu01,Luke Fortner,jax
DE,0,0%,426,38.31%,330,74.66%,GotsAd00,Adam Gotsis,jax
DE,0,0%,340,30.58%,8,1.81%,SmooDa00,Dawuane Smoot,jax
DE,0,0%,369,33.18%,67,15.16%,LedbJe00,Jeremiah Ledbetter,jax
DE,0,0%,145,13.04%,24,5.43%,LacyTy00,Tyler Lacy,jax
DT,0,0%,683,61.42%,82,18.55%,RobeRo00,Roy Robertson-Harris,jax
DT,0,0%,415,37.32%,5,1.13%,FatuFo00,Folorunso Fatukasi,jax
DT,0,0%,215,19.33%,3,.68%,BlacAn00,Angelo Blackson,jax
DT,0,0%,190,17.09%,4,.90%,HamiDa02,DaVon Hamilton,jax
DT,0,0%,6,.54%,0,0%,BlacRo00,Ross Blacklock,jax
LB,0,0%,1110,99.82%,94,21.27%,OluoFo00,Foyesade Oluokun,jax
LB,0,0%,966,86.87%,80,18.10%,LloyDe00,Devin Lloyd,jax
LB,0,0%,869,78.15%,82,18.55%,WalkTr03,Travon Walker,jax
LB,0,0%,880,79.14%,85,19.23%,AlleJo03,Josh Hines-Allen,jax
LB,0,0%,283,25.45%,111,25.11%,ChaiKL00,K'Lavon Chaisson,jax
LB,0,0%,145,13.04%,270,61.09%,MumaCh00,Chad Muma,jax
LB,0,0%,0,0%,277,62.67%,JohnCa04,Caleb Johnson,jax
LB,0,0%,8,.72%,224,50.68%,QuarSh00,Shaquille Quarterman,jax
LB,0,0%,45,4.05%,0,0%,AbduYa00,Yasir Abdullah,jax
CB,0,0%,1035,93.08%,58,13.12%,WillDa09,Darious Williams,jax
CB,0,0%,589,52.97%,29,6.56%,CampTy01,Tyson Campbell,jax
CB,0,0%,481,43.26%,54,12.22%,HernTr00,Tre Herndon,jax
CB,0,0%,475,42.72%,27,6.11%,BrowMo00,Montaric Brown,jax
CB,0,0%,1,.09%,8,1.81%,CampTe00,Tevaughn Campbell,jax
CB,0,0%,93,8.36%,106,23.98%,JuniGr00,Gregory Junior,jax
CB,0,0%,0,0%,9,2.04%,BrasCh00,Christian Braswell,jax
SS,0,0%,1100,98.92%,157,35.52%,JenkRa00,Rayshawn Jenkins,jax
SS,0,0%,848,76.26%,128,28.96%,CiscAn00,Andre Cisco,jax
SS,0,0%,14,1.26%,243,54.98%,ThomDa07,Daniel Thomas,jax
FS,0,0%,171,15.38%,239,54.07%,JohnAn07,Antonio Johnson,jax
FS,0,0%,329,29.59%,284,64.25%,WingAn01,Andrew Wingard,jax
LS,0,0%,0,0%,134,30.32%,MatiRo00,Ross Matiscik,jax
K,0,0%,0,0%,158,35.75%,McMaBr01,Brandon McManus,jax
P,0,0%,0,0%,134,30.32%,CookLo00,Logan Cooke,jax
QB,1051,93.01%,0,0%,0,0%,MahoPa00,Patrick Mahomes,kan
QB,79,6.99%,0,0%,0,0%,GabbBl00,Blaine Gabbert,kan
RB,264,23.36%,0,0%,152,35.76%,McKiJe00,Jerick McKinnon,kan
RB,568,50.27%,0,0%,0,0%,PachIs00,Isiah Pacheco,kan
RB,227,20.09%,0,0%,0,0%,EdwaCl00,Clyde Edwards-Helaire,kan
RB,59,5.22%,0,0%,55,12.94%,PeriLa00,La'Mical Perine,kan
RB,0,0%,0,0%,15,3.53%,PrinDe00,Deneric Prince,kan
WR,495,43.81%,0,0%,6,1.41%,MoorSk01,Skyy Moore,kan
WR,618,54.69%,0,0%,0,0%,ValdMa00,Marquez Valdes-Scantling,kan
WR,137,12.12%,0,0%,80,18.82%,JameRi00,Richie James,kan
WR,536,47.43%,0,0%,91,21.41%,WatsJu01,Justin Watson,kan
WR,125,11.06%,0,0%,30,7.06%,HardMe00,Mecole Hardman,kan
WR,622,55.04%,0,0%,1,.24%,RiceRa01,Rashee Rice,kan
WR,230,20.35%,0,0%,7,1.65%,ToneKa00,Kadarius Toney,kan
WR,136,12.04%,0,0%,73,17.18%,RossJu00,Justyn Ross,kan
WR,2,.18%,0,0%,37,8.71%,WashMo00,Montrell Washington,kan
TE,592,52.39%,0,0%,219,51.53%,GrayNo00,Noah Gray,kan
TE,775,68.58%,2,.18%,0,0%,KelcTr00,Travis Kelce,kan
TE,251,22.21%,0,0%,87,20.47%,BellBl00,Blake Bell,kan
TE,7,.62%,0,0%,0,0%,BushMa00,Matt Bushman,kan
T,749,66.28%,0,0%,49,11.53%,SmitDo02,Donovan Smith,kan
T,1076,95.22%,0,0%,74,17.41%,TaylJa02,Jawaan Taylor,kan
T,58,5.13%,0,0%,60,14.12%,NianLu00,Lucas Niang,kan
T,339,30.00%,0,0%,59,13.88%,MorrWa01,Wanya Morris,kan
T,16,1.42%,0,0%,14,3.29%,WanoTe00,Prince Tega Wanogho,kan
G,1086,96.11%,0,0%,73,17.18%,SmitTr05,Trey Smith,kan
G,1097,97.08%,0,0%,4,.94%,ThunJo00,Joe Thuney,kan
G,64,5.66%,0,0%,36,8.47%,CaliMi00,Mike Caliendo,kan
G,79,6.99%,0,0%,74,17.41%,AlleNi00,Nick Allegretti,kan
C,1092,96.64%,0,0%,74,17.41%,HumpCr00,Creed Humphrey,kan
DE,0,0%,745,68.47%,65,15.29%,DannMi00,Michael Danna,kan
DE,0,0%,755,69.39%,65,15.29%,KarlGe00,George Karlaftis III,kan
DE,0,0%,28,2.57%,16,3.76%,ThomBJ00,BJ Thompson,kan
DE,0,0%,404,37.13%,0,0%,OmenCh00,Charles Omenihu,kan
DE,0,0%,218,20.04%,15,3.53%,AnudFe00,Felix Anudike-Uzomah,kan
DE,0,0%,163,14.98%,5,1.18%,HerrMa02,Malik Herring,kan
DT,0,0%,498,45.77%,70,16.47%,NnadDe00,Derrick Nnadi,kan
DT,0,0%,190,17.46%,7,1.65%,DickMa00,Matt Dickerson,kan
DT,0,0%,741,68.11%,0,0%,JoneCh09,Chris Jones,kan
DT,0,0%,399,36.67%,67,15.76%,WharTe00,Tershawn Wharton,kan
DT,0,0%,41,3.77%,0,0%,FarrNe00,Neil Farrell,kan
NT,0,0%,45,4.14%,2,.47%,PennMi00,Mike Pennel,kan
NT,0,0%,9,.83%,0,0%,CobuKe00,Keondre Coburn,kan
LB,0,0%,442,40.63%,24,5.65%,BoltNi00,Nick Bolton,kan
LB,0,0%,624,57.35%,8,1.88%,GayJWi00,Willie Gay Jr.,kan
LB,0,0%,443,40.72%,306,72.00%,ChenLe00,Leo Chenal,kan
LB,0,0%,577,53.03%,97,22.82%,TranDr00,Drue Tranquill,kan
LB,0,0%,180,16.54%,336,79.06%,CochJa00,Jack Cochrane,kan
LB,0,0%,81,7.44%,283,66.59%,JoneCa04,Cam Jones,kan
LB,0,0%,0,0%,23,5.41%,ChriCo00,Cole Christiansen,kan
LB,0,0%,0,0%,71,16.71%,HarrDa07,Darius Harris,kan
CB,0,0%,977,89.80%,12,2.82%,McDuTr00,Trent McDuffie,kan
CB,0,0%,991,91.08%,4,.94%,SneeLJ00,L'Jarius Sneed,kan
CB,0,0%,321,29.50%,304,71.53%,WillJo03,Joshua Williams,kan
CB,0,0%,440,40.44%,189,44.47%,WatsJa02,Jaylen Watson,kan
CB,0,0%,67,6.16%,111,26.12%,JoneNi00,Nic Jones,kan
CB,0,0%,15,1.38%,84,19.76%,BoyeEk00,Ekow Boye-Doe,kan
SS,0,0%,981,90.17%,52,12.24%,ReidJu00,Justin Reid,kan
SS,0,0%,74,6.80%,120,28.24%,BushDe00,Deon Bush,kan
FS,0,0%,592,54.41%,89,20.94%,CookBr02,Bryan Cook,kan
FS,0,0%,305,28.03%,330,77.65%,ConnCh01,Chamarri Conner,kan
FS,0,0%,621,57.08%,118,27.76%,EdwaMi01,Mike Edwards,kan
LS,0,0%,0,0%,135,31.76%,WincJa00,James Winchester,kan
K,0,0%,0,0%,158,37.18%,ButkHa00,Harrison Butker,kan
P,0,0%,0,0%,136,32.00%,TownTo01,Tommy Townsend,kan
QB,641,61.28%,0,0%,0,0%,OConAi00,Aidan O'Connell,rai
QB,325,31.07%,0,0%,0,0%,GaroJi00,Jimmy Garoppolo,rai
QB,80,7.65%,0,0%,0,0%,HoyeBr00,Brian Hoyer,rai
RB,600,57.36%,0,0%,0,0%,JacoJo01,Josh Jacobs,rai
RB,216,20.65%,0,0%,256,58.99%,AbduAm00,Ameer Abdullah,rai
RB,5,.48%,0,0%,356,82.03%,BoldBr00,Brandon Bolden,rai
RB,229,21.89%,0,0%,116,26.73%,WhitZa01,Zamir White,rai
FB,186,17.78%,0,0%,139,32.03%,JohnJa12,Jakob Johnson,rai
WR,963,92.07%,0,0%,3,.69%,AdamDa01,Davante Adams,rai
WR,903,86.33%,0,0%,3,.69%,MeyeJa01,Jakobi Meyers,rai
WR,102,9.75%,0,0%,163,37.56%,CartDe02,DeAndre Carter,rai
WR,12,1.15%,0,0%,173,39.86%,TurnDJ00,DJ Turner,rai
WR,42,4.02%,0,0%,0,0%,WilkKr00,Kristian Wilkerson,rai
WR,363,34.70%,0,0%,3,.69%,RenfHu00,Hunter Renfrow,rai
WR,334,31.93%,0,0%,61,14.06%,TuckTr00,Tre Tucker,rai
TE,602,57.55%,0,0%,63,14.52%,MayeMi00,Michael Mayer,rai
TE,557,53.25%,0,0%,0,0%,HoopAu00,Austin Hooper,rai
TE,21,2.01%,0,0%,11,2.53%,FothCo00,Cole Fotheringham,rai
TE,18,1.72%,0,0%,0,0%,GentZa00,Zach Gentry,rai
TE,8,.76%,0,0%,216,49.77%,HorsJe00,Jesper Horsted,rai
T,704,67.30%,0,0%,48,11.06%,MillKo00,Kolton Miller,rai
T,905,86.52%,0,0%,52,11.98%,ElueJe00,Jermaine Eluemunor,rai
T,521,49.81%,0,0%,51,11.75%,MunfTh00,Thayer Munford,rai
T,14,1.34%,0,0%,25,5.76%,ParkBr01,Brandon Parker,rai
T,16,1.53%,0,0%,6,1.38%,HerrJu00,Justin Herron,rai
G,1042,99.62%,0,0%,65,14.98%,ParhDy00,Dylan Parham,rai
G,1025,97.99%,0,0%,63,14.52%,VanRGr00,Greg Van Roten,rai
G,1,.10%,0,0%,12,2.76%,MutiNe00,Netane Muti,rai
G,92,8.80%,0,0%,65,14.98%,MereJo00,Jordan Meredith,rai
C,964,92.16%,0,0%,0,0%,JameAn01,Andre James,rai
C,15,1.43%,0,0%,7,1.61%,GrasHr00,Hroniss Grasu,rai
DE,0,0%,1081,95.41%,17,3.92%,CrosMa00,Maxx Crosby,rai
DE,0,0%,493,43.51%,63,14.52%,WilsTy01,Tyree Wilson,rai
DE,0,0%,500,44.13%,268,61.75%,KoonMa00,Malcolm Koonce,rai
DE,0,0%,78,6.88%,34,7.83%,RobiJa04,Janarius Robinson,rai
DE,0,0%,120,10.59%,33,7.60%,RochIs00,Isaac Rochell,rai
DT,0,0%,504,44.48%,67,15.44%,TillJe00,Jerry Tillery,rai
DT,0,0%,615,54.28%,73,16.82%,NichBi00,Bilal Nichols,rai
DT,0,0%,594,52.43%,75,17.28%,JenkJo00,John Jenkins,rai
DT,0,0%,527,46.51%,75,17.28%,ButlAd00,Adam Butler,rai
DT,0,0%,99,8.74%,13,3.00%,YounBy00,Byron Young,rai
DT,0,0%,24,2.12%,3,.69%,JadeNe00,Nesta Jade Silvera,rai
DT,0,0%,11,.97%,8,1.84%,ButlMa02,Matthew Butler,rai
LB,0,0%,1101,97.18%,32,7.37%,SpilRo00,Robert Spillane,rai
LB,0,0%,772,68.14%,30,6.91%,DeabDi00,Divine Deablo,rai
LB,0,0%,89,7.86%,76,17.51%,BurnAm00,Amari Burney,rai
LB,0,0%,25,2.21%,0,0%,SmitJa05,Jaylon Smith,rai
LB,0,0%,181,15.98%,333,76.73%,MastLu00,Luke Masterson,rai
LB,0,0%,15,1.32%,253,58.29%,BoltCu00,Curtis Bolton,rai
LB,0,0%,11,.97%,55,12.67%,MaugKa00,Kana'i Mauga,rai
LB,0,0%,63,5.56%,26,5.99%,ReedMa01,Malik Reed,rai
CB,0,0%,776,68.49%,26,5.99%,HobbNa00,Nate Hobbs,rai
CB,0,0%,360,31.77%,27,6.22%,BennJa00,Jakorian Bennett,rai
CB,0,0%,732,64.61%,0,0%,PeteMa00,Marcus Peters,rai
CB,0,0%,345,30.45%,10,2.30%,JoneJa10,Jack Jones,rai
CB,0,0%,44,3.88%,8,1.84%,FacyBr00,Brandon Facyson,rai
CB,0,0%,675,59.58%,69,15.90%,RobeAm00,Amik Robertson,rai
CB,0,0%,160,14.12%,83,19.12%,HallTy01,Tyler Hall,rai
CB,0,0%,133,11.74%,16,3.69%,LongDa02,David Long,rai
CB,0,0%,0,0%,1,.23%,PridTr00,Troy Pride Jr.,rai
SS,0,0%,1031,91.00%,11,2.53%,EppsMa00,Marcus Epps,rai
SS,0,0%,46,4.06%,105,24.19%,TeamRo00,Roderic Teamer,rai
SS,0,0%,22,1.94%,191,44.01%,SmitCh04,Christopher Smith,rai
FS,0,0%,1106,97.62%,2,.46%,MoehTr00,Tre'von Moehrig,rai
FS,0,0%,130,11.47%,304,70.05%,PolaIs00,Isaiah Pola-Mao,rai
LS,0,0%,0,0%,141,32.49%,BobeJa00,Jacob Bobenmoyer,rai
K,0,0%,0,0%,143,32.95%,CarlDa00,Daniel Carlson,rai
P,0,0%,0,0%,141,32.49%,ColeAJ01,AJ Cole III,rai
QB,838,72.37%,0,0%,0,0%,HerbJu00,Justin Herbert,sdg
QB,320,27.63%,0,0%,0,0%,SticEa00,Easton Stick,sdg
RB,392,33.85%,0,0%,78,17.03%,KellJo01,Joshua Kelley,sdg
RB,630,54.40%,0,0%,0,0%,EkelAu00,Austin Ekeler,sdg
RB,111,9.59%,0,0%,0,0%,SpilIs00,Isaiah Spiller,sdg
RB,16,1.38%,0,0%,19,4.15%,DotsEl00,Elijah Dotson,sdg
WR,779,67.27%,0,0%,1,.22%,AlleKe00,Keenan Allen,sdg
WR,167,14.42%,0,0%,0,0%,WillMi07,Mike Williams,sdg
WR,525,45.34%,0,0%,0,0%,PalmJo00,Josh Palmer,sdg
WR,329,28.41%,0,0%,17,3.71%,EricAl01,Alex Erickson,sdg
WR,255,22.02%,0,0%,0,0%,GuytJa01,Jalen Guyton,sdg
WR,748,64.59%,0,0%,0,0%,JohnQu02,Quentin Johnston,sdg
WR,149,12.87%,0,0%,160,34.93%,DaviDe02,Derius Davis,sdg
WR,98,8.46%,0,0%,6,1.31%,DossKe00,Keelan Doss,sdg
WR,24,2.07%,0,0%,36,7.86%,FehoSi00,Simi Fehoko,sdg
WR,1,.09%,0,0%,0,0%,BynuTe00,Terrell Bynum,sdg
TE,572,49.40%,0,0%,0,0%,EverGe00,Gerald Everett,sdg
TE,460,39.72%,0,0%,0,0%,ParhDo00,Donald Parham,sdg
TE,309,26.68%,0,0%,152,33.19%,SmarSt00,Stone Smartt,sdg
TE,4,.35%,0,0%,58,12.66%,AndeSt01,Stephen Anderson,sdg
TE,66,5.70%,0,0%,35,7.64%,McKiTr00,Tre' McKitty,sdg
TE,125,10.79%,0,0%,68,14.85%,VannNi00,Nick Vannett,sdg
TE,1,.09%,0,0%,8,1.75%,KampHu00,Hunter Kampmoyer,sdg
T,1120,96.72%,0,0%,63,13.76%,PipkTr00,Trey Pipkins,sdg
T,1158,100.00%,0,0%,63,13.76%,SlatRa00,Rashawn Slater,sdg
T,10,.86%,0,0%,4,.87%,PleaAu00,Austen Pleasants,sdg
T,48,4.15%,0,0%,68,14.85%,SareFo00,Foster Sarell,sdg
G,1148,99.14%,0,0%,68,14.85%,SalyJa00,Jamaree Salyer,sdg
G,1010,87.22%,0,0%,60,13.10%,JohnZi00,Zion Johnson,sdg
G,241,20.81%,0,0%,53,11.57%,JaimBr00,Brenden Jaimes,sdg
G,163,14.08%,0,0%,12,2.62%,McFaJo00,Jordan McFadden,sdg
C,215,18.57%,0,0%,0,0%,LinsCo00,Corey Linsley,sdg
C,706,60.97%,0,0%,36,7.86%,ClapWi00,Will Clapp,sdg
C,0,0%,0,0%,2,.44%,TomxCa00,Cameron Tom,sdg
DE,0,0%,320,27.78%,0,0%,BosaJo00,Joey Bosa,sdg
DE,0,0%,934,81.08%,2,.44%,MackKh00,Khalil Mack,sdg
DE,0,0%,852,73.96%,205,44.76%,TuipTu00,Tuli Tuipulotu,sdg
DE,0,0%,103,8.94%,100,21.83%,RumpCh00,Chris Rumph,sdg
DE,0,0%,10,.87%,2,.44%,ShelTy01,Ty Shelby,sdg
DE,0,0%,12,1.04%,18,3.93%,AlleBr04,Brevin Allen,sdg
DT,0,0%,400,34.72%,107,23.36%,WillNi01,Nick Williams,sdg
DT,0,0%,560,48.61%,33,7.21%,JoseSe00,Sebastian Joseph-Day,sdg
DT,0,0%,640,55.56%,73,15.94%,JohnAu01,Austin Johnson,sdg
DT,0,0%,437,37.93%,81,17.69%,FoxxMo00,Morgan Fox,sdg
DT,0,0%,223,19.36%,33,7.21%,OgboOt00,Otito Ogbonnia,sdg
DT,0,0%,81,7.03%,17,3.71%,HintCh01,Christopher Hinton,sdg
NT,0,0%,266,23.09%,94,20.52%,MatlSc00,Scott Matlock,sdg
LB,0,0%,848,73.61%,17,3.71%,KendEr00,Eric Kendricks,sdg
LB,0,0%,968,84.03%,9,1.97%,MurrKe00,Kenneth Murray,sdg
LB,0,0%,5,.43%,316,69.00%,OgboAm00,Amen Ogbongbemiga,sdg
LB,0,0%,0,0%,198,43.23%,MuseTa00,Tanner Muse,sdg
LB,0,0%,113,9.81%,37,8.08%,HollJu00,Justin Hollins,sdg
LB,0,0%,245,21.27%,340,74.24%,NiemNi00,Nick Niemann,sdg
LB,0,0%,60,5.21%,48,10.48%,FarmAn00,Andrew Farmer,sdg
LB,0,0%,53,4.60%,265,57.86%,HenlDa00,Daiyan Henley,sdg
LB,0,0%,0,0%,131,28.60%,LyncBl00,Blake Lynch,sdg
CB,0,0%,885,76.82%,109,23.80%,DaviMi03,Michael Davis,sdg
CB,0,0%,1111,96.44%,87,19.00%,SamuAs00,Asante Samuel Jr.,sdg
CB,0,0%,85,7.38%,0,0%,JackJ.00,J.C. Jackson,sdg
CB,0,0%,532,46.18%,210,45.85%,TaylJa04,Ja'Sir Taylor,sdg
CB,0,0%,222,19.27%,162,35.37%,LeonDe00,Deane Leonard,sdg
CB,0,0%,210,18.23%,61,13.32%,BassEs01,Essang Bassey,sdg
SS,0,0%,928,80.56%,93,20.31%,GilmAl00,Alohi Gilman,sdg
SS,0,0%,1002,86.98%,9,1.97%,JameDe00,Derwin James,sdg
SS,0,0%,297,25.78%,258,56.33%,MarlDe00,Dean Marlowe,sdg
SS,0,0%,76,6.60%,74,16.16%,LaynRa00,Raheem Layne,sdg
FS,0,0%,60,5.21%,16,3.49%,WoodJT00,JT Woods,sdg
FS,0,0%,26,2.26%,200,43.67%,FinlAJ00,AJ Finley,sdg
FS,0,0%,108,9.38%,126,27.51%,HawkJa00,Jaylinn Hawkins,sdg
LS,0,0%,0,0%,144,31.44%,HarrJo02,Josh Harris,sdg
"K,P",0,0%,0,0%,149,32.53%,DickCa00,Cameron Dicker,sdg
P,0,0%,0,0%,144,31.44%,ScotJK00,JK Scott,sdg
QB,1000,87.11%,0,0%,0,0%,StafMa00,Matthew Stafford,ram
QB,78,6.79%,0,0%,0,0%,RypiBr00,Brett Rypien,ram
QB,70,6.10%,0,0%,0,0%,WentCa00,Carson Wentz,ram
RB,678,59.06%,0,0%,25,5.39%,WillKy02,Kyren Williams,ram
RB,126,10.98%,0,0%,0,0%,HendDa00,Darrell Henderson,ram
RB,28,2.44%,0,0%,0,0%,AkerCa00,Cam Akers,ram
RB,93,8.10%,0,0%,97,20.91%,RiveRo01,Ronnie Rivers,ram
RB,207,18.03%,0,0%,164,35.34%,FreeRo00,Royce Freeman,ram
RB,0,0%,0,0%,6,1.29%,GaskMy00,Myles Gaskin,ram
RB,16,1.39%,0,0%,51,10.99%,EvanZa00,Zach Evans,ram
WR,265,23.08%,0,0%,0,0%,JeffVa00,Van Jefferson,ram
WR,687,59.84%,0,0%,0,0%,AtweTu00,Tutu Atwell,ram
WR,1000,87.11%,0,0%,7,1.51%,NacuPu00,Puka Nacua,ram
WR,710,61.85%,0,0%,7,1.51%,KuppCo00,Cooper Kupp,ram
WR,36,3.14%,0,0%,4,.86%,JohnTy00,Tyler Johnson,ram
WR,216,18.82%,0,0%,327,70.47%,SkowBe00,Ben Skowronek,ram
WR,73,6.36%,0,0%,139,29.96%,TramAu00,Austin Trammell,ram
WR,396,34.49%,0,0%,93,20.04%,RobiDe01,Demarcus Robinson,ram
TE,866,75.44%,0,0%,6,1.29%,HigbTy00,Tyler Higbee,ram
TE,96,8.36%,0,0%,28,6.03%,HopkBr01,Brycen Hopkins,ram
TE,55,4.79%,0,0%,25,5.39%,LongHu00,Hunter Long,ram
TE,192,16.72%,0,0%,104,22.41%,AlleDa02,Davis Allen,ram
T,573,49.91%,0,0%,61,13.15%,NoteJo00,Joseph Noteboom,ram
T,857,74.65%,0,0%,67,14.44%,HaveRo00,Rob Havenstein,ram
T,969,84.41%,0,0%,65,14.01%,JackAl01,Alaric Jackson,ram
T,32,2.79%,0,0%,21,4.53%,McClWa00,Warren McClendon,ram
T,35,3.05%,0,0%,9,1.94%,ThomZa04,Zachary Thomas,ram
G,882,76.83%,0,0%,62,13.36%,DotsKe00,Kevin Dotson,ram
G,1148,100.00%,0,0%,80,17.24%,AvilSt00,Steve Avila,ram
G,96,8.36%,0,0%,80,17.24%,AnchTr00,Tremayne Anchrum,ram
C,1114,97.04%,0,0%,10,2.16%,ShelCo00,Coleman Shelton,ram
C,34,2.96%,0,0%,10,2.16%,AlleBr02,Brian Allen,ram
DE,0,0%,598,52.73%,165,35.56%,WillJo16,Jonah Williams,ram
DE,0,0%,56,4.94%,0,0%,BrowEa00,Earnest Brown IV,ram
DT,0,0%,867,76.46%,7,1.51%,DonaAa00,Aaron Donald,ram
DT,0,0%,44,3.88%,19,4.09%,DurdCo00,Cory Durden,ram
DT,0,0%,11,.97%,0,0%,CopeMa01,Marquise Copeland,ram
DT,0,0%,252,22.22%,38,8.19%,MurcLa00,Larrell Murchison,ram
DT,0,0%,102,8.99%,0,0%,JohnDe08,Desjuan Johnson,ram
NT,0,0%,697,61.46%,84,18.10%,TurnKo00,Kobie Turner,ram
NT,0,0%,313,27.60%,28,6.03%,BrowBo04,Bobby Brown,ram
LB,0,0%,962,84.83%,206,44.40%,HoecMi00,Michael Hoecht,ram
LB,0,0%,934,82.36%,66,14.22%,JoneEr01,Ernest Jones,ram
LB,0,0%,550,48.50%,320,68.97%,RozeCh00,Christian Rozeboom,ram
LB,0,0%,969,85.45%,20,4.31%,YounBy01,Byron Young,ram
LB,0,0%,94,8.29%,64,13.79%,ThomKe04,Keir Thomas,ram
LB,0,0%,43,3.79%,373,80.39%,HummJa00,Jake Hummel,ram
LB,0,0%,97,8.55%,56,12.07%,VanVZa00,Zach VanValkenburg,ram
LB,0,0%,0,0%,12,2.59%,FatuOl00,Olakunle Fatukasi,ram
LB,0,0%,192,16.93%,273,58.84%,ReedTr01,Troy Reeder,ram
LB,0,0%,66,5.82%,86,18.53%,HampNi00,Nick Hampton,ram
LB,0,0%,74,6.53%,19,4.09%,MathOc00,Ochaun Mathis,ram
CB,0,0%,858,75.66%,71,15.30%,KendDe00,Derion Kendrick,ram
CB,0,0%,1060,93.47%,2,.43%,WithAh00,Ahkello Witherspoon,ram
CB,0,0%,643,56.70%,38,8.19%,DuraDe01,Cobie Durant,ram
CB,0,0%,0,0%,89,19.18%,JollSh00,Shaun Jolly,ram
CB,0,0%,45,3.97%,318,68.53%,HodgTr00,Tre'Vius Tomlinson,ram
CB,0,0%,76,6.70%,190,40.95%,ShelDu00,Duke Shelley,ram
SS,0,0%,802,70.72%,75,16.16%,YeasRu00,Russ Yeast,ram
SS,0,0%,518,45.68%,105,22.63%,JohnJo10,John Johnson,ram
FS,0,0%,1059,93.39%,118,25.43%,FullJo01,Jordan Fuller,ram
FS,0,0%,453,39.95%,140,30.17%,LakeQu00,Quentin Lake,ram
FS,0,0%,39,3.44%,111,23.92%,TaylJa05,Jason Taylor,ram
LS,0,0%,0,0%,115,24.78%,WardAl00,Alex Ward,ram
LS,0,0%,0,0%,30,6.47%,TinkCa00,Carson Tinker,ram
K,0,0%,0,0%,40,8.62%,MaheBr01,Brett Maher,ram
K,0,0%,0,0%,50,10.78%,HavrLu00,Lucas Havrisik,ram
P,0,0%,0,0%,227,48.92%,EvanEt00,Ethan Evans,ram
QB,906,86.20%,0,0%,0,0%,SmitGe00,Geno Smith,sea
QB,145,13.80%,0,0%,0,0%,LockDr00,Drew Lock,sea
RB,502,47.76%,0,0%,0,0%,WalkKe00,Kenneth Walker III,sea
RB,96,9.13%,0,0%,286,61.90%,DallDe00,DeeJay Dallas,sea
RB,478,45.48%,0,0%,89,19.26%,CharZa00,Zach Charbonnet,sea
RB,0,0%,0,0%,13,2.81%,McInKe00,Kenny McIntosh,sea
RB,2,.19%,0,0%,0,0%,ThomSa00,SaRodorick Thompson,sea
WR,831,79.07%,0,0%,2,.43%,MetcDK00,D.K. Metcalf,sea
WR,839,79.83%,0,0%,2,.43%,LockTy00,Tyler Lockett,sea
WR,675,64.22%,0,0%,0,0%,SmitJa06,Jaxon Smith-Njigba,sea
WR,304,28.92%,0,0%,139,30.09%,BoboJa00,Jake Bobo,sea
WR,9,.86%,0,0%,101,21.86%,YounDa02,Dareke Young,sea
WR,23,2.19%,0,0%,93,20.13%,ThomCo04,Cody Thompson,sea
WR,18,1.71%,0,0%,49,10.61%,EskrDW00,D'Wayne Eskridge,sea
WR,2,.19%,0,0%,0,0%,WinsEa00,Easop Winston,sea
TE,497,47.29%,0,0%,134,29.00%,ParkCo02,Colby Parkinson,sea
TE,380,36.16%,0,0%,178,38.53%,DissWi00,Will Dissly,sea
TE,16,1.52%,0,0%,312,67.53%,RussBr00,Brady Russell,sea
TE,574,54.61%,0,0%,1,.22%,FantNo00,Noah Fant,sea
T,836,79.54%,0,0%,56,12.12%,CrosCh00,Charles Cross,sea
T,273,25.98%,0,0%,19,4.11%,LucaAb00,Abraham Lucas,sea
T,217,20.65%,0,0%,0,0%,PeteJa21,Jason Peters,sea
T,299,28.45%,0,0%,50,10.82%,CurhJa00,Jake Curhan,sea
T,501,47.67%,0,0%,76,16.45%,ForsSt00,Stone Forsythe,sea
T,4,.38%,0,0%,19,4.11%,ONeaRa00,Raiqwon O'Neal,sea
G,441,41.96%,0,0%,31,6.71%,HaynPh00,Phil Haynes,sea
G,931,88.58%,0,0%,66,14.29%,LewiDa05,Damien Lewis,sea
G,8,.76%,0,0%,7,1.52%,BrowBe01,Ben Brown,sea
G,661,62.89%,0,0%,61,13.20%,BradAn00,Anthony Bradford,sea
G,0,0%,0,0%,4,.87%,CurtMc00,McClendon Curtis,sea
C,960,91.34%,0,0%,11,2.38%,BrowEv00,Evan Brown,sea
C,129,12.27%,0,0%,58,12.55%,OluwOl00,Olusegun Oluwatimi,sea
DE,0,0%,762,64.09%,79,17.10%,JoneDr00,Dre'Mont Jones,sea
DE,0,0%,26,2.19%,8,1.73%,MorrMi00,Mike Morris,sea
DE,0,0%,392,32.97%,31,6.71%,EdwaMa01,Mario Edwards,sea
DE,0,0%,87,7.32%,29,6.28%,AdamMy00,Myles Adams,sea
DT,0,0%,524,44.07%,52,11.26%,WillLe02,Leonard Williams,sea
DT,0,0%,22,1.85%,6,1.30%,FaolAu00,Austin Faoliu,sea
NT,0,0%,809,68.04%,67,14.50%,ReedJa02,Jarran Reed,sea
NT,0,0%,205,17.24%,86,18.61%,YounCa00,Cameron Young,sea
LB,0,0%,1170,98.40%,83,17.97%,WagnBo00,Bobby Wagner,sea
LB,0,0%,283,23.80%,6,1.30%,NwosUc00,Uchenna Nwosu,sea
LB,0,0%,802,67.45%,2,.43%,BrooJo01,Jordyn Brooks,sea
LB,0,0%,808,67.96%,77,16.67%,MafeBo00,Boye Mafe,sea
LB,0,0%,522,43.90%,75,16.23%,TaylDa00,Darrell Taylor,sea
LB,0,0%,307,25.82%,287,62.12%,HallDe04,Derick Hall,sea
LB,0,0%,250,21.03%,138,29.87%,BushDe01,Devin Bush Jr.,sea
LB,4,.38%,14,1.18%,366,79.22%,BellNi01,Nick Bellore,sea
LB,0,0%,142,11.94%,0,0%,ClarFr01,Frank Clark,sea
LB,0,0%,0,0%,17,3.68%,OConPa01,Patrick O'Connell,sea
LB,0,0%,19,1.60%,303,65.58%,RhatJo00,Jon Rhattigan,sea
LB,0,0%,4,.34%,118,25.54%,ThomDr00,Drake Thomas,sea
LB,0,0%,9,.76%,5,1.08%,SmitTy03,Tyreke Smith,sea
CB,0,0%,939,78.97%,94,20.35%,WoolTa00,Riq Woolen,sea
CB,0,0%,883,74.26%,0,0%,WithDe00,Devon Witherspoon,sea
CB,0,0%,146,12.28%,57,12.34%,BryaCo01,Coby Bryant,sea
CB,0,0%,603,50.71%,25,5.41%,BrowTr03,Tre Brown,sea
CB,0,0%,472,39.70%,236,51.08%,JackMi01,Michael Jackson,sea
CB,0,0%,231,19.43%,181,39.18%,BurnAr00,Artie Burns,sea
CB,0,0%,2,.17%,8,1.73%,BoykLa00,Lance Boykin,sea
CB,0,0%,0,0%,8,1.73%,JoseKe02,Kelvin Joseph,sea
CB,0,0%,0,0%,38,8.23%,BluxKy00,Kyu Blu Kelly,sea
SS,0,0%,937,78.81%,88,19.05%,LoveJu00,Julian Love,sea
SS,0,0%,29,2.44%,157,33.98%,ReedJe00,Jerrick Reed,sea
SS,0,0%,518,43.57%,0,0%,AdamJa00,Jamal Adams,sea
SS,0,0%,0,0%,38,8.23%,OkadTy00,Ty Okada,sea
FS,0,0%,1155,97.14%,0,0%,DiggQu00,Quandre Diggs,sea
FS,0,0%,12,1.01%,3,.65%,TaboTe00,Teez Tabor,sea
LS,0,0%,0,0%,144,31.17%,StolCh00,Chris Stoll,sea
K,0,0%,0,0%,161,34.85%,MyerJa00,Jason Myers,sea
P,0,0%,0,0%,144,31.17%,DickMi00,Michael Dickson,sea
QB,936,87.80%,0,0%,0,0%,PurdBr00,Brock Purdy,sfo
QB,130,12.20%,0,0%,0,0%,DarnSa00,Sam Darnold,sfo
RB,812,76.17%,0,0%,1,.23%,McCaCh01,Christian McCaffrey,sfo
RB,99,9.29%,0,0%,248,57.14%,MasoJo00,Jordan Mason,sfo
RB,161,15.10%,0,0%,0,0%,MitcEl00,Elijah Mitchell,sfo
RB,7,.66%,0,0%,0,0%,DaviTy03,Tyrion Davis-Price,sfo
RB,0,0%,0,0%,20,4.61%,McNiJe00,Jeremy McNichols,sfo
FB,495,46.44%,0,0%,36,8.29%,JuszKy00,Kyle Juszczyk,sfo
WR,708,66.42%,0,0%,24,5.53%,SamuDe00,Deebo Samuel,sfo
WR,803,75.33%,0,0%,2,.46%,AiyuBr00,Brandon Aiyuk,sfo
WR,361,33.86%,0,0%,23,5.30%,JennJa00,Jauan Jennings,sfo
WR,209,19.61%,0,0%,94,21.66%,McClRa00,Ray-Ray McCloud,sfo
WR,47,4.41%,0,0%,23,5.30%,SneaWi00,Willie Snead,sfo
WR,183,17.17%,0,0%,112,25.81%,BellRo01,Ronnie Bell,sfo
WR,110,10.32%,0,0%,73,16.82%,ConlCh00,Chris Conley,sfo
WR,3,.28%,0,0%,4,.92%,MartTa00,Tay Martin,sfo
TE,895,83.96%,0,0%,2,.46%,KittGe00,George Kittle,sfo
TE,312,29.27%,0,0%,343,79.03%,WoerCh00,Charlie Woerner,sfo
TE,76,7.13%,0,0%,206,47.47%,DwelRo00,Ross Dwelley,sfo
TE,48,4.50%,0,0%,101,23.27%,WillBr06,Brayden Willis,sfo
T,1040,97.56%,0,0%,87,20.05%,McKiCo00,Colton McKivitz,sfo
T,809,75.89%,0,0%,0,0%,WillTr21,Trent Williams,sfo
T,226,21.20%,0,0%,81,18.66%,MoorJa04,Jaylon Moore,sfo
T,42,3.94%,0,0%,79,18.20%,PryoMa00,Matt Pryor,sfo
T,0,0%,0,0%,5,1.15%,DaviJe00,Jesse Davis,sfo
G,846,79.36%,0,0%,71,16.36%,BurfSp00,Spencer Burford,sfo
G,837,78.52%,0,0%,56,12.90%,BankAa00,Aaron Banks,sfo
G,0,0%,0,0%,18,4.15%,ZakeNi00,Nick Zakelj,sfo
G,28,2.63%,0,0%,23,5.30%,BartBe00,Ben Bartch,sfo
C,1024,96.06%,0,0%,11,2.53%,BrenJa01,Jake Brendel,sfo
C,478,44.84%,0,0%,81,18.66%,FeliJo00,Jon Feliciano,sfo
C,0,0%,0,0%,10,2.30%,LuciCo00,Corey Luciano,sfo
DE,0,0%,328,30.04%,12,2.76%,YounCh04,Chase Young,sfo
DE,0,0%,821,75.18%,7,1.61%,BosaNi00,Nick Bosa,sfo
DE,0,0%,471,43.13%,59,13.59%,FerrCl00,Clelin Ferrell,sfo
DE,0,0%,199,18.22%,33,7.60%,JackDr01,Drake Jackson,sfo
DE,0,0%,39,3.57%,40,9.22%,BealRo00,Robert Beal,sfo
DE,0,0%,59,5.40%,9,2.07%,HydeKe01,Kerry Hyder,sfo
DE,0,0%,36,3.30%,2,.46%,BryaAu00,Austin Bryant,sfo
DT,0,0%,632,57.88%,6,1.38%,HargJa00,Javon Hargrave,sfo
DT,0,0%,509,46.61%,3,.69%,ArmsAr01,Arik Armstead,sfo
DT,0,0%,51,4.67%,10,2.30%,McGiT.00,T.Y. McGill,sfo
DT,0,0%,476,43.59%,58,13.36%,KinlJa00,Javon Kinlaw,sfo
DT,0,0%,398,36.45%,60,13.82%,GiveKe01,Kevin Givens,sfo
DT,0,0%,54,4.95%,5,1.15%,DaviKa01,Kalia Davis,sfo
DT,0,0%,44,4.03%,0,0%,JoseSe00,Sebastian Joseph-Day,sfo
LB,0,0%,982,89.93%,65,14.98%,WarnFr00,Fred Warner,sfo
LB,0,0%,848,77.66%,8,1.84%,GreeDr00,Dre Greenlaw,sfo
LB,0,0%,272,24.91%,46,10.60%,GregRa00,Randy Gregory,sfo
LB,0,0%,3,.27%,54,12.44%,RobiCu00,Curtis Robinson,sfo
LB,0,0%,161,14.74%,293,67.51%,FlanDe00,Demetrius Flannigan-Fowles,sfo
LB,0,0%,60,5.49%,226,52.07%,WintDe00,Dee Winters,sfo
LB,0,0%,326,29.85%,156,35.94%,BurkOr00,Oren Burks,sfo
LB,0,0%,0,0%,58,13.36%,GrahJa02,Jalen Graham,sfo
CB,0,0%,981,89.84%,63,14.52%,LenoDe00,Deommodore Lenoir,sfo
CB,0,0%,931,85.26%,29,6.68%,WardCh01,Charvarius Ward,sfo
CB,0,0%,502,45.97%,169,38.94%,OlivIs00,Isaiah Oliver,sfo
CB,0,0%,481,44.05%,114,26.27%,ThomAm00,Ambry Thomas,sfo
CB,0,0%,23,2.11%,46,10.60%,ShefKe00,Kendall Sheffield,sfo
CB,0,0%,70,6.41%,105,24.19%,WomaSa00,Samuel Womack,sfo
CB,0,0%,0,0%,33,7.60%,SwilTr00,Tre Swilling,sfo
CB,0,0%,3,.27%,68,15.67%,JeanSh00,Shemar Jean-Charles,sfo
CB,0,0%,64,5.86%,101,23.27%,LuteDa00,Darrell Luter,sfo
CB,0,0%,5,.46%,0,0%,VerrJa00,Jason Verrett,sfo
CB,0,0%,0,0%,3,.69%,BrowAn02,Anthony Brown,sfo
SS,0,0%,67,6.14%,12,2.76%,HawkTa01,Tayler Hawkins,sfo
SS,1,.09%,577,52.84%,43,9.91%,HufaTa00,Talanoa Hufanga,sfo
SS,0,0%,395,36.17%,173,39.86%,BrowJi01,Ji'Ayir Brown,sfo
FS,0,0%,976,89.38%,29,6.68%,GipsTa00,Tashaun Gipson,sfo
FS,0,0%,37,3.39%,196,45.16%,OdumGe00,George Odum,sfo
FS,0,0%,4,.37%,48,11.06%,HarrEr00,Erik Harris,sfo
FS,0,0%,125,11.45%,29,6.68%,RyanLo00,Logan Ryan,sfo
LS,0,0%,0,0%,140,32.26%,PeppTa00,Taybor Pepper,sfo
K,0,0%,0,0%,177,40.78%,MoodJa00,Jake Moody,sfo
P,0,0%,0,0%,147,33.87%,WishMi00,Mitch Wishnowsky,sfo
QB,1100,99.73%,0,0%,0,0%,MayfBa00,Baker Mayfield,tam
QB,3,.27%,0,0%,0,0%,TrasKy00,Kyle Trask,tam
RB,861,78.06%,0,0%,0,0%,WhitRa01,Rachaad White,tam
RB,32,2.90%,0,0%,85,19.77%,TuckSe00,Sean Tucker,tam
RB,156,14.14%,0,0%,137,31.86%,EdmoCh00,Chase Edmonds,tam
RB,60,5.44%,0,0%,21,4.88%,VaugKe00,Ke'Shawn Vaughn,tam
WR,892,80.87%,0,0%,1,.23%,GodwCh00,Chris Godwin,tam
WR,863,78.24%,0,0%,1,.23%,EvanMi00,Mike Evans,tam
WR,251,22.76%,0,0%,144,33.49%,ThomDe07,Deven Thompkins,tam
WR,718,65.10%,0,0%,5,1.16%,PalmTr00,Trey Palmer,tam
WR,105,9.52%,0,0%,72,16.74%,MoorDa03,David Moore,tam
WR,3,.27%,0,0%,12,2.79%,MillRy01,Ryan Miller,tam
WR,115,10.43%,0,0%,111,25.81%,JarrRa00,Rakim Jarrett,tam
TE,1064,96.46%,0,0%,4,.93%,OttoCa00,Cade Otton,tam
TE,207,18.77%,0,0%,276,64.19%,KiefKo00,Ko Kieft,tam
TE,128,11.60%,0,0%,103,23.95%,DurhPa00,Payne Durham,tam
TE,43,3.90%,0,0%,22,5.12%,WellDa00,David Wells,tam
T,1100,99.73%,0,0%,62,14.42%,WirfTr00,Tristan Wirfs,tam
T,19,1.72%,0,0%,65,15.12%,SkulJu00,Justin Skule,tam
G,386,35.00%,0,0%,48,11.16%,FeilMa00,Matt Feiler,tam
G,1103,100.00%,0,0%,65,15.12%,MaucCo00,Cody Mauch,tam
G,1103,100.00%,0,0%,65,15.12%,GoedLu00,Luke Goedeke,tam
G,0,0%,0,0%,16,3.72%,WaltBr01,Brandon Walton,tam
G,718,65.10%,0,0%,47,10.93%,StinAa00,Aaron Stinnie,tam
G,0,0%,0,0%,4,.93%,LeveNi00,Nick Leverett,tam
C,1103,100.00%,0,0%,0,0%,HainRo00,Robert Hainsey,tam
DE,0,0%,543,48.22%,46,10.70%,HallLo00,Logan Hall,tam
DE,0,0%,244,21.67%,75,17.44%,GholWi00,William Gholston,tam
DE,0,0%,577,51.24%,7,1.63%,KancCa00,Calijah Kancey,tam
DE,0,0%,42,3.73%,71,16.51%,OConPa00,Pat O'Connor,tam
DT,0,0%,168,14.92%,38,8.84%,GreeMi01,Mike Greene,tam
DT,0,0%,18,1.60%,5,1.16%,SenaDe00,Deadrin Senat,tam
NT,0,0%,607,53.91%,11,2.56%,VeaxVi00,Vita Vea,tam
NT,0,0%,473,42.01%,4,.93%,GainGr00,Greg Gaines,tam
LB,0,0%,894,79.40%,7,1.63%,WhitDe02,Devin White,tam
LB,0,0%,957,84.99%,8,1.86%,DaviLa00,Lavonte David,tam
LB,0,0%,579,51.42%,79,18.37%,TryoJo00,Joe Tryon-Shoyinka,tam
LB,0,0%,652,57.90%,6,1.40%,BarrSh00,Shaquil Barrett,tam
LB,0,0%,515,45.74%,97,22.56%,DiabYa00,YaYa Diaby,tam
LB,0,0%,409,36.32%,197,45.81%,NelsAn01,Anthony Nelson,tam
LB,0,0%,101,8.97%,213,49.53%,DennSi00,SirVocea Dennis,tam
LB,0,0%,160,14.21%,264,61.40%,BritKJ00,K.J. Britt,tam
LB,0,0%,62,5.51%,308,71.63%,GillCa00,Cam Gill,tam
LB,0,0%,71,6.31%,128,29.77%,RussJJ00,J.J. Russell,tam
LB,0,0%,45,4.00%,91,21.16%,WattMa00,Markees Watts,tam
CB,0,0%,712,63.23%,40,9.30%,DeanJa00,Jamel Dean,tam
CB,0,0%,715,63.50%,6,1.40%,DaviCa02,Carlton Davis,tam
CB,0,0%,29,2.58%,279,64.88%,HayeJo01,Josh Hayes,tam
CB,0,0%,785,69.72%,227,52.79%,McCoZy02,Zyon McCollum,tam
CB,0,0%,18,1.60%,46,10.70%,PittDe01,Derrek Pitts,tam
CB,0,0%,0,0%,22,5.12%,IsaaKe00,Keenan Isaac,tam
CB,0,0%,449,39.88%,118,27.44%,DelaDe00,Dee Delaney,tam
SS,0,0%,581,51.60%,95,22.09%,NealRy00,Ryan Neal,tam
SS,0,0%,719,63.85%,146,33.95%,IzieCh00,Christian Izien,tam
FS,0,0%,1100,97.69%,0,0%,WinfAn00,Antoine Winfield Jr.,tam
FS,0,0%,159,14.12%,289,67.21%,MerrKa00,Kaevon Merriweather,tam
FS,0,0%,0,0%,4,.93%,LeCoRi00,Richard LeCounte,tam
LS,0,0%,0,0%,143,33.26%,TrinZa00,Zach Triner,tam
K,0,0%,0,0%,65,15.12%,McLaCh00,Chase McLaughlin,tam
P,0,0%,0,0%,225,52.33%,CamaJa00,Jake Camarda,tam
QB,528,50.29%,0,0%,0,0%,LeviWi00,Will Levis,oti
QB,500,47.62%,0,0%,2,.44%,TannRy00,Ryan Tannehill,oti
QB,22,2.10%,0,0%,0,0%,WillMa12,Malik Willis,oti
RB,558,53.14%,0,0%,47,10.35%,SpeaTy00,Tyjae Spears,oti
RB,558,53.14%,0,0%,0,0%,HenrDe00,Derrick Henry,oti
RB,10,.95%,0,0%,90,19.82%,WardJo00,Jonathan Ward,oti
RB,7,.67%,0,0%,37,8.15%,ChesJu00,Julius Chestnut,oti
WR,611,58.19%,0,0%,96,21.15%,WestNi00,Nick Westbrook-Ikhine,oti
WR,443,42.19%,0,0%,1,.22%,BurkTr00,Treylon Burks,oti
WR,758,72.19%,0,0%,1,.22%,HopkDe00,DeAndre Hopkins,oti
WR,51,4.86%,0,0%,139,30.62%,DoweCo00,Colton Dowell,oti
WR,596,56.76%,0,0%,98,21.59%,MoorCh00,Chris Moore,oti
WR,132,12.57%,0,0%,5,1.10%,PhilKy01,Kyle Philips,oti
WR,0,0%,0,0%,21,4.63%,JackKe02,Kearis Jackson,oti
WR,25,2.38%,0,0%,22,4.85%,KinsMa00,Mason Kinsey,oti
TE,692,65.90%,0,0%,85,18.72%,OkonCh00,Chigoziem Okonkwo,oti
TE,424,40.38%,0,0%,115,25.33%,WescTr00,Trevon Wesco,oti
TE,146,13.90%,0,0%,219,48.24%,RadeKe00,Kevin Rader,oti
TE,156,14.86%,0,0%,85,18.72%,WhylJo01,Josh Whyle,oti
T,862,82.10%,0,0%,50,11.01%,SkorPe00,Peter Skoronski,oti
T,562,53.52%,0,0%,56,12.33%,DillAn00,Andre Dillard,oti
T,473,45.05%,0,0%,28,6.17%,HubbCh00,Chris Hubbard,oti
T,776,73.90%,0,0%,55,12.11%,RaduDi00,Dillon Radunz,oti
T,209,19.90%,0,0%,10,2.20%,RupcAn00,Andrew Rupcich,oti
T,117,11.14%,0,0%,3,.66%,PetiNi00,Nicholas Petit-Frere,oti
T,67,6.38%,0,0%,8,1.76%,OjukJo00,John Ojukwu,oti
T,365,34.76%,0,0%,32,7.05%,DuncJa00,Jaelyn Duncan,oti
T,0,0%,0,0%,15,3.30%,MurrJu00,Justin Murray,oti
G,1050,100.00%,0,0%,1,.22%,BrewAa01,Aaron Brewer,oti
G,12,1.14%,0,0%,11,2.42%,NewmXa00,Xavier Newman-Johnson,oti
G,56,5.33%,0,0%,22,4.85%,ThroCa01,Calvin Throckmorton,oti
C,768,73.14%,0,0%,31,6.83%,BrunDa00,Daniel Brunskill,oti
C,10,.95%,0,0%,81,17.84%,LeviCo00,Corey Levin,oti
DE,0,0%,768,66.72%,83,18.28%,AutrDe00,Denico Autry,oti
DE,0,0%,101,8.77%,34,7.49%,McLeTK00,TK McLendon,oti
DT,6,.57%,658,57.17%,61,13.44%,SimmJe01,Jeffery Simmons,oti
DT,0,0%,350,30.41%,7,1.54%,TartTe00,Teair Tart,oti
DT,0,0%,342,29.71%,67,14.76%,PekoKy00,Kyle Peko,oti
DT,0,0%,104,9.04%,22,4.85%,JoneNa01,Naquan Jones,oti
DT,0,0%,163,14.16%,3,.66%,DaviMa01,Marlon Davidson,oti
DT,0,0%,40,3.48%,0,0%,BohaQu00,Quinton Bohanna,oti
DT,0,0%,63,5.47%,0,0%,BlacRo00,Ross Blacklock,oti
DT,0,0%,270,23.46%,34,7.49%,JohnJa09,Jaleel Johnson,oti
DT,0,0%,6,.52%,0,0%,StalTa00,Taylor Stallworth,oti
DT,0,0%,4,.35%,0,0%,PeevJa00,Jayden Peevy,oti
NT,0,0%,98,8.51%,8,1.76%,CobuKe00,Keondre Coburn,oti
LB,0,0%,1102,95.74%,74,16.30%,AlShAz00,Azeez Al-Shaair,oti
LB,0,0%,841,73.07%,2,.44%,LandHa00,Harold Landry,oti
LB,0,0%,628,54.56%,198,43.61%,GibbJa00,Jack Gibbens,oti
LB,0,0%,728,63.25%,101,22.25%,KeyxAr00,Arden Key,oti
LB,0,0%,48,4.17%,48,10.57%,WallGa00,Garret Wallow,oti
LB,0,0%,8,.70%,259,57.05%,GiffLu00,Luke Gifford,oti
LB,0,0%,5,.43%,62,13.66%,CampCh02,Chance Campbell,oti
LB,0,0%,86,7.47%,184,40.53%,RiceMo00,Monty Rice,oti
LB,0,0%,90,7.82%,120,26.43%,ReesOt00,Otis Reese,oti
LB,0,0%,0,0%,77,16.96%,DomaJo00,JoJo Domann,oti
LB,0,0%,0,0%,78,17.18%,JoneJo05,Joseph Jones,oti
LB,0,0%,0,0%,22,4.85%,CrowTa00,Tae Crowder,oti
LB,0,0%,4,.35%,40,8.81%,MurpCa00,Caleb Murphy,oti
LB,0,0%,240,20.85%,163,35.90%,WeavRa00,Rashad Weaver,oti
LB,0,0%,76,6.60%,29,6.39%,GipsTr00,Trevis Gipson,oti
CB,0,0%,361,31.36%,172,37.89%,AverTr01,Tre Avery,oti
CB,0,0%,840,72.98%,6,1.32%,BuntSe00,Sean Murphy-Bunting,oti
CB,0,0%,934,81.15%,17,3.74%,McCrRo01,Roger McCreary,oti
CB,0,0%,701,60.90%,30,6.61%,MoldEl00,Elijah Molden,oti
CB,0,0%,645,56.04%,7,1.54%,FultKr00,Kristian Fulton,oti
CB,0,0%,3,.26%,323,71.15%,KendAn00,Anthony Kendall,oti
CB,0,0%,9,.78%,7,1.54%,VildKi00,Kindle Vildor,oti
CB,0,0%,0,0%,32,7.05%,ShefKe00,Kendall Sheffield,oti
CB,0,0%,0,0%,3,.66%,GowaTa00,Tay Gowan,oti
CB,0,0%,351,30.50%,36,7.93%,GarrEr00,Eric Garror,oti
SS,0,0%,2,.17%,147,32.38%,JackMa04,Matthew Jackson,oti
SS,0,0%,1,.09%,33,7.27%,CruiDa00,Dane Cruikshank,oti
FS,0,0%,389,33.80%,9,1.98%,ByarKe01,Kevin Byard,oti
FS,0,0%,868,75.41%,136,29.96%,HookAm00,Amani Hooker,oti
FS,0,0%,113,9.82%,149,32.82%,BrowMi02,Mike Brown,oti
FS,0,0%,180,15.64%,131,28.85%,EdmuTe00,Terrell Edmunds,oti
FS,0,0%,24,2.09%,23,5.07%,CartSh01,Shyheim Carter,oti
FS,0,0%,414,35.97%,74,16.30%,WallKV00,K'Von Wallace,oti
LS,0,0%,0,0%,143,31.50%,CoxxMo00,Morgan Cox,oti
K,0,0%,0,0%,124,27.31%,FolkNi20,Nick Folk,oti
P,0,0%,0,0%,50,11.01%,ZentTy00,Ty Zentner,oti
P,0,0%,0,0%,99,21.81%,StonRy00,Ryan Stonehouse,oti
QB,325,29.44%,0,0%,0,0%,JoneDa05,Daniel Jones,nyg
QB,406,36.78%,0,0%,0,0%,DeViTo00,Tommy DeVito,nyg
QB,373,33.79%,0,0%,0,0%,TaylTy00,Tyrod Taylor,nyg
RB,717,64.95%,0,0%,0,0%,BarkSa00,Saquon Barkley,nyg
RB,41,3.71%,0,0%,100,21.83%,BrigGa00,Gary Brightwell,nyg
RB,15,1.36%,0,0%,118,25.76%,CorbJa01,Jashaun Corbin,nyg
RB,288,26.09%,0,0%,135,29.48%,BreiMa00,Matt Breida,nyg
RB,0,0%,0,0%,32,6.99%,JoneTa00,Taiwan Jones,nyg
RB,65,5.89%,0,0%,88,19.21%,GrayEr01,Eric Gray,nyg
RB,1,.09%,0,0%,9,1.97%,JackDe02,Deon Jackson,nyg
WR,207,18.75%,0,0%,30,6.55%,CampPa00,Parris Campbell,nyg
WR,896,81.16%,0,0%,2,.44%,SlayDa01,Darius Slayton,nyg
WR,511,46.29%,0,0%,0,0%,HodgIs00,Isaiah Hodgins,nyg
WR,557,50.45%,0,0%,0,0%,HyatJa00,Jalin Hyatt,nyg
WR,142,12.86%,0,0%,7,1.53%,ShepSt00,Sterling Shepard,nyg
WR,8,.72%,0,0%,76,16.59%,OlszGu00,Gunner Olszewski,nyg
WR,641,58.06%,0,0%,0,0%,RobiWa01,Wan'Dale Robinson,nyg
TE,688,62.32%,0,0%,193,42.14%,BellDa00,Daniel Bellinger,nyg
TE,568,51.45%,0,0%,0,0%,WallDa01,Darren Waller,nyg
TE,101,9.15%,0,0%,140,30.57%,CageLa01,Lawrence Cager,nyg
TE,18,1.63%,0,0%,0,0%,JackTy01,Tyree Jackson,nyg
T,459,41.58%,0,0%,18,3.93%,NealEv00,Evan Neal,nyg
T,553,50.09%,0,0%,31,6.77%,PhilTy00,Tyre Phillips,nyg
T,577,52.26%,0,0%,2,.44%,ThomAn02,Andrew Thomas,nyg
T,133,12.05%,0,0%,30,6.55%,PearMa00,Matt Peart,nyg
T,3,.27%,0,0%,0,0%,ThomJa05,Jaylon Thomas,nyg
T,378,34.24%,0,0%,53,11.57%,McKeMa01,Marcus McKethan,nyg
G,764,69.20%,0,0%,42,9.17%,PughJu00,Justin Pugh,nyg
G,1014,91.85%,0,0%,51,11.14%,BredBe00,Ben Bredeson,nyg
G,520,47.10%,0,0%,12,2.62%,GlowMa00,Mark Glowinski,nyg
G,46,4.17%,0,0%,10,2.18%,MayfJa00,Jalen Mayfield,nyg
G,265,24.00%,0,0%,15,3.28%,EzeuJo00,Joshua Ezeudu,nyg
G,91,8.24%,0,0%,10,2.18%,LemiSh00,Shane Lemieux,nyg
C,756,68.48%,0,0%,35,7.64%,MichJo00,John Michael Schmitz,nyg
C,16,1.45%,0,0%,27,5.90%,HarlSe00,Sean Harlow,nyg
DE,0,0%,661,58.60%,26,5.68%,WardJi02,Jihad Ward,nyg
DE,0,0%,423,37.50%,1,.22%,OjulAz00,Azeez Ojulari,nyg
DT,0,0%,360,31.91%,50,10.92%,WillLe02,Leonard Williams,nyg
DT,0,0%,515,45.66%,85,18.56%,RobiAS00,A'Shawn Robinson,nyg
DT,0,0%,245,21.72%,126,27.51%,DaviDJ00,D.J. Davidson,nyg
DT,0,0%,7,.62%,0,0%,HornTi00,Timmy Horne,nyg
NT,0,0%,707,62.68%,29,6.33%,LawrDe03,Dexter Lawrence,nyg
NT,0,0%,462,40.96%,113,24.67%,NuneRa00,Rakeem Nunez-Roches,nyg
NT,0,0%,136,12.06%,34,7.42%,RileJo00,Jordon Riley,nyg
LB,0,0%,737,65.34%,172,37.55%,McFaMi01,Micah McFadden,nyg
LB,0,0%,1128,100.00%,0,0%,OkerBo00,Bobby Okereke,nyg
LB,0,0%,980,86.88%,1,.22%,ThibKa00,Kayvon Thibodeaux,nyg
LB,0,0%,53,4.70%,52,11.35%,XimiOs00,Oshane Ximines,nyg
LB,0,0%,19,1.68%,12,2.62%,FoxxTo00,Tomon Fox,nyg
LB,0,0%,377,33.42%,224,48.91%,SimmIs00,Isaiah Simmons,nyg
LB,0,0%,194,17.20%,81,17.69%,BashCa00,Boogie Basham,nyg
LB,0,0%,2,.18%,397,86.68%,CougCa00,Carter Coughlin,nyg
LB,0,0%,0,0%,37,8.08%,BeavDa00,Darrian Beavers,nyg
LB,0,0%,0,0%,367,80.13%,BrowCa01,Cam Brown,nyg
LB,0,0%,0,0%,12,2.62%,HollJu00,Justin Hollins,nyg
LB,0,0%,13,1.15%,26,5.68%,WhitBe00,Benton Whitley,nyg
CB,0,0%,792,70.21%,5,1.09%,JackAd00,Adoree' Jackson,nyg
CB,0,0%,347,30.76%,156,34.06%,HawkTr00,Tre Hawkins,nyg
CB,0,0%,312,27.66%,347,75.76%,McClNi00,Nick McCloud,nyg
CB,0,0%,518,45.92%,0,0%,FlotCo00,Cordale Flott,nyg
CB,0,0%,844,74.82%,57,12.45%,BankDe00,Deonte Banks,nyg
CB,0,0%,123,10.90%,194,42.36%,HolmDa01,Darnay Holmes,nyg
SS,0,0%,1011,89.63%,128,27.95%,PinnJa01,Jason Pinnock,nyg
SS,0,0%,296,26.24%,347,75.76%,BeltDa00,Dane Belton,nyg
SS,0,0%,19,1.68%,119,25.98%,McCaBo01,Bobby McCain,nyg
FS,0,0%,1128,100.00%,103,22.49%,McKiXa00,Xavier McKinney,nyg
FS,0,0%,0,0%,37,8.08%,OwenGe00,Gervarrius Owens,nyg
LS,0,0%,0,0%,154,33.62%,KreiCa00,Casey Kreiter,nyg
K,0,0%,0,0%,31,6.77%,CrosMa20,Mason Crosby,nyg
K,0,0%,0,0%,53,11.57%,GanoGr44,Graham Gano,nyg
K,0,0%,0,0%,36,7.86%,BullRa00,Randy Bullock,nyg
P,0,0%,0,0%,155,33.84%,GillJa00,Jamie Gillan,nyg
QB,688,62.49%,0,0%,0,0%,WilsZa00,Zach Wilson,nyj
QB,287,26.07%,0,0%,0,0%,SiemTr00,Trevor Siemian,nyj
QB,122,11.08%,0,0%,0,0%,BoylTi00,Tim Boyle,nyj
QB,4,.36%,0,0%,0,0%,RodgAa00,Aaron Rodgers,nyj
RB,202,18.35%,0,0%,0,0%,CookDa01,Dalvin Cook,nyj
RB,667,60.58%,0,0%,0,0%,HallBr03,Breece Hall,nyj
RB,77,6.99%,0,0%,5,1.03%,AbanIs00,Israel Abanikanda,nyj
RB,0,0%,0,0%,12,2.47%,VallXa00,Xazavian Valladay,nyj
RB,142,12.90%,0,0%,11,2.27%,CartMi03,Michael Carter,nyj
FB,127,11.53%,0,0%,299,61.65%,BawdNi00,Nick Bawden,nyj
WR,1008,91.55%,0,0%,2,.41%,WilsGa00,Garrett Wilson,nyj
WR,685,62.22%,0,0%,0,0%,LazaAl00,Allen Lazard,nyj
WR,51,4.63%,0,0%,33,6.80%,TaylMa01,Malik Taylor,nyj
WR,43,3.91%,0,0%,236,48.66%,CharIr00,Irvin Charles,nyj
WR,210,19.07%,0,0%,7,1.44%,CobbRa00,Randall Cobb,nyj
WR,496,45.05%,0,0%,185,38.14%,GipsXa00,Xavier Gipson,nyj
WR,311,28.25%,0,0%,13,2.68%,BrowJa07,Jason Brownlee,nyj
WR,28,2.54%,0,0%,2,.41%,HardMe00,Mecole Hardman,nyj
TE,123,11.17%,0,0%,114,23.51%,YeboKe00,Kenny Yeboah,nyj
TE,772,70.12%,0,0%,13,2.68%,ConkTy00,Tyler Conklin,nyj
TE,239,21.71%,0,0%,148,30.52%,UzomC.00,C.J. Uzomah,nyj
TE,310,28.16%,0,0%,205,42.27%,RuckJe00,Jeremy Ruckert,nyj
TE,2,.18%,0,0%,4,.82%,KuntZa00,Zack Kuntz,nyj
T,987,89.65%,0,0%,27,5.57%,BectMe00,Mekhi Becton,nyj
T,111,10.08%,0,0%,10,2.06%,BrowDu20,Duane Brown,nyj
T,0,0%,0,0%,4,.82%,KellDe00,Dennis Kelly,nyj
T,208,18.89%,0,0%,44,9.07%,TurnBi00,Billy Turner,nyj
T,474,43.05%,0,0%,46,9.48%,MitcMa02,Max Mitchell,nyj
T,403,36.60%,0,0%,9,1.86%,WarrCa00,Carter Warren,nyj
G,250,22.71%,0,0%,13,2.68%,VeraAl00,Alijah Vera-Tucker,nyj
G,1101,100.00%,0,0%,56,11.55%,TomlLa01,Laken Tomlinson,nyj
G,280,25.43%,0,0%,23,4.74%,NewmXa00,Xavier Newman-Johnson,nyj
G,149,13.53%,0,0%,18,3.71%,SchwWe00,Wes Schweitzer,nyj
G,83,7.54%,0,0%,7,1.44%,GlasCh01,Chris Glaser,nyj
C,371,33.70%,0,0%,16,3.30%,McGoCo00,Connor McGovern,nyj
C,854,77.57%,0,0%,31,6.39%,TippJo00,Joe Tippmann,nyj
C,246,22.34%,0,0%,19,3.92%,HansJa00,Jake Hanson,nyj
DE,0,0%,627,55.15%,8,1.65%,FranJo02,John Franklin-Myers,nyj
DE,0,0%,368,32.37%,163,33.61%,ClemMi03,Micheal Clemons,nyj
DE,0,0%,469,41.25%,38,7.84%,JeffQu00,Quinton Jefferson,nyj
DE,0,0%,480,42.22%,63,12.99%,HuffBr00,Bryce Huff,nyj
DE,0,0%,101,8.88%,0,0%,LawsCa00,Carl Lawson,nyj
DE,0,0%,81,7.12%,16,3.30%,HolmJa01,Jalyn Holmes,nyj
DT,0,0%,484,42.57%,76,15.67%,ThomSo00,Solomon Thomas,nyj
DT,0,0%,37,3.25%,0,0%,HectBr00,Bruce Hector,nyj
DT,0,0%,13,1.14%,1,.21%,WinfPe00,Perrion Winfrey,nyj
DT,0,0%,63,5.54%,0,0%,SmarTa00,Tanzel Smart,nyj
NT,0,0%,779,68.51%,76,15.67%,WillQu00,Quinnen Williams,nyj
NT,0,0%,140,12.31%,36,7.42%,WoodAl99,Al Woods,nyj
LB,0,0%,1128,99.21%,81,16.70%,MoslC.00,C.J. Mosley,nyj
LB,0,0%,1093,96.13%,9,1.86%,WillQu01,Quincy Williams,nyj
LB,0,0%,748,65.79%,78,16.08%,JohnJe07,Jermaine Johnson II,nyj
LB,0,0%,194,17.06%,420,86.60%,SherJa00,Jamien Sherwood,nyj
LB,0,0%,0,0%,43,8.87%,McCrMa01,Marcelino McCrary-Ball,nyj
LB,0,0%,9,.79%,286,58.97%,SurrCh00,Chazz Surratt,nyj
LB,0,0%,14,1.23%,305,62.89%,EguaSa00,Samuel Eguavoen,nyj
LB,0,0%,184,16.18%,128,26.39%,McDoWi00,Will McDonald,nyj
LB,0,0%,0,0%,32,6.60%,BarnZa00,Zaire Barnes,nyj
CB,0,0%,993,87.34%,11,2.27%,ReedD.00,D.J. Reed,nyj
CB,0,0%,1051,92.44%,10,2.06%,GardSa00,Sauce Gardner,nyj
CB,0,0%,671,59.01%,8,1.65%,CartMi02,Michael Carter II,nyj
CB,0,0%,143,12.58%,222,45.77%,EchoBr00,Brandin Echols,nyj
CB,0,0%,13,1.14%,10,2.06%,HayeTa00,Tae Hayes,nyj
CB,0,0%,0,0%,263,54.23%,HardJu01,Justin Hardee,nyj
CB,0,0%,138,12.14%,132,27.22%,HallBr02,Bryce Hall,nyj
CB,0,0%,42,3.69%,27,5.57%,JameCr01,Craig James,nyj
CB,0,0%,4,.35%,101,20.82%,BernJa01,Jarrick Bernard-Converse,nyj
SS,0,0%,1078,94.81%,0,0%,WhitJo03,Jordan Whitehead,nyj
SS,0,0%,217,19.09%,396,81.65%,DaviAs00,Ashtyn Davis,nyj
FS,0,0%,879,77.31%,39,8.04%,AdamTo03,Tony Adams,nyj
FS,0,0%,265,23.31%,195,40.21%,AmosAd00,Adrian Amos,nyj
LS,0,0%,0,0%,158,32.58%,HennTh00,Thomas Hennessy,nyj
K,0,0%,0,0%,118,24.33%,ZuerGr00,Greg Zuerlein,nyj
K,0,0%,0,0%,5,1.03%,SeibAu00,Austin Seibert,nyj
P,0,0%,0,0%,164,33.81%,MorsTh00,Thomas Morstead,nyj
QB,1103,96.16%,0,0%,0,0%,HurtJa00,Jalen Hurts,phi
QB,44,3.84%,0,0%,0,0%,MariMa01,Marcus Mariota,phi
RB,442,38.54%,0,0%,60,13.48%,GainKe00,Kenneth Gainwell,phi
RB,68,5.93%,0,0%,186,41.80%,ScotBo02,Boston Scott,phi
RB,630,54.93%,0,0%,0,0%,SwifDA00,D'Andre Swift,phi
RB,31,2.70%,0,0%,7,1.57%,PennRa00,Rashaad Penny,phi
WR,1043,90.93%,0,0%,4,.90%,SmitDe07,DeVonta Smith,phi
WR,1019,88.84%,0,0%,0,0%,BrowAJ00,A.J. Brown,phi
WR,304,26.50%,0,0%,1,.22%,WatkQu00,Quez Watkins,phi
WR,231,20.14%,0,0%,0,0%,JoneJu02,Julio Jones,phi
WR,471,41.06%,0,0%,112,25.17%,ZaccOl01,Olamide Zaccheaus,phi
WR,0,0%,0,0%,23,5.17%,AlleDe02,Devon Allen,phi
WR,58,5.06%,0,0%,68,15.28%,CoveBr00,Britain Covey,phi
TE,809,70.53%,0,0%,3,.67%,GoedDa00,Dallas Goedert,phi
TE,438,38.19%,0,0%,199,44.72%,StolJa00,Jack Stoll,phi
TE,7,.61%,0,0%,12,2.70%,TogiNo00,Noah Togiai,phi
TE,118,10.29%,0,0%,155,34.83%,CalcGr00,Grant Calcaterra,phi
TE,57,4.97%,0,0%,5,1.12%,OkwuAl00,Albert Okwuegbunam,phi
T,1147,100.00%,0,0%,78,17.53%,MailJo00,Jordan Mailata,phi
T,981,85.53%,0,0%,0,0%,JohnLa01,Lane Johnson,phi
T,172,15.00%,0,0%,78,17.53%,DrisJa00,Jack Driscoll,phi
T,35,3.05%,0,0%,78,17.53%,JohnFr01,Fred Johnson,phi
G,1046,91.19%,0,0%,71,15.96%,DickLa00,Landon Dickerson,phi
G,654,57.02%,0,0%,46,10.34%,JurgCa01,Cam Jurgens,phi
G,527,45.95%,0,0%,63,14.16%,OpetIo00,Sua Opeta,phi
G,71,6.19%,0,0%,47,10.56%,SteeTy00,Tyler Steen,phi
C,1108,96.60%,0,0%,0,0%,KelcJa00,Jason Kelce,phi
DE,0,0%,828,71.26%,7,1.57%,SweaJo00,Josh Sweat,phi
DE,0,0%,395,33.99%,77,17.30%,GrahBr99,Brandon Graham,phi
DE,0,0%,99,8.52%,47,10.56%,BarnDe01,Derek Barnett,phi
DT,0,0%,684,58.86%,5,1.12%,CoxxFl00,Fletcher Cox,phi
DT,0,0%,519,44.66%,139,31.24%,DaviJo03,Jordan Davis,phi
DT,0,0%,563,48.45%,58,13.03%,CartJa05,Jalen Carter,phi
DT,0,0%,494,42.51%,67,15.06%,WillMi08,Milton Williams,phi
DT,0,0%,87,7.49%,12,2.70%,StreKe00,Kentavius Street,phi
DT,0,0%,162,13.94%,56,12.58%,TuipMa00,Marlon Tuipulotu,phi
DT,0,0%,68,5.85%,16,3.60%,OjomMo00,Moro Ojomo,phi
LB,0,0%,834,71.77%,116,26.07%,MorrNi00,Nicholas Morrow,phi
LB,0,0%,717,61.70%,22,4.94%,CunnZa00,Zach Cunningham,phi
LB,0,0%,862,74.18%,5,1.12%,ReddHa00,Haason Reddick,phi
LB,0,0%,119,10.24%,238,53.48%,ElliCh00,Christian Elliss,phi
LB,0,0%,182,15.66%,32,7.19%,DeanNa00,Nakobe Dean,phi
LB,0,0%,38,3.27%,299,67.19%,JohnPa02,Patrick Johnson,phi
LB,0,0%,188,16.18%,245,55.06%,SmitNo02,Nolan Smith,phi
LB,0,0%,0,0%,31,6.97%,SmitBr08,Brandon Smith,phi
LB,0,0%,164,14.11%,1,.22%,LeonDa00,Shaquille Leonard,phi
LB,0,0%,50,4.30%,180,40.45%,VanSBe00,Ben VanSumeren,phi
CB,0,0%,809,69.62%,0,0%,SlayDa00,Darius Slay,phi
CB,0,0%,1052,90.53%,0,0%,BradJa00,James Bradberry,phi
CB,0,0%,141,12.13%,1,.22%,MaddAv00,Avonte Maddox,phi
CB,0,0%,70,6.02%,40,8.99%,GoodMa02,Mario Goodrich,phi
CB,0,0%,27,2.32%,45,10.11%,GarnMe00,Mekhi Garner,phi
CB,0,0%,240,20.65%,323,72.58%,JobeJo00,Josh Jobe,phi
CB,0,0%,17,1.46%,43,9.66%,ScotJo00,Josiah Scott,phi
CB,0,0%,344,29.60%,4,.90%,RobyBr00,Bradley Roby,phi
CB,0,0%,199,17.13%,305,68.54%,RingKe00,Kelee Ringo,phi
CB,0,0%,301,25.90%,212,47.64%,RickEl00,Eli Ricks,phi
SS,3,.26%,943,81.15%,124,27.87%,BlanRe00,Reed Blankenship,phi
SS,0,0%,335,28.83%,220,49.44%,BrowSy00,Sydney Brown,phi
FS,0,0%,197,16.95%,36,8.09%,EvanJu00,Justin Evans,phi
FS,0,0%,729,62.74%,8,1.80%,ByarKe01,Kevin Byard,phi
FS,0,0%,296,25.47%,86,19.33%,EdmuTe00,Terrell Edmunds,phi
FS,0,0%,29,2.50%,59,13.26%,McCoTr00,Tristin McCollum,phi
LS,0,0%,0,0%,133,29.89%,LovaRi00,Rick Lovato,phi
K,0,0%,0,0%,169,37.98%,ElliJa03,Jake Elliott,phi
P,0,0%,0,0%,22,4.94%,SipoAr01,Arryn Siposs,phi
P,0,0%,0,0%,112,25.17%,MannBr01,Braden Mann,phi
QB,670,62.56%,0,0%,0,0%,PickKe00,Kenny Pickett,pit
QB,202,18.86%,0,0%,0,0%,TrubMi00,Mitchell Trubisky,pit
QB,199,18.58%,0,0%,0,0%,RudoMa00,Mason Rudolph,pit
RB,569,53.13%,0,0%,4,.89%,HarrNa00,Najee Harris,pit
RB,519,48.46%,0,0%,66,14.63%,WarrJa01,Jaylen Warren,pit
RB,6,.56%,0,0%,16,3.55%,McFaAn00,Anthony McFarland Jr.,pit
RB,0,0%,0,0%,117,25.94%,IgweGo00,Godwin Igwebuike,pit
RB,1,.09%,0,0%,5,1.11%,OlliQa00,Qadree Ollison,pit
WR,771,71.99%,0,0%,4,.89%,RobiAl02,Allen Robinson,pit
WR,929,86.74%,0,0%,4,.89%,PickGe00,George Pickens,pit
WR,374,34.92%,0,0%,80,17.74%,AustCa00,Calvin Austin III,pit
WR,590,55.09%,0,0%,3,.67%,JohnDi01,Diontae Johnson,pit
WR,121,11.30%,0,0%,316,70.07%,BoykMi00,Miles Boykin,pit
WR,0,0%,0,0%,3,.67%,FitzDe00,Dez Fitzpatrick,pit
WR,5,.47%,0,0%,8,1.77%,OlszGu00,Gunner Olszewski,pit
TE,403,37.63%,0,0%,247,54.77%,HeywCo00,Connor Heyward,pit
TE,474,44.26%,0,0%,43,9.53%,FreiPa00,Pat Freiermuth,pit
TE,511,47.71%,0,0%,141,31.26%,WashDa03,Darnell Washington,pit
TE,55,5.14%,0,0%,189,41.91%,WillRo08,Rodney Williams,pit
T,953,88.98%,0,0%,55,12.20%,MoorDa05,Dan Moore,pit
T,437,40.80%,0,0%,0,0%,OkorCh00,Chukwuma Okorafor,pit
T,767,71.62%,0,0%,60,13.30%,JoneBr09,Broderick Jones,pit
T,2,.19%,0,0%,26,5.76%,AndeSp00,Spencer Anderson,pit
G,1040,97.11%,0,0%,39,8.65%,SeumIs00,Isaac Seumalo,pit
G,945,88.24%,0,0%,0,0%,DaniJa01,James Daniels,pit
G,156,14.57%,0,0%,60,13.30%,HerbNa01,Nate Herbig,pit
C,1071,100.00%,0,0%,0,0%,ColeMa02,Mason Cole,pit
DE,0,0%,181,16.03%,82,18.18%,LoudIs00,Isaiahh Loudermilk,pit
DE,0,0%,206,18.25%,23,5.10%,LealDe00,DeMarvin Leal,pit
DT,0,0%,767,67.94%,57,12.64%,OgunLa00,Larry Ogunjobi,pit
DT,0,0%,484,42.87%,48,10.64%,BentKe00,Keeanu Benton,pit
DT,0,0%,443,39.24%,57,12.64%,HeywCa01,Cameron Heyward,pit
NT,0,0%,416,36.85%,61,13.53%,AdamMo00,Montravius Adams,pit
NT,0,0%,273,24.18%,21,4.66%,WattAr01,Armon Watts,pit
LB,0,0%,294,26.04%,11,2.44%,WalkMy00,Mykal Walker,pit
LB,0,0%,447,39.59%,31,6.87%,HolcCo00,Cole Holcomb,pit
LB,0,0%,910,80.60%,59,13.08%,HighAl02,Alex Highsmith,pit
LB,0,0%,931,82.46%,36,7.98%,WattT.00,T.J. Watt,pit
LB,0,0%,131,11.60%,9,2.00%,JackMy00,Myles Jack,pit
LB,0,0%,362,32.06%,5,1.11%,AlexKw00,Kwon Alexander,pit
LB,0,0%,581,51.46%,126,27.94%,RobeEl00,Elandon Roberts,pit
LB,0,0%,191,16.92%,352,78.05%,HerbNi00,Nick Herbig,pit
LB,0,0%,21,1.86%,5,1.11%,MartBl01,Blake Martinez,pit
LB,0,0%,230,20.37%,13,2.88%,GoldMa00,Markus Golden,pit
LB,0,0%,151,13.37%,302,66.96%,RobiMa03,Mark Robinson,pit
LB,0,0%,1,.09%,100,22.17%,JohnKy02,Kyron Johnson,pit
CB,0,0%,1096,97.08%,77,17.07%,PetePa00,Patrick Peterson,pit
CB,0,0%,726,64.30%,42,9.31%,WallLe00,Levi Wallace,pit
CB,0,0%,39,3.45%,20,4.43%,RushDa00,Darius Rush,pit
CB,0,0%,422,37.38%,222,49.22%,SullCh00,Chandon Sullivan,pit
CB,0,0%,26,2.30%,269,59.65%,PierJa01,James Pierre,pit
CB,0,0%,807,71.48%,119,26.39%,PortJo02,Joey Porter Jr.,pit
CB,0,0%,1,.09%,15,3.33%,KingDe01,Desmond King,pit
SS,0,0%,155,13.73%,12,2.66%,RoweEr00,Eric Rowe,pit
SS,0,0%,772,68.38%,117,25.94%,KazeDa00,Damontae Kazee,pit
SS,0,0%,111,9.83%,319,70.73%,KillMi00,Miles Killebrew,pit
SS,0,0%,0,0%,34,7.54%,CarpTa00,Tariq Carpenter,pit
SS,0,0%,212,18.78%,58,12.86%,ThomTr01,Trenton Thompson,pit
FS,9,.84%,550,48.72%,33,7.32%,FitzMi00,Minkah Fitzpatrick,pit
FS,0,0%,430,38.09%,81,17.96%,NealKe01,Keanu Neal,pit
FS,0,0%,50,4.43%,216,47.89%,RileEl01,Elijah Riley,pit
LS,0,0%,0,0%,150,33.26%,KuntCh02,Christian Kuntz,pit
K,0,0%,0,0%,136,30.16%,BoswCh00,Chris Boswell,pit
P,0,0%,0,0%,134,29.71%,HarvPr00,Pressley Harvin III,pit
P,0,0%,0,0%,16,3.55%,WingBr00,Brad Wing,pit
QB,635,60.42%,0,0%,0,0%,JoneMa05,Mac Jones,nwe
QB,413,39.30%,0,0%,0,0%,ZappBa00,Bailey Zappe,nwe
QB,6,.57%,0,0%,0,0%,CunnMa00,Malik Cunningham,nwe
RB,486,46.24%,0,0%,0,0%,StevRh00,Rhamondre Stevenson,nwe
RB,539,51.28%,0,0%,1,.22%,ElliEz00,Ezekiel Elliott,nwe
RB,34,3.24%,0,0%,4,.87%,HarrKe01,Kevin Harris,nwe
RB,0,0%,0,0%,10,2.18%,HastJa02,Jamycal Hasty,nwe
WR,581,55.28%,0,0%,0,0%,ParkDe01,DeVante Parker,nwe
WR,371,35.30%,0,0%,0,0%,BourKe00,Kendrick Bourne,nwe
WR,116,11.04%,0,0%,0,0%,BoutKa00,Kayshon Boutte,nwe
WR,461,43.86%,0,0%,1,.22%,SmitJu00,JuJu Smith-Schuster,nwe
WR,481,45.77%,0,0%,31,6.77%,DougDe00,Demario Douglas,nwe
WR,0,0%,1,.09%,378,82.53%,SlatMa00,Matthew Slater,nwe
WR,224,21.31%,0,0%,0,0%,ThorTy00,Tyquan Thornton,nwe
WR,42,4.00%,0,0%,198,43.23%,MontTy01,Ty Montgomery,nwe
WR,308,29.31%,0,0%,30,6.55%,ReagJa00,Jalen Reagor,nwe
TE,664,63.18%,0,0%,6,1.31%,HenrHu00,Hunter Henry,nwe
TE,530,50.43%,0,0%,10,2.18%,GesiMi00,Mike Gesicki,nwe
TE,14,1.33%,0,0%,7,1.53%,SokoMa00,Matt Sokol,nwe
TE,399,37.96%,0,0%,209,45.63%,BrowPh01,Pharaoh Brown,nwe
T,154,14.65%,0,0%,15,3.28%,AndeCa00,Calvin Anderson,nwe
T,581,55.28%,0,0%,32,6.99%,BrowTr02,Trent Brown,nwe
T,772,73.45%,0,0%,42,9.17%,SowxSi00,Sidy Sow,nwe
T,476,45.29%,0,0%,11,2.40%,LoweVe00,Vederian Lowe,nwe
T,228,21.69%,0,0%,9,1.97%,McDeCo00,Conor McDermott,nwe
T,45,4.28%,0,0%,1,.22%,ReifRi00,Riley Reiff,nwe
T,0,0%,0,0%,5,1.09%,WheaTy01,Tyrone Wheatley Jr.,nwe
G,459,43.67%,0,0%,50,10.92%,MafiAt00,Atonio Mafi,nwe
G,565,53.76%,0,0%,9,1.97%,StraCo01,Cole Strange,nwe
G,851,80.97%,0,0%,45,9.83%,OnweMi00,Michael Onwenu,nwe
C,1051,100.00%,0,0%,0,0%,AndrDa00,David Andrews,nwe
C,4,.38%,0,0%,0,0%,FereJa00,James Ferentz,nwe
C,70,6.66%,0,0%,50,10.92%,AndrJa00,Jake Andrews,nwe
DE,0,0%,614,53.95%,116,25.33%,WiseDe00,Deatrich Wise Jr.,nwe
DE,0,0%,521,45.78%,136,29.69%,WhitKe03,Keion White,nwe
DE,0,0%,100,8.79%,28,6.11%,RobeSa00,Sam Roberts,nwe
DE,0,0%,90,7.91%,12,2.62%,PharJe00,Jeremiah Pharms,nwe
DT,0,0%,521,45.78%,162,35.37%,GuyxLa00,Lawrence Guy,nwe
DT,0,0%,750,65.91%,2,.44%,BarmCh00,Christian Barmore,nwe
DT,0,0%,53,4.66%,12,2.62%,EkuaDa00,Daniel Ekuale,nwe
DT,0,0%,4,.35%,0,0%,HillTr00,Trysten Hill,nwe
NT,0,0%,685,60.19%,0,0%,GodcDa00,Davon Godchaux,nwe
LB,0,0%,985,86.56%,11,2.40%,BentJa00,Ja'Whaun Bentley,nwe
LB,0,0%,837,73.55%,359,78.38%,TavaJa00,Jahlani Tavai,nwe
LB,0,0%,184,16.17%,1,.22%,JudoMa00,Matt Judon,nwe
LB,0,0%,331,29.09%,61,13.32%,UcheJo00,Joshua Uche,nwe
LB,0,0%,1,.09%,407,88.86%,BoarCh00,Chris Board,nwe
LB,0,0%,305,26.80%,312,68.12%,WilsMa03,Mack Wilson,nwe
LB,0,0%,204,17.93%,217,47.38%,MapuMa00,Marte Mapu,nwe
LB,0,0%,677,59.49%,93,20.31%,JennAn00,Anfernee Jennings,nwe
LB,0,0%,0,0%,87,19.00%,ElliCh00,Christian Elliss,nwe
LB,0,0%,11,.97%,25,5.46%,MunsCa00,Calvin Munson,nwe
CB,0,0%,209,18.37%,19,4.15%,GonzCh00,Christian Gonzalez,nwe
CB,0,0%,730,64.15%,17,3.71%,JoneJo03,Jonathan Jones,nwe
CB,0,0%,851,74.78%,96,20.96%,BryaMy01,Myles Bryant,nwe
CB,0,0%,439,38.58%,8,1.75%,JackJ.00,J.C. Jackson,nwe
CB,0,0%,121,10.63%,0,0%,JoneJa10,Jack Jones,nwe
CB,1,.10%,44,3.87%,9,1.97%,JoneMa06,Marcus Jones,nwe
CB,0,0%,211,18.54%,22,4.80%,AustAl00,Alex Austin,nwe
CB,0,0%,348,30.58%,26,5.68%,WadeSh00,Shaun Wade,nwe
CB,0,0%,10,.88%,0,0%,WilsMa04,Marco Wilson,nwe
CB,0,0%,459,40.33%,21,4.59%,MillJa02,Jalen Mills,nwe
SS,0,0%,955,83.92%,89,19.43%,PeppJa00,Jabrill Peppers,nwe
SS,0,0%,10,.88%,73,15.94%,SpeeAm00,Ameer Speed,nwe
FS,0,0%,1115,97.98%,121,26.42%,DuggKy00,Kyle Dugger,nwe
FS,0,0%,138,12.13%,321,70.09%,PhilAd00,Adrian Phillips,nwe
FS,0,0%,2,.18%,407,88.86%,SchoBr00,Brenden Schooler,nwe
FS,0,0%,0,0%,202,44.10%,DaviCo02,Cody Davis,nwe
FS,0,0%,0,0%,3,.66%,BledJo00,Joshuah Bledsoe,nwe
LS,0,0%,0,0%,149,32.53%,CardJo00,Joe Cardona,nwe
K,0,0%,0,0%,110,24.02%,RylaCh00,Chad Ryland,nwe
P,0,0%,0,0%,150,32.75%,BariBr00,Bryce Baringer,nwe
QB,1061,95.84%,0,0%,0,0%,HoweSa00,Sam Howell,was
QB,46,4.16%,0,0%,0,0%,BrisJa00,Jacoby Brissett,was
RB,496,44.81%,0,0%,0,0%,RobiBr01,Brian Robinson Jr.,was
RB,473,42.73%,0,0%,59,12.47%,GibsAn00,Antonio Gibson,was
RB,13,1.17%,0,0%,15,3.17%,WillJo07,Jonathan Williams,was
RB,24,2.17%,0,0%,88,18.60%,GoreDe00,Derrick Gore,was
RB,97,8.76%,0,0%,199,42.07%,RodrCh00,Chris Rodriguez,was
RB,47,4.25%,0,0%,143,30.23%,ArmaAl00,Alex Armah,was
WR,941,85.00%,0,0%,0,0%,McLaTe00,Terry McLaurin,was
WR,910,82.20%,0,0%,1,.21%,DotsJa00,Jahan Dotson,was
WR,571,51.58%,0,0%,0,0%,SamuCu00,Curtis Samuel,was
WR,253,22.85%,0,0%,176,37.21%,BrowDy00,Dyami Brown,was
WR,139,12.56%,0,0%,64,13.53%,CrowJa00,Jamison Crowder,was
WR,3,.27%,0,0%,7,1.48%,TinsMi00,Mitchell Tinsley,was
WR,183,16.53%,0,0%,195,41.23%,PrinBy00,Byron Pringle,was
TE,732,66.12%,0,0%,1,.21%,ThomLo00,Logan Thomas,was
TE,500,45.17%,0,0%,173,36.58%,BateJo00,John Bates,was
TE,142,12.83%,0,0%,86,18.18%,TurnCo00,Cole Turner,was
T,880,79.49%,0,0%,44,9.30%,LenoCh00,Charles Leno Jr.,was
T,977,88.26%,0,0%,52,10.99%,WyliAn00,Andrew Wylie,was
T,138,12.47%,0,0%,32,6.77%,ScotTr01,Trenton Scott,was
T,231,20.87%,0,0%,59,12.47%,LucaCo01,Cornelius Lucas,was
T,0,0%,0,0%,4,.85%,AkinAl00,Alex Akingbulu,was
T,2,.18%,0,0%,0,0%,GoodJu00,Julian Good-Jones,was
G,439,39.66%,0,0%,33,6.98%,PaulCh00,Chris Paul,was
G,643,58.08%,0,0%,36,7.61%,CharSa00,Saahdiq Charles,was
G,1103,99.64%,0,0%,59,12.47%,CosmSa00,Samuel Cosmi,was
C,641,57.90%,0,0%,4,.85%,GateNi00,Nick Gates,was
C,466,42.10%,0,0%,26,5.50%,LarsTy00,Tyler Larsen,was
C,26,2.35%,0,0%,2,.42%,StroRi01,Ricky Stromberg,was
DE,0,0%,377,32.31%,0,0%,SweaMo00,Montez Sweat,was
DE,0,0%,407,34.88%,0,0%,YounCh04,Chase Young,was
DE,0,0%,418,35.82%,26,5.50%,SmitJa08,James Smith-Williams,was
DE,0,0%,495,42.42%,161,34.04%,ToohCa00,Casey Toohill,was
DE,0,0%,28,2.40%,6,1.27%,PotoBe00,Benning Potoa'e,was
DE,0,0%,171,14.65%,250,52.85%,JoneAn02,Andre Jones,was
DE,0,0%,98,8.40%,20,4.23%,ObadEf00,Efe Obada,was
DE,0,0%,282,24.16%,78,16.49%,HenrKJ00,K.J. Henry,was
DE,0,0%,87,7.46%,2,.42%,HarrJa04,Jalen Harris,was
DT,0,0%,868,74.38%,4,.85%,AlleJo01,Jonathan Allen,was
DT,0,0%,924,79.18%,92,19.45%,PaynDa00,Daron Payne,was
DT,0,0%,356,30.51%,97,20.51%,RidgJo00,John Ridgeway,was
DT,0,0%,1,.09%,157,33.19%,PryoJo00,Joshua Pryor,was
DT,0,0%,203,17.40%,43,9.09%,MathPh00,Phidarian Mathis,was
DT,0,0%,113,9.68%,38,8.03%,AndeAb00,Abdullah Anderson,was
LB,0,0%,844,72.32%,0,0%,BartCo00,Cody Barton,was
LB,0,0%,743,63.67%,34,7.19%,DaviJa11,Jamin Davis,was
LB,0,0%,350,29.99%,300,63.42%,MayoDa00,David Mayo,was
LB,0,0%,405,34.70%,344,72.73%,HudsKh00,Khaleke Hudson,was
LB,0,0%,3,.26%,146,30.87%,HarrDe10,De'Jon Harris,was
LB,0,0%,1,.09%,203,42.92%,CoxxJa00,Jabril Cox,was
CB,0,0%,1064,91.17%,0,0%,StJuBe00,Benjamin St-Juste,was
CB,0,0%,1021,87.49%,0,0%,FullKe00,Kendall Fuller,was
CB,0,0%,482,41.30%,1,.21%,ForbEm00,Emmanuel Forbes,was
CB,0,0%,15,1.29%,13,2.75%,WhitNi02,Nick Whiteside,was
CB,0,0%,33,2.83%,284,60.04%,HolmCh00,Christian Holmes,was
CB,0,0%,365,31.28%,228,48.20%,MartJa04,Quan Martin,was
CB,0,0%,21,1.80%,87,18.39%,CastTa00,Tariq Castro-Fields,was
CB,0,0%,208,17.82%,94,19.87%,JohnDa09,Danny Johnson,was
CB,0,0%,0,0%,8,1.69%,WhitJa05,Jace Whittaker,was
CB,0,0%,17,1.46%,13,2.75%,BluxKy00,Kyu Blu Kelly,was
SS,0,0%,1089,93.32%,0,0%,CurlKa00,Kamren Curl,was
SS,0,0%,0,0%,98,20.72%,ReavJe00,Jeremy Reaves,was
SS,0,0%,63,5.40%,26,5.50%,ChanSe00,Sean Chandler,was
FS,0,0%,328,28.11%,6,1.27%,ForrDa00,Darrick Forrest,was
FS,0,0%,836,71.64%,105,22.20%,ButlPe00,Percy Butler,was
FS,0,0%,120,10.28%,273,57.72%,BurgTe00,Terrell Burgess,was
LS,0,0%,0,0%,21,4.44%,AddiTu00,Tucker Addington,was
LS,0,0%,0,0%,116,24.52%,CheeCa00,Camaron Cheeseman,was
K,0,0%,0,0%,131,27.70%,SlyeJo00,Joey Slye,was
P,0,0%,0,0%,137,28.96%,WayxTr00,Tress Way,was
QB,1045,95.17%,0,0%,0,0%,TagoTu00,Tua Tagovailoa,mia
QB,53,4.83%,0,0%,0,0%,WhitMi01,Mike White,mia
RB,555,50.55%,0,0%,3,.66%,MostRa00,Raheem Mostert,mia
RB,135,12.30%,0,0%,70,15.35%,AhmeSa01,Salvon Ahmed,mia
RB,5,.46%,0,0%,21,4.61%,EvanDa02,Darrynton Evans,mia
RB,148,13.48%,0,0%,15,3.29%,WilsJe01,Jeff Wilson,mia
RB,36,3.28%,0,0%,105,23.03%,BrooCh00,Chris Brooks,mia
RB,300,27.32%,0,0%,7,1.54%,AchaDe00,De'Von Achane,mia
FB,413,37.61%,0,0%,118,25.88%,IngoAl01,Alec Ingold,mia
WR,456,41.53%,0,0%,139,30.48%,BerrBr00,Braxton Berrios,mia
WR,695,63.30%,0,0%,3,.66%,HillTy00,Tyreek Hill,mia
WR,611,55.65%,0,0%,5,1.10%,WaddJa00,Jaylen Waddle,mia
WR,135,12.30%,0,0%,0,0%,AndeRo04,Robbie Chosen,mia
WR,545,49.64%,0,0%,17,3.73%,WilsCe01,Cedrick Wilson Jr.,mia
WR,185,16.85%,0,0%,6,1.32%,CracRi00,River Cracraft,mia
WR,20,1.82%,0,0%,35,7.68%,ConnTa00,Tanner Conner,mia
WR,29,2.64%,0,0%,2,.44%,EzukEr00,Erik Ezukanma,mia
WR,51,4.64%,0,0%,102,22.37%,ClayCh01,Chase Claypool,mia
TE,785,71.49%,0,0%,128,28.07%,SmytDu00,Durham Smythe,mia
TE,343,31.24%,0,0%,91,19.96%,HillJu02,Julian Hill,mia
TE,43,3.92%,0,0%,31,6.80%,KrofTy00,Tyler Kroft,mia
T,989,90.07%,0,0%,43,9.43%,JackAu00,Austin Jackson,mia
T,613,55.83%,0,0%,86,18.86%,LammKe00,Kendall Lamm,mia
T,524,47.72%,0,0%,0,0%,ArmsTe00,Terron Armstead,mia
G,547,49.82%,0,0%,43,9.43%,HuntRo01,Robert Hunt,mia
G,392,35.70%,0,0%,36,7.89%,WynnIs00,Isaiah Wynn,mia
G,70,6.38%,0,0%,45,9.87%,SmitKi00,Kion Smith,mia
G,616,56.10%,0,0%,87,19.08%,CottLe00,Lester Cotton,mia
G,418,38.07%,0,0%,33,7.24%,JoneRo02,Robert Jones,mia
G,815,74.23%,0,0%,65,14.25%,EichLi00,Liam Eichenberg,mia
C,497,45.26%,0,0%,0,0%,WillCo00,Connor Williams,mia
C,9,.82%,0,0%,0,0%,HarrJo03,Jonotthan Harrison,mia
DE,0,0%,894,80.90%,190,41.67%,WilkCh00,Christian Wilkins,mia
DE,0,0%,856,77.47%,191,41.89%,SielZa00,Zach Sieler,mia
DE,0,0%,246,22.26%,103,22.59%,OgbaEm00,Emmanuel Ogbah,mia
DE,0,0%,5,.45%,47,10.31%,WinoCh00,Chase Winovich,mia
DE,0,0%,198,17.92%,45,9.87%,HandDa00,Da'Shawn Hand,mia
DE,0,0%,5,.45%,8,1.75%,PierJa99,Jason Pierre-Paul,mia
NT,0,0%,498,45.07%,86,18.86%,DaviRa03,Raekwon Davis,mia
NT,0,0%,30,2.71%,21,4.61%,PiliBr00,Brandon Pili,mia
LB,0,0%,714,64.62%,2,.44%,BakeJe00,Jerome Baker,mia
LB,0,0%,367,33.21%,16,3.51%,PhilJa02,Jaelan Phillips,mia
LB,0,0%,836,75.66%,18,3.95%,ChubBr00,Bradley Chubb,mia
LB,0,0%,726,65.70%,138,30.26%,VanGAn00,Andrew Van Ginkel,mia
LB,0,0%,392,35.48%,317,69.52%,RileDu00,Duke Riley,mia
LB,0,0%,95,8.60%,0,0%,IngrMe00,Melvin Ingram,mia
LB,0,0%,823,74.48%,69,15.13%,LongDa04,David Long,mia
LB,0,0%,76,6.88%,309,67.76%,GoodCa00,Cameron Goode,mia
LB,0,0%,12,1.09%,244,53.51%,TindCh00,Channing Tindall,mia
LB,0,0%,12,1.09%,63,13.82%,MunsCa00,Calvin Munson,mia
LB,0,0%,0,0%,12,2.63%,BellQu00,Quinton Bell,mia
CB,0,0%,745,67.42%,2,.44%,HowaXa00,Xavien Howard,mia
CB,0,0%,938,84.89%,43,9.43%,KohoKa00,Kader Kohou,mia
CB,0,0%,547,49.50%,4,.88%,ApplEl00,Eli Apple,mia
CB,0,0%,585,52.94%,0,0%,RamsJa00,Jalen Ramsey,mia
CB,0,0%,11,1.00%,26,5.70%,BonnEt00,Ethan Bonner,mia
CB,0,0%,21,1.90%,87,19.08%,JoseKe02,Kelvin Joseph,mia
CB,0,0%,20,1.81%,210,46.05%,SmitCa02,Cam Smith,mia
CB,0,0%,124,11.22%,318,69.74%,BethJu00,Justin Bethel,mia
CB,0,0%,71,6.43%,31,6.80%,NeedNi00,Nik Needham,mia
CB,0,0%,84,7.60%,19,4.17%,NickPa00,Parry Nickerson,mia
SS,0,0%,708,64.07%,55,12.06%,HollJe02,Jevon Holland,mia
SS,0,0%,122,11.04%,301,66.01%,CampEl00,Elijah Campbell,mia
FS,0,0%,928,83.98%,22,4.82%,ElliDe02,DeShon Elliott,mia
FS,0,0%,463,41.90%,218,47.81%,JoneBr06,Brandon Jones,mia
LS,0,0%,0,0%,140,30.70%,FergBl00,Blake Ferguson,mia
K,0,0%,0,0%,175,38.38%,SandJa00,Jason Sanders,mia
P,0,0%,0,0%,150,32.89%,BailJa00,Jake Bailey,mia
QB,319,28.46%,0,0%,0,0%,DobbJo00,Joshua Dobbs,min
QB,512,45.67%,0,0%,0,0%,CousKi00,Kirk Cousins,min
QB,244,21.77%,0,0%,0,0%,MullNi00,Nick Mullens,min
QB,46,4.10%,0,0%,0,0%,HallJa00,Jaren Hall,min
RB,579,51.65%,0,0%,0,0%,MattAl01,Alexander Mattison,min
RB,307,27.39%,0,0%,119,27.36%,ChanTy01,Ty Chandler,min
RB,111,9.90%,0,0%,0,0%,AkerCa00,Cam Akers,min
RB,13,1.16%,0,0%,93,21.38%,NwanKe00,Kene Nwangwu,min
RB,0,0%,0,0%,4,.92%,GaskMy00,Myles Gaskin,min
FB,216,19.27%,0,0%,244,56.09%,HamxC.00,C.J. Ham,min
WR,550,49.06%,0,0%,1,.23%,JeffJu00,Justin Jefferson,min
WR,821,73.24%,0,0%,1,.23%,OsboKJ00,K.J. Osborn,min
WR,921,82.16%,0,0%,0,0%,AddiJo00,Jordan Addison,min
WR,94,8.39%,0,0%,49,11.26%,NailJa00,Jalen Nailor,min
WR,3,.27%,0,0%,32,7.36%,JackLu00,Lucky Jackson,min
WR,80,7.14%,0,0%,14,3.22%,JackTr02,Trishton Jackson,min
WR,407,36.31%,0,0%,72,16.55%,PoweBr00,Brandon Powell,min
WR,23,2.05%,0,0%,49,11.26%,HarrNK00,N'Keal Harry,min
TE,790,70.47%,0,0%,0,0%,HockTJ00,T.J. Hockenson,min
TE,466,41.57%,0,0%,151,34.71%,OlivJo00,Josh Oliver,min
TE,223,19.89%,0,0%,210,48.28%,MundJo00,Johnny Mundt,min
TE,2,.18%,0,0%,29,6.67%,MuseNi00,Nick Muse,min
T,883,78.77%,0,0%,40,9.20%,ONeiBr00,Brian O'Neill,min
T,982,87.60%,0,0%,60,13.79%,DarrCh00,Christian Darrisaw,min
G,371,33.10%,0,0%,23,5.29%,ClevEz00,Ezra Cleveland,min
G,958,85.46%,0,0%,61,14.02%,IngrEd00,Ed Ingram,min
G,332,29.62%,0,0%,66,15.17%,QuesDa00,David Quessenberry,min
G,45,4.01%,0,0%,5,1.15%,UdohOl01,Oli Udoh,min
G,0,0%,0,0%,17,3.91%,AdenHa00,Hakeem Adeniji,min
G,746,66.55%,0,0%,56,12.87%,RisnDa00,Dalton Risner,min
G,163,14.54%,0,0%,68,15.63%,BranBl00,Blake Brandel,min
G,2,.18%,0,0%,2,.46%,ReedCh00,Chris Reed,min
C,248,22.12%,0,0%,16,3.68%,SchlAu00,Austin Schlottmann,min
C,875,78.06%,0,0%,0,0%,BradGa00,Garrett Bradbury,min
DE,0,0%,237,20.95%,39,8.97%,LowrDe00,Dean Lowry,min
DE,0,0%,644,56.94%,24,5.52%,BullJo00,Jonathan Bullard,min
DT,0,0%,839,74.18%,0,0%,PhilHa00,Harrison Phillips,min
DT,0,0%,126,11.14%,0,0%,DayxSh00,Sheldon Day,min
DT,0,0%,44,3.89%,14,3.22%,SmitTJ00,T.J. Smith,min
NT,0,0%,96,8.49%,59,13.56%,RoyxJa00,Jaquelin Roy,min
NT,0,0%,188,16.62%,74,17.01%,TongKh00,Khyiris Tonga,min
LB,0,0%,813,71.88%,33,7.59%,HickJo00,Jordan Hicks,min
LB,0,0%,828,73.21%,98,22.53%,WonnDJ00,D.J. Wonnum,min
LB,0,0%,706,62.42%,249,57.24%,PaceIv00,Ivan Pace,min
LB,0,0%,1006,88.95%,10,2.30%,HuntDa01,Danielle Hunter,min
LB,0,0%,635,56.15%,175,40.23%,JonePa00,Patrick Jones II,min
LB,0,0%,68,6.01%,142,32.64%,CartAn01,Andre Carter II,min
LB,0,0%,112,9.90%,296,68.05%,DyexTr00,Troy Dye,min
LB,0,0%,36,3.18%,196,45.06%,AsamBr00,Brian Asamoah,min
LB,0,0%,0,0%,14,3.22%,VilaLu00,Luiji Vilain,min
LB,0,0%,0,0%,116,26.67%,VigiNi00,Nick Vigil,min
LB,0,0%,49,4.33%,11,2.53%,BarrAn00,Anthony Barr,min
LB,0,0%,1,.09%,6,1.38%,WhitBe00,Benton Whitley,min
LB,0,0%,118,10.43%,5,1.15%,DaveMa00,Marcus Davenport,min
CB,0,0%,908,80.28%,56,12.87%,MurpBy00,Byron Murphy,min
CB,0,0%,855,75.60%,0,0%,EvanAk00,Akayleb Evans,min
CB,0,0%,48,4.24%,14,3.22%,WillJo13,Joejuan Williams,min
CB,0,0%,24,2.12%,27,6.21%,WillJa14,Jaylin Williams,min
CB,0,0%,1,.09%,195,44.83%,ThomNa00,NaJee Thompson,min
CB,0,0%,435,38.46%,2,.46%,BlacMe00,Mekhi Blackmon,min
CB,0,0%,151,13.35%,121,27.82%,BootAn00,Andrew Booth,min
SS,0,0%,1065,94.16%,194,44.60%,MeteJo00,Josh Metellus,min
SS,0,0%,1113,98.41%,1,.23%,SmitHa00,Harrison Smith,min
FS,0,0%,1122,99.20%,73,16.78%,BynuCa00,Camryn Bynum,min
FS,0,0%,126,11.14%,260,59.77%,JackTh00,Theo Jackson,min
FS,0,0%,35,3.09%,302,69.43%,WardJa00,Jay Ward,min
FS,0,0%,8,.71%,84,19.31%,CineLe00,Lewis Cine,min
LS,0,0%,0,0%,130,29.89%,DePaAn00,Andrew DePaola,min
K,0,0%,0,0%,148,34.02%,JoseGr00,Greg Joseph,min
P,0,0%,0,0%,131,30.11%,WrigRy00,Ryan Wright,min
QB,978,84.46%,0,0%,0,0%,CarrDe02,Derek Carr,nor
QB,76,6.56%,0,0%,0,0%,WinsJa00,Jameis Winston,nor
QB,425,36.70%,0,0%,165,35.48%,HillTa00,Taysom Hill,nor
RB,558,48.19%,0,0%,0,0%,KamaAl00,Alvin Kamara,nor
RB,324,27.98%,0,0%,0,0%,WillJa06,Jamaal Williams,nor
RB,112,9.67%,0,0%,5,1.08%,MillKe01,Kendre Miller,nor
RB,88,7.60%,0,0%,5,1.08%,JoneTo04,Tony Jones,nor
RB,3,.26%,0,0%,13,2.80%,MimsJo00,Jordan Mims,nor
FB,125,10.79%,0,0%,137,29.46%,PrenAd00,Adam Prentice,nor
WR,490,42.31%,0,0%,0,0%,ThomMi05,Michael Thomas,nor
WR,814,70.29%,0,0%,0,0%,OlavCh00,Chris Olave,nor
WR,604,52.16%,0,0%,133,28.60%,ShahRa00,Rashid Shaheed,nor
WR,236,20.38%,0,0%,89,19.14%,KirkKe00,Keith Kirkwood,nor
WR,28,2.42%,0,0%,0,0%,CallMa01,Marquez Callaway,nor
WR,343,29.62%,0,0%,0,0%,PerrAT00,A.T. Perry,nor
WR,2,.17%,0,0%,6,1.29%,MerrKi00,Kirk Merritt,nor
WR,326,28.15%,0,0%,65,13.98%,BowdLy00,Lynn Bowden Jr.,nor
TE,555,47.93%,0,0%,39,8.39%,JohnJu02,Juwan Johnson,nor
TE,549,47.41%,0,0%,149,32.04%,MoreFo00,Foster Moreau,nor
TE,171,14.77%,0,0%,1,.22%,GrahJi00,Jimmy Graham,nor
TE,1,.09%,0,0%,8,1.72%,HoltJ.01,J.P. Holtz,nor
T,208,17.96%,0,0%,4,.86%,ErviCa00,Cameron Erving,nor
T,417,36.01%,0,0%,77,16.56%,PennTr00,Trevor Penning,nor
T,785,67.79%,0,0%,52,11.18%,RamcRy00,Ryan Ramczyk,nor
T,931,80.40%,0,0%,35,7.53%,HursJa00,James Hurst,nor
T,213,18.39%,0,0%,49,10.54%,YounLa00,Landon Young,nor
G,1050,90.67%,0,0%,71,15.27%,RuizCe00,Cesar Ruiz,nor
G,8,.69%,0,0%,13,2.80%,KraeTo02,Tommy Kraemer,nor
G,809,69.86%,0,0%,67,14.41%,PeatAn00,Andrus Peat,nor
G,320,27.63%,0,0%,77,16.56%,GarcMa00,Max Garcia,nor
G,18,1.55%,0,0%,19,4.09%,SaldNi00,Nick Saldiveri,nor
C,1152,99.48%,0,0%,76,16.34%,McCoEr01,Erik McCoy,nor
DE,0,0%,771,69.65%,11,2.37%,JordCa00,Cameron Jordan,nor
DE,0,0%,874,78.95%,83,17.85%,GranCa01,Carl Granderson,nor
DE,0,0%,405,36.59%,67,14.41%,KpasTa00,Tanoh Kpassagnon,nor
DE,0,0%,83,7.50%,145,31.18%,FoskIs00,Isaiah Foskey,nor
DE,0,0%,17,1.54%,0,0%,PierJa99,Jason Pierre-Paul,nor
DE,0,0%,25,2.26%,6,1.29%,TurnPa02,Payton Turner,nor
DE,0,0%,56,5.06%,13,2.80%,PhilKy00,Kyle Phillips,nor
DT,0,0%,594,53.66%,68,14.62%,ShepNa00,Nathan Shepherd,nor
DT,0,0%,539,48.69%,65,13.98%,BresBr00,Bryan Bresee,nor
DT,16,1.38%,523,47.24%,1,.22%,SaunKh00,Khalen Saunders,nor
DT,0,0%,290,26.20%,52,11.18%,RoacMa01,Malcolm Roach,nor
DT,0,0%,17,1.54%,0,0%,HeflJa00,Jack Heflin,nor
DT,0,0%,42,3.79%,1,.22%,MustPJ00,PJ Mustipher,nor
LB,0,0%,920,83.11%,13,2.80%,WernPe00,Pete Werner,nor
LB,0,0%,1075,97.11%,3,.65%,DaviDe00,Demario Davis,nor
LB,0,0%,301,27.19%,385,82.80%,BaunZa00,Zack Baun,nor
LB,0,0%,7,.63%,384,82.58%,JackDM00,D'Marco Jackson,nor
LB,0,0%,1,.09%,21,4.52%,ConnRy00,Ryan Connelly,nor
LB,3,.26%,57,5.15%,266,57.20%,SeweNe00,Nephi Sewell,nor
LB,0,0%,0,0%,303,65.16%,SummTy00,Ty Summers,nor
LB,0,0%,0,0%,15,3.23%,LittCo01,Cory Littleton,nor
CB,0,0%,949,85.73%,5,1.08%,AdebPa00,Paulson Adebo,nor
CB,0,0%,622,56.19%,3,.65%,LattMa01,Marshon Lattimore,nor
CB,0,0%,950,85.82%,68,14.62%,TaylAl01,Alontae Taylor,nor
CB,0,0%,122,11.02%,249,53.55%,JohnLo01,Lonnie Johnson Jr.,nor
CB,0,0%,515,46.52%,267,57.42%,YiadIs00,Isaac Yiadom,nor
CB,0,0%,7,.63%,34,7.31%,JeanSh00,Shemar Jean-Charles,nor
CB,0,0%,0,0%,9,1.94%,DantCa00,Cameron Dantzler,nor
SS,0,0%,568,51.31%,161,34.62%,HowdJo00,Jordan Howden,nor
SS,0,0%,208,18.79%,114,24.52%,AbraJo01,Johnathan Abram,nor
SS,0,0%,5,.45%,301,64.73%,GrayJ.00,J.T. Gray,nor
FS,0,0%,445,40.20%,2,.43%,MayeMa00,Marcus Maye,nor
FS,0,0%,1097,99.10%,0,0%,MathTy00,Tyrann Mathieu,nor
FS,0,0%,9,.81%,37,7.96%,SoreDa01,Daniel Sorensen,nor
FS,0,0%,83,7.50%,132,28.39%,AmadUg00,Ugo Amadi,nor
LS,0,0%,0,0%,153,32.90%,WoodZa00,Zach Wood,nor
K,0,0%,0,0%,168,36.13%,GrupBl00,Blake Grupe,nor
P,0,0%,0,0%,153,32.90%,HedlLo00,Lou Hedley,nor
