pos,offense,off_pct,defense,def_pct,special_teams,st_pct,player_id,player_name,team
QB,1065,97.17%,0,0%,0,0%,MurrKy00,Kyler Murray,crd
QB,31,2.83%,0,0%,0,0%,TuneCl00,Clayton Tune,crd
RB,619,56.48%,0,0%,0,0%,ConnJa00,James Conner,crd
RB,132,12.04%,0,0%,0,0%,CartMi03,Michael Carter,crd
RB,164,14.96%,0,0%,52,11.90%,DemeEm00,Emari Demercado,crd
RB,54,4.93%,0,0%,275,62.93%,DallDe00,DeeJay Dallas,crd
RB,5,.46%,0,0%,10,2.29%,JoneTo04,Tony Jones,crd
RB,137,12.50%,0,0%,0,0%,BensTr01,Trey Benson,crd
WR,865,78.92%,0,0%,0,0%,HarrMa09,Marvin Harrison Jr.,crd
WR,822,75.00%,0,0%,2,.46%,WilsMi02,Michael Wilson,crd
WR,57,5.20%,0,0%,0,0%,WeavXa00,Xavier Weaver,crd
WR,432,39.42%,0,0%,112,25.63%,DortGr01,Greg Dortch,crd
WR,68,6.20%,0,0%,278,63.62%,PascZa00,Zach Pascal,crd
WR,257,23.45%,0,0%,0,0%,JoneZa00,Zay Jones,crd
WR,27,2.46%,0,0%,0,0%,MoorCh00,Chris Moore,crd
TE,934,85.22%,0,0%,15,3.43%,McBrTr01,Trey McBride,crd
TE,411,37.50%,0,0%,176,40.27%,HiggEl00,Elijah Higgins,crd
TE,450,41.06%,0,0%,189,43.25%,ReimTi00,Tip Reiman,crd
TE,12,1.09%,0,0%,2,.46%,VokoTr00,Travis Vokolek,crd
T,865,78.92%,0,0%,61,13.96%,JohnPa03,Paris Johnson,crd
T,742,67.70%,0,0%,47,10.76%,BeacKe00,Kelvin Beachum,crd
T,343,31.30%,0,0%,1,.23%,WillJo10,Jonah Williams,crd
T,157,14.32%,0,0%,17,3.89%,BartJa00,Jackson Barton,crd
T,30,2.74%,0,0%,25,5.72%,HeckCh00,Charlie Heck,crd
T,74,6.75%,0,0%,8,1.83%,JoneCh12,Christian Jones,crd
G,280,25.55%,0,0%,10,2.29%,HernWi00,Will Hernandez,crd
G,5,.46%,0,0%,1,.23%,LeveNi00,Nick Leverett,crd
G,462,42.15%,0,0%,66,15.10%,AdamIs01,Isaiah Adams,crd
G,22,2.01%,0,0%,58,13.27%,GainJo00,Jon Gaines,crd
C,1078,98.36%,0,0%,76,17.39%,FrohHj00,Hjalte Froholdt,crd
C,1070,97.63%,0,0%,76,17.39%,BrowEv00,Evan Brown,crd
C,386,35.22%,0,0%,77,17.62%,ColoTr01,Trystan Colon,crd
DT,0,0%,100,9.20%,7,1.60%,JoneJu03,Justin Jones,crd
DT,0,0%,174,16.01%,19,4.35%,NichBi00,Bilal Nichols,crd
DT,0,0%,534,49.13%,77,17.62%,StilDa01,Dante Stills,crd
DT,0,0%,106,9.75%,8,1.83%,StilBe00,Ben Stille,crd
DT,0,0%,260,23.92%,55,12.59%,JoneNa01,Naquan Jones,crd
DT,0,0%,24,2.21%,0,0%,BlacAn00,Angelo Blackson,crd
DT,0,0%,183,16.84%,0,0%,RobiDa01,Darius Robinson,crd
DT,0,0%,590,54.28%,6,1.37%,CollLJ00,L.J. Collier,crd
NT,0,0%,467,42.96%,70,16.02%,LopeRo00,Roy Lopez,crd
NT,0,0%,229,21.07%,10,2.29%,TongKh00,Khyiris Tonga,crd
LB,0,0%,1018,93.65%,6,1.37%,WhitKy00,Kyzir White,crd
LB,0,0%,207,19.04%,69,15.79%,GardDe01,Dennis Gardeck,crd
LB,0,0%,602,55.38%,9,2.06%,CollZa00,Zaven Collins,crd
LB,0,0%,763,70.19%,18,4.12%,WilsMa03,Mack Wilson,crd
LB,0,0%,188,17.30%,169,38.67%,LukeJe00,Jesse Luketa,crd
LB,0,0%,131,12.05%,332,75.97%,PappOw00,Owen Pappoe,crd
LB,0,0%,205,18.86%,304,69.57%,BarnKr00,Krys Barnes,crd
LB,0,0%,158,14.54%,207,47.37%,DimuVi00,Victor Dimukeje,crd
LB,0,0%,208,19.14%,23,5.26%,ThomXa01,Xavier Thomas,crd
LB,0,0%,233,21.44%,5,1.14%,BrowBa01,Baron Browning,crd
LB,0,0%,286,26.31%,115,26.32%,OkwaJu00,Julian Okwara,crd
LB,0,0%,0,0%,16,3.66%,BailMa01,Markus Bailey,crd
LB,0,0%,0,0%,23,5.26%,EiflMi00,Milo Eifler,crd
CB,0,0%,728,66.97%,56,12.81%,BuntSe00,Sean Murphy-Bunting,crd
CB,0,0%,820,75.44%,75,17.16%,ThomSt01,Starling Thomas,crd
CB,0,0%,781,71.85%,43,9.84%,WillGa00,Garrett Williams,crd
CB,0,0%,565,51.98%,212,48.51%,MeltMa00,Max Melton,crd
CB,0,0%,97,8.92%,109,24.94%,ClarKe02,Kei'Trel Clark,crd
CB,0,0%,0,0%,12,2.75%,WilsDi00,Divaad Wilson,crd
SS,0,0%,1067,98.16%,43,9.84%,BakeBu00,Budda Baker,crd
SS,0,0%,3,.28%,47,10.76%,ChacAn00,Andre Chachere,crd
FS,0,0%,944,86.84%,1,.23%,ThomJa04,Jalen Thompson,crd
FS,0,0%,258,23.74%,286,65.45%,TaylDa02,Dadrion Taylor-Demerson,crd
FS,0,0%,20,1.84%,268,61.33%,BlouJo00,Joey Blount,crd
FS,0,0%,7,.64%,36,8.24%,HallDa03,Darren Hall,crd
LS,0,0%,0,0%,134,30.66%,BrewAa00,Aaron Brewer,crd
K,0,0%,0,0%,131,29.98%,RylaCh00,Chad Ryland,crd
K,0,0%,0,0%,36,8.24%,PratMa20,Matt Prater,crd
P,0,0%,0,0%,37,8.47%,PalaMi00,Michael Palardy,crd
P,0,0%,0,0%,94,21.51%,GillBl00,Blake Gillikin,crd
QB,913,79.88%,0,0%,0,0%,CousKi00,Kirk Cousins,atl
QB,230,20.12%,0,0%,0,0%,PeniMi00,Michael Penix,atl
RB,861,75.33%,0,0%,0,0%,RobiBi01,Bijan Robinson,atl
RB,10,.87%,0,0%,364,81.61%,WillAv02,Avery Williams,atl
RB,287,25.11%,0,0%,204,45.74%,AllgTy00,Tyler Allgeier,atl
RB,0,0%,0,0%,11,2.47%,WashCa00,Carlos Washington,atl
RB,19,1.66%,0,0%,8,1.79%,McClJa05,Jase McClellan,atl
WR,1032,90.29%,0,0%,0,0%,LondDr00,Drake London,atl
WR,988,86.44%,0,0%,1,.22%,MoonDa00,Darnell Mooney,atl
WR,981,85.83%,0,0%,82,18.39%,McClRa00,Ray-Ray McCloud,atl
WR,231,20.21%,0,0%,241,54.04%,HodgKh00,KhaDarel Hodge,atl
WR,27,2.36%,0,0%,20,4.48%,BlaiCh00,Chris Blair,atl
WR,9,.79%,0,0%,47,10.54%,WashCa01,Casey Washington,atl
TE,707,61.85%,0,0%,1,.22%,PittKy00,Kyle Pitts,atl
TE,457,39.98%,0,0%,240,53.81%,WoerCh00,Charlie Woerner,atl
TE,105,9.19%,0,0%,166,37.22%,DwelRo00,Ross Dwelley,atl
T,1118,97.81%,0,0%,82,18.39%,MattJa00,Jake Matthews,atl
T,1041,91.08%,0,0%,74,16.59%,McGaKa00,Kaleb McGary,atl
T,127,11.11%,0,0%,82,18.39%,NortSt00,Storm Norton,atl
G,1105,96.68%,0,0%,81,18.16%,BergMa00,Matthew Bergeron,atl
G,1099,96.15%,0,0%,68,15.25%,LindCh00,Chris Lindstrom,atl
G,1,.09%,0,0%,8,1.79%,WilkEl00,Elijah Wilkinson,atl
G,82,7.17%,0,0%,82,18.39%,HintKy00,Kyle Hinton,atl
G,0,0%,0,0%,2,.45%,GwynJo00,Jovaughn Gwyn,atl
C,554,48.47%,0,0%,0,0%,DalmDr00,Drew Dalman,atl
C,12,1.05%,0,0%,18,4.04%,HennMa00,Matt Hennessy,atl
C,577,50.48%,0,0%,75,16.82%,NeuzRy00,Ryan Neuzil,atl
DE,0,0%,306,27.49%,1,.22%,SmitJa08,James Smith-Williams,atl
DE,0,0%,216,19.41%,11,2.47%,HarrDe06,Demone Harris,atl
DE,0,0%,268,24.08%,125,28.03%,HarrZa00,Zach Harrison,atl
DE,0,0%,193,17.34%,42,9.42%,GrahTa00,Ta'Quon Graham,atl
DE,0,0%,148,13.30%,19,4.26%,OrhoRu00,Ruke Orhorhoro,atl
DE,0,0%,19,1.71%,6,1.35%,DorlBr00,Brandon Dorlus,atl
DE,0,0%,32,2.88%,22,4.93%,KareKh00,Khalid Kareem,atl
DT,0,0%,567,50.94%,80,17.94%,OnyeDa00,David Onyemata,atl
DT,0,0%,744,66.85%,0,0%,JarrGr00,Grady Jarrett,atl
DT,0,0%,280,25.16%,45,10.09%,StreKe00,Kentavius Street,atl
NT,0,0%,331,29.74%,38,8.52%,GoldEd00,Eddie Goldman,atl
LB,0,0%,1095,98.38%,36,8.07%,ElliKa00,Kaden Elliss,atl
LB,0,0%,285,25.61%,56,12.56%,AndeTr00,Troy Andersen,atl
LB,0,0%,655,58.85%,0,0%,JudoMa00,Matt Judon,atl
LB,0,0%,544,48.88%,71,15.92%,LandNa01,Nathan Landman,atl
LB,0,0%,409,36.75%,51,11.43%,CartLo01,Lorenzo Carter,atl
LB,0,0%,90,8.09%,363,81.39%,MaloDe00,DeAngelo Malone,atl
LB,0,0%,157,14.11%,238,53.36%,BertJD00,JD Bertrand,atl
LB,0,0%,543,48.79%,37,8.30%,EbikAr00,Arnold Ebiketie,atl
LB,0,0%,0,0%,89,19.96%,WoodJo02,Josh Woods,atl
LB,0,0%,1,.09%,5,1.12%,EvanRa01,Rashaan Evans,atl
CB,0,0%,1085,97.48%,0,0%,TerrAJ00,AJ Terrell,atl
CB,0,0%,720,64.69%,24,5.38%,HughMi00,Mike Hughes,atl
CB,0,0%,723,64.96%,43,9.64%,AlfoDe00,DeAundre Alford,atl
CB,0,0%,39,3.50%,166,37.22%,HamiAn01,Antonio Hamilton,atl
CB,0,0%,40,3.59%,160,35.87%,BrooNa01,Natrone Brooks,atl
CB,0,0%,407,36.57%,100,22.42%,PhilCl00,Clark Phillips,atl
CB,0,0%,71,6.38%,161,36.10%,KingKe01,Kevin King,atl
CB,0,0%,0,0%,18,4.04%,JackLa02,Lamar Jackson,atl
SS,0,0%,162,14.56%,349,78.25%,GranRi00,Richie Grant,atl
SS,0,0%,0,0%,37,8.30%,CruiDa00,Dane Cruikshank,atl
FS,0,0%,1095,98.38%,8,1.79%,BateJe00,Jessie Bates III,atl
FS,0,0%,1017,91.37%,6,1.35%,SimmJu00,Justin Simmons,atl
FS,0,0%,0,0%,110,24.66%,AberMi00,Micah Abernathy,atl
LS,0,0%,0,0%,130,29.15%,McCuLi00,Liam McCullough,atl
K,0,0%,0,0%,20,4.48%,PattRi01,Riley Patterson,atl
K,0,0%,0,0%,77,17.26%,KooxYo00,Younghoe Koo,atl
P,0,0%,0,0%,205,45.96%,PiniBr00,Bradley Pinion,atl
QB,1074,96.76%,0,0%,0,0%,JackLa00,Lamar Jackson,rav
QB,36,3.24%,0,0%,0,0%,JohnJo05,Josh Johnson,rav
RB,414,37.30%,0,0%,68,14.32%,HillJu00,Justice Hill,rav
RB,635,57.21%,0,0%,0,0%,HenrDe00,Derrick Henry,rav
RB,29,2.61%,0,0%,40,8.42%,AlixRa00,Rasheen Ali,rav
RB,36,3.24%,0,0%,25,5.26%,MitcKe01,Keaton Mitchell,rav
RB,0,0%,0,0%,11,2.32%,KellJo00,John Kelly,rav
RB,3,.27%,0,0%,28,5.89%,CollCh01,Chris Collier,rav
FB,435,39.19%,0,0%,0,0%,RicaPa00,Patrick Ricard,rav
WR,832,74.95%,0,0%,6,1.26%,FlowZa00,Zay Flowers,rav
WR,766,69.01%,0,0%,0,0%,BateRa00,Rashod Bateman,rav
WR,420,37.84%,0,0%,0,0%,AghoNe00,Nelson Agholor,rav
WR,275,24.77%,0,0%,268,56.42%,WallTy00,Tylan Wallace,rav
WR,39,3.51%,0,0%,1,.21%,JohnDi01,Diontae Johnson,rav
WR,6,.54%,0,0%,46,9.68%,HarrDe07,Deonte Harty,rav
WR,57,5.14%,0,0%,155,32.63%,WalkDe01,Devontez Walker,rav
WR,0,0%,0,0%,15,3.16%,SimsSt00,Steven Sims,rav
WR,9,.81%,0,0%,4,.84%,MillAn02,Anthony Miller,rav
TE,682,61.44%,0,0%,6,1.26%,AndrMa00,Mark Andrews,rav
TE,627,56.49%,0,0%,14,2.95%,LikeIs00,Isaiah Likely,rav
TE,251,22.61%,0,0%,289,60.84%,KolaCh00,Charlie Kolar,rav
T,1107,99.73%,0,0%,92,19.37%,FaalDa00,Daniel Faalele,rav
T,1089,98.11%,0,0%,12,2.53%,StanRo00,Ronnie Stanley,rav
T,933,84.05%,0,0%,32,6.74%,RoseRo01,Roger Rosengarten,rav
G,268,24.14%,0,0%,80,16.84%,VorhAn00,Andrew Vorhees,rav
G,998,89.91%,0,0%,79,16.63%,MekaPa00,Patrick Mekari,rav
G,0,0%,0,0%,7,1.47%,AumaMa00,Malaesala Aumavae-Laulu,rav
G,46,4.14%,0,0%,87,18.32%,JoneJo07,Josh Jones,rav
G,49,4.41%,0,0%,117,24.63%,ClevBe00,Ben Cleveland,rav
C,1094,98.56%,0,0%,0,0%,LindTy00,Tyler Linderbaum,rav
DE,0,0%,33,2.91%,8,1.68%,WormCh00,Chris Wormley,rav
DE,0,0%,449,39.63%,65,13.68%,WashBr01,Broderick Washington Jr.,rav
DE,0,0%,196,17.30%,64,13.47%,UrbaBr00,Brent Urban,rav
DE,0,0%,87,7.68%,17,3.58%,NgakYa00,Yannick Ngakoue,rav
DT,0,0%,600,52.96%,136,28.63%,JoneTr00,Travis Jones,rav
DT,0,0%,812,71.67%,2,.42%,MaduJu00,Nnamdi Madubuike,rav
NT,0,0%,61,5.38%,1,.21%,TupoJo00,Josh Tupou,rav
NT,0,0%,231,20.39%,5,1.05%,PierMi00,Michael Pierce,rav
LB,0,0%,992,87.56%,1,.21%,SmitRo07,Roquan Smith,rav
LB,0,0%,655,57.81%,204,42.95%,SimpTr00,Trenton Simpson,rav
LB,0,0%,636,56.13%,1,.21%,OwehJa00,Odafe Oweh,rav
LB,0,0%,372,32.83%,336,70.74%,HarrMa06,Malik Harrison,rav
LB,0,0%,486,42.89%,268,56.42%,RobiTa00,Tavius Robinson,rav
LB,0,0%,275,24.27%,24,5.05%,OjabDa00,David Ojabo,rav
LB,0,0%,168,14.83%,382,80.42%,BoarCh00,Chris Board,rav
LB,0,0%,631,55.69%,0,0%,VanNKy00,Kyle Van Noy,rav
LB,0,0%,0,0%,33,6.95%,KwenWi00,William Kwenkeu,rav
LB,0,0%,17,1.50%,188,39.58%,WelcKr00,Kristian Welch,rav
LB,0,0%,0,0%,138,29.05%,RossJo01,Josh Ross,rav
LB,0,0%,32,2.82%,46,9.68%,IsaaAd00,Adisa Isaac,rav
CB,0,0%,903,79.70%,1,.21%,HumpMa00,Marlon Humphrey,rav
CB,0,0%,72,6.35%,32,6.74%,MaulAr00,Arthur Maulet,rav
CB,0,0%,94,8.30%,135,28.42%,ArmoJa00,Jalyn Armour-Davis,rav
CB,0,0%,680,60.02%,194,40.84%,WiggNa00,Nate Wiggins,rav
CB,0,0%,18,1.59%,138,29.05%,TampTJ00,T.J. Tampa,rav
CB,0,0%,19,1.68%,25,5.26%,KingDe01,Desmond King,rav
CB,0,0%,152,13.42%,1,.21%,WhitTr01,Tre'Davious White,rav
CB,0,0%,0,0%,69,14.53%,HollKa00,Ka'dar Hollman,rav
CB,0,0%,0,0%,6,1.26%,CoopBu00,Bump Cooper,rav
SS,0,0%,1044,92.14%,17,3.58%,HamiKy00,Kyle Hamilton,rav
SS,0,0%,22,1.94%,325,68.42%,KaneSa00,Sanoussi Kane,rav
FS,0,0%,1047,92.41%,7,1.47%,StepBr01,Brandon Stephens,rav
FS,0,0%,601,53.05%,1,.21%,WillMa06,Marcus Williams,rav
FS,0,0%,339,29.92%,0,0%,JackEd01,Eddie Jackson,rav
FS,0,0%,11,.97%,207,43.58%,BradBe01,Beau Brade,rav
FS,0,0%,727,64.17%,158,33.26%,WashAr00,Ar'Darius Washington,rav
LS,0,0%,0,0%,149,31.37%,MoorNi00,Nick Moore,rav
K,0,0%,0,0%,188,39.58%,TuckJu00,Justin Tucker,rav
P,0,0%,0,0%,159,33.47%,StouJo00,Jordan Stout,rav
QB,968,88.97%,0,0%,0,0%,AlleJo02,Josh Allen,buf
QB,20,1.84%,0,0%,0,0%,WhitMi01,Mike White,buf
QB,102,9.38%,0,0%,0,0%,TrubMi00,Mitchell Trubisky,buf
RB,485,44.58%,0,0%,0,0%,CookJa01,James Cook,buf
RB,316,29.04%,0,0%,113,25.34%,JohnTy02,Ty Johnson,buf
RB,264,24.26%,0,0%,56,12.56%,DaviRa04,Ray Davis,buf
FB,139,12.78%,0,0%,330,73.99%,GillRe00,Reggie Gilliam,buf
WR,721,66.27%,2,.18%,100,22.42%,HollMa00,Mack Hollins,buf
WR,598,54.96%,0,0%,0,0%,ColeKe02,Keon Coleman,buf
WR,586,53.86%,0,0%,4,.90%,ShakKh00,Khalil Shakir,buf
WR,32,2.94%,0,0%,10,2.24%,ShavTy00,Tyrell Shavers,buf
WR,37,3.40%,0,0%,83,18.61%,VirgJa00,Jalen Virgil,buf
WR,239,21.97%,0,0%,0,0%,CoopAm00,Amari Cooper,buf
WR,378,34.74%,0,0%,0,0%,SamuCu00,Curtis Samuel,buf
WR,141,12.96%,0,0%,0,0%,ValdMa00,Marquez Valdes-Scantling,buf
TE,471,43.29%,0,0%,3,.67%,KincDa00,Dalton Kincaid,buf
TE,618,56.80%,0,0%,4,.90%,KnoxDa00,Dawson Knox,buf
TE,214,19.67%,0,0%,324,72.65%,MorrQu00,Quintin Morris,buf
TE,42,3.86%,0,0%,26,5.83%,DaviZa00,Zach Davidson,buf
T,961,88.33%,0,0%,47,10.54%,DawkDi00,Dion Dawkins,buf
T,932,85.66%,0,0%,76,17.04%,BrowSp00,Spencer Brown,buf
T,199,18.29%,0,0%,72,16.14%,VanDRy00,Ryan Van Demark,buf
T,74,6.80%,0,0%,22,4.93%,GrabTy00,Tylan Grable,buf
T,3,.28%,0,0%,0,0%,GourRi00,Richard Gouraige,buf
G,977,89.80%,0,0%,90,20.18%,EdwaDa01,David Edwards,buf
G,1013,93.11%,0,0%,93,20.85%,TorrOC00,O'Cyrus Torrence,buf
G,291,26.75%,0,0%,143,32.06%,AndeAl01,Alec Anderson,buf
C,67,6.16%,0,0%,3,.67%,ClapWi00,Will Clapp,buf
C,961,88.33%,0,0%,0,0%,McGoCo01,Connor McGovern,buf
C,120,11.03%,0,0%,74,16.59%,VanPSe00,Sedrick Van Pran-Granger,buf
DE,0,0%,735,66.58%,63,14.13%,RousGr00,Gregory Rousseau,buf
DE,0,0%,612,55.43%,63,14.13%,EpenAJ00,A.J. Epenesa,buf
DE,0,0%,279,25.27%,1,.22%,MillVo00,Von Miller,buf
DE,0,0%,134,12.14%,241,54.04%,SoloJa00,Javon Solomon,buf
DE,0,0%,249,22.55%,135,30.27%,ToohCa00,Casey Toohill,buf
DE,0,0%,7,.63%,13,2.91%,JonaKi00,Kingsley Jonathan,buf
DE,0,0%,322,29.17%,28,6.28%,SmooDa00,Dawuane Smoot,buf
DE,0,0%,36,3.26%,6,1.35%,LoguZi00,Zion Logue,buf
DE,0,0%,113,10.24%,5,1.12%,JeffQu00,Quinton Jefferson,buf
DE,0,0%,0,0%,17,3.81%,ClinKa00,Kameron Cline,buf
DT,0,0%,603,54.62%,2,.45%,OlivEd00,Ed Oliver,buf
DT,0,0%,546,49.46%,42,9.42%,JoneDa04,DaQuan Jones,buf
DT,0,0%,109,9.87%,0,0%,PhilJo01,Jordan Phillips,buf
DT,0,0%,306,27.72%,53,11.88%,JohnAu01,Austin Johnson,buf
DT,0,0%,9,.82%,6,1.35%,DeenBr00,Branson Deen,buf
DT,0,0%,34,3.08%,0,0%,AnkoEl00,Eli Ankou,buf
DT,0,0%,315,28.53%,23,5.16%,CartDe03,DeWayne Carter,buf
LB,0,0%,749,67.84%,56,12.56%,BernTe00,Terrel Bernard,buf
LB,0,0%,649,58.79%,181,40.58%,WillDo04,Dorian Williams,buf
LB,0,0%,183,16.58%,0,0%,MilaMa00,Matt Milano,buf
LB,0,0%,114,10.33%,246,55.16%,AndrJo02,Joe Andreessen,buf
LB,0,0%,291,26.36%,157,35.20%,SpecBa00,Baylon Spector,buf
LB,0,0%,44,3.99%,182,40.81%,MorrNi00,Nicholas Morrow,buf
LB,0,0%,64,5.80%,60,13.45%,UlofEd00,Edefuan Ulofoshio,buf
CB,0,0%,933,84.51%,34,7.62%,BenfCh00,Christian Benford,buf
CB,0,0%,830,75.18%,4,.90%,DougRa00,Rasul Douglas,buf
CB,0,0%,211,19.11%,297,66.59%,IngrJa00,Ja'Marcus Ingram,buf
CB,0,0%,358,32.43%,219,49.10%,BishCo00,Cole Bishop,buf
CB,0,0%,305,27.63%,65,14.57%,ElamKa00,Kaiir Elam,buf
CB,0,0%,69,6.25%,126,28.25%,CodrBr00,Brandon Codrington,buf
CB,0,0%,646,58.51%,6,1.35%,JohnTa01,Taron Johnson,buf
SS,0,0%,778,70.47%,45,10.09%,RappTa00,Taylor Rapp,buf
SS,0,0%,874,79.17%,53,11.88%,HamlDa00,Damar Hamlin,buf
SS,0,0%,32,2.90%,27,6.05%,JackKa99,Kareem Jackson,buf
FS,0,0%,595,53.89%,253,56.73%,LewiCa00,Cameron Lewis,buf
FS,0,0%,0,0%,16,3.59%,CineLe00,Lewis Cine,buf
FS,0,0%,7,.63%,13,2.91%,EdwaMi01,Mike Edwards,buf
LS,0,0%,0,0%,148,33.18%,FergRe00,Reid Ferguson,buf
K,0,0%,0,0%,196,43.95%,BassTy00,Tyler Bass,buf
P,0,0%,0,0%,150,33.63%,MartSa01,Sam Martin,buf
QB,728,70.41%,0,0%,0,0%,YounBr01,Bryce Young,car
QB,306,29.59%,0,0%,0,0%,DaltAn00,Andy Dalton,car
RB,712,68.86%,0,0%,0,0%,HubbCh01,Chuba Hubbard,car
RB,43,4.16%,0,0%,63,13.18%,BoonMi00,Mike Boone,car
RB,224,21.66%,0,0%,4,.84%,SandMi01,Miles Sanders,car
RB,61,5.90%,0,0%,179,37.45%,BlacRa00,Raheem Blackshear,car
RB,23,2.22%,0,0%,0,0%,BrooJo02,Jonathon Brooks,car
WR,680,65.76%,0,0%,77,16.11%,LegeXa00,Xavier Legette,car
WR,298,28.82%,0,0%,71,14.85%,MingJo00,Jonathan Mingo,car
WR,429,41.49%,0,0%,0,0%,ThieAd00,Adam Thielen,car
WR,337,32.59%,0,0%,0,0%,JohnDi01,Diontae Johnson,car
WR,568,54.93%,0,0%,52,10.88%,MoorDa03,David Moore,car
WR,430,41.59%,0,0%,31,6.49%,CokeJa01,Jalen Coker,car
WR,19,1.84%,0,0%,81,16.95%,ChisDa00,Dan Chisena,car
WR,51,4.93%,0,0%,23,4.81%,ThomDe07,Deven Thompkins,car
"RB,WR",3,.29%,0,0%,14,2.93%,JoneVe00,Velus Jones Jr.,car
TE,531,51.35%,0,0%,109,22.80%,SandJa01,Ja'Tavion Sanders,car
TE,26,2.51%,0,0%,61,12.76%,MattJo00,Jordan Matthews,car
TE,94,9.09%,0,0%,9,1.88%,ThomIa00,Ian Thomas,car
TE,519,50.19%,0,0%,27,5.65%,TremTo00,Tommy Tremble,car
TE,45,4.35%,0,0%,305,63.81%,FranFe00,Feleipe Franks,car
TE,8,.77%,0,0%,9,1.88%,SullSt00,Stephen Sullivan,car
T,910,88.01%,0,0%,53,11.09%,EkwoIk00,Ikem Ekwonu,car
T,847,81.91%,0,0%,52,10.88%,MotoTa00,Taylor Moton,car
T,187,18.09%,0,0%,65,13.60%,NijmYo01,Yosh Nijman,car
T,1,.10%,0,0%,24,5.02%,KingJa02,Jarrett Kingston,car
G,967,93.52%,0,0%,55,11.51%,HuntRo01,Robert Hunt,car
G,943,91.20%,0,0%,56,11.72%,LewiDa05,Damien Lewis,car
G,495,47.87%,0,0%,7,1.46%,MaysCa00,Cade Mays,car
G,0,0%,0,0%,4,.84%,WaltBr01,Brandon Walton,car
G,399,38.59%,0,0%,49,10.25%,ChriBr00,Brady Christensen,car
G,198,19.15%,0,0%,61,12.76%,ZavaCh00,Chandler Zavala,car
C,292,28.24%,0,0%,0,0%,CorbAu00,Austin Corbett,car
C,0,0%,0,0%,4,.84%,RaymAn00,Andrew Raym,car
DE,0,0%,60,4.93%,8,1.67%,BrowDe05,Derrick Brown,car
DE,0,0%,762,62.56%,79,16.53%,RobiAS00,A'Shawn Robinson,car
DE,0,0%,420,34.48%,56,11.72%,HarrCh03,Charles Harris,car
DE,0,0%,627,51.48%,60,12.55%,RayxLa02,LaBryan Ray,car
DE,0,0%,337,27.67%,18,3.77%,WillDe04,DeShawn Williams,car
DE,0,0%,133,10.92%,25,5.23%,HarrJo05,Jonathan Harris,car
DE,0,0%,14,1.15%,0,0%,LawsSh00,Shaq Lawson,car
DE,0,0%,24,1.97%,7,1.46%,RobeSa00,Sam Roberts,car
DT,0,0%,610,50.08%,81,16.95%,TuttSh00,Shy Tuttle,car
DT,0,0%,55,4.52%,19,3.97%,SmitTJ00,T.J. Smith,car
DT,0,0%,84,6.90%,29,6.07%,PeevJa00,Jayden Peevy,car
DT,0,0%,240,19.70%,41,8.58%,ThurNi00,Nick Thurman,car
DT,0,0%,121,9.93%,27,5.65%,CrumJa00,Jaden Crumedy,car
LB,0,0%,245,20.11%,23,4.81%,ThomSh01,Shaq Thompson,car
LB,0,0%,797,65.44%,0,0%,JeweJo00,Josey Jewell,car
LB,0,0%,454,37.27%,45,9.41%,WonnDJ00,D.J. Wonnum,car
LB,0,0%,56,4.60%,23,4.81%,LeotEk00,Eku Leota,car
LB,0,0%,393,32.27%,67,14.02%,JohnDJ00,DJ Johnson,car
LB,0,0%,652,53.53%,0,0%,ClowJa00,Jadeveon Clowney,car
LB,0,0%,221,18.14%,172,35.98%,GillCa00,Cam Gill,car
LB,0,0%,17,1.40%,11,2.30%,SherJa01,Jamie Sheriff,car
LB,0,0%,57,4.68%,86,17.99%,BarnAm00,Amare Barno,car
LB,0,0%,39,3.20%,174,36.40%,IncoTh00,Thomas Incoom,car
LB,0,0%,1,.08%,369,77.20%,RhatJo00,Jon Rhattigan,car
LB,0,0%,583,47.87%,105,21.97%,WallTr00,Trevin Wallace,car
LB,0,0%,158,12.97%,204,42.68%,CherCl00,Claudin Cherelus,car
LB,0,0%,28,2.30%,21,4.39%,JackTa02,Tarron Jackson,car
LB,0,0%,212,17.41%,48,10.04%,WootCh00,Chandler Wooten,car
LB,0,0%,0,0%,17,3.56%,QuarSh00,Shaquille Quarterman,car
LB,0,0%,127,10.43%,91,19.04%,WindJa00,Jacoby Windmon,car
LB,0,0%,10,.82%,21,4.39%,DysoKe01,Kenny Dyson,car
LB,0,0%,41,3.37%,1,.21%,HaynMa01,Marquis Haynes,car
CB,0,0%,1205,98.93%,103,21.55%,JackMi01,Michael Jackson,car
CB,0,0%,1036,85.06%,23,4.81%,HornJa00,Jaycee Horn,car
CB,0,0%,280,22.99%,9,1.88%,JackDa02,Dane Jackson,car
CB,0,0%,236,19.38%,1,.21%,HillTr01,Troy Hill,car
CB,0,0%,169,13.88%,55,11.51%,FarlCa00,Caleb Farley,car
CB,0,0%,301,24.71%,144,30.13%,SmitCh05,Chau Smith-Wade,car
CB,0,0%,29,2.38%,5,1.05%,EvanAk00,Akayleb Evans,car
CB,0,0%,0,0%,9,1.88%,CastTa00,Tariq Castro-Fields,car
CB,0,0%,17,1.40%,34,7.11%,BartSh00,Shemar Bartholomew,car
SS,0,0%,325,26.68%,172,35.98%,ScotNi01,Nick Scott,car
SS,0,0%,4,.33%,241,50.42%,FranSa00,Sam Franklin,car
SS,0,0%,401,32.92%,122,25.52%,RichDe03,Demani Richardson,car
SS,0,0%,11,.90%,97,20.29%,RobiJa03,Jammie Robinson,car
FS,0,0%,1218,100.00%,0,0%,WoodXa00,Xavier Woods,car
FS,0,0%,575,47.21%,0,0%,FullJo01,Jordan Fuller,car
FS,0,0%,13,1.07%,339,70.92%,JohnLo01,Lonnie Johnson Jr.,car
FS,0,0%,0,0%,8,1.67%,YeasRu00,Russ Yeast,car
LS,0,0%,0,0%,139,29.08%,JansJ.00,J.J. Jansen,car
K,0,0%,0,0%,134,28.03%,PineEd00,Eddy Piñeiro,car
P,0,0%,0,0%,143,29.92%,HekkJo00,Johnny Hekker,car
QB,1123,98.86%,0,0%,0,0%,WillCa03,Caleb Williams,chi
QB,13,1.14%,0,0%,0,0%,BageTy00,Tyson Bagent,chi
RB,751,66.11%,0,0%,0,0%,SwifDA00,D'Andre Swift,chi
RB,75,6.60%,0,0%,166,37.99%,HomeTr00,Travis Homer,chi
RB,27,2.38%,0,0%,64,14.65%,HerbKh00,Khalil Herbert,chi
RB,272,23.94%,0,0%,132,30.21%,JohnRo07,Roschon Johnson,chi
RB,4,.35%,0,0%,33,7.55%,EvanDa02,Darrynton Evans,chi
FB,10,.88%,0,0%,25,5.72%,BlasKh00,Khari Blasingame,chi
WR,1066,93.84%,0,0%,2,.46%,MoorD.00,D.J. Moore,chi
WR,954,83.98%,0,0%,0,0%,OdunRo00,Rome Odunze,chi
WR,850,74.82%,0,0%,0,0%,AlleKe00,Keenan Allen,chi
WR,137,12.06%,0,0%,106,24.26%,CartDe02,DeAndre Carter,chi
WR,4,.35%,0,0%,12,2.75%,JoneVe00,Velus Jones Jr.,chi
WR,32,2.82%,0,0%,130,29.75%,JohnCo01,Collin Johnson,chi
WR,20,1.76%,0,0%,35,8.01%,ScotTy00,Tyler Scott,chi
TE,246,21.65%,0,0%,6,1.37%,EverGe00,Gerald Everett,chi
TE,994,87.50%,0,0%,52,11.90%,KmetCo00,Cole Kmet,chi
TE,220,19.37%,0,0%,52,11.90%,LewiMa00,Marcedes Lewis,chi
T,330,29.05%,0,0%,12,2.75%,BoroLa00,Larry Borom,chi
T,738,64.96%,0,0%,24,5.49%,JenkTe00,Teven Jenkins,chi
T,1022,89.96%,0,0%,46,10.53%,WrigDa00,Darnell Wright,chi
T,720,63.38%,0,0%,31,7.09%,JoneBr08,Braxton Jones,chi
T,261,22.98%,0,0%,17,3.89%,CurhJa00,Jake Curhan,chi
T,125,11.00%,0,0%,15,3.43%,AmegKi00,Kiran Amegadjie,chi
T,1006,88.56%,0,0%,52,11.90%,PryoMa00,Matt Pryor,chi
G,42,3.70%,0,0%,1,.23%,MurrBi00,Bill Murray,chi
G,142,12.50%,0,0%,4,.92%,DaviNa01,Nate Davis,chi
G,1,.09%,0,0%,8,1.83%,GlasCh01,Chris Glaser,chi
C,1122,98.77%,0,0%,52,11.90%,ShelCo00,Coleman Shelton,chi
C,105,9.24%,0,0%,0,0%,BateRy02,Ryan Bates,chi
C,84,7.39%,0,0%,49,11.21%,KramDo00,Doug Kramer,chi
DE,0,0%,739,69.19%,31,7.09%,WalkDe03,DeMarcus Walker,chi
DE,0,0%,616,57.68%,10,2.29%,SweaMo00,Montez Sweat,chi
DE,0,0%,375,35.11%,27,6.18%,TaylDa00,Darrell Taylor,chi
DE,0,0%,222,20.79%,206,47.14%,MartJa02,Jacob Martin,chi
DE,0,0%,84,7.87%,63,14.42%,RobiDo00,Dominique Robinson,chi
DE,0,0%,31,2.90%,370,84.67%,HardDa01,Daniel Hardy,chi
DE,0,0%,283,26.50%,77,17.62%,BookAu00,Austin Booker,chi
DT,0,0%,298,27.90%,32,7.32%,BillAn00,Andrew Billings,chi
DT,0,0%,617,57.77%,75,17.16%,DextGe00,Gervon Dexter,chi
DT,0,0%,77,7.21%,0,0%,FordJo00,Jonathan Ford,chi
DT,0,0%,367,34.36%,5,1.14%,WillCh08,Chris Williams,chi
DT,0,0%,335,31.37%,27,6.18%,CowaBy00,Byron Cowart,chi
DT,0,0%,228,21.35%,42,9.61%,PickZa00,Zacch Pickens,chi
LB,0,0%,1056,98.88%,15,3.43%,EdmuTr01,Tremaine Edmunds,chi
LB,0,0%,1055,98.78%,15,3.43%,EdwaTJ02,T.J. Edwards,chi
LB,0,0%,235,22.00%,369,84.44%,SanbJa00,Jack Sanborn,chi
LB,0,0%,15,1.40%,366,83.75%,OgboAm00,Amen Ogbongbemiga,chi
LB,0,0%,5,.47%,141,32.27%,SeweNo00,Noah Sewell,chi
LB,0,0%,0,0%,12,2.75%,JoneCa05,Carl Jones,chi
CB,0,0%,811,75.94%,109,24.94%,StevTy01,Tyrique Stevenson,chi
CB,0,0%,1032,96.63%,11,2.52%,JohnJa13,Jaylon Johnson,chi
CB,0,0%,725,67.88%,16,3.66%,GordKy00,Kyler Gordon,chi
CB,0,0%,76,7.12%,140,32.04%,JoneJa12,Jaylon Jones,chi
CB,0,0%,102,9.55%,286,65.45%,BlacJo00,Josh Blackwell,chi
CB,0,0%,18,1.69%,1,.23%,StewRe00,Reddy Steward,chi
CB,0,0%,207,19.38%,145,33.18%,SmitTe05,Terell Smith,chi
CB,0,0%,3,.28%,14,3.20%,SpeeAm00,Ameer Speed,chi
SS,0,0%,294,27.53%,21,4.81%,BrisJa01,Jaquan Brisker,chi
SS,0,0%,429,40.17%,240,54.92%,OwenJo01,Jonathan Owens,chi
SS,0,0%,0,0%,185,42.33%,MoorTa00,Tarvarius Moore,chi
FS,0,0%,1056,98.88%,0,0%,ByarKe01,Kevin Byard,chi
FS,0,0%,356,33.33%,177,40.50%,HickEl00,Elijah Hicks,chi
FS,0,0%,0,0%,62,14.19%,ColbAd00,Adrian Colbert,chi
LS,0,0%,0,0%,130,29.75%,DalySc01,Scott Daly,chi
K,0,0%,0,0%,123,28.15%,SantCa01,Cairo Santos,chi
P,0,0%,0,0%,137,31.35%,TaylTo01,Tory Taylor,chi
QB,1132,99.56%,0,0%,0,0%,BurrJo01,Joe Burrow,cin
QB,5,.44%,0,0%,0,0%,BrowJa08,Jake Browning,cin
RB,297,26.12%,0,0%,0,0%,MossZa00,Zack Moss,cin
RB,686,60.33%,0,0%,82,17.79%,BrowCh10,Chase Brown,cin
RB,10,.88%,0,0%,253,54.88%,WillTr06,Trayveon Williams,cin
RB,6,.53%,0,0%,0,0%,MiltKe01,Kendall Milton,cin
RB,112,9.85%,0,0%,44,9.54%,HerbKh00,Khalil Herbert,cin
WR,636,55.94%,0,0%,1,.22%,HiggTe00,Tee Higgins,cin
WR,892,78.45%,0,0%,2,.43%,IosiAn00,Andrei Iosivas,cin
WR,1054,92.70%,0,0%,0,0%,ChasJa00,Ja'Marr Chase,cin
WR,125,10.99%,0,0%,17,3.69%,IrwiTr00,Trenton Irwin,cin
WR,19,1.67%,0,0%,5,1.08%,PryoKe00,Kendric Pryor,cin
WR,26,2.29%,0,0%,46,9.98%,JoneCh11,Charlie Jones,cin
WR,131,11.52%,0,0%,37,8.03%,BurtJe01,Jermaine Burton,cin
WR,19,1.67%,0,0%,23,4.99%,WillIs03,Isaiah Williams,cin
TE,655,57.61%,0,0%,226,49.02%,SampDr00,Drew Sample,cin
TE,119,10.47%,0,0%,231,50.11%,HudsTa00,Tanner Hudson,cin
TE,523,46.00%,0,0%,2,.43%,GesiMi00,Mike Gesicki,cin
TE,231,20.32%,0,0%,77,16.70%,AllxEr00,Erick All,cin
TE,75,6.60%,0,0%,57,12.36%,GranCa00,Cam Grandy,cin
TE,5,.44%,0,0%,17,3.69%,McLaTa00,Tanner McLachlan,cin
T,637,56.02%,0,0%,29,6.29%,BrowOr00,Orlando Brown Jr.,cin
T,139,12.23%,0,0%,10,2.17%,BrowTr02,Trent Brown,cin
T,836,73.53%,0,0%,53,11.50%,MimsAm00,Amarius Mims,cin
T,5,.44%,0,0%,38,8.24%,StueAn00,Andrew Stueber,cin
T,152,13.37%,0,0%,24,5.21%,CochDe00,Devin Cochran,cin
G,985,86.63%,0,0%,86,18.66%,VolsCo02,Cordell Volson,cin
G,1133,99.65%,0,0%,11,2.39%,CappAl00,Alex Cappa,cin
G,3,.26%,0,0%,10,2.17%,KirkJa03,Jaxson Kirkland,cin
G,689,60.60%,0,0%,80,17.35%,FordCo00,Cody Ford,cin
C,1137,100.00%,0,0%,86,18.66%,KarrTe00,Ted Karras,cin
C,0,0%,0,0%,3,.65%,HillTr03,Trey Hill,cin
C,27,2.37%,0,0%,86,18.66%,LeexMa02,Matt Lee,cin
DE,6,.53%,523,45.96%,2,.43%,HubbSa00,Sam Hubbard,cin
DE,0,0%,825,72.50%,1,.22%,HendTr00,Trey Hendrickson,cin
DE,0,0%,353,31.02%,4,.87%,MurpMy00,Myles Murphy,cin
DE,0,0%,576,50.62%,104,22.56%,OssaJo00,Joseph Ossai,cin
DE,0,0%,83,7.29%,82,17.79%,JohnCe01,Cedric Johnson,cin
DE,0,0%,11,.97%,7,1.52%,HenrKJ00,K.J. Henry,cin
DT,0,0%,710,62.39%,50,10.85%,HillB.00,B.J. Hill,cin
DT,0,0%,288,25.31%,16,3.47%,RankSh00,Sheldon Rankins,cin
DT,0,0%,151,13.27%,19,4.12%,CartZa00,Zachary Carter,cin
DT,0,0%,243,21.35%,31,6.72%,TufeJa00,Jay Tufele,cin
DT,0,0%,497,43.67%,40,8.68%,JenkKr01,Kris Jenkins,cin
DT,0,0%,91,8.00%,24,5.21%,GuyxLa00,Lawrence Guy,cin
DT,0,0%,248,21.79%,51,11.06%,JackMc00,McKinnley Jackson,cin
LB,0,0%,745,65.47%,55,11.93%,WilsLo00,Logan Wilson,cin
LB,0,0%,1078,94.73%,14,3.04%,PratGe00,Germaine Pratt,cin
LB,0,0%,534,46.92%,311,67.46%,DaviAk01,Akeem Davis-Gaither,cin
LB,0,0%,12,1.05%,102,22.13%,HeywSh00,Shaka Heyward,cin
LB,0,0%,30,2.64%,371,80.48%,NjonMa00,Maema Njongmeta,cin
LB,0,0%,37,3.25%,220,47.72%,BachJo01,Joe Bachie,cin
CB,0,0%,264,23.20%,20,4.34%,HillDa04,Daxton Hill,cin
CB,0,0%,1039,91.30%,5,1.08%,TaylCa01,Cam Taylor-Britt,cin
CB,0,0%,49,4.31%,28,6.07%,DaviJa06,Jalen Davis,cin
CB,0,0%,739,64.94%,13,2.82%,HiltMi01,Mike Hilton,cin
CB,0,0%,59,5.18%,196,42.52%,IveyDJ00,DJ Ivey,cin
CB,0,0%,507,44.55%,78,16.92%,TurnDJ01,DJ Turner,cin
CB,0,0%,504,44.29%,182,39.48%,NewtJo00,Josh Newton,cin
CB,0,0%,36,3.16%,48,10.41%,WilsMa04,Marco Wilson,cin
SS,0,0%,1103,96.92%,73,15.84%,StonGe00,Geno Stone,cin
SS,0,0%,708,62.21%,88,19.09%,BellVo00,Vonn Bell,cin
SS,0,0%,463,40.69%,216,46.85%,BattJo00,Jordan Battle,cin
SS,0,0%,0,0%,345,74.84%,AndeTy00,Tycen Anderson,cin
FS,0,0%,11,.97%,168,36.44%,AnthDa00,Daijahn Anthony,cin
LS,0,0%,0,0%,140,30.37%,AdomCa00,Cal Adomitis,cin
K,0,0%,0,0%,54,11.71%,YorkCa00,Cade York,cin
K,0,0%,0,0%,130,28.20%,McPhEv00,Evan McPherson,cin
P,0,0%,0,0%,140,30.37%,RehkRy00,Ryan Rehkow,cin
QB,415,35.17%,0,0%,0,0%,WatsDe00,Deshaun Watson,cle
QB,53,4.49%,0,0%,0,0%,ZappBa00,Bailey Zappe,cle
QB,208,17.63%,0,0%,0,0%,ThomDo02,Dorian Thompson-Robinson,cle
QB,504,42.71%,0,0%,0,0%,WinsJa00,Jameis Winston,cle
RB,526,44.58%,0,0%,39,8.39%,FordJe00,Jerome Ford,cle
RB,192,16.27%,0,0%,184,39.57%,StroPi00,Pierre Strong,cle
RB,235,19.92%,0,0%,0,0%,ChubNi00,Nick Chubb,cle
RB,17,1.44%,0,0%,0,0%,KiboJa00,Jacob Kibodi,cle
RB,0,0%,0,0%,20,4.30%,BrigGa00,Gary Brightwell,cle
RB,195,16.53%,0,0%,30,6.45%,ForeDO00,D'Onta Foreman,cle
WR,348,29.49%,0,0%,1,.22%,CoopAm00,Amari Cooper,cle
WR,892,75.59%,0,0%,4,.86%,MoorEl00,Elijah Moore,cle
WR,304,25.76%,0,0%,20,4.30%,WoodMi00,Michael Woods II,cle
WR,1061,89.92%,0,0%,0,0%,JeudJe00,Jerry Jeudy,cle
WR,432,36.61%,0,0%,14,3.01%,TillCe01,Cedric Tillman,cle
WR,15,1.27%,0,0%,11,2.37%,DaviKa02,Kaden Davis,cle
WR,22,1.86%,0,0%,47,10.11%,DardJa00,Jaelon Darden,cle
WR,16,1.36%,0,0%,63,13.55%,ProcJa00,James Proche,cle
WR,9,.76%,0,0%,0,0%,BellDa02,David Bell,cle
WR,143,12.12%,0,0%,1,.22%,ThraJa01,Jamari Thrash,cle
WR,17,1.44%,0,0%,6,1.29%,ToneKa00,Kadarius Toney,cle
TE,456,38.64%,0,0%,150,32.26%,AkinJo00,Jordan Akins,cle
TE,207,17.54%,0,0%,111,23.87%,WhitBl01,Blake Whiteheart,cle
TE,589,49.92%,0,0%,0,0%,NjokDa00,David Njoku,cle
TE,140,11.86%,0,0%,99,21.29%,SwaiGe00,Geoff Swaim,cle
TE,15,1.27%,0,0%,0,0%,BateBr00,Brenden Bates,cle
T,222,18.81%,0,0%,13,2.80%,HudsJa00,James Hudson,cle
T,511,43.31%,0,0%,27,5.81%,JoneDa07,Dawand Jones,cle
T,817,69.24%,0,0%,16,3.44%,ConkJa00,Jack Conklin,cle
T,245,20.76%,0,0%,15,3.23%,WillJe04,Jedrick Wills Jr.,cle
T,0,0%,0,0%,5,1.08%,ChriGe01,Geron Christian,cle
G,884,74.92%,0,0%,37,7.96%,TellWy00,Wyatt Teller,cle
G,1177,99.75%,0,0%,43,9.25%,BitoJo00,Joel Bitonio,cle
G,233,19.75%,0,0%,49,10.54%,ZintZa00,Zak Zinter,cle
G,538,45.59%,0,0%,45,9.68%,IfedGe00,Germain Ifedi,cle
G,171,14.49%,0,0%,37,7.96%,DunnMi01,Michael Dunn,cle
G,0,0%,0,0%,3,.65%,CoheJa00,Javion Cohen,cle
C,1072,90.85%,0,0%,11,2.37%,PociEt00,Ethan Pocic,cle
C,90,7.63%,0,0%,3,.65%,HarrNi01,Nick Harris,cle
DE,0,0%,826,76.20%,82,17.63%,GarrMy00,Myles Garrett,cle
DE,0,0%,327,30.17%,0,0%,SmitZa00,Za'Darius Smith,cle
DE,0,0%,141,13.01%,2,.43%,JeffQu00,Quinton Jefferson,cle
DE,0,0%,465,42.90%,105,22.58%,OkorOg00,Ogbonnia Okoronkwo,cle
DE,0,0%,469,43.27%,41,8.82%,McGuIs00,Isaiah McGuire,cle
DE,0,0%,103,9.50%,17,3.66%,WrigAl01,Alex Wright,cle
DE,0,0%,63,5.81%,28,6.02%,ThomCa03,Cameron Thomas,cle
DE,0,0%,25,2.31%,11,2.37%,HousJa01,James Houston,cle
DT,0,0%,529,48.80%,76,16.34%,HarrSh00,Shelby Harris,cle
DT,0,0%,164,15.13%,39,8.39%,HursMa00,Maurice Hurst Jr.,cle
DT,0,0%,610,56.27%,77,16.56%,TomlDa00,Dalvin Tomlinson,cle
DT,0,0%,232,21.40%,33,7.10%,HallMi00,Michael Hall,cle
DT,0,0%,133,12.27%,30,6.45%,BrigJo00,Jowon Briggs,cle
DT,0,0%,12,1.11%,0,0%,McGiT.00,T.Y. McGill,cle
DT,0,0%,5,.46%,1,.22%,DwumMi00,Michael Dwumfour,cle
LB,0,0%,463,42.71%,58,12.47%,OwusJe00,Jeremiah Owusu-Koramoah,cle
LB,0,0%,604,55.72%,11,2.37%,HickJo00,Jordan Hicks,cle
LB,0,0%,14,1.29%,24,5.16%,FielTo00,Tony Fields,cle
LB,0,0%,273,25.18%,100,21.51%,KamaSa00,Sam Kamara,cle
LB,0,0%,497,45.85%,169,36.34%,BushDe01,Devin Bush Jr.,cle
LB,0,0%,581,53.60%,165,35.48%,DiabMo00,Mohamoud Diabate,cle
LB,0,0%,55,5.07%,243,52.26%,WatsNa00,Nathaniel Watson,cle
LB,8,.68%,144,13.28%,373,80.22%,ReidWi01,Winston Reid,cle
LB,0,0%,8,.74%,294,63.23%,HudsKh00,Khaleke Hudson,cle
LB,0,0%,20,1.85%,12,2.58%,SmitEl00,Elerson Smith,cle
CB,0,0%,759,70.02%,50,10.75%,WardDe02,Denzel Ward,cle
CB,0,0%,829,76.48%,2,.43%,EmerMa00,Martin Emerson,cle
CB,0,0%,53,4.89%,49,10.54%,HardMy00,Myles Harden,cle
CB,0,0%,575,53.04%,23,4.95%,NewsGr00,Greg Newsome II,cle
CB,0,0%,372,34.32%,138,29.68%,MitcCa01,Cameron Mitchell,cle
CB,0,0%,58,5.35%,333,71.61%,FordMi01,Mike Ford,cle
CB,0,0%,0,0%,136,29.25%,BrowTo01,Tony Brown,cle
CB,0,0%,8,.74%,5,1.08%,AnusCh00,Chigozie Anusiem,cle
CB,0,0%,0,0%,8,1.72%,HailKa00,Kahlef Hailassie,cle
SS,0,0%,979,90.31%,150,32.26%,DelpGr00,Grant Delpit,cle
SS,0,0%,93,8.58%,394,84.73%,BellDA03,D'Anthony Bell,cle
SS,0,0%,463,42.71%,55,11.83%,HickRo00,Ronnie Hickman,cle
SS,0,0%,3,.28%,21,4.52%,EdmoCh01,Chris Edmonds,cle
FS,0,0%,401,36.99%,20,4.30%,ThorJu00,Juan Thornhill,cle
FS,1,.08%,568,52.40%,239,51.40%,McLeRo00,Rodney McLeod,cle
LS,0,0%,0,0%,43,9.25%,HughCh01,Charley Hughlett,cle
LS,0,0%,0,0%,93,20.00%,SunaRe00,Rex Sunahara,cle
K,0,0%,0,0%,112,24.09%,HopkDu00,Dustin Hopkins,cle
K,0,0%,0,0%,3,.65%,PattRi01,Riley Patterson,cle
P,0,0%,0,0%,139,29.89%,BojoCo00,Corey Bojorquez,cle
QB,501,42.78%,0,0%,0,0%,PresDa01,Dak Prescott,dal
QB,98,8.37%,0,0%,0,0%,LancTr00,Trey Lance,dal
QB,572,48.85%,0,0%,0,0%,RushCo00,Cooper Rush,dal
"FB,RB",328,28.01%,0,0%,171,35.33%,LuepHu00,Hunter Luepke,dal
RB,258,22.03%,0,0%,0,0%,ElliEz00,Ezekiel Elliott,dal
RB,636,54.31%,0,0%,0,0%,DowdRi01,Rico Dowdle,dal
RB,24,2.05%,0,0%,0,0%,CookDa01,Dalvin Cook,dal
RB,52,4.44%,0,0%,20,4.13%,VaugDe00,Deuce Vaughn,dal
WR,471,40.22%,0,0%,0,0%,CookBr00,Brandin Cooks,dal
WR,892,76.17%,0,0%,16,3.31%,TolbJa00,Jalen Tolbert,dal
WR,826,70.54%,0,0%,2,.41%,LambCe00,CeeDee Lamb,dal
WR,371,31.68%,0,0%,212,43.80%,BrooJa03,Jalen Brooks,dal
WR,156,13.32%,0,0%,140,28.93%,FlouRy00,Ryan Flournoy,dal
WR,164,14.01%,0,0%,12,2.48%,MingJo00,Jonathan Mingo,dal
WR,315,26.90%,0,0%,165,34.09%,TurpKa00,KaVontae Turpin,dal
WR,12,1.02%,0,0%,3,.62%,MoreJa01,Jalen Moreno-Cropper,dal
TE,616,52.60%,0,0%,0,0%,FergJa00,Jake Ferguson,dal
TE,411,35.10%,0,0%,143,29.55%,SchoLu00,Luke Schoonmaker,dal
TE,305,26.05%,0,0%,114,23.55%,SpanBr00,Brevyn Spann-Ford,dal
TE,14,1.20%,0,0%,148,30.58%,FantPr00,Princeton Fant,dal
T,670,57.22%,0,0%,61,12.60%,GuytTy00,Tyler Guyton,dal
"G,T",1055,90.09%,0,0%,67,13.84%,SmitTy02,Tyler Smith,dal
T,1171,100.00%,0,0%,57,11.78%,SteeTe01,Terence Steele,dal
T,228,19.47%,0,0%,12,2.48%,EdogCh00,Chuma Edoga,dal
T,12,1.02%,0,0%,27,5.58%,WaleMa00,Matt Waletzko,dal
"C,G",1061,90.61%,0,0%,58,11.98%,BeebCo00,Cooper Beebe,dal
G,639,54.57%,0,0%,1,.21%,MartZa00,Zack Martin,dal
"G,T",181,15.46%,0,0%,61,12.60%,RichAs00,Asim Richards,dal
G,315,26.90%,0,0%,69,14.26%,BassTJ00,T.J. Bass,dal
C,12,1.02%,0,0%,15,3.10%,ShepDa01,Dakoda Shepley,dal
C,517,44.15%,0,0%,127,26.24%,HoffBr00,Brock Hoffman,dal
DE,0,0%,167,15.13%,0,0%,LawrDe00,DeMarcus Lawrence,dal
DE,0,0%,256,23.19%,45,9.30%,KneeMa00,Marshawn Kneeland,dal
DE,0,0%,40,3.62%,15,3.10%,HenrKJ00,K.J. Henry,dal
DE,0,0%,165,14.95%,46,9.50%,WheaTy02,Tyrus Wheat,dal
DE,0,0%,401,36.32%,74,15.29%,LawsCa00,Carl Lawson,dal
DE,0,0%,225,20.38%,72,14.88%,WatkCa00,Carlos Watkins,dal
DT,0,0%,860,77.90%,93,19.21%,OdigOs00,Osa Odighizuwa,dal
"DE,DT",0,0%,791,71.65%,177,36.57%,GolsCh00,Chauncey Golston,dal
DT,0,0%,526,47.64%,0,0%,SmitMa06,Mazi Smith,dal
DT,0,0%,34,3.08%,0,0%,PhilJo01,Jordan Phillips,dal
NT,0,0%,265,24.00%,1,.21%,JoseLi99,Linval Joseph,dal
"DE,LB",0,0%,696,63.04%,37,7.64%,ParsMi00,Micah Parsons,dal
LB,0,0%,709,64.22%,31,6.40%,OverDe00,DeMarvion Overshown,dal
LB,0,0%,920,83.33%,0,0%,KendEr00,Eric Kendricks,dal
LB,0,0%,126,11.41%,291,60.12%,VigiNi00,Nick Vigil,dal
LB,0,0%,163,14.76%,284,58.68%,ClarDa02,Damone Clark,dal
LB,0,0%,521,47.19%,169,34.92%,LiufMa00,Marist Liufau,dal
LB,0,0%,5,.45%,325,67.15%,JohnBu01,Buddy Johnson,dal
LB,0,0%,0,0%,69,14.26%,HarrDa07,Darius Harris,dal
CB,0,0%,685,62.05%,0,0%,DiggTr00,Trevon Diggs,dal
CB,0,0%,872,78.99%,1,.21%,LewiJo01,Jourdan Lewis,dal
CB,0,0%,436,39.49%,0,0%,BlanDa00,DaRon Bland,dal
CB,0,0%,286,25.91%,29,5.99%,OruwAm00,Amani Oruwariye,dal
CB,0,0%,118,10.69%,50,10.33%,BootAn00,Andrew Booth,dal
CB,0,0%,4,.36%,399,82.44%,GoodC.00,C.J. Goodwin,dal
CB,0,0%,0,0%,124,25.62%,HallKe01,Kemon Hall,dal
CB,0,0%,160,14.49%,23,4.75%,ButlJo00,Josh Butler,dal
CB,0,0%,58,5.25%,4,.83%,PridTr00,Troy Pride Jr.,dal
SS,0,0%,1010,91.49%,0,0%,WilsDo01,Donovan Wilson,dal
FS,0,0%,1063,96.29%,0,0%,HookMa00,Malik Hooker,dal
FS,0,0%,200,18.12%,346,71.49%,MukuIs00,Israel Mukuamu,dal
FS,0,0%,34,3.08%,168,34.71%,BellMa01,Markquese Bell,dal
FS,0,0%,94,8.51%,284,58.68%,ThomJu03,Juanyeh Thomas,dal
"CB,DB",0,0%,252,22.83%,11,2.27%,CarsCa01,Caelen Carson,dal
LS,0,0%,0,0%,143,29.55%,SiegTr00,Trent Sieg,dal
K,0,0%,0,0%,167,34.50%,AubrBr00,Brandon Aubrey,dal
P,0,0%,0,0%,143,29.55%,AngeBr00,Bryan Anger,dal
QB,1088,98.73%,0,0%,0,0%,NixxBo00,Bo Nix,den
QB,14,1.27%,0,0%,0,0%,StidJa00,Jarrett Stidham,den
RB,574,52.09%,0,0%,0,0%,WillJa10,Javonte Williams,den
RB,296,26.86%,0,0%,3,.63%,McLaJa00,Jaleel McLaughlin,den
RB,138,12.52%,0,0%,66,13.95%,EstiAu00,Audric Estime,den
RB,21,1.91%,0,0%,0,0%,BadiTy00,Tyler Badie,den
RB,11,1.00%,0,0%,7,1.48%,WatsBl00,Blake Watson,den
FB,175,15.88%,0,0%,294,62.16%,BurtMi00,Michael Burton,den
WR,936,84.94%,0,0%,3,.63%,SuttCo00,Courtland Sutton,den
WR,187,16.97%,0,0%,1,.21%,ReynJo00,Josh Reynolds,den
WR,447,40.56%,0,0%,1,.21%,VeleDe00,Devaughn Vele,den
WR,297,26.95%,0,0%,170,35.94%,MimsMa00,Marvin Mims,den
WR,546,49.55%,0,0%,0,0%,HumpLi01,Lil'Jordan Humphrey,den
WR,386,35.03%,0,0%,0,0%,FranTr00,Troy Franklin,den
TE,120,10.89%,0,0%,0,0%,DulcGr00,Greg Dulcich,den
TE,420,38.11%,0,0%,280,59.20%,AdkiNa00,Nate Adkins,den
TE,574,52.09%,0,0%,76,16.07%,TrauAd00,Adam Trautman,den
TE,299,27.13%,0,0%,133,28.12%,KrulLu00,Lucas Krull,den
T,847,76.86%,0,0%,65,13.74%,McGlMi00,Mike McGlinchey,den
T,1068,96.91%,0,0%,84,17.76%,BollGa00,Garett Bolles,den
T,191,17.33%,0,0%,87,18.39%,PearMa00,Matt Peart,den
T,9,.82%,0,0%,24,5.07%,CrumFr00,Frank Crum,den
T,180,16.33%,0,0%,67,14.16%,PalcAl00,Alex Palczewski,den
T,0,0%,0,0%,2,.42%,FlemCa00,Cameron Fleming,den
G,1088,98.73%,0,0%,84,17.76%,PoweBe00,Ben Powers,den
G,1088,98.73%,0,0%,82,17.34%,MeinQu02,Quinn Meinerz,den
G,3,.27%,0,0%,12,2.54%,ThroCa01,Calvin Throckmorton,den
C,824,74.77%,0,0%,3,.63%,WattLu00,Luke Wattenberg,den
C,290,26.32%,0,0%,92,19.45%,ForsAl00,Alex Forsyth,den
DE,0,0%,964,83.46%,71,15.01%,AlleZa01,Zach Allen,den
DE,0,0%,533,46.15%,9,1.90%,FranJo02,John Franklin-Myers,den
DE,0,0%,63,5.45%,21,4.44%,UwazEy00,Eyioma Uwazurike,den
DE,0,0%,310,26.84%,164,34.67%,JackJo06,Jordan Jackson,den
DT,0,0%,489,42.34%,80,16.91%,RoacMa01,Malcolm Roach,den
NT,0,0%,465,40.26%,32,6.77%,JoneD.01,D.J. Jones,den
LB,0,0%,190,16.45%,8,1.69%,SingAl00,Alex Singleton,den
LB,0,0%,820,71.00%,66,13.95%,CoopJo02,Jonathon Cooper,den
LB,0,0%,434,37.58%,257,54.33%,ElliJo03,Jonah Elliss,den
LB,0,0%,146,12.64%,1,.21%,BrowBa01,Baron Browning,den
LB,0,0%,36,3.12%,97,20.51%,WelcKr00,Kristian Welch,den
LB,0,0%,242,20.95%,204,43.13%,TillDo00,Dondrea Tillman,den
LB,0,0%,1053,91.17%,75,15.86%,BartCo00,Cody Barton,den
LB,0,0%,676,58.53%,201,42.49%,StrnJu00,Justin Strnad,den
LB,0,0%,708,61.30%,5,1.06%,BoniNi00,Nik Bonitto,den
LB,0,0%,65,5.63%,0,0%,AlexKw00,Kwon Alexander,den
LB,0,0%,18,1.56%,66,13.95%,SandDr00,Drew Sanders,den
LB,0,0%,15,1.30%,41,8.67%,CunnZa00,Zach Cunningham,den
LB,0,0%,5,.43%,147,31.08%,BailLe00,Levelle Bailey,den
CB,0,0%,835,72.29%,81,17.12%,MossRi00,Riley Moss,den
CB,5,.45%,978,84.68%,4,.85%,SurtPa01,Patrick Surtain II,den
CB,0,0%,870,75.32%,39,8.25%,McMiJa00,Ja'Quan McMillian,den
CB,0,0%,19,1.65%,387,81.82%,SmitTr04,Tremon Smith,den
CB,0,0%,123,10.65%,36,7.61%,AbraKr00,Kris Abrams-Draine,den
CB,0,0%,80,6.93%,124,26.22%,MathDa00,Damarri Mathis,den
CB,0,0%,0,0%,13,2.75%,TaylRe01,Reese Taylor,den
CB,0,0%,307,26.58%,49,10.36%,WallLe00,Levi Wallace,den
SS,0,0%,251,21.73%,257,54.33%,KeyxDe00,Devon Key,den
SS,0,0%,19,1.65%,312,65.96%,SkinJL00,JL Skinner,den
FS,0,0%,1000,86.58%,40,8.46%,LockPJ00,P.J. Locke,den
FS,0,0%,975,84.42%,0,0%,JoneBr06,Brandon Jones,den
FS,0,0%,16,1.39%,122,25.79%,SmitKe05,Keidron Smith,den
FS,0,0%,0,0%,54,11.42%,McCaTa00,Tanner McCalister,den
LS,0,0%,0,0%,161,34.04%,FrabMi00,Mitchell Fraboni,den
K,0,0%,0,0%,180,38.05%,LutzWi00,Wil Lutz,den
P,0,0%,0,0%,161,34.04%,DixoRi00,Riley Dixon,den
QB,1113,97.04%,0,0%,0,0%,GoffJa00,Jared Goff,det
QB,33,2.88%,0,0%,0,0%,HookHe00,Hendon Hooker,det
RB,639,55.71%,0,0%,0,0%,GibbJa01,Jahmyr Gibbs,det
RB,390,34.00%,0,0%,0,0%,MontDa01,David Montgomery,det
RB,26,2.27%,0,0%,310,67.25%,VakiSi00,Sione Vaki,det
RB,96,8.37%,0,0%,272,59.00%,ReynCr00,Craig Reynolds,det
RB,12,1.05%,0,0%,7,1.52%,JeffJe00,Jermar Jefferson,det
WR,1010,88.06%,0,0%,5,1.08%,StxxAm00,Amon-Ra St. Brown,det
WR,826,72.01%,0,0%,0,0%,WillJa11,Jameson Williams,det
WR,211,18.40%,0,0%,91,19.74%,RaymKa00,Kalif Raymond,det
WR,641,55.88%,0,0%,0,0%,PatrTi00,Tim Patrick,det
WR,16,1.39%,0,0%,20,4.34%,KennTo01,Tom Kennedy,det
WR,0,0%,0,0%,17,3.69%,AlexMa02,Maurice Alexander,det
WR,8,.70%,0,0%,6,1.30%,WillIs03,Isaiah Williams,det
WR,91,7.93%,0,0%,0,0%,RobiAl02,Allen Robinson,det
TE,910,79.34%,0,0%,2,.43%,LaPoSa01,Sam LaPorta,det
TE,583,50.83%,0,0%,142,30.80%,WrigBr01,Brock Wright,det
TE,25,2.18%,0,0%,0,0%,MitcJa00,James Mitchell,det
TE,59,5.14%,0,0%,61,13.23%,HessPa00,Parker Hesse,det
TE,109,9.50%,0,0%,194,42.08%,ZylsSh00,Shane Zylstra,det
T,1145,99.83%,0,0%,96,20.82%,SewePe00,Penei Sewell,det
T,895,78.03%,0,0%,0,0%,DeckTa00,Taylor Decker,det
T,323,28.16%,0,0%,108,23.43%,SkipDa00,Dan Skipper,det
"G,T",147,12.82%,0,0%,62,13.45%,AwosKa00,Kayode Awosika,det
T,35,3.05%,0,0%,96,20.82%,NiesMi00,Michael Niese,det
G,1081,94.25%,0,0%,88,19.09%,GlasGr00,Graham Glasgow,det
G,1048,91.37%,0,0%,91,19.74%,ZeitKe00,Kevin Zeitler,det
G,0,0%,0,0%,5,1.08%,SorsCo00,Colby Sorsdal,det
G,75,6.54%,0,0%,41,8.89%,MahoCh00,Christian Mahogany,det
G,4,.35%,0,0%,0,0%,JoneJa08,Jamarco Jones,det
C,1060,92.41%,0,0%,1,.22%,RagnFr00,Frank Ragnow,det
DE,0,0%,280,25.55%,3,.65%,HutcAi00,Aidan Hutchinson,det
DE,0,0%,635,57.94%,63,13.67%,OnwuLe00,Levi Onwuzurike,det
DE,0,0%,255,23.27%,19,4.12%,MuhaAl00,Al-Quadin Muhammad,det
DE,0,0%,70,6.39%,2,.43%,UkwuIs00,Isaac Ukwu,det
DE,0,0%,291,26.55%,2,.43%,SmitZa00,Za'Darius Smith,det
DE,0,0%,36,3.28%,9,1.95%,WillJo16,Jonah Williams,det
DE,0,0%,549,50.09%,7,1.52%,PascJo00,Josh Paschal,det
DE,0,0%,46,4.20%,0,0%,AdamMy00,Myles Adams,det
DE,0,0%,236,21.53%,160,34.71%,OConPa00,Pat O'Connor,det
DE,0,0%,116,10.58%,68,14.75%,HousJa01,James Houston,det
DT,0,0%,632,57.66%,48,10.41%,McNeAl00,Alim McNeill,det
DT,0,0%,86,7.85%,9,1.95%,PekoKy00,Kyle Peko,det
DT,0,0%,176,16.06%,44,9.54%,WingMe00,Mekhi Wingo,det
DT,0,0%,47,4.29%,3,.65%,SmitCh06,Chris Smith,det
DT,0,0%,25,2.28%,0,0%,MartBr00,Brodric Martin,det
NT,0,0%,508,46.35%,5,1.08%,ReadD.00,D.J. Reader,det
LB,0,0%,608,55.47%,3,.65%,AnzaAl00,Alex Anzalone,det
LB,0,0%,120,10.95%,27,5.86%,BarnDe02,Derrick Barnes,det
LB,0,0%,974,88.87%,83,18.00%,CampJa04,Jack Campbell,det
LB,0,0%,89,8.12%,10,2.17%,DaveMa00,Marcus Davenport,det
LB,0,0%,46,4.20%,0,0%,ThomIs01,Isaiah Thomas,det
LB,0,0%,318,29.01%,142,30.80%,RodrMa00,Malcolm Rodriguez,det
LB,0,0%,15,1.37%,56,12.15%,PittAn01,Anthony Pittman,det
LB,0,0%,111,10.13%,176,38.18%,TurnZe00,Zeke Turner,det
LB,0,0%,159,14.51%,210,45.55%,ReevJa00,Jalen Reeves-Maybin,det
LB,0,0%,40,3.65%,55,11.93%,AgudMi01,Mitchell Agude,det
LB,0,0%,70,6.39%,58,12.58%,LongDa04,David Long,det
LB,0,0%,179,16.33%,295,63.99%,NiemBe00,Ben Niemann,det
LB,0,0%,29,2.65%,0,0%,AlexKw00,Kwon Alexander,det
LB,0,0%,332,30.29%,260,56.40%,NowaTr00,Trevor Nowaske,det
LB,0,0%,0,0%,46,9.98%,BeauAb00,Abraham Beauplan,det
CB,0,0%,697,63.59%,7,1.52%,DaviCa02,Carlton Davis,det
CB,0,0%,948,86.50%,9,1.95%,ArnoTe00,Terrion Arnold,det
CB,0,0%,137,12.50%,6,1.30%,MeliIf00,Ifeatu Melifonwu,det
CB,0,0%,629,57.39%,12,2.60%,RobeAm00,Amik Robertson,det
CB,0,0%,73,6.66%,272,59.00%,DorsKh00,Khalil Dorsey,det
CB,0,0%,0,0%,29,6.29%,MoseEm00,Emmanuel Moseley,det
CB,0,0%,244,22.26%,221,47.94%,VildKi00,Kindle Vildor,det
CB,0,0%,46,4.20%,95,20.61%,RakeEn00,Ennis Rakestraw,det
CB,0,0%,0,0%,5,1.08%,ThomSt00,Stantley Thomas-Oliver,det
SS,0,0%,917,83.67%,27,5.86%,BranBr00,Brian Branch,det
SS,0,0%,182,16.61%,97,21.04%,JoseBr00,Brandon Joseph,det
SS,0,0%,20,1.82%,3,.65%,AdamJa00,Jamal Adams,det
SS,0,0%,0,0%,78,16.92%,StriLo00,Loren Strickland,det
FS,0,0%,1085,99.00%,106,22.99%,JoseKe03,Kerby Joseph,det
DB,0,0%,1,.09%,32,6.94%,NorrMo01,Morice Norris,det
LS,1,.09%,0,0%,143,31.02%,HattHo00,Hogan Hatten,det
K,1,.09%,0,0%,206,44.69%,BateJa00,Jake Bates,det
P,0,0%,0,0%,143,31.02%,FoxxJa01,Jack Fox,det
QB,868,80.07%,0,0%,0,0%,LoveJo03,Jordan Love,gnb
QB,217,20.02%,0,0%,0,0%,WillMa12,Malik Willis,gnb
RB,678,62.55%,0,0%,2,.45%,JacoJo01,Josh Jacobs,gnb
RB,263,24.26%,0,0%,0,0%,WilsEm00,Emanuel Wilson,gnb
RB,10,.92%,0,0%,0,0%,LloyMa00,MarShawn Lloyd,gnb
RB,184,16.97%,0,0%,124,28.05%,BrooCh00,Chris Brooks,gnb
FB,15,1.38%,0,0%,17,3.85%,BeckAn01,Andrew Beck,gnb
WR,660,60.89%,0,0%,1,.23%,DoubRo00,Romeo Doubs,gnb
WR,685,63.19%,0,0%,62,14.03%,ReedJa03,Jayden Reed,gnb
WR,555,51.20%,0,0%,0,0%,WatsCh00,Christian Watson,gnb
WR,586,54.06%,0,0%,1,.23%,WickDo00,Dontayvion Wicks,gnb
WR,251,23.15%,0,0%,142,32.13%,MeltBo00,Bo Melton,gnb
WR,164,15.13%,0,0%,59,13.35%,HeatMa00,Malik Heath,gnb
TE,925,85.33%,0,0%,130,29.41%,KrafTu00,Tucker Kraft,gnb
TE,145,13.38%,0,0%,22,4.98%,MusgLu00,Luke Musgrave,gnb
TE,73,6.73%,0,0%,50,11.31%,FitzJo00,John FitzPatrick,gnb
TE,224,20.66%,0,0%,76,17.19%,SimsBe00,Ben Sims,gnb
T,1075,99.17%,0,0%,86,19.46%,WalkRa00,Rasheed Walker,gnb
T,1070,98.71%,0,0%,86,19.46%,TomxZa00,Zach Tom,gnb
T,186,17.16%,0,0%,29,6.56%,MorgJo03,Jordan Morgan,gnb
T,13,1.20%,0,0%,36,8.14%,GlovTr00,Travis Glover,gnb
T,13,1.20%,0,0%,50,11.31%,DillAn00,Andre Dillard,gnb
T,23,2.12%,0,0%,79,17.87%,TelfKa00,Kadeem Telfort,gnb
G,1071,98.80%,0,0%,10,2.26%,JenkEl00,Elgton Jenkins,gnb
G,963,88.84%,0,0%,85,19.23%,RhyaSe00,Sean Rhyan,gnb
C,1008,92.99%,0,0%,12,2.71%,MyerJo00,Josh Myers,gnb
C,0,0%,0,0%,43,9.73%,MonkJa00,Jacob Monk,gnb
DE,0,0%,308,28.28%,1,.23%,SmitPr00,Preston Smith,gnb
DE,0,0%,639,58.68%,1,.23%,GaryRa00,Rashan Gary,gnb
DE,0,0%,511,46.92%,184,41.63%,EnagKi00,Kingsley Enagbare,gnb
DE,0,0%,428,39.30%,221,50.00%,VanNLu00,Lukas Van Ness,gnb
DE,0,0%,160,14.69%,40,9.05%,CoxxBr02,Brenton Cox,gnb
DE,0,0%,150,13.77%,241,54.52%,MosbAr00,Arron Mosby,gnb
DT,0,0%,686,62.99%,2,.45%,ClarKe01,Kenny Clark,gnb
DT,0,0%,427,39.21%,150,33.94%,SlatTe00,Tedarrell Slaton,gnb
DT,0,0%,362,33.24%,17,3.85%,WyatDe00,Devonte Wyatt,gnb
DT,0,0%,442,40.59%,102,23.08%,BrooKa00,Karl Brooks,gnb
DT,0,0%,234,21.49%,51,11.54%,WoodCo01,Colby Wooden,gnb
LB,0,0%,699,64.19%,125,28.28%,McDuIs00,Isaiah McDuffie,gnb
LB,0,0%,747,68.60%,46,10.41%,WalkQu00,Quay Walker,gnb
LB,0,0%,558,51.24%,321,72.62%,WilsEr00,Eric Wilson,gnb
LB,0,0%,491,45.09%,86,19.46%,CoopEd00,Edgerrin Cooper,gnb
LB,0,0%,18,1.65%,215,48.64%,HoppTy00,Ty'Ron Hopper,gnb
CB,0,0%,361,33.15%,14,3.17%,AlexJa00,Jaire Alexander,gnb
CB,0,0%,588,53.99%,19,4.30%,StokEr00,Eric Stokes,gnb
CB,0,0%,1020,93.66%,149,33.71%,NixoKe00,Keisean Nixon,gnb
CB,0,0%,547,50.23%,113,25.57%,ValeCa00,Carrington Valentine,gnb
CB,0,0%,76,6.98%,195,44.12%,BallCo00,Corey Ballentine,gnb
CB,0,0%,1,.09%,121,27.38%,RochRo00,Robert Rochell,gnb
CB,0,0%,0,0%,7,1.58%,HaddKa00,Kamal Hadden,gnb
SS,0,0%,786,72.18%,150,33.94%,BullJa00,Javon Bullard,gnb
SS,0,0%,474,43.53%,115,26.02%,WillEv00,Evan Williams,gnb
FS,0,0%,1067,97.98%,162,36.65%,McKiXa00,Xavier McKinney,gnb
FS,0,0%,123,11.29%,257,58.14%,AndeZa02,Zayne Anderson,gnb
FS,0,0%,8,.73%,16,3.62%,BrowOm01,Omar Brown,gnb
FS,0,0%,68,6.24%,65,14.71%,OladKi00,Kitan Oladapo,gnb
LS,0,0%,0,0%,145,32.81%,OrzeMa00,Matthew Orzech,gnb
K,0,0%,0,0%,68,15.38%,NarvBr00,Brayden Narveson,gnb
K,0,0%,0,0%,112,25.34%,McMaBr01,Brandon McManus,gnb
P,0,0%,0,0%,147,33.26%,WhelDa00,Daniel Whelan,gnb
QB,1035,93.50%,0,0%,0,0%,StroCJ00,C.J. Stroud,htx
QB,72,6.50%,0,0%,0,0%,MillDa02,Davis Mills,htx
RB,557,50.32%,0,0%,0,0%,MixoJo00,Joe Mixon,htx
RB,310,28.00%,0,0%,269,56.39%,OgunDa00,Dare Ogunbowale,htx
RB,9,.81%,0,0%,79,16.56%,BrooBr01,British Brooks,htx
RB,111,10.03%,0,0%,48,10.06%,PierDa01,Dameon Pierce,htx
RB,96,8.67%,0,0%,0,0%,AkerCa00,Cam Akers,htx
RB,33,2.98%,0,0%,22,4.61%,TaylJJ01,J.J. Taylor,htx
FB,0,0%,0,0%,39,8.18%,HairTr00,Troy Hairston,htx
FB,12,1.08%,0,0%,0,0%,BeckAn01,Andrew Beck,htx
WR,502,45.35%,0,0%,0,0%,CollNi00,Nico Collins,htx
WR,431,38.93%,0,0%,0,0%,DiggSt00,Stefon Diggs,htx
WR,633,57.18%,0,0%,7,1.47%,DellNa00,Tank Dell,htx
WR,40,3.61%,0,0%,24,5.03%,WaynJa01,Jared Wayne,htx
WR,493,44.53%,0,0%,109,22.85%,HutcXa00,Xavier Hutchinson,htx
WR,22,1.99%,0,0%,1,.21%,JohnDi01,Diontae Johnson,htx
WR,361,32.61%,0,0%,71,14.88%,WoodRo02,Robert Woods,htx
WR,381,34.42%,0,0%,10,2.10%,MetcJo00,John Metchie,htx
WR,10,.90%,0,0%,63,13.21%,SimsSt00,Steven Sims,htx
TE,865,78.14%,0,0%,12,2.52%,SchuDa00,Dalton Schultz,htx
TE,67,6.05%,0,0%,20,4.19%,JordBr00,Brevin Jordan,htx
TE,400,36.13%,0,0%,249,52.20%,StovCa00,Cade Stover,htx
TE,85,7.68%,0,0%,15,3.14%,SmitIr01,Irv Smith Jr.,htx
TE,102,9.21%,0,0%,49,10.27%,QuitTe00,Teagan Quitoriano,htx
T,1018,91.96%,0,0%,73,15.30%,HowaTy00,Tytus Howard,htx
T,1028,92.86%,0,0%,72,15.09%,TunsLa00,Laremy Tunsil,htx
T,29,2.62%,0,0%,6,1.26%,DecuAu00,Austin Deculus,htx
T,17,1.54%,0,0%,25,5.24%,ThomZa04,Zachary Thomas,htx
T,337,30.44%,0,0%,67,14.05%,FishBl00,Blake Fisher,htx
G,583,52.66%,0,0%,46,9.64%,GreeKe03,Kenyon Green,htx
G,933,84.28%,0,0%,71,14.88%,MasoSh01,Shaq Mason,htx
G,6,.54%,0,0%,40,8.39%,BroeNi00,Nick Broeker,htx
C,873,78.86%,0,0%,34,7.13%,ScruJu00,Juice Scruggs,htx
C,548,49.50%,0,0%,33,6.92%,PattJa03,Jarrett Patterson,htx
C,178,16.08%,0,0%,79,16.56%,GreeKe02,Kendrick Green,htx
DE,0,0%,766,69.95%,12,2.52%,HuntDa01,Danielle Hunter,htx
DE,0,0%,561,51.23%,14,2.94%,AndeWi01,Will Anderson,htx
DE,0,0%,314,28.68%,23,4.82%,AutrDe00,Denico Autry,htx
DE,0,0%,20,1.83%,1,.21%,ByrdSo00,Solomon Byrd,htx
DE,0,0%,390,35.62%,53,11.11%,BarnDe01,Derek Barnett,htx
DE,0,0%,212,19.36%,147,30.82%,HortDy00,Dylan Horton,htx
DE,0,0%,92,8.40%,1,.21%,HughJe99,Jerry Hughes,htx
DT,0,0%,249,22.74%,17,3.56%,TogiTo00,Tommy Togiai,htx
DT,0,0%,465,42.47%,51,10.69%,EdwaMa01,Mario Edwards,htx
DT,0,0%,308,28.13%,7,1.47%,FatuFo00,Folorunso Fatukasi,htx
DT,0,0%,231,21.10%,23,4.82%,HiniKu00,Kurt Hinish,htx
DT,0,0%,625,57.08%,63,13.21%,SettTi00,Tim Settle,htx
DT,0,0%,172,15.71%,37,7.76%,DaviKh00,Khalil Davis,htx
LB,0,0%,172,15.71%,0,0%,HarrCh06,Christian Harris,htx
LB,0,0%,573,52.33%,3,.63%,AlShAz00,Azeez Al-Shaair,htx
LB,0,0%,830,75.80%,53,11.11%,TooTHe00,Henry To'oTo'o,htx
LB,0,0%,176,16.07%,6,1.26%,WhitDe02,Devin White,htx
LB,0,0%,134,12.24%,311,65.20%,HansJa01,Jake Hansen,htx
LB,0,0%,341,31.14%,329,68.97%,HewiNe00,Neville Hewitt,htx
LB,0,0%,27,2.47%,368,77.15%,PhilDe00,Del'Shawn Phillips,htx
LB,0,0%,0,0%,126,26.42%,HillJa02,Jamal Hill,htx
LB,0,0%,14,1.28%,26,5.45%,WeavRa00,Rashad Weaver,htx
LB,0,0%,0,0%,13,2.73%,TurnZe00,Zeke Turner,htx
CB,0,0%,1012,92.42%,12,2.52%,StinDe00,Derek Stingley Jr.,htx
CB,0,0%,799,72.97%,12,2.52%,LassKa00,Kamari Lassiter,htx
CB,0,0%,116,10.59%,121,25.37%,HollKa00,Ka'dar Hollman,htx
CB,0,0%,183,16.71%,146,30.61%,RossDA03,D'Angelo Ross,htx
CB,0,0%,48,4.38%,365,76.52%,BoydKr00,Kris Boyd,htx
CB,0,0%,0,0%,8,1.68%,KingDe01,Desmond King,htx
CB,0,0%,69,6.30%,121,25.37%,BryaMy01,Myles Bryant,htx
CB,0,0%,77,7.03%,74,15.51%,OkudJe00,Jeff Okudah,htx
SS,0,0%,977,89.22%,90,18.87%,BullCa00,Calen Bullock,htx
SS,0,0%,94,8.58%,350,73.38%,StewM.00,M.J. Stewart,htx
FS,0,0%,660,60.27%,8,1.68%,PitrJa00,Jalen Pitre,htx
FS,0,0%,461,42.10%,4,.84%,WardJi01,Jimmie Ward,htx
FS,0,0%,856,78.17%,117,24.53%,MurrEr00,Eric Murray,htx
FS,0,0%,20,1.83%,12,2.52%,YeasRu00,Russ Yeast,htx
LS,0,0%,0,0%,159,33.33%,WeekJo00,Jon Weeks,htx
K,0,0%,0,0%,168,35.22%,FairKa01,Ka'imi Fairbairn,htx
P,0,0%,0,0%,159,33.33%,TownTo01,Tommy Townsend,htx
QB,467,42.96%,0,0%,0,0%,FlacJo00,Joe Flacco,clt
QB,620,57.04%,0,0%,0,0%,RichAn03,Anthony Richardson,clt
RB,707,65.04%,0,0%,0,0%,TaylJo02,Jonathan Taylor,clt
RB,132,12.14%,0,0%,174,37.10%,GoodTy00,Tyler Goodson,clt
RB,245,22.54%,0,0%,33,7.04%,SermTr00,Trey Sermon,clt
RB,1,.09%,0,0%,0,0%,HullEv00,Evan Hull,clt
WR,904,83.16%,0,0%,2,.43%,PittMi01,Michael Pittman Jr.,clt
WR,817,75.16%,0,0%,2,.43%,PierAl00,Alec Pierce,clt
WR,602,55.38%,0,0%,35,7.46%,DownJo00,Josh Downs,clt
WR,383,35.23%,0,0%,0,0%,MitcAd00,Adonai Mitchell,clt
WR,182,16.74%,0,0%,295,62.90%,DuliAs00,Ashton Dulin,clt
WR,15,1.38%,0,0%,72,15.35%,GoulAn00,Anthony Gould,clt
WR,7,.64%,0,0%,19,4.05%,TreaLa00,Laquon Treadwell,clt
TE,430,39.56%,0,0%,265,56.50%,GranKy00,Kylen Granson,clt
TE,439,40.39%,0,0%,223,47.55%,OgleAn00,Andrew Ogletree,clt
TE,475,43.70%,0,0%,110,23.45%,AlieMo00,Mo Alie-Cox,clt
TE,93,8.56%,0,0%,15,3.20%,MallWi00,Will Mallory,clt
T,856,78.75%,0,0%,39,8.32%,RaimBe00,Bernhard Raimann,clt
T,731,67.25%,0,0%,0,0%,SmitBr06,Braden Smith,clt
T,566,52.07%,0,0%,71,15.14%,GoncMa00,Matt Goncalves,clt
T,23,2.12%,0,0%,36,7.68%,FreeBl00,Blake Freeland,clt
G,355,32.66%,0,0%,0,0%,GlowMa00,Mark Glowinski,clt
G,268,24.66%,0,0%,17,3.62%,FrieWi00,Will Fries,clt
G,1083,99.63%,0,0%,0,0%,NelsQu00,Quenton Nelson,clt
G,0,0%,0,0%,9,1.92%,MafiAt00,Atonio Mafi,clt
G,464,42.69%,0,0%,53,11.30%,TuckDa00,Dalton Tucker,clt
C,351,32.29%,0,0%,28,5.97%,BortTa00,Tanor Bortolini,clt
C,601,55.29%,0,0%,0,0%,KellRy00,Ryan Kelly,clt
C,138,12.70%,0,0%,55,11.73%,PintDa00,Danny Pinter,clt
DE,0,0%,666,57.61%,10,2.13%,PayeKw00,Kwity Paye,clt
DE,0,0%,355,30.71%,0,0%,LewiTy00,Tyquan Lewis,clt
DE,0,0%,618,53.46%,9,1.92%,LatuLa00,Laiatu Latu,clt
DE,0,0%,745,64.45%,91,19.40%,OdeyDa00,Dayo Odeyingbo,clt
DE,0,0%,78,6.75%,49,10.45%,LandIs00,Isaiah Land,clt
DE,0,0%,2,.17%,0,0%,AverGe00,Genard Avery,clt
DT,1,.09%,690,59.69%,167,35.61%,StewGr00,Grover Stewart,clt
DT,1,.09%,578,50.00%,4,.85%,BuckDe00,DeForest Buckner,clt
DT,0,0%,71,6.14%,81,17.27%,GotsAd00,Adam Gotsis,clt
DT,0,0%,136,11.76%,223,47.55%,AdebAd00,Adetomiwa Adebawore,clt
DT,0,0%,340,29.41%,164,34.97%,BryaTa00,Taven Bryan,clt
NT,0,0%,349,30.19%,47,10.02%,DaviRa03,Raekwon Davis,clt
LB,0,0%,1010,87.37%,72,15.35%,SpeeEJ00,E.J. Speed,clt
LB,0,0%,1156,100.00%,95,20.26%,FranZa00,Zaire Franklin,clt
LB,0,0%,242,20.93%,111,23.67%,CarlJa01,Jaylon Carlies,clt
LB,0,0%,21,1.82%,381,81.24%,OlubSe00,Segun Olubi,clt
LB,0,0%,1,.09%,156,33.26%,McGrCa00,Cameron McGrone,clt
LB,0,0%,229,19.81%,342,72.92%,StuaGr00,Grant Stuard,clt
LB,0,0%,0,0%,40,8.53%,AndeLi00,Liam Anderson,clt
CB,0,0%,1012,87.54%,68,14.50%,MoorKe03,Kenny Moore,clt
CB,0,0%,1145,99.05%,27,5.76%,JoneJa13,Jaylon Jones,clt
CB,0,0%,68,5.88%,5,1.07%,BrenJu00,Julius Brents,clt
CB,0,0%,95,8.22%,190,40.51%,LammCh00,Chris Lammons,clt
CB,0,0%,89,7.70%,15,3.20%,FlowDa00,Dallis Flowers,clt
CB,0,0%,0,0%,36,7.68%,JoseKe02,Kelvin Joseph,clt
CB,0,0%,0,0%,5,1.07%,FlowTr01,Tre Flowers,clt
CB,0,0%,9,.78%,106,22.60%,LongDa02,David Long,clt
CB,0,0%,672,58.13%,15,3.20%,WomaSa00,Samuel Womack,clt
SS,0,0%,1155,99.91%,90,19.19%,CrosNi00,Nick Cross,clt
FS,0,0%,1083,93.69%,45,9.59%,BlacJu01,Julian Blackmon,clt
FS,0,0%,0,0%,141,30.06%,DenbTr00,Trevor Denbow,clt
FS,0,0%,98,8.48%,173,36.89%,ThomRo07,Rodney Thomas II,clt
DB,0,0%,3,.26%,197,42.00%,HarrRo02,Ronnie Harrison,clt
LS,0,0%,0,0%,143,30.49%,RhodLu00,Luke Rhodes,clt
K,0,0%,0,0%,8,1.71%,ShraSp00,Spencer Shrader,clt
K,0,0%,0,0%,152,32.41%,GayxMa00,Matt Gay,clt
P,0,0%,0,0%,144,30.70%,SancRi00,Rigoberto Sanchez,clt
QB,536,51.89%,0,0%,0,0%,LawrTr00,Trevor Lawrence,jax
QB,497,48.11%,0,0%,0,0%,JoneMa05,Mac Jones,jax
RB,494,47.82%,0,0%,0,0%,EtieTr00,Travis Etienne,jax
RB,351,33.98%,0,0%,46,10.38%,BigsTa00,Tank Bigsby,jax
RB,5,.48%,0,0%,51,11.51%,RobiKe03,Keilan Robinson,jax
RB,192,18.59%,0,0%,55,12.42%,JohnDE04,D'Ernest Johnson,jax
WR,410,39.69%,0,0%,0,0%,DaviGa01,Gabriel Davis,jax
WR,821,79.48%,0,0%,0,0%,ThomBr06,Brian Thomas,jax
WR,337,32.62%,0,0%,0,0%,KirkCh01,Christian Kirk,jax
WR,33,3.19%,0,0%,2,.45%,TramAu00,Austin Trammell,jax
WR,125,12.10%,0,0%,0,0%,ReynJo00,Josh Reynolds,jax
WR,169,16.36%,0,0%,300,67.72%,JoneTi00,Tim Jones,jax
WR,190,18.39%,0,0%,118,26.64%,DuveDe00,Devin Duvernay,jax
WR,584,56.53%,0,0%,31,7.00%,WashPa01,Parker Washington,jax
WR,6,.58%,0,0%,0,0%,CephJo00,Joshua Cephus,jax
WR,10,.97%,0,0%,4,.90%,CookEl00,Elijah Cooks,jax
TE,363,35.14%,0,0%,1,.23%,EngrEv00,Evan Engram,jax
TE,575,55.66%,0,0%,210,47.40%,StraBr00,Brenton Strange,jax
TE,87,8.42%,0,0%,243,54.85%,DeguJo00,Josiah Deguara,jax
TE,390,37.75%,0,0%,119,26.86%,FarrLu00,Luke Farrell,jax
T,367,35.53%,0,0%,22,4.97%,RobiCa00,Cam Robinson,jax
T,943,91.29%,0,0%,53,11.96%,HarrAn00,Anton Harrison,jax
T,252,24.39%,0,0%,25,5.64%,VanxCo00,Cole Van Lanen,jax
T,508,49.18%,0,0%,45,10.16%,LittWa00,Walker Little,jax
T,0,0%,0,0%,12,2.71%,FostJa01,Javon Foster,jax
G,911,88.19%,0,0%,52,11.74%,ClevEz00,Ezra Cleveland,jax
G,1013,98.06%,0,0%,11,2.48%,ScheBr00,Brandon Scherff,jax
G,97,9.39%,0,0%,25,5.64%,HancBl00,Blake Hance,jax
G,63,6.10%,0,0%,31,7.00%,HodgCo00,Cooper Hodges,jax
C,1021,98.84%,0,0%,4,.90%,MorsMi00,Mitch Morse,jax
C,13,1.26%,0,0%,56,12.64%,FortLu01,Luke Fortner,jax
DE,0,0%,821,68.65%,78,17.61%,AlleJo03,Josh Hines-Allen,jax
DE,0,0%,911,76.17%,86,19.41%,WalkTr03,Travon Walker,jax
DE,0,0%,569,47.58%,13,2.93%,ArmsAr01,Arik Armstead,jax
DE,0,0%,90,7.53%,43,9.71%,OtomEs00,Esezi Otomewo,jax
DE,0,0%,38,3.18%,18,4.06%,GaziJo01,Joe Gaziano,jax
DE,0,0%,11,.92%,4,.90%,ColeDJ00,DJ Coleman,jax
DE,0,0%,135,11.29%,1,.23%,ColeMy00,Myles Cole,jax
DT,0,0%,210,17.56%,34,7.67%,RobeRo00,Roy Robertson-Harris,jax
DT,0,0%,626,52.34%,83,18.74%,HamiDa02,DaVon Hamilton,jax
DT,0,0%,441,36.87%,72,16.25%,LedbJe00,Jeremiah Ledbetter,jax
DT,0,0%,384,32.11%,11,2.48%,SmitMa07,Maason Smith,jax
DT,0,0%,340,28.43%,48,10.84%,LacyTy00,Tyler Lacy,jax
DT,0,0%,151,12.63%,0,0%,JeffJo01,Jordan Jefferson,jax
LB,0,0%,815,68.14%,62,14.00%,OluoFo00,Foyesade Oluokun,jax
LB,0,0%,883,73.83%,80,18.06%,LloyDe00,Devin Lloyd,jax
LB,0,0%,169,14.13%,260,58.69%,AbduYa00,Yasir Abdullah,jax
LB,0,0%,259,21.66%,325,73.36%,MumaCh00,Chad Muma,jax
LB,0,0%,482,40.30%,175,39.50%,MillVe00,Ventrell Miller,jax
LB,0,0%,0,0%,56,12.64%,MuseTa00,Tanner Muse,jax
LB,0,0%,0,0%,360,81.26%,JohnCa04,Caleb Johnson,jax
LB,0,0%,0,0%,16,3.61%,PittAn01,Anthony Pittman,jax
LB,0,0%,0,0%,35,7.90%,GileJo01,Joe Giles-Harris,jax
CB,0,0%,659,55.10%,57,12.87%,DarbRo00,Ronald Darby,jax
CB,0,0%,767,64.13%,6,1.35%,CampTy01,Tyson Campbell,jax
CB,0,0%,699,58.44%,113,25.51%,JoneJa14,Jarrian Jones,jax
CB,0,0%,855,71.49%,149,33.63%,BrowMo00,Montaric Brown,jax
CB,0,0%,16,1.34%,18,4.06%,FlowTr01,Tre Flowers,jax
CB,0,0%,101,8.44%,24,5.42%,PrinDe01,Deantre Prince,jax
CB,0,0%,42,3.51%,11,2.48%,BrasCh00,Christian Braswell,jax
SS,0,0%,979,81.86%,39,8.80%,CiscAn00,Andre Cisco,jax
SS,0,0%,764,63.88%,7,1.58%,SavaDa00,Darnell Savage Jr.,jax
SS,0,0%,34,2.84%,282,63.66%,ThomDa07,Daniel Thomas,jax
SS,0,0%,0,0%,19,4.29%,JackMa04,Matthew Jackson,jax
FS,0,0%,684,57.19%,246,55.53%,JohnAn07,Antonio Johnson,jax
FS,0,0%,215,17.98%,138,31.15%,WingAn01,Andrew Wingard,jax
FS,0,0%,6,.50%,0,0%,EdmuTe00,Terrell Edmunds,jax
LS,0,0%,0,0%,125,28.22%,MatiRo00,Ross Matiscik,jax
K,0,0%,0,0%,132,29.80%,LittCa00,Cam Little,jax
P,0,0%,0,0%,127,28.67%,CookLo00,Logan Cooke,jax
QB,1106,96.34%,0,0%,0,0%,MahoPa00,Patrick Mahomes,kan
QB,5,.44%,0,0%,0,0%,OladCh00,Chris Oladokun,kan
QB,38,3.31%,0,0%,0,0%,WentCa00,Carson Wentz,kan
RB,218,18.99%,0,0%,0,0%,PachIs00,Isiah Pacheco,kan
RB,477,41.55%,0,0%,0,0%,HuntKa00,Kareem Hunt,kan
RB,201,17.51%,0,0%,137,31.79%,SteeCa00,Carson Steele,kan
RB,296,25.78%,0,0%,110,25.52%,PeriSa00,Samaje Perine,kan
RB,0,0%,0,0%,5,1.16%,IngrKe01,Keaontay Ingram,kan
WR,155,13.50%,0,0%,0,0%,RiceRa01,Rashee Rice,kan
WR,757,65.94%,0,0%,0,0%,WortXa00,Xavier Worthy,kan
WR,686,59.76%,0,0%,66,15.31%,WatsJu01,Justin Watson,kan
WR,356,31.01%,0,0%,0,0%,HopkDe00,DeAndre Hopkins,kan
WR,45,3.92%,0,0%,0,0%,BrowMa04,Marquise Brown,kan
WR,424,36.93%,0,0%,0,0%,SmitJu00,JuJu Smith-Schuster,kan
WR,5,.44%,0,0%,5,1.16%,WashMo00,Montrell Washington,kan
WR,82,7.14%,0,0%,18,4.18%,MoorSk01,Skyy Moore,kan
WR,39,3.40%,0,0%,42,9.74%,RemiNi00,Nikko Remigio,kan
WR,14,1.22%,0,0%,0,0%,RossJu00,Justyn Ross,kan
WR,115,10.02%,0,0%,73,16.94%,HardMe00,Mecole Hardman,kan
TE,940,81.88%,0,0%,0,0%,KelcTr00,Travis Kelce,kan
TE,664,57.84%,0,0%,178,41.30%,GrayNo00,Noah Gray,kan
TE,24,2.09%,0,0%,27,6.26%,FirkAn00,Anthony Firkser,kan
TE,40,3.48%,0,0%,8,1.86%,FortJo01,Jody Fortson,kan
TE,94,8.19%,0,0%,9,2.09%,WileJa00,Jared Wiley,kan
TE,6,.52%,0,0%,4,.93%,CuppBa00,Baylor Cupp,kan
TE,68,5.92%,0,0%,87,20.19%,HendPe01,Peyton Hendershot,kan
T,92,8.01%,0,0%,0,0%,HumpD.00,D.J. Humphries,kan
T,1094,95.30%,0,0%,74,17.17%,TaylJa02,Jawaan Taylor,kan
T,195,16.99%,0,0%,66,15.31%,SuamKi00,Kingsley Suamataia,kan
T,734,63.94%,0,0%,75,17.40%,MorrWa01,Wanya Morris,kan
T,4,.35%,0,0%,4,.93%,DrisEt00,Ethan Driskell,kan
G,1117,97.30%,0,0%,76,17.63%,SmitTr05,Trey Smith,kan
G,1117,97.30%,0,0%,8,1.86%,ThunJo00,Joe Thuney,kan
G,31,2.70%,0,0%,1,.23%,HansCJ00,C.J. Hanson,kan
G,237,20.64%,0,0%,76,17.63%,CaliMi00,Mike Caliendo,kan
C,1117,97.30%,0,0%,75,17.40%,HumpCr00,Creed Humphrey,kan
C,31,2.70%,0,0%,76,17.63%,NourHu00,Hunter Nourzad,kan
DE,0,0%,831,76.87%,65,15.08%,KarlGe00,George Karlaftis III,kan
DE,0,0%,496,45.88%,48,11.14%,DannMi00,Michael Danna,kan
DE,0,0%,225,20.81%,0,0%,OmenCh00,Charles Omenihu,kan
DE,0,0%,332,30.71%,11,2.55%,AnudFe00,Felix Anudike-Uzomah,kan
DE,0,0%,193,17.85%,7,1.62%,HerrMa02,Malik Herring,kan
DE,0,0%,6,.56%,22,5.10%,ThomCa03,Cameron Thomas,kan
DT,0,0%,667,61.70%,73,16.94%,WharTe00,Tershawn Wharton,kan
DT,0,0%,771,71.32%,0,0%,JoneCh09,Chris Jones,kan
DT,0,0%,221,20.44%,62,14.39%,NnadDe00,Derrick Nnadi,kan
DT,0,0%,61,5.64%,7,1.62%,TuipMa00,Marlon Tuipulotu,kan
NT,0,0%,320,29.60%,48,11.14%,PennMi00,Mike Pennel,kan
LB,0,0%,941,87.05%,65,15.08%,BoltNi00,Nick Bolton,kan
LB,3,.26%,445,41.17%,294,68.21%,ChenLe00,Leo Chenal,kan
LB,0,0%,798,73.82%,1,.23%,TranDr00,Drue Tranquill,kan
LB,0,0%,25,2.31%,22,5.10%,LyncBl00,Blake Lynch,kan
LB,0,0%,9,.83%,297,68.91%,CochJa00,Jack Cochrane,kan
LB,0,0%,7,.65%,57,13.23%,BozeSw00,Swayze Bozeman,kan
LB,0,0%,80,7.40%,284,65.89%,JoneCa04,Cam Jones,kan
LB,0,0%,0,0%,141,32.71%,ChriCo00,Cole Christiansen,kan
LB,0,0%,87,8.05%,40,9.28%,UcheJo00,Joshua Uche,kan
CB,0,0%,341,31.54%,32,7.42%,WatsJa02,Jaylen Watson,kan
CB,0,0%,996,92.14%,5,1.16%,McDuTr00,Trent McDuffie,kan
CB,0,0%,411,38.02%,221,51.28%,WillJo03,Joshua Williams,kan
CB,0,0%,194,17.95%,249,57.77%,RolaCh00,Christian Roland-Wallace,kan
CB,0,0%,494,45.70%,163,37.82%,JohnNa01,Nazeeh Johnson,kan
CB,0,0%,79,7.31%,132,30.63%,TaylKe03,Keith Taylor,kan
CB,0,0%,0,0%,9,2.09%,JoneNi00,Nic Jones,kan
SS,0,0%,974,90.10%,69,16.01%,ReidJu00,Justin Reid,kan
SS,0,0%,330,30.53%,307,71.23%,HickJa01,Jaden Hicks,kan
SS,0,0%,10,.93%,31,7.19%,BushDe00,Deon Bush,kan
FS,0,0%,974,90.10%,60,13.92%,CookBr02,Bryan Cook,kan
FS,0,0%,573,53.01%,187,43.39%,ConnCh01,Chamarri Conner,kan
LS,0,0%,0,0%,139,32.25%,WincJa00,James Winchester,kan
K,0,0%,0,0%,17,3.94%,WrigMa00,Matthew Wright,kan
K,0,0%,0,0%,118,27.38%,ButkHa00,Harrison Butker,kan
K,0,0%,0,0%,19,4.41%,ShraSp00,Spencer Shrader,kan
P,0,0%,0,0%,139,32.25%,AraiMa00,Matt Araiza,kan
QB,564,50.22%,0,0%,0,0%,MinsGa00,Gardner Minshew II,rai
QB,427,38.02%,0,0%,0,0%,OConAi00,Aidan O'Connell,rai
QB,132,11.75%,0,0%,0,0%,RiddDe00,Desmond Ridder,rai
RB,444,39.54%,0,0%,2,.42%,MattAl01,Alexander Mattison,rai
RB,154,13.71%,0,0%,6,1.26%,WhitZa01,Zamir White,rai
RB,410,36.51%,0,0%,192,40.34%,AbduAm00,Ameer Abdullah,rai
RB,2,.18%,0,0%,116,24.37%,LaubDy00,Dylan Laube,rai
RB,89,7.93%,0,0%,21,4.41%,McCoSi00,Sincere McCormick,rai
RB,4,.36%,0,0%,16,3.36%,McAlTy00,Tyreik McAllister,rai
RB,16,1.42%,0,0%,30,6.30%,CollCh01,Chris Collier,rai
WR,178,15.85%,0,0%,0,0%,AdamDa01,Davante Adams,rai
WR,984,87.62%,0,0%,22,4.62%,TuckTr00,Tre Tucker,rai
WR,898,79.96%,0,0%,0,0%,MeyeJa01,Jakobi Meyers,rai
WR,358,31.88%,0,0%,165,34.66%,TurnDJ00,DJ Turner,rai
WR,45,4.01%,0,0%,15,3.15%,WilkKr00,Kristian Wilkerson,rai
WR,44,3.92%,0,0%,64,13.45%,KeytRa00,Ramel Keyton,rai
WR,71,6.32%,0,0%,69,14.50%,BachAl00,Alex Bachman,rai
WR,140,12.47%,0,0%,0,0%,MarsTe00,Terrace Marshall Jr.,rai
TE,956,85.13%,0,0%,0,0%,BoweBr01,Brock Bowers,rai
TE,460,40.96%,0,0%,45,9.45%,MayeMi00,Michael Mayer,rai
TE,65,5.79%,0,0%,111,23.32%,ShenJo00,John Samuel Shenker,rai
TE,25,2.23%,0,0%,126,26.47%,ShorJu00,Justin Shorter,rai
TE,213,18.97%,0,0%,96,20.17%,BryaHa00,Harrison Bryant,rai
T,201,17.90%,0,0%,54,11.34%,MunfTh00,Thayer Munford,rai
T,1075,95.73%,0,0%,53,11.13%,MillKo00,Kolton Miller,rai
T,998,88.87%,0,0%,65,13.66%,GlazDe00,Delmar Glaze,rai
G,221,19.68%,0,0%,40,8.40%,WhitCo03,Cody Whitehair,rai
G,882,78.54%,0,0%,56,11.76%,ParhDy00,Dylan Parham,rai
G,956,85.13%,0,0%,48,10.08%,PoweJa00,Jackson Powers-Johnson,rai
G,574,51.11%,0,0%,51,10.71%,MereJo00,Jordan Meredith,rai
G,57,5.08%,0,0%,58,12.18%,PeatAn00,Andrus Peat,rai
C,702,62.51%,0,0%,10,2.10%,JameAn01,Andre James,rai
DE,0,0%,768,68.88%,44,9.24%,CrosMa00,Maxx Crosby,rai
DE,0,0%,406,36.41%,119,25.00%,SnowCh00,Charles Snowden,rai
DE,0,0%,109,9.78%,43,9.03%,RobiJa04,Janarius Robinson,rai
DE,0,0%,525,47.09%,70,14.71%,WilsTy01,Tyree Wilson,rai
DT,0,0%,247,22.15%,31,6.51%,WilkCh00,Christian Wilkins,rai
DT,0,0%,858,76.95%,63,13.24%,ButlAd00,Adam Butler,rai
DT,0,0%,609,54.62%,103,21.64%,JenkJo00,John Jenkins,rai
DT,0,0%,101,9.06%,27,5.67%,ButlMa02,Matthew Butler,rai
DT,0,0%,70,6.28%,46,9.66%,JadeNe00,Nesta Jade Silvera,rai
DT,0,0%,112,10.04%,11,2.31%,CartZa00,Zachary Carter,rai
DT,0,0%,475,42.60%,96,20.17%,LaulJo00,Jonah Laulu,rai
LB,0,0%,1095,98.21%,0,0%,SpilRo00,Robert Spillane,rai
LB,0,0%,689,61.79%,55,11.55%,DeabDi00,Divine Deablo,rai
LB,0,0%,102,9.15%,87,18.28%,MastLu00,Luke Masterson,rai
LB,8,.71%,0,0%,251,52.73%,MaugKa00,Kana'i Mauga,rai
LB,0,0%,101,9.06%,384,80.67%,BurnAm00,Amari Burney,rai
LB,0,0%,80,7.17%,313,65.76%,EichTo00,Tommy Eichenberg,rai
LB,0,0%,12,1.08%,380,79.83%,GainAm00,Amari Gainer,rai
LB,0,0%,508,45.56%,16,3.36%,ChaiKL00,K'Lavon Chaisson,rai
LB,0,0%,16,1.43%,7,1.47%,CartAn01,Andre Carter II,rai
CB,0,0%,556,49.87%,0,0%,HobbNa00,Nate Hobbs,rai
CB,0,0%,1049,94.08%,1,.21%,JoneJa10,Jack Jones,rai
CB,0,0%,461,41.35%,0,0%,BennJa00,Jakorian Bennett,rai
CB,0,0%,559,50.13%,89,18.70%,RichDe01,Decamerion Richardson,rai
CB,0,0%,13,1.17%,108,22.69%,WebbSa00,Sam Webb,rai
CB,0,0%,298,26.73%,77,16.18%,HolmDa01,Darnay Holmes,rai
CB,0,0%,14,1.26%,12,2.52%,BluxKy00,Kyu Blu Kelly,rai
SS,0,0%,176,15.78%,0,0%,EppsMa00,Marcus Epps,rai
SS,0,0%,11,.99%,276,57.98%,SmitCh04,Christopher Smith,rai
SS,0,0%,0,0%,155,32.56%,TaylTr03,Trey Taylor,rai
FS,0,0%,1101,98.74%,4,.84%,MoehTr00,Tre'von Moehrig,rai
FS,0,0%,954,85.56%,152,31.93%,PolaIs00,Isaiah Pola-Mao,rai
FS,0,0%,191,17.13%,265,55.67%,HarpTh00,Thomas Harper,rai
LS,0,0%,0,0%,136,28.57%,BobeJa00,Jacob Bobenmoyer,rai
K,0,0%,0,0%,145,30.46%,CarlDa00,Daniel Carlson,rai
P,0,0%,0,0%,136,28.57%,ColeAJ01,AJ Cole III,rai
QB,1045,97.94%,0,0%,0,0%,HerbJu00,Justin Herbert,sdg
QB,22,2.06%,0,0%,0,0%,HeinTa00,Taylor Heinicke,sdg
RB,533,49.95%,0,0%,0,0%,DobbJK00,J.K. Dobbins,sdg
RB,223,20.90%,0,0%,0,0%,EdwaGu00,Gus Edwards,sdg
RB,169,15.84%,0,0%,6,1.30%,VidaKi00,Kimani Vidal,sdg
RB,133,12.46%,0,0%,292,63.07%,HaskHa00,Hassan Haskins,sdg
RB,0,0%,0,0%,1,.22%,PattJa01,Jaret Patterson,sdg
FB,362,33.93%,137,12.53%,231,49.89%,MatlSc00,Scott Matlock,sdg
WR,616,57.73%,0,0%,0,0%,PalmJo00,Josh Palmer,sdg
WR,735,68.88%,0,0%,19,4.10%,McCoLa00,Ladd McConkey,sdg
WR,656,61.48%,0,0%,0,0%,JohnQu02,Quentin Johnston,sdg
WR,7,.66%,0,0%,13,2.81%,ShenLa00,Laviska Shenault Jr.,sdg
WR,138,12.93%,0,0%,34,7.34%,ReagJa00,Jalen Reagor,sdg
WR,244,22.87%,0,0%,81,17.49%,FehoSi00,Simi Fehoko,sdg
WR,148,13.87%,0,0%,130,28.08%,DaviDe02,Derius Davis,sdg
WR,10,.94%,0,0%,0,0%,FitzDe00,Dez Fitzpatrick,sdg
WR,1,.09%,0,0%,3,.65%,JohnJa07,Jaylen Johnson,sdg
WR,3,.28%,0,0%,10,2.16%,RiceBr00,Brenden Rice,sdg
WR,105,9.84%,0,0%,0,0%,CharDJ00,DJ Chark,sdg
TE,174,16.31%,0,0%,0,0%,HursHa00,Hayden Hurst,sdg
TE,206,19.31%,0,0%,68,14.69%,FiskTu00,Tucker Fisk,sdg
TE,540,50.61%,0,0%,10,2.16%,DissWi00,Will Dissly,sdg
TE,133,12.46%,0,0%,85,18.36%,TomlEr01,Eric Tomlinson,sdg
TE,181,16.96%,0,0%,155,33.48%,SmarSt00,Stone Smartt,sdg
T,838,78.54%,0,0%,61,13.17%,PipkTr00,Trey Pipkins,sdg
T,1011,94.75%,0,0%,74,15.98%,AltxJo01,Joe Alt,sdg
T,904,84.72%,0,0%,67,14.47%,SlatRa00,Rashawn Slater,sdg
T,40,3.75%,0,0%,47,10.15%,SareFo00,Foster Sarell,sdg
G,1047,98.13%,0,0%,77,16.63%,JohnZi00,Zion Johnson,sdg
G,340,31.87%,0,0%,77,16.63%,SalyJa00,Jamaree Salyer,sdg
G,10,.94%,0,0%,44,9.50%,JaimBr00,Brenden Jaimes,sdg
G,1,.09%,0,0%,0,0%,McFaJo00,Jordan McFadden,sdg
C,105,9.84%,0,0%,56,12.10%,MustSa01,Sam Mustipher,sdg
C,1057,99.06%,0,0%,0,0%,BozeBr00,Bradley Bozeman,sdg
DE,0,0%,732,66.97%,339,73.22%,TuipTu00,Tuli Tuipulotu,sdg
DE,0,0%,616,56.36%,0,0%,MackKh00,Khalil Mack,sdg
DE,0,0%,456,41.72%,0,0%,BosaJo00,Joey Bosa,sdg
DE,0,0%,604,55.26%,66,14.25%,FordPo00,Poona Ford,sdg
DE,0,0%,26,2.38%,27,5.83%,EboiJu00,Justin Eboigbe,sdg
DT,0,0%,577,52.79%,80,17.28%,FoxxMo00,Morgan Fox,sdg
DT,0,0%,505,46.20%,39,8.42%,OgboOt00,Otito Ogbonnia,sdg
DT,0,0%,348,31.84%,53,11.45%,TartTe00,Teair Tart,sdg
LB,0,0%,996,91.13%,164,35.42%,HenlDa00,Daiyan Henley,sdg
LB,0,0%,218,19.95%,94,20.30%,ColsJu00,Junior Colson,sdg
LB,0,0%,546,49.95%,30,6.48%,DuprAl00,Bud Dupree,sdg
LB,0,0%,340,31.11%,40,8.64%,PerrDe00,Denzel Perryman,sdg
LB,0,0%,12,1.10%,37,7.99%,MurpCa00,Caleb Murphy,sdg
LB,0,0%,44,4.03%,290,62.63%,NiemNi00,Nick Niemann,sdg
LB,0,0%,318,29.09%,368,79.48%,DyexTr00,Troy Dye,sdg
LB,0,0%,0,0%,20,4.32%,LyncBl00,Blake Lynch,sdg
LB,0,0%,0,0%,175,37.80%,QuarSh00,Shaquille Quarterman,sdg
CB,0,0%,760,69.53%,13,2.81%,FultKr00,Kristian Fulton,sdg
CB,0,0%,234,21.41%,17,3.67%,SamuAs00,Asante Samuel Jr.,sdg
CB,0,0%,352,32.20%,219,47.30%,TaylJa04,Ja'Sir Taylor,sdg
CB,0,0%,783,71.64%,97,20.95%,StilTa00,Tarheeb Still,sdg
CB,0,0%,47,4.30%,15,3.24%,ApplEl00,Eli Apple,sdg
CB,0,0%,760,69.53%,121,26.13%,MoldEl00,Elijah Molden,sdg
CB,0,0%,71,6.50%,186,40.17%,LeonDe00,Deane Leonard,sdg
CB,0,0%,4,.37%,85,18.36%,BootDi00,Dicaprio Bootle,sdg
SS,0,0%,655,59.93%,25,5.40%,GilmAl00,Alohi Gilman,sdg
"LB,SS",0,0%,984,90.03%,17,3.67%,JameDe00,Derwin James,sdg
SS,0,0%,19,1.74%,26,5.62%,WillKe07,Kendall Williamson,sdg
SS,0,0%,224,20.49%,45,9.72%,JeffTo00,Tony Jefferson,sdg
FS,0,0%,112,10.25%,11,2.38%,MayeMa00,Marcus Maye,sdg
FS,0,0%,42,3.84%,0,0%,JackEd01,Eddie Jackson,sdg
FS,0,0%,43,3.93%,170,36.72%,FinlAJ00,AJ Finley,sdg
"CB,DB",0,0%,458,41.90%,101,21.81%,HartCa00,Cam Hart,sdg
LS,0,0%,0,0%,153,33.05%,HarrJo02,Josh Harris,sdg
K,0,0%,0,0%,172,37.15%,DickCa00,Cameron Dicker,sdg
P,0,0%,0,0%,154,33.26%,ScotJK00,JK Scott,sdg
QB,1024,93.94%,0,0%,0,0%,StafMa00,Matthew Stafford,ram
QB,66,6.06%,0,0%,0,0%,GaroJi00,Jimmy Garoppolo,ram
RB,888,81.47%,0,0%,7,1.59%,WillKy02,Kyren Williams,ram
RB,2,.18%,0,0%,10,2.27%,SchrCo00,Cody Schrader,ram
RB,81,7.43%,0,0%,248,56.36%,RiveRo01,Ronnie Rivers,ram
RB,119,10.92%,0,0%,186,42.27%,CoruBl00,Blake Corum,ram
WR,637,58.44%,0,0%,2,.45%,KuppCo00,Cooper Kupp,ram
WR,892,81.83%,0,0%,0,0%,RobiDe01,Demarcus Robinson,ram
WR,361,33.12%,0,0%,6,1.36%,JohnTy00,Tyler Johnson,ram
WR,487,44.68%,0,0%,2,.45%,NacuPu00,Puka Nacua,ram
WR,278,25.50%,0,0%,172,39.09%,WhitJo04,Jordan Whittington,ram
WR,33,3.03%,0,0%,161,36.59%,SmitXa00,Xavier Smith,ram
WR,425,38.99%,0,0%,2,.45%,AtweTu00,Tutu Atwell,ram
TE,601,55.14%,0,0%,66,15.00%,ParkCo02,Colby Parkinson,ram
TE,309,28.35%,0,0%,116,26.36%,AlleDa02,Davis Allen,ram
TE,0,0%,0,0%,28,6.36%,KaliNi00,Nikola Kalinic,ram
TE,58,5.32%,0,0%,0,0%,HigbTy00,Tyler Higbee,ram
TE,279,25.60%,0,0%,263,59.77%,LongHu00,Hunter Long,ram
T,331,30.37%,0,0%,52,11.82%,McClWa00,Warren McClendon,ram
T,894,82.02%,0,0%,59,13.41%,JackAl01,Alaric Jackson,ram
T,51,4.68%,0,0%,8,1.82%,ArcuAJ00,AJ Arcuri,ram
T,684,62.75%,0,0%,42,9.55%,HaveRo00,Rob Havenstein,ram
T,220,20.18%,0,0%,1,.23%,NoteJo00,Joseph Noteboom,ram
T,0,0%,0,0%,2,.45%,ChriGe01,Geron Christian,ram
G,1024,93.94%,0,0%,63,14.32%,DotsKe00,Kevin Dotson,ram
"C,G",266,24.40%,0,0%,10,2.27%,JackJo03,Jonah Jackson,ram
G,596,54.68%,0,0%,41,9.32%,AvilSt00,Steve Avila,ram
G,195,17.89%,0,0%,30,6.82%,BrusLo00,Logan Bruss,ram
G,206,18.90%,0,0%,42,9.55%,DediJu00,Justin Dedich,ram
C,66,6.06%,0,0%,5,1.14%,McMaDy00,Dylan McMahon,ram
C,917,84.13%,0,0%,65,14.77%,LimmBe00,Beaux Limmer,ram
"DE,LB",0,0%,834,74.80%,0,0%,VersJa00,Jared Verse,ram
DE,0,0%,40,3.59%,10,2.27%,WillJo16,Jonah Williams,ram
DT,0,0%,661,59.28%,79,17.95%,FiskBr00,Braden Fiske,ram
DT,0,0%,120,10.76%,7,1.59%,JohnDe08,Desjuan Johnson,ram
"DE,DT",0,0%,299,26.82%,7,1.59%,DaviTy05,Tyler Davis,ram
"DT,NT",0,0%,264,23.68%,32,7.27%,GallNe00,Neville Gallimore,ram
NT,0,0%,834,74.80%,85,19.32%,TurnKo00,Kobie Turner,ram
NT,0,0%,472,42.33%,59,13.41%,BrowBo04,Bobby Brown,ram
LB,0,0%,372,33.36%,37,8.41%,ReedTr01,Troy Reeder,ram
LB,0,0%,828,74.26%,184,41.82%,RozeCh00,Christian Rozeboom,ram
LB,0,0%,39,3.50%,14,3.18%,ThomKe04,Keir Thomas,ram
LB,0,0%,844,75.70%,9,2.05%,YounBy01,Byron Young,ram
LB,0,0%,639,57.31%,167,37.95%,HoecMi00,Michael Hoecht,ram
LB,0,0%,74,6.64%,338,76.82%,HummJa00,Jake Hummel,ram
LB,0,0%,419,37.58%,266,60.45%,SpeiOm00,Omar Speights,ram
LB,0,0%,10,.90%,230,52.27%,HampNi00,Nick Hampton,ram
LB,0,0%,0,0%,77,17.50%,NealEl00,Elias Neal,ram
LB,0,0%,47,4.22%,56,12.73%,JackBr02,Brennan Jackson,ram
CB,0,0%,252,22.60%,20,4.55%,WhitTr01,Tre'Davious White,ram
CB,0,0%,777,69.69%,65,14.77%,DuraDe01,Cobie Durant,ram
CB,0,0%,766,68.70%,0,0%,WillDa09,Darious Williams,ram
CB,0,0%,494,44.30%,22,5.00%,WithAh00,Ahkello Witherspoon,ram
CB,0,0%,0,0%,31,7.05%,LampCa00,Cam Lampkin,ram
CB,0,0%,52,4.66%,6,1.36%,ForbEm00,Emmanuel Forbes,ram
SS,0,0%,981,87.98%,35,7.95%,CurlKa00,Kamren Curl,ram
SS,0,0%,59,5.29%,0,0%,JohnJo10,John Johnson,ram
SS,0,0%,1,.09%,19,4.32%,YeasRu00,Russ Yeast,ram
FS,0,0%,1070,95.96%,92,20.91%,LakeQu00,Quentin Lake,ram
"DB,FS",0,0%,514,46.10%,117,26.59%,KincKa00,Kamren Kinchens,ram
"DB,FS",0,0%,335,30.04%,257,58.41%,McCoJa02,Jaylen McCollough,ram
"CB,DB",0,0%,154,13.81%,235,53.41%,WallJo00,Josh Wallace,ram
"CB,DB",0,0%,13,1.17%,169,38.41%,WoodCh01,Charles Woods,ram
LS,0,0%,0,0%,134,30.45%,WardAl00,Alex Ward,ram
K,0,0%,0,0%,77,17.50%,KartJo00,Joshua Karty,ram
P,0,0%,0,0%,202,45.91%,EvanEt00,Ethan Evans,ram
P,0,0%,0,0%,12,2.73%,ZentTy00,Ty Zentner,ram
QB,1075,97.73%,0,0%,0,0%,SmitGe00,Geno Smith,sea
QB,25,2.27%,0,0%,0,0%,HoweSa00,Sam Howell,sea
RB,469,42.64%,0,0%,0,0%,WalkKe00,Kenneth Walker III,sea
RB,568,51.64%,0,0%,46,9.79%,CharZa00,Zach Charbonnet,sea
RB,5,.45%,0,0%,36,7.66%,HolaGe00,George Holani,sea
RB,75,6.82%,0,0%,173,36.81%,McInKe00,Kenny McIntosh,sea
WR,832,75.64%,0,0%,0,0%,MetcDK00,D.K. Metcalf,sea
WR,948,86.18%,0,0%,0,0%,SmitJa06,Jaxon Smith-Njigba,sea
WR,319,29.00%,0,0%,314,66.81%,BoboJa00,Jake Bobo,sea
WR,62,5.64%,0,0%,49,10.43%,WhitCo05,Cody White,sea
WR,765,69.55%,0,0%,0,0%,LockTy00,Tyler Lockett,sea
WR,27,2.45%,0,0%,231,49.15%,YounDa02,Dareke Young,sea
WR,45,4.09%,0,0%,168,35.74%,ShenLa00,Laviska Shenault Jr.,sea
WR,0,0%,4,.35%,133,28.30%,WillDe11,Dee Williams,sea
WR,0,0%,0,0%,33,7.02%,DardJa00,Jaelon Darden,sea
TE,569,51.73%,0,0%,0,0%,FantNo00,Noah Fant,sea
TE,501,45.55%,0,0%,160,34.04%,BarnAJ00,AJ Barner,sea
TE,33,3.00%,0,0%,230,48.94%,RussBr00,Brady Russell,sea
TE,264,24.00%,0,0%,191,40.64%,BrowPh01,Pharaoh Brown,sea
TE,4,.36%,0,0%,6,1.28%,MabrTy00,Tyler Mabry,sea
T,1097,99.73%,0,0%,70,14.89%,CrosCh00,Charles Cross,sea
T,358,32.55%,0,0%,10,2.13%,LaumSa00,Sataoa Laumea,sea
T,414,37.64%,0,0%,38,8.09%,ForsSt00,Stone Forsythe,sea
T,409,37.18%,0,0%,24,5.11%,LucaAb00,Abraham Lucas,sea
T,30,2.73%,0,0%,0,0%,FantGe00,George Fant,sea
T,57,5.18%,0,0%,59,12.55%,SundJa00,Jalen Sundell,sea
T,250,22.73%,0,0%,40,8.51%,JerrMi00,Michael Jerrell,sea
G,1097,99.73%,0,0%,60,12.77%,TomlLa01,Laken Tomlinson,sea
G,578,52.55%,0,0%,42,8.94%,BradAn00,Anthony Bradford,sea
G,167,15.18%,0,0%,67,14.26%,HaynCh00,Christian Haynes,sea
G,0,0%,0,0%,19,4.04%,CurtMc00,McClendon Curtis,sea
C,618,56.18%,0,0%,0,0%,WillCo00,Connor Williams,sea
C,438,39.82%,0,0%,15,3.19%,OluwOl00,Olusegun Oluwatimi,sea
DE,0,0%,617,54.55%,64,13.62%,JoneDr00,Dre'Mont Jones,sea
DE,0,0%,70,6.19%,287,61.06%,MorrMi00,Mike Morris,sea
DE,0,0%,36,3.18%,12,2.55%,AdamMy00,Myles Adams,sea
DT,0,0%,750,66.31%,54,11.49%,WillLe02,Leonard Williams,sea
DT,1,.09%,457,40.41%,50,10.64%,MurpBy01,Byron Murphy,sea
DT,0,0%,188,16.62%,49,10.43%,RobeRo00,Roy Robertson-Harris,sea
DT,0,0%,390,34.48%,21,4.47%,HankJo00,Johnathan Hankins,sea
DT,0,0%,7,.62%,0,0%,BohaQu00,Quinton Bohanna,sea
NT,0,0%,680,60.12%,65,13.83%,ReedJa02,Jarran Reed,sea
NT,0,0%,2,.18%,1,.21%,YounCa00,Cameron Young,sea
LB,0,0%,667,58.97%,27,5.74%,JoneEr01,Ernest Jones,sea
LB,0,0%,291,25.73%,20,4.26%,BakeJe00,Jerome Baker,sea
LB,0,0%,604,53.40%,40,8.51%,DodsTy01,Tyrel Dodson,sea
LB,0,0%,608,53.76%,5,1.06%,MafeBo00,Boye Mafe,sea
LB,0,0%,674,59.59%,90,19.15%,HallDe04,Derick Hall,sea
LB,0,0%,190,16.80%,0,0%,NwosUc00,Uchenna Nwosu,sea
LB,0,0%,38,3.36%,7,1.49%,BowsTy00,Tyus Bowser,sea
LB,0,0%,551,48.72%,82,17.45%,KnigTy00,Tyrice Knight,sea
LB,0,0%,0,0%,176,37.45%,RossJo01,Josh Ross,sea
LB,0,0%,37,3.27%,318,67.66%,ThomDr00,Drake Thomas,sea
LB,0,0%,0,0%,8,1.70%,SherJa01,Jamie Sheriff,sea
LB,0,0%,0,0%,58,12.34%,OConPa01,Patrick O'Connell,sea
LB,0,0%,47,4.16%,28,5.96%,GipsTr00,Trevis Gipson,sea
CB,0,0%,890,78.69%,55,11.70%,WoolTa00,Riq Woolen,sea
CB,0,0%,1104,97.61%,75,15.96%,WithDe00,Devon Witherspoon,sea
CB,0,0%,443,39.17%,47,10.00%,JobeJo00,Josh Jobe,sea
CB,0,0%,290,25.64%,101,21.49%,BrowTr03,Tre Brown,sea
CB,0,0%,786,69.50%,158,33.62%,BryaCo01,Coby Bryant,sea
CB,0,0%,51,4.51%,55,11.70%,BurnAr00,Artie Burns,sea
CB,0,0%,14,1.24%,13,2.77%,HickFa00,Faion Hicks,sea
SS,0,0%,550,48.63%,53,11.28%,JenkRa00,Rayshawn Jenkins,sea
SS,0,0%,1079,95.40%,93,19.79%,LoveJu00,Julian Love,sea
SS,0,0%,5,.44%,80,17.02%,ReedJe00,Jerrick Reed,sea
SS,0,0%,33,2.92%,23,4.89%,OkadTy00,Ty Okada,sea
FS,0,0%,127,11.23%,139,29.57%,WallKV00,K'Von Wallace,sea
FS,0,0%,6,.53%,62,13.19%,FinlAJ00,AJ Finley,sea
FS,0,0%,0,0%,10,2.13%,BlaiMa01,Marquise Blair,sea
"CB,DB",0,0%,151,13.35%,73,15.53%,PritNe00,Nehemiah Pritchett,sea
LS,0,0%,0,0%,148,31.49%,StolCh00,Chris Stoll,sea
K,0,0%,0,0%,156,33.19%,MyerJa00,Jason Myers,sea
P,0,0%,0,0%,148,31.49%,DickMi00,Michael Dickson,sea
QB,944,87.49%,0,0%,0,0%,PurdBr00,Brock Purdy,sfo
QB,81,7.51%,0,0%,0,0%,DobbJo00,Joshua Dobbs,sfo
QB,54,5.00%,0,0%,0,0%,AlleBr00,Brandon Allen,sfo
RB,378,35.03%,0,0%,27,6.00%,MasoJo00,Jordan Mason,sfo
RB,167,15.48%,0,0%,0,0%,McCaCh01,Christian McCaffrey,sfo
RB,227,21.04%,0,0%,124,27.56%,GuerIs00,Isaac Guerendo,sfo
RB,3,.28%,0,0%,14,3.11%,VaugKe00,Ke'Shawn Vaughn,sfo
RB,172,15.94%,0,0%,120,26.67%,TaylPa01,Patrick Taylor,sfo
FB,537,49.77%,0,0%,7,1.56%,JuszKy00,Kyle Juszczyk,sfo
WR,682,63.21%,0,0%,48,10.67%,SamuDe00,Deebo Samuel,sfo
WR,455,42.17%,0,0%,4,.89%,PearRi00,Ricky Pearsall,sfo
WR,239,22.15%,0,0%,217,48.22%,ConlCh00,Chris Conley,sfo
WR,357,33.09%,0,0%,0,0%,AiyuBr00,Brandon Aiyuk,sfo
WR,689,63.86%,0,0%,0,0%,JennJa00,Jauan Jennings,sfo
WR,113,10.47%,0,0%,13,2.89%,BellRo01,Ronnie Bell,sfo
WR,14,1.30%,0,0%,10,2.22%,TaylTr02,Trent Taylor,sfo
WR,106,9.82%,0,0%,64,14.22%,CowiJa00,Jacob Cowing,sfo
TE,808,74.88%,0,0%,0,0%,KittGe00,George Kittle,sfo
TE,377,34.94%,0,0%,302,67.11%,SaubEr00,Eric Saubert,sfo
TE,25,2.32%,0,0%,158,35.11%,WillBr06,Brayden Willis,sfo
TE,34,3.15%,0,0%,232,51.56%,TongJa00,Jake Tonges,sfo
T,1062,98.42%,0,0%,83,18.44%,McKiCo00,Colton McKivitz,sfo
T,649,60.15%,0,0%,0,0%,WillTr21,Trent Williams,sfo
T,87,8.06%,0,0%,12,2.67%,HeckCh00,Charlie Heck,sfo
T,271,25.12%,0,0%,69,15.33%,MoorJa04,Jaylon Moore,sfo
T,3,.28%,0,0%,5,1.11%,GutiSe00,Sebastian Gutierrez,sfo
T,67,6.21%,0,0%,14,3.11%,PleaAu00,Austen Pleasants,sfo
G,1078,99.91%,0,0%,83,18.44%,PuniDo00,Dominick Puni,sfo
G,775,71.83%,0,0%,57,12.67%,BankAa00,Aaron Banks,sfo
G,113,10.47%,0,0%,71,15.78%,BurfSp00,Spencer Burford,sfo
G,162,15.01%,0,0%,83,18.44%,ZakeNi00,Nick Zakelj,sfo
G,65,6.02%,0,0%,5,1.11%,BartBe00,Ben Bartch,sfo
C,1072,99.35%,0,0%,4,.89%,BrenJa01,Jake Brendel,sfo
C,3,.28%,0,0%,12,2.67%,HennMa00,Matt Hennessy,sfo
DE,0,0%,693,64.95%,10,2.22%,BosaNi00,Nick Bosa,sfo
DE,0,0%,606,56.79%,9,2.00%,FloyLe00,Leonard Floyd,sfo
DE,0,0%,24,2.25%,64,14.22%,BarrAl00,Alex Barrett,sfo
DE,0,0%,148,13.87%,238,52.89%,BealRo00,Robert Beal,sfo
DE,0,0%,450,42.17%,39,8.67%,OkuaSa00,Sam Okuayinonu,sfo
DT,0,0%,717,67.20%,80,17.78%,CollMa00,Maliek Collins,sfo
DT,0,0%,104,9.75%,1,.22%,HargJa00,Javon Hargrave,sfo
DT,0,0%,267,25.02%,57,12.67%,AndeEv00,Evan Anderson,sfo
DT,0,0%,260,24.37%,17,3.78%,DaviKa01,Kalia Davis,sfo
DT,0,0%,185,17.34%,21,4.67%,GiveKe01,Kevin Givens,sfo
DT,0,0%,441,41.33%,63,14.00%,ElliJo02,Jordan Elliott,sfo
DT,0,0%,11,1.03%,0,0%,McGiT.00,T.Y. McGill,sfo
DT,0,0%,37,3.47%,0,0%,DaviKh00,Khalil Davis,sfo
LB,0,0%,998,93.53%,81,18.00%,WarnFr00,Fred Warner,sfo
LB,0,0%,719,67.39%,60,13.33%,CampDe00,De'Vondre Campbell,sfo
LB,0,0%,34,3.19%,1,.22%,GreeDr00,Dre Greenlaw,sfo
LB,0,0%,368,34.49%,53,11.78%,GrosYe00,Yetur Gross-Matos,sfo
LB,0,0%,150,14.06%,184,40.89%,FlanDe00,Demetrius Flannigan-Fowles,sfo
LB,0,0%,0,0%,59,13.11%,RobiCu00,Curtis Robinson,sfo
LB,0,0%,51,4.78%,165,36.67%,BethTa00,Tatum Bethune,sfo
LB,0,0%,36,3.37%,125,27.78%,GrahJa02,Jalen Graham,sfo
LB,0,0%,398,37.30%,162,36.00%,WintDe00,Dee Winters,sfo
LB,0,0%,0,0%,4,.89%,WhitDa05,DaShaun White,sfo
CB,0,0%,923,86.50%,70,15.56%,LenoDe00,Deommodore Lenoir,sfo
CB,0,0%,695,65.14%,4,.89%,WardCh01,Charvarius Ward,sfo
CB,0,0%,486,45.55%,250,55.56%,YiadIs00,Isaac Yiadom,sfo
CB,0,0%,675,63.26%,78,17.33%,GreeRe00,Renardo Green,sfo
CB,0,0%,3,.28%,47,10.44%,LuteDa00,Darrell Luter,sfo
CB,0,0%,62,5.81%,107,23.78%,Ya-SRo00,Rock Ya-Sin,sfo
CB,0,0%,54,5.06%,97,21.56%,McClNi00,Nick McCloud,sfo
SS,0,0%,308,28.87%,33,7.33%,HufaTa00,Talanoa Hufanga,sfo
SS,0,0%,886,83.04%,116,25.78%,BrowJi01,Ji'Ayir Brown,sfo
FS,0,0%,138,12.93%,214,47.56%,OdumGe00,George Odum,sfo
FS,0,0%,756,70.85%,77,17.11%,MustMa00,Malik Mustapha,sfo
FS,0,0%,57,5.34%,56,12.44%,GipsTa00,Tashaun Gipson,sfo
FS,0,0%,0,0%,8,1.78%,AmosAd00,Adrian Amos,sfo
FS,0,0%,0,0%,30,6.67%,MahoJa00,Jaylen Mahoney,sfo
LS,0,0%,0,0%,129,28.67%,PeppTa00,Taybor Pepper,sfo
K,0,0%,0,0%,135,30.00%,MoodJa00,Jake Moody,sfo
K,0,0%,0,0%,14,3.11%,WrigMa00,Matthew Wright,sfo
K,0,0%,0,0%,19,4.22%,CarlAn00,Anders Carlson,sfo
P,0,0%,0,0%,76,16.89%,WishMi00,Mitch Wishnowsky,sfo
P,0,0%,0,0%,56,12.44%,ODonPa00,Pat O'Donnell,sfo
QB,1123,98.34%,0,0%,0,0%,MayfBa00,Baker Mayfield,tam
QB,19,1.66%,0,0%,0,0%,TrasKy00,Kyle Trask,tam
RB,591,51.75%,0,0%,0,0%,WhitRa01,Rachaad White,tam
RB,516,45.18%,0,0%,41,8.58%,IrviBu00,Bucky Irving,tam
RB,112,9.81%,0,0%,178,37.24%,TuckSe00,Sean Tucker,tam
RB,0,0%,0,0%,8,1.67%,WillDJ00,D.J. Williams,tam
WR,626,54.82%,0,0%,6,1.26%,McMiJa01,Jalen McMillan,tam
WR,399,34.94%,0,0%,1,.21%,GodwCh00,Chris Godwin,tam
WR,671,58.76%,0,0%,1,.21%,EvanMi00,Mike Evans,tam
WR,275,24.08%,0,0%,131,27.41%,MillRy01,Ryan Miller,tam
WR,210,18.39%,0,0%,50,10.46%,JarrRa00,Rakim Jarrett,tam
WR,305,26.71%,0,0%,55,11.51%,PalmTr00,Trey Palmer,tam
WR,47,4.12%,0,0%,20,4.18%,JohnKa01,Kameron Johnson,tam
WR,3,.26%,0,0%,3,.63%,ThomCo04,Cody Thompson,tam
WR,509,44.57%,0,0%,0,0%,ShepSt00,Sterling Shepard,tam
WR,5,.44%,0,0%,0,0%,CallMa01,Marquez Callaway,tam
TE,856,74.96%,0,0%,1,.21%,OttoCa00,Cade Otton,tam
TE,430,37.65%,0,0%,116,24.27%,DurhPa00,Payne Durham,tam
TE,104,9.11%,0,0%,329,68.83%,KiefKo00,Ko Kieft,tam
TE,41,3.59%,0,0%,50,10.46%,CulpDe00,Devin Culp,tam
T,1016,88.97%,0,0%,43,9.00%,WirfTr00,Tristan Wirfs,tam
T,361,31.61%,0,0%,88,18.41%,SkulJu00,Justin Skule,tam
G,907,79.42%,0,0%,71,14.85%,GoedLu00,Luke Goedeke,tam
G,1133,99.21%,0,0%,88,18.41%,MaucCo00,Cody Mauch,tam
G,1128,98.77%,0,0%,88,18.41%,BredBe00,Ben Bredeson,tam
G,9,.79%,0,0%,81,16.95%,KleiEl00,Elijah Klein,tam
G,3,.26%,0,0%,0,0%,NewmRo00,Royce Newman,tam
C,1065,93.26%,0,0%,24,5.02%,BartGr00,Graham Barton,tam
C,95,8.32%,0,0%,88,18.41%,HainRo00,Robert Hainsey,tam
DE,0,0%,541,48.43%,1,.21%,KancCa00,Calijah Kancey,tam
DE,0,0%,539,48.25%,93,19.46%,HallLo00,Logan Hall,tam
DE,0,0%,202,18.08%,105,21.97%,GholWi00,William Gholston,tam
DE,0,0%,21,1.88%,0,0%,BrowEa00,Earnest Brown IV,tam
DT,0,0%,160,14.32%,13,2.72%,BrewCJ00,C.J. Brewer,tam
DT,0,0%,58,5.19%,2,.42%,GreeMi01,Mike Greene,tam
DT,0,0%,14,1.25%,0,0%,StilBe00,Ben Stille,tam
NT,3,.26%,705,63.12%,92,19.25%,VeaxVi00,Vita Vea,tam
NT,0,0%,395,35.36%,3,.63%,GainGr00,Greg Gaines,tam
LB,0,0%,1078,96.51%,0,0%,DaviLa00,Lavonte David,tam
LB,0,0%,573,51.30%,384,80.33%,NelsAn01,Anthony Nelson,tam
LB,0,0%,613,54.88%,114,23.85%,BritKJ00,K.J. Britt,tam
LB,0,0%,539,48.25%,23,4.81%,TryoJo00,Joe Tryon-Shoyinka,tam
LB,0,0%,785,70.28%,101,21.13%,DiabYa00,YaYa Diaby,tam
LB,0,0%,104,9.31%,55,11.51%,DennSi00,SirVocea Dennis,tam
LB,0,0%,329,29.45%,189,39.54%,BrasCh01,Chris Braswell,tam
LB,0,0%,10,.90%,67,14.02%,WattMa00,Markees Watts,tam
LB,0,0%,249,22.29%,334,69.87%,RussJJ00,J.J. Russell,tam
LB,0,0%,55,4.92%,124,25.94%,JoneVi00,Vi Jones,tam
LB,0,0%,2,.18%,105,21.97%,GrieAn00,Antonio Grier,tam
LB,0,0%,12,1.07%,0,0%,BarrSh00,Shaquil Barrett,tam
LB,0,0%,0,0%,15,3.14%,JoneDe01,Deion Jones,tam
LB,0,0%,30,2.69%,40,8.37%,RamiJo00,Jose Ramirez,tam
CB,0,0%,697,62.40%,22,4.60%,DeanJa00,Jamel Dean,tam
CB,0,0%,17,1.52%,3,.63%,HallBr02,Bryce Hall,tam
CB,0,0%,45,4.03%,388,81.17%,ThomTa01,Tavierre Thomas,tam
CB,0,0%,1056,94.54%,141,29.50%,McCoZy02,Zyon McCollum,tam
CB,0,0%,265,23.72%,242,50.63%,HayeJo01,Josh Hayes,tam
CB,0,0%,0,0%,10,2.09%,FlowDa00,Dallis Flowers,tam
CB,0,0%,0,0%,37,7.74%,IsaaKe00,Keenan Isaac,tam
CB,0,0%,0,0%,6,1.26%,HillTr01,Troy Hill,tam
CB,0,0%,162,14.50%,88,18.41%,FundTy00,Tyrek Funderburk,tam
SS,0,0%,732,65.53%,1,.21%,WhitJo03,Jordan Whitehead,tam
SS,0,0%,612,54.79%,29,6.07%,SmitTy05,Tykee Smith,tam
SS,0,0%,697,62.40%,115,24.06%,IzieCh00,Christian Izien,tam
SS,0,0%,17,1.52%,20,4.18%,NealRy00,Ryan Neal,tam
FS,0,0%,529,47.36%,0,0%,WinfAn00,Antoine Winfield Jr.,tam
FS,0,0%,184,16.47%,3,.63%,EdwaMi01,Mike Edwards,tam
FS,0,0%,259,23.19%,250,52.30%,MerrKa00,Kaevon Merriweather,tam
LS,0,0%,0,0%,50,10.46%,TrinZa00,Zach Triner,tam
LS,0,0%,0,0%,91,19.04%,DeckEv00,Evan Deckers,tam
K,0,0%,0,0%,95,19.87%,McLaCh00,Chase McLaughlin,tam
P,0,0%,0,0%,114,23.85%,GillTr01,Trenton Gill,tam
P,0,0%,0,0%,57,11.92%,CamaJa00,Jake Camarda,tam
P,0,0%,0,0%,69,14.44%,BrowJa10,Jack Browning,tam
QB,621,56.76%,0,0%,0,0%,LeviWi00,Will Levis,oti
QB,473,43.24%,0,0%,0,0%,RudoMa00,Mason Rudolph,oti
RB,701,64.08%,0,0%,0,0%,PollTo00,Tony Pollard,oti
RB,320,29.25%,0,0%,29,6.36%,SpeaTy00,Tyjae Spears,oti
RB,84,7.68%,0,0%,226,49.56%,ChesJu00,Julius Chestnut,oti
RB,4,.37%,0,0%,3,.66%,KellJo01,Joshua Kelley,oti
WR,888,81.17%,0,0%,3,.66%,RidlCa00,Calvin Ridley,oti
WR,635,58.04%,0,0%,3,.66%,BoydTy00,Tyler Boyd,oti
WR,147,13.44%,0,0%,13,2.85%,BurkTr00,Treylon Burks,oti
WR,771,70.48%,0,0%,121,26.54%,WestNi00,Nick Westbrook-Ikhine,oti
WR,71,6.49%,0,0%,41,8.99%,KinsMa00,Mason Kinsey,oti
WR,177,16.18%,0,0%,0,0%,HopkDe00,DeAndre Hopkins,oti
WR,46,4.20%,0,0%,125,27.41%,JackJh00,Jha'Quan Jackson,oti
WR,67,6.12%,0,0%,51,11.18%,OlivBr02,Bryce Oliver,oti
WR,4,.37%,0,0%,3,.66%,MartTa00,Tay Martin,oti
TE,665,60.79%,0,0%,168,36.84%,OkonCh00,Chigoziem Okonkwo,oti
TE,399,36.47%,0,0%,171,37.50%,VannNi00,Nick Vannett,oti
TE,345,31.54%,0,0%,92,20.18%,WhylJo01,Josh Whyle,oti
TE,1,.09%,0,0%,36,7.89%,OdukTh00,Thomas Odukoya,oti
TE,46,4.20%,0,0%,55,12.06%,MartDa01,David Martin-Robinson,oti
T,1094,100.00%,0,0%,55,12.06%,LathJC00,JC Latham,oti
"G,T",1094,100.00%,0,0%,55,12.06%,SkorPe00,Peter Skoronski,oti
T,621,56.76%,0,0%,50,10.96%,PetiNi00,Nicholas Petit-Frere,oti
T,190,17.37%,0,0%,13,2.85%,WatsLe00,Leroy Watson,oti
T,902,82.45%,0,0%,41,8.99%,RaduDi00,Dillon Radunz,oti
T,29,2.65%,0,0%,0,0%,PrinIs00,Isaiah Prince,oti
T,16,1.46%,0,0%,22,4.82%,RupcAn00,Andrew Rupcich,oti
T,264,24.13%,0,0%,23,5.04%,OjukJo00,John Ojukwu,oti
T,39,3.56%,0,0%,8,1.75%,DuncJa00,Jaelyn Duncan,oti
T,0,0%,0,0%,3,.66%,BrewCh01,Chandler Brewer,oti
G,0,0%,0,0%,12,2.63%,BrusLo00,Logan Bruss,oti
G,0,0%,0,0%,13,2.85%,HambAr00,Arlington Hambright,oti
C,499,45.61%,0,0%,1,.22%,CushLl00,Lloyd Cushenberry III,oti
C,133,12.16%,0,0%,32,7.02%,LeviCo00,Corey Levin,oti
C,683,62.43%,0,0%,55,12.06%,BrunDa00,Daniel Brunskill,oti
DE,0,0%,178,16.84%,43,9.43%,GayeAl01,Ali Gaye,oti
DE,0,0%,12,1.14%,10,2.19%,DukeKh00,Khalid Duke,oti
DT,5,.46%,807,76.35%,73,16.01%,SimmJe01,Jeffery Simmons,oti
DT,0,0%,38,3.60%,0,0%,AndeAb00,Abdullah Anderson,oti
DT,0,0%,486,45.98%,86,18.86%,JoseSe00,Sebastian Joseph-Day,oti
NT,0,0%,699,66.13%,66,14.47%,SweaTV01,T'Vondre Sweat,oti
NT,0,0%,126,11.92%,18,3.95%,CobuKe00,Keondre Coburn,oti
NT,0,0%,245,23.18%,33,7.24%,LyncJa00,James Lynch,oti
LB,0,0%,275,26.02%,11,2.41%,BakeJe00,Jerome Baker,oti
LB,0,0%,817,77.29%,3,.66%,MurrKe00,Kenneth Murray,oti
LB,0,0%,880,83.25%,3,.66%,LandHa00,Harold Landry,oti
LB,0,0%,735,69.54%,81,17.76%,KeyxAr00,Arden Key,oti
LB,0,0%,235,22.23%,180,39.47%,GibbJa00,Jack Gibbens,oti
LB,0,0%,287,27.15%,200,43.86%,HarrJa05,Jaylen Harrell,oti
LB,0,0%,328,31.03%,1,.22%,JoneEr01,Ernest Jones,oti
LB,0,0%,203,19.21%,329,72.15%,GiffLu00,Luke Gifford,oti
LB,0,0%,111,10.50%,264,57.89%,WillJa15,James Williams,oti
LB,0,0%,19,1.80%,22,4.82%,MurpCa00,Caleb Murphy,oti
LB,0,0%,89,8.42%,228,50.00%,ReesOt00,Otis Reese,oti
LB,0,0%,48,4.54%,126,27.63%,GrayCe00,Cedric Gray,oti
LB,0,0%,0,0%,10,2.19%,McMiRa02,Raekwon McMillan,oti
CB,0,0%,301,28.48%,2,.44%,SneeLJ00,L'Jarius Sneed,oti
CB,0,0%,653,61.78%,88,19.30%,McCrRo01,Roger McCreary,oti
CB,0,0%,373,35.29%,4,.88%,AwuzCh00,Chidobe Awuzie,oti
CB,0,0%,0,0%,185,40.57%,HardJu01,Justin Hardee,oti
CB,0,0%,2,.19%,101,22.15%,AverTr01,Tre Avery,oti
CB,0,0%,628,59.41%,160,35.09%,BakeDa02,Darrell Baker,oti
CB,0,0%,0,0%,22,4.82%,JeudGa00,Gabe Jeudy-Lally,oti
SS,0,0%,20,1.89%,0,0%,AdamJa00,Jamal Adams,oti
FS,0,0%,850,80.42%,75,16.45%,HookAm00,Amani Hooker,oti
FS,0,0%,419,39.64%,1,.22%,DiggQu00,Quandre Diggs,oti
FS,0,0%,386,36.52%,365,80.04%,BrowMi02,Mike Brown,oti
FS,0,0%,459,43.42%,62,13.60%,WorlDa00,Daryl Worley,oti
FS,0,0%,0,0%,62,13.60%,BrooKe02,Kendell Brooks,oti
FS,0,0%,5,.47%,115,25.22%,WoodJu00,Julius Wood,oti
FS,0,0%,1,.09%,4,.88%,OwenGe00,Gervarrius Owens,oti
"CB,DB",0,0%,913,86.38%,72,15.79%,BrowJa09,Jarvis Brownlee,oti
LS,0,0%,0,0%,130,28.51%,CoxxMo00,Morgan Cox,oti
K,0,0%,0,0%,8,1.75%,NarvBr00,Brayden Narveson,oti
K,0,0%,0,0%,105,23.03%,FolkNi20,Nick Folk,oti
K,0,0%,0,0%,12,2.63%,WrigMa00,Matthew Wright,oti
P,0,0%,0,0%,130,28.51%,StonRy00,Ryan Stonehouse,oti
QB,677,60.18%,0,0%,0,0%,JoneDa05,Daniel Jones,nyg
QB,91,8.09%,0,0%,0,0%,DeViTo00,Tommy DeVito,nyg
QB,36,3.20%,0,0%,0,0%,BoylTi00,Tim Boyle,nyg
QB,321,28.53%,0,0%,1,.23%,LockDr00,Drew Lock,nyg
RB,380,33.78%,0,0%,0,0%,SingDe00,Devin Singletary,nyg
RB,651,57.87%,0,0%,26,5.87%,TracTy00,Tyrone Tracy Jr.,nyg
RB,108,9.60%,0,0%,106,23.93%,GrayEr01,Eric Gray,nyg
RB,1,.09%,0,0%,7,1.58%,MillDa04,Dante Miller,nyg
FB,12,1.07%,0,0%,39,8.80%,JohnJa12,Jakob Johnson,nyg
WR,886,78.76%,0,0%,0,0%,NabeMa00,Malik Nabers,nyg
WR,872,77.51%,0,0%,4,.90%,SlayDa01,Darius Slayton,nyg
WR,857,76.18%,0,0%,0,0%,RobiWa01,Wan'Dale Robinson,nyg
WR,63,5.60%,0,0%,0,0%,HodgIs00,Isaiah Hodgins,nyg
WR,2,.18%,0,0%,286,64.56%,FordBr00,Bryce Ford-Wheaton,nyg
WR,346,30.76%,0,0%,0,0%,HyatJa00,Jalin Hyatt,nyg
WR,7,.62%,0,0%,137,30.93%,SmitIh00,Ihmir Smith-Marsette,nyg
WR,0,0%,0,0%,6,1.35%,WillDe11,Dee Williams,nyg
TE,683,60.71%,0,0%,81,18.28%,JohnTh00,Theo Johnson,nyg
TE,342,30.40%,0,0%,165,37.25%,ManhCh00,Chris Manhertz,nyg
TE,365,32.44%,0,0%,200,45.15%,BellDa00,Daniel Bellinger,nyg
TE,27,2.40%,0,0%,20,4.51%,DulcGr00,Greg Dulcich,nyg
T,929,82.58%,0,0%,44,9.93%,ElueJe00,Jermaine Eluemunor,nyg
T,257,22.84%,0,0%,22,4.97%,HubbCh00,Chris Hubbard,nyg
T,419,37.24%,0,0%,0,0%,ThomAn02,Andrew Thomas,nyg
T,53,4.71%,0,0%,4,.90%,PhilTy00,Tyre Phillips,nyg
T,0,0%,0,0%,3,.68%,MileJo00,Joshua Miles,nyg
T,460,40.89%,0,0%,10,2.26%,NealEv00,Evan Neal,nyg
G,1125,100.00%,0,0%,36,8.13%,VanRGr00,Greg Van Roten,nyg
G,845,75.11%,0,0%,37,8.35%,RunyJo00,Jon Runyan Jr.,nyg
G,198,17.60%,0,0%,16,3.61%,KubaJa00,Jake Kubas,nyg
G,182,16.18%,0,0%,52,11.74%,EzeuJo00,Joshua Ezeudu,nyg
G,193,17.16%,0,0%,51,11.51%,StinAa00,Aaron Stinnie,nyg
C,987,87.73%,0,0%,0,0%,MichJo00,John Michael Schmitz,nyg
C,0,0%,0,0%,3,.68%,SchlAu00,Austin Schlottmann,nyg
DE,0,0%,392,35.80%,34,7.67%,OjulAz00,Azeez Ojulari,nyg
DE,0,0%,143,13.06%,20,4.51%,GarcEl00,Elijah Garcia,nyg
DT,0,0%,262,23.93%,95,21.44%,DaviDJ00,D.J. Davidson,nyg
DT,0,0%,84,7.67%,18,4.06%,DurdCo00,Cory Durden,nyg
DT,0,0%,33,3.01%,9,2.03%,RogeCa00,Casey Rogers,nyg
DT,0,0%,423,38.63%,51,11.51%,ChatEl00,Elijah Chatman,nyg
NT,0,0%,610,55.71%,75,16.93%,NuneRa00,Rakeem Nunez-Roches,nyg
NT,0,0%,552,50.41%,8,1.81%,LawrDe03,Dexter Lawrence,nyg
NT,0,0%,87,7.95%,8,1.81%,WattAr01,Armon Watts,nyg
NT,0,0%,249,22.74%,59,13.32%,RileJo00,Jordon Riley,nyg
LB,0,0%,736,67.21%,55,12.42%,OkerBo00,Bobby Okereke,nyg
LB,0,0%,670,61.19%,72,16.25%,McFaMi01,Micah McFadden,nyg
LB,0,0%,435,39.73%,248,55.98%,MuasDa00,Darius Muasau,nyg
LB,0,0%,866,79.09%,0,0%,BurnBr00,Brian Burns,nyg
LB,0,0%,594,54.25%,0,0%,ThibKa00,Kayvon Thibodeaux,nyg
LB,0,0%,1,.09%,306,69.07%,AdamMa00,Matthew Adams,nyg
LB,0,0%,46,4.20%,263,59.37%,JohnPa02,Patrick Johnson,nyg
LB,0,0%,2,.18%,42,9.48%,WhitBe00,Benton Whitley,nyg
LB,0,0%,112,10.23%,272,61.40%,SummTy00,Ty Summers,nyg
LB,0,0%,207,18.90%,205,46.28%,FoxxTo00,Tomon Fox,nyg
LB,0,0%,181,16.53%,146,32.96%,SimmIs00,Isaiah Simmons,nyg
LB,0,0%,86,7.85%,6,1.35%,BashCa00,Boogie Basham,nyg
LB,0,0%,0,0%,15,3.39%,BoltCu00,Curtis Bolton,nyg
LB,0,0%,37,3.38%,28,6.32%,JohnDy00,Dyontae Johnson,nyg
LB,0,0%,0,0%,10,2.26%,CougCa00,Carter Coughlin,nyg
CB,0,0%,788,71.96%,0,0%,BankDe00,Deonte Banks,nyg
CB,0,0%,667,60.91%,49,11.06%,FlotCo00,Cordale Flott,nyg
CB,0,0%,130,11.87%,17,3.84%,StroGr00,Greg Stroman,nyg
CB,0,0%,46,4.20%,207,46.73%,GreeAr01,Art Green,nyg
CB,0,0%,171,15.62%,116,26.19%,McClNi00,Nick McCloud,nyg
CB,0,0%,14,1.28%,9,2.03%,ShelDu00,Duke Shelley,nyg
CB,0,0%,427,39.00%,23,5.19%,JackAd00,Adoree' Jackson,nyg
CB,0,0%,82,7.49%,20,4.51%,HawkTr00,Tre Hawkins,nyg
CB,0,0%,26,2.37%,21,4.74%,WilsDi00,Divaad Wilson,nyg
SS,0,0%,978,89.32%,26,5.87%,PinnJa01,Jason Pinnock,nyg
SS,0,0%,459,41.92%,344,77.65%,BeltDa00,Dane Belton,nyg
SS,0,0%,22,2.01%,10,2.26%,LaynRa00,Raheem Layne,nyg
FS,0,0%,21,1.92%,113,25.51%,JohnAn08,Anthony Johnson,nyg
"DB,SS",0,0%,790,72.15%,106,23.93%,NubiTy00,Tyler Nubin,nyg
"CB,DB",0,0%,616,56.26%,26,5.87%,PhilAn02,Andru Phillips,nyg
LS,0,0%,0,0%,131,29.57%,KreiCa00,Casey Kreiter,nyg
K,0,0%,0,0%,49,11.06%,JoseGr00,Greg Joseph,nyg
K,0,0%,0,0%,7,1.58%,McAtJu00,Jude McAtamney,nyg
K,0,0%,0,0%,62,14.00%,GanoGr44,Graham Gano,nyg
P,0,0%,0,0%,103,23.25%,GillJa00,Jamie Gillan,nyg
P,0,0%,0,0%,31,7.00%,HaacMa00,Matt Haack,nyg
QB,1030,96.62%,0,0%,0,0%,RodgAa00,Aaron Rodgers,nyj
QB,36,3.38%,0,0%,0,0%,TaylTy00,Tyrod Taylor,nyj
RB,720,67.54%,0,0%,0,0%,HallBr03,Breece Hall,nyj
RB,283,26.55%,0,0%,165,38.19%,AlleBr05,Braelon Allen,nyj
RB,110,10.32%,0,0%,263,60.88%,DaviIs00,Isaiah Davis,nyj
RB,1,.09%,0,0%,29,6.71%,NwanKe00,Kene Nwangwu,nyj
WR,614,57.60%,0,0%,1,.23%,AdamDa01,Davante Adams,nyj
WR,649,60.88%,0,0%,1,.23%,LazaAl00,Allen Lazard,nyj
WR,1025,96.15%,0,0%,1,.23%,WilsGa00,Garrett Wilson,nyj
WR,182,17.07%,1,.09%,152,35.19%,GipsXa00,Xavier Gipson,nyj
WR,10,.94%,0,0%,214,49.54%,CharIr00,Irvin Charles,nyj
WR,301,28.24%,0,0%,0,0%,WillMi07,Mike Williams,nyj
WR,1,.09%,0,0%,0,0%,SmitBr07,Brandon Smith,nyj
WR,83,7.79%,0,0%,8,1.85%,CorlMa00,Malachi Corley,nyj
TE,805,75.52%,0,0%,17,3.94%,ConkTy00,Tyler Conklin,nyj
TE,393,36.87%,0,0%,200,46.30%,RuckJe00,Jeremy Ruckert,nyj
TE,106,9.94%,0,0%,169,39.12%,YeboKe00,Kenny Yeboah,nyj
TE,9,.84%,0,0%,61,14.12%,FirkAn00,Anthony Firkser,nyj
TE,1,.09%,0,0%,6,1.39%,KuntZa00,Zack Kuntz,nyj
TE,26,2.44%,0,0%,29,6.71%,BateBr00,Brenden Bates,nyj
T,722,67.73%,0,0%,26,6.02%,MoseMo00,Morgan Moses,nyj
T,592,55.53%,0,0%,5,1.16%,SmitTy00,Tyron Smith,nyj
T,224,21.01%,0,0%,36,8.33%,MitcMa02,Max Mitchell,nyj
T,141,13.23%,0,0%,11,2.55%,WarrCa00,Carter Warren,nyj
T,533,50.00%,0,0%,51,11.81%,FashOl00,Olumuyiwa Fashanu,nyj
G,68,6.38%,0,0%,6,1.39%,SimpJa00,Jaylin Simpson,nyj
G,951,89.21%,0,0%,51,11.81%,SimpJo00,John Simpson,nyj
G,915,85.83%,0,0%,6,1.39%,VeraAl00,Alijah Vera-Tucker,nyj
G,9,.84%,0,0%,0,0%,BailZa01,Zack Bailey,nyj
G,1,.09%,0,0%,18,4.17%,SchwWe00,Wes Schweitzer,nyj
G,11,1.03%,0,0%,31,7.18%,NewmXa00,Xavier Newman-Johnson,nyj
C,1066,100.00%,0,0%,60,13.89%,TippJo00,Joe Tippmann,nyj
C,0,0%,0,0%,3,.69%,LindAl00,Alec Lindstrom,nyj
C,0,0%,0,0%,2,.46%,McGoCo00,Connor McGovern,nyj
C,103,9.66%,0,0%,45,10.42%,HansJa00,Jake Hanson,nyj
DE,0,0%,625,54.44%,93,21.53%,ClemMi03,Micheal Clemons,nyj
DE,0,0%,130,11.32%,8,1.85%,McKiTa00,Takkarist McKinley,nyj
DE,0,0%,103,8.97%,11,2.55%,HolmJa01,Jalyn Holmes,nyj
DE,0,0%,231,20.12%,132,30.56%,WattEr00,Eric Watts,nyj
DE,0,0%,83,7.23%,35,8.10%,McGrBr00,Braiden McGregor,nyj
DT,0,0%,697,60.71%,90,20.83%,KinlJa00,Javon Kinlaw,nyj
DT,5,.47%,458,39.90%,76,17.59%,ThomSo00,Solomon Thomas,nyj
DT,0,0%,261,22.74%,1,.23%,TaylLe01,Leonard Taylor,nyj
DT,0,0%,118,10.28%,13,3.01%,HectBr00,Bruce Hector,nyj
NT,0,0%,724,63.07%,78,18.06%,WillQu00,Quinnen Williams,nyj
NT,0,0%,46,4.01%,20,4.63%,FotuLe00,Leki Fotu,nyj
LB,0,0%,1138,99.13%,13,3.01%,WillQu01,Quincy Williams,nyj
LB,0,0%,110,9.58%,9,2.08%,MoslC.00,C.J. Mosley,nyj
LB,0,0%,82,7.14%,11,2.55%,JohnJe07,Jermaine Johnson II,nyj
LB,0,0%,1065,92.77%,113,26.16%,SherJa00,Jamien Sherwood,nyj
LB,0,0%,758,66.03%,15,3.47%,McDoWi00,Will McDonald,nyj
LB,0,0%,393,34.23%,4,.93%,ReddHa00,Haason Reddick,nyj
LB,0,0%,137,11.93%,272,62.96%,SurrCh00,Chazz Surratt,nyj
LB,0,0%,75,6.53%,350,81.02%,EguaSa00,Samuel Eguavoen,nyj
LB,0,0%,3,.26%,200,46.30%,McCrMa01,Marcelino McCrary-Ball,nyj
CB,0,0%,880,76.66%,11,2.55%,ReedD.00,D.J. Reed,nyj
CB,0,0%,880,76.66%,6,1.39%,GardSa00,Sauce Gardner,nyj
CB,0,0%,407,35.45%,185,42.82%,EchoBr00,Brandin Echols,nyj
CB,0,0%,578,50.35%,150,34.72%,OlivIs00,Isaiah Oliver,nyj
CB,0,0%,286,24.91%,10,2.31%,CartMi02,Michael Carter II,nyj
CB,0,0%,458,39.90%,12,2.78%,MillJa02,Jalen Mills,nyj
CB,0,0%,92,8.01%,48,11.11%,ShefKe00,Kendall Sheffield,nyj
CB,0,0%,49,4.27%,215,49.77%,StigQw00,Qwan'tez Stiggers,nyj
CB,0,0%,6,.52%,111,25.69%,BernJa01,Jarrick Bernard-Converse,nyj
CB,0,0%,0,0%,3,.69%,SwilTr00,Tre Swilling,nyj
SS,0,0%,709,61.76%,9,2.08%,ClarCh00,Chuck Clark,nyj
SS,0,0%,261,22.74%,283,65.51%,DaviAs00,Ashtyn Davis,nyj
FS,0,0%,766,66.72%,43,9.95%,AdamTo03,Tony Adams,nyj
FS,0,0%,17,1.48%,58,13.43%,MonrJa00,Jarius Monroe,nyj
LS,0,0%,0,0%,125,28.94%,HennTh00,Thomas Hennessy,nyj
K,0,0%,0,0%,47,10.88%,CarlAn00,Anders Carlson,nyj
K,0,0%,0,0%,10,2.31%,JoseGr00,Greg Joseph,nyj
K,0,0%,0,0%,7,1.62%,PattRi01,Riley Patterson,nyj
K,0,0%,0,0%,5,1.16%,ShraSp00,Spencer Shrader,nyj
K,0,0%,0,0%,63,14.58%,ZuerGr00,Greg Zuerlein,nyj
P,0,0%,0,0%,129,29.86%,MorsTh00,Thomas Morstead,nyj
QB,934,80.73%,0,0%,0,0%,HurtJa00,Jalen Hurts,phi
QB,89,7.69%,0,0%,0,0%,McKeTa01,Tanner McKee,phi
QB,134,11.58%,0,0%,0,0%,PickKe00,Kenny Pickett,phi
RB,801,69.23%,0,0%,0,0%,BarkSa00,Saquon Barkley,phi
RB,301,26.02%,0,0%,114,25.45%,GainKe00,Kenneth Gainwell,phi
RB,65,5.62%,0,0%,244,54.46%,ShipWi00,Will Shipley,phi
RB,5,.43%,0,0%,0,0%,DaviTy03,Tyrion Davis-Price,phi
FB,2,.17%,0,0%,50,11.16%,BlasKh00,Khari Blasingame,phi
WR,801,69.23%,0,0%,1,.22%,SmitDe07,DeVonta Smith,phi
WR,766,66.21%,0,0%,3,.67%,BrowAJ00,A.J. Brown,phi
WR,674,58.25%,0,0%,5,1.12%,DotsJa00,Jahan Dotson,phi
WR,369,31.89%,0,0%,98,21.88%,WilsJo03,Johnny Wilson,phi
WR,140,12.10%,0,0%,9,2.01%,CampPa00,Parris Campbell,phi
WR,50,4.32%,0,0%,15,3.35%,CoveBr00,Britain Covey,phi
WR,12,1.04%,0,0%,0,0%,RossJo00,John Ross,phi
WR,96,8.30%,0,0%,4,.89%,SmitAi00,Ainias Smith,phi
TE,446,38.55%,0,0%,3,.67%,GoedDa00,Dallas Goedert,phi
TE,766,66.21%,0,0%,81,18.08%,CalcGr00,Grant Calcaterra,phi
TE,201,17.37%,0,0%,88,19.64%,StolJa00,Jack Stoll,phi
TE,95,8.21%,0,0%,91,20.31%,JenkEJ00,E.J. Jenkins,phi
TE,132,11.41%,0,0%,28,6.25%,UzomC.00,C.J. Uzomah,phi
T,802,69.32%,0,0%,62,13.84%,MailJo00,Jordan Mailata,phi
T,903,78.05%,0,0%,68,15.18%,BectMe00,Mekhi Becton,phi
T,937,80.99%,0,0%,0,0%,JohnLa01,Lane Johnson,phi
T,71,6.14%,0,0%,12,2.68%,KinnDa00,Darian Kinnard,phi
T,481,41.57%,0,0%,89,19.87%,JohnFr01,Fred Johnson,phi
T,110,9.51%,0,0%,76,16.96%,DrisJa00,Jack Driscoll,phi
G,996,86.08%,0,0%,80,17.86%,DickLa00,Landon Dickerson,phi
G,1068,92.31%,0,0%,14,3.13%,JurgCa01,Cam Jurgens,phi
G,35,3.03%,0,0%,5,1.12%,KeegTr00,Trevor Keegan,phi
G,316,27.31%,0,0%,89,19.87%,SteeTy00,Tyler Steen,phi
C,96,8.30%,0,0%,39,8.71%,GateNi00,Nick Gates,phi
DE,0,0%,311,29.70%,40,8.93%,GrahBr99,Brandon Graham,phi
DE,0,0%,285,27.22%,8,1.79%,HuffBr00,Bryce Huff,phi
DE,0,0%,52,4.97%,13,2.90%,HarrCh03,Charles Harris,phi
DT,0,0%,831,79.37%,62,13.84%,CartJa05,Jalen Carter,phi
DT,0,0%,388,37.06%,145,32.37%,DaviJo03,Jordan Davis,phi
DT,0,0%,501,47.85%,62,13.84%,WillMi08,Milton Williams,phi
DT,0,0%,388,37.06%,71,15.85%,OjomMo00,Moro Ojomo,phi
DT,0,0%,166,15.85%,32,7.14%,BookTh00,Thomas Booker,phi
LB,0,0%,939,89.68%,65,14.51%,BaunZa00,Zack Baun,phi
LB,0,0%,858,81.95%,7,1.56%,DeanNa00,Nakobe Dean,phi
LB,0,0%,622,59.41%,8,1.79%,SweaJo00,Josh Sweat,phi
LB,0,0%,546,52.15%,55,12.28%,SmitNo02,Nolan Smith,phi
LB,22,1.90%,0,0%,213,47.54%,VanSBe00,Ben VanSumeren,phi
LB,0,0%,0,0%,24,5.36%,JohnPa02,Patrick Johnson,phi
LB,0,0%,147,14.04%,319,71.21%,BurkOr00,Oren Burks,phi
LB,0,0%,104,9.93%,295,65.85%,TrotJe01,Jeremiah Trotter Jr.,phi
LB,0,0%,241,23.02%,233,52.01%,HuntJa02,Jalyx Hunt,phi
LB,0,0%,0,0%,26,5.80%,GantDa00,Dallas Gant,phi
LB,0,0%,0,0%,9,2.01%,MathOc00,Ochaun Mathis,phi
CB,0,0%,955,91.21%,23,5.13%,MitcQu00,Quinyon Mitchell,phi
CB,0,0%,699,66.76%,0,0%,SlayDa00,Darius Slay,phi
CB,0,0%,345,32.95%,193,43.08%,MaddAv00,Avonte Maddox,phi
CB,0,0%,112,10.70%,340,75.89%,RingKe00,Kelee Ringo,phi
CB,2,.17%,627,59.89%,169,37.72%,DeJeCo00,Cooper DeJean,phi
CB,0,0%,328,31.33%,150,33.48%,RodgIs00,Isaiah Rodgers,phi
CB,0,0%,14,1.34%,51,11.38%,RickEl00,Eli Ricks,phi
SS,10,.86%,821,78.41%,20,4.46%,BlanRe00,Reed Blankenship,phi
SS,0,0%,908,86.72%,1,.22%,GardCh00,C.J. Gardner-Johnson,phi
SS,0,0%,79,7.55%,205,45.76%,BrowSy00,Sydney Brown,phi
FS,0,0%,250,23.88%,227,50.67%,McCoTr00,Tristin McCollum,phi
FS,0,0%,0,0%,12,2.68%,SamxAn00,Andre' Sam,phi
LS,0,0%,0,0%,147,32.81%,LovaRi00,Rick Lovato,phi
K,0,0%,0,0%,100,22.32%,ElliJa03,Jake Elliott,phi
P,0,0%,0,0%,233,52.01%,MannBr01,Braden Mann,phi
QB,719,63.68%,0,0%,0,0%,WilsRu00,Russell Wilson,pit
QB,408,36.14%,0,0%,0,0%,FielJu00,Justin Fields,pit
QB,2,.18%,0,0%,0,0%,AlleKy00,Kyle Allen,pit
RB,569,50.40%,0,0%,2,.44%,HarrNa00,Najee Harris,pit
RB,447,39.59%,0,0%,69,15.10%,WarrJa01,Jaylen Warren,pit
RB,28,2.48%,0,0%,13,2.84%,ShamAa00,Aaron Shampklin,pit
RB,10,.89%,0,0%,59,12.91%,WardJo00,Jonathan Ward,pit
RB,110,9.74%,0,0%,64,14.00%,PattCo00,Cordarrelle Patterson,pit
WR,721,63.86%,0,0%,2,.44%,JeffVa00,Van Jefferson,pit
WR,774,68.56%,0,0%,2,.44%,PickGe00,George Pickens,pit
WR,593,52.52%,0,0%,68,14.88%,AustCa00,Calvin Austin III,pit
WR,210,18.60%,0,0%,10,2.19%,MillSc01,Scott Miller,pit
WR,101,8.95%,0,0%,149,32.60%,SkowBe00,Ben Skowronek,pit
WR,171,15.15%,0,0%,0,0%,WillMi07,Mike Williams,pit
WR,5,.44%,0,0%,0,0%,WilsRo02,Roman Wilson,pit
WR,19,1.68%,0,0%,0,0%,JohnBr23,Brandon Johnson,pit
TE,776,68.73%,0,0%,81,17.72%,FreiPa00,Pat Freiermuth,pit
TE,271,24.00%,0,0%,15,3.28%,PruiMy00,MyCole Pruitt,pit
TE,584,51.73%,0,0%,85,18.60%,WashDa03,Darnell Washington,pit
TE,207,18.33%,0,0%,303,66.30%,HeywCo00,Connor Heyward,pit
TE,5,.44%,0,0%,105,22.98%,WillRo08,Rodney Williams,pit
T,1113,98.58%,0,0%,19,4.16%,MoorDa05,Dan Moore,pit
T,1073,95.04%,0,0%,78,17.07%,JoneBr09,Broderick Jones,pit
T,310,27.46%,0,0%,78,17.07%,AndeSp00,Spencer Anderson,pit
T,55,4.87%,0,0%,0,0%,FautTr00,Troy Fautanu,pit
T,11,.97%,0,0%,1,.22%,AndeCa00,Calvin Anderson,pit
G,208,18.42%,0,0%,0,0%,DaniJa01,James Daniels,pit
G,829,73.43%,0,0%,1,.22%,SeumIs00,Isaac Seumalo,pit
G,939,83.17%,0,0%,72,15.75%,McCoMa00,Mason McCormick,pit
G,7,.62%,0,0%,1,.22%,SchaMa01,Max Scharping,pit
C,976,86.45%,0,0%,0,0%,FrazZa00,Zach Frazier,pit
C,154,13.64%,0,0%,66,14.44%,McCoRy00,Ryan McCollum,pit
DE,0,0%,161,14.74%,3,.66%,SmitPr00,Preston Smith,pit
DE,0,0%,222,20.33%,156,34.14%,LoudIs00,Isaiahh Loudermilk,pit
DE,0,0%,51,4.67%,26,5.69%,LealDe00,DeMarvin Leal,pit
DE,0,0%,159,14.56%,31,6.78%,LowrDe00,Dean Lowry,pit
DT,0,0%,778,71.25%,123,26.91%,HeywCa01,Cameron Heyward,pit
DT,0,0%,494,45.24%,41,8.97%,OgunLa00,Larry Ogunjobi,pit
DT,0,0%,641,58.70%,60,13.13%,BentKe00,Keeanu Benton,pit
NT,0,0%,188,17.22%,19,4.16%,AdamMo00,Montravius Adams,pit
LB,0,0%,1090,99.82%,74,16.19%,QueePa00,Patrick Queen,pit
LB,0,0%,525,48.08%,37,8.10%,HighAl02,Alex Highsmith,pit
LB,0,0%,938,85.90%,38,8.32%,WattT.00,T.J. Watt,pit
LB,0,0%,492,45.05%,301,65.86%,WilsPa00,Payton Wilson,pit
LB,0,0%,111,10.16%,222,48.58%,MoonJe00,Jeremiah Moon,pit
LB,0,0%,415,38.00%,174,38.07%,HerbNi00,Nick Herbig,pit
LB,0,0%,478,43.77%,92,20.13%,RobeEl00,Elandon Roberts,pit
LB,0,0%,8,.73%,301,65.86%,RobiMa03,Mark Robinson,pit
LB,0,0%,0,0%,195,42.67%,MataTy00,Tyler Matakevich,pit
LB,0,0%,25,2.29%,6,1.31%,OgunAd01,Adetokunbo Ogundeji,pit
LB,0,0%,13,1.19%,1,.22%,LeotEk00,Eku Leota,pit
CB,0,0%,971,88.92%,78,17.07%,PortJo02,Joey Porter Jr.,pit
CB,0,0%,780,71.43%,54,11.82%,JackDo02,Donte Jackson,pit
CB,0,0%,256,23.44%,30,6.56%,SuttCa00,Cameron Sutton,pit
CB,0,0%,206,18.86%,255,55.80%,PierJa01,James Pierre,pit
CB,0,0%,193,17.67%,60,13.13%,TricCo00,Cory Trice,pit
CB,0,0%,0,0%,19,4.16%,RushDa00,Darius Rush,pit
CB,0,0%,0,0%,4,.88%,GrahTh00,Thomas Graham,pit
SS,0,0%,289,26.47%,89,19.47%,KazeDa00,Damontae Kazee,pit
SS,0,0%,9,.82%,303,66.30%,KillMi00,Miles Killebrew,pit
SS,0,0%,0,0%,33,7.22%,ElliJa05,Jalen Elliott,pit
FS,14,1.24%,1083,99.18%,77,16.85%,FitzMi00,Minkah Fitzpatrick,pit
FS,0,0%,823,75.37%,56,12.25%,ElliDe02,DeShon Elliott,pit
FS,0,0%,63,5.77%,82,17.94%,EdmuTe00,Terrell Edmunds,pit
"CB,DB",0,0%,548,50.18%,175,38.29%,BishBe00,Beanie Bishop,pit
LS,0,0%,0,0%,150,32.82%,KuntCh02,Christian Kuntz,pit
K,0,0%,0,0%,170,37.20%,BoswCh00,Chris Boswell,pit
P,0,0%,0,0%,140,30.63%,WaitCo00,Corliss Waitman,pit
P,0,0%,0,0%,8,1.75%,JohnCa02,Cameron Johnston,pit
QB,351,32.11%,0,0%,0,0%,BrisJa00,Jacoby Brissett,nwe
QB,61,5.58%,0,0%,0,0%,MiltJo00,Joe Milton,nwe
QB,681,62.31%,0,0%,0,0%,MayeDr00,Drake Maye,nwe
RB,599,54.80%,0,0%,0,0%,StevRh00,Rhamondre Stevenson,nwe
RB,38,3.48%,0,0%,18,4.12%,JennTe00,Terrell Jennings,nwe
RB,359,32.85%,0,0%,73,16.70%,GibsAn00,Antonio Gibson,nwe
RB,107,9.79%,0,0%,131,29.98%,HastJa02,Jamycal Hasty,nwe
WR,232,21.23%,0,0%,0,0%,OsboKJ00,K.J. Osborn,nwe
WR,679,62.12%,0,0%,1,.23%,DougDe00,Demario Douglas,nwe
WR,112,10.25%,0,0%,0,0%,ThorTy00,Tyquan Thornton,nwe
WR,436,39.89%,0,0%,9,2.06%,PolkJa00,Ja'Lynn Polk,nwe
WR,760,69.53%,0,0%,26,5.95%,BoutKa00,Kayshon Boutte,nwe
WR,456,41.72%,0,0%,0,0%,BourKe00,Kendrick Bourne,nwe
WR,90,8.23%,0,0%,28,6.41%,BakeJa00,Javon Baker,nwe
WR,14,1.28%,0,0%,26,5.95%,EricAl01,Alex Erickson,nwe
TE,835,76.40%,0,0%,0,0%,HenrHu00,Hunter Henry,nwe
TE,575,52.61%,0,0%,64,14.65%,HoopAu00,Austin Hooper,nwe
TE,1,.09%,0,0%,28,6.41%,WilcMi01,Mitchell Wilcox,nwe
TE,9,.82%,0,0%,26,5.95%,WestJa01,Jack Westover,nwe
TE,83,7.59%,0,0%,176,40.27%,BellJa00,Jaheim Bell,nwe
T,804,73.56%,0,0%,4,.92%,LoweVe00,Vederian Lowe,nwe
T,129,11.80%,0,0%,16,3.66%,WallCa00,Caedan Wallace,nwe
T,867,79.32%,0,0%,49,11.21%,JacoDe00,Demontrey Jacobs,nwe
T,12,1.10%,0,0%,0,0%,OkorCh00,Chukwuma Okorafor,nwe
T,84,7.69%,0,0%,24,5.49%,ThomZa04,Zachary Thomas,nwe
G,603,55.17%,0,0%,29,6.64%,RobiLa02,Layden Robinson,nwe
G,1021,93.41%,0,0%,59,13.50%,OnweMi00,Michael Onwenu,nwe
G,667,61.02%,0,0%,37,8.47%,BrowBe01,Ben Brown,nwe
G,685,62.67%,0,0%,42,9.61%,JordMi01,Michael Jordan,nwe
G,155,14.18%,0,0%,43,9.84%,SowxSi00,Sidy Sow,nwe
G,61,5.58%,0,0%,0,0%,RobiTy01,Tyrese Robinson,nwe
G,117,10.70%,0,0%,13,2.97%,LeveNi00,Nick Leverett,nwe
G,5,.46%,0,0%,28,6.41%,SmitLe01,Lecitus Smith,nwe
G,19,1.74%,0,0%,1,.23%,CottLe00,Lester Cotton,nwe
G,117,10.70%,0,0%,8,1.83%,StraCo01,Cole Strange,nwe
C,194,17.75%,0,0%,0,0%,AndrDa00,David Andrews,nwe
DE,0,0%,829,74.15%,123,28.15%,WhitKe03,Keion White,nwe
DE,0,0%,19,1.70%,7,1.60%,JoneTr01,Truman Jones,nwe
DE,0,0%,408,36.49%,85,19.45%,WiseDe00,Deatrich Wise Jr.,nwe
DE,0,0%,0,0%,61,13.96%,BankKe00,Keshawn Banks,nwe
DE,0,0%,152,13.60%,0,0%,NgakYa00,Yannick Ngakoue,nwe
DE,0,0%,9,.81%,77,17.62%,LeoxTi00,Titus Leo,nwe
DE,0,0%,457,40.88%,101,23.11%,PharJe00,Jeremiah Pharms,nwe
DT,0,0%,722,64.58%,55,12.59%,EkuaDa00,Daniel Ekuale,nwe
DT,0,0%,123,11.00%,1,.23%,BarmCh00,Christian Barmore,nwe
DT,0,0%,178,15.92%,37,8.47%,JohnEr01,Eric Johnson,nwe
DT,0,0%,14,1.25%,1,.23%,HillTr00,Trysten Hill,nwe
NT,0,0%,679,60.73%,41,9.38%,GodcDa00,Davon Godchaux,nwe
NT,0,0%,141,12.61%,4,.92%,RoyxJa00,Jaquelin Roy,nwe
LB,0,0%,486,43.47%,113,25.86%,MapuMa00,Marte Mapu,nwe
LB,0,0%,61,5.46%,0,0%,BentJa00,Ja'Whaun Bentley,nwe
LB,0,0%,915,81.84%,191,43.71%,TavaJa00,Jahlani Tavai,nwe
LB,0,0%,831,74.33%,38,8.70%,JennAn00,Anfernee Jennings,nwe
LB,0,0%,14,1.25%,29,6.64%,XimiOs00,Oshane Ximines,nwe
LB,0,0%,17,1.52%,55,12.59%,GileJo01,Joe Giles-Harris,nwe
LB,0,0%,194,17.35%,112,25.63%,TakiSi00,Sione Takitaki,nwe
LB,0,0%,513,45.89%,247,56.52%,ElliCh00,Christian Elliss,nwe
LB,0,0%,266,23.79%,181,41.42%,McMiRa02,Raekwon McMillan,nwe
LB,0,0%,162,14.49%,18,4.12%,UcheJo00,Joshua Uche,nwe
LB,0,0%,5,.45%,42,9.61%,RiceMo00,Monty Rice,nwe
LB,0,0%,11,.98%,80,18.31%,MathOc00,Ochaun Mathis,nwe
LB,0,0%,23,2.06%,136,31.12%,JacoCu00,Curtis Jacobs,nwe
CB,0,0%,978,87.48%,0,0%,GonzCh00,Christian Gonzalez,nwe
CB,5,.46%,586,52.42%,55,12.59%,JoneMa06,Marcus Jones,nwe
CB,0,0%,712,63.69%,4,.92%,JoneJo03,Jonathan Jones,nwe
CB,0,0%,206,18.43%,47,10.76%,WilsMa04,Marco Wilson,nwe
CB,0,0%,141,12.61%,113,25.86%,BoldIs00,Isaiah Bolden,nwe
CB,0,0%,234,20.93%,78,17.85%,AustAl00,Alex Austin,nwe
SS,0,0%,372,33.27%,15,3.43%,PeppJa00,Jabrill Peppers,nwe
FS,0,0%,759,67.89%,26,5.95%,DuggKy00,Kyle Dugger,nwe
FS,0,0%,612,54.74%,306,70.02%,HawkJa00,Jaylinn Hawkins,nwe
FS,0,0%,50,4.47%,378,86.50%,SchoBr00,Brenden Schooler,nwe
DB,0,0%,18,1.61%,2,.46%,BattMi00,Miles Battle,nwe
"CB,DB",0,0%,60,5.37%,364,83.30%,DialMa00,Marcellas Dial,nwe
"DB,FS",0,0%,341,30.50%,231,52.86%,PettDe00,Dell Pettus,nwe
LS,0,0%,0,0%,122,27.92%,CardJo00,Joe Cardona,nwe
LS,0,0%,0,0%,9,2.06%,AddiTu00,Tucker Addington,nwe
K,0,0%,0,0%,129,29.52%,SlyeJo00,Joey Slye,nwe
P,0,0%,0,0%,131,29.98%,BariBr00,Bryce Baringer,nwe
QB,1062,91.32%,0,0%,0,0%,DaniJa02,Jayden Daniels,was
QB,100,8.60%,0,0%,0,0%,MariMa01,Marcus Mariota,was
QB,1,.09%,0,0%,0,0%,DrisJe00,Jeff Driskel,was
RB,409,35.17%,0,0%,56,11.97%,EkelAu00,Austin Ekeler,was
RB,505,43.42%,0,0%,0,0%,RobiBr01,Brian Robinson Jr.,was
RB,6,.52%,0,0%,101,21.58%,YankCo00,Colson Yankoff,was
RB,251,21.58%,0,0%,214,45.73%,McNiJe00,Jeremy McNichols,was
RB,77,6.62%,0,0%,54,11.54%,RodrCh00,Chris Rodriguez,was
WR,935,80.40%,0,0%,1,.21%,McLaTe00,Terry McLaurin,was
WR,474,40.76%,0,0%,57,12.18%,BrowDy00,Dyami Brown,was
WR,419,36.03%,0,0%,51,10.90%,McCaLu00,Luke McCaffrey,was
WR,494,42.48%,0,0%,51,10.90%,ZaccOl01,Olamide Zaccheaus,was
WR,470,40.41%,0,0%,1,.21%,BrowNo00,Noah Brown,was
WR,19,1.63%,0,0%,0,0%,OsboKJ00,K.J. Osborn,was
WR,21,1.81%,0,0%,27,5.77%,TremBr00,Brycen Tremayne,was
WR,118,10.15%,0,0%,17,3.63%,CrowJa00,Jamison Crowder,was
TE,771,66.29%,0,0%,2,.43%,ErtzZa00,Zach Ertz,was
TE,516,44.37%,0,0%,225,48.08%,BateJo00,John Bates,was
TE,311,26.74%,0,0%,155,33.12%,SinnBe00,Ben Sinnott,was
T,467,40.15%,0,0%,73,15.60%,LucaCo01,Cornelius Lucas,was
T,790,67.93%,0,0%,79,16.88%,ColeBr02,Brandon Coleman,was
T,192,16.51%,0,0%,90,19.23%,ScotTr01,Trenton Scott,was
G,1151,98.97%,0,0%,89,19.02%,AlleNi00,Nick Allegretti,was
"G,T",893,76.78%,0,0%,71,15.17%,WyliAn00,Andrew Wylie,was
G,1162,99.91%,0,0%,90,19.23%,CosmSa00,Samuel Cosmi,was
G,1,.09%,0,0%,30,6.41%,PaulCh00,Chris Paul,was
C,946,81.34%,0,0%,0,0%,BiadTy00,Tyler Biadasz,was
C,232,19.95%,0,0%,90,19.23%,DeitMi00,Michael Deiter,was
DE,0,0%,636,58.73%,62,13.25%,ArmsDo00,Dorance Armstrong Jr.,was
DE,0,0%,369,34.07%,64,13.68%,FerrCl00,Clelin Ferrell,was
DE,0,0%,194,17.91%,44,9.40%,JeanJa00,Javontae Jean-Baptiste,was
DE,0,0%,84,7.76%,5,1.07%,ObadEf00,Efe Obada,was
DE,0,0%,162,14.96%,2,.43%,HolmJa01,Jalyn Holmes,was
DE,0,0%,17,1.57%,0,0%,JoneAn02,Andre Jones,was
DE,0,0%,3,.28%,0,0%,WatkCa00,Carlos Watkins,was
DT,0,0%,301,27.79%,6,1.28%,AlleJo01,Jonathan Allen,was
DT,0,0%,742,68.51%,67,14.32%,PaynDa00,Daron Payne,was
DT,0,0%,257,23.73%,54,11.54%,MathPh00,Phidarian Mathis,was
DT,0,0%,272,25.12%,9,1.92%,DayxSh00,Sheldon Day,was
DT,0,0%,515,47.55%,25,5.34%,NewtJe00,Jer'Zhan Newton,was
NT,0,0%,43,3.97%,15,3.21%,DaviCa01,Carl Davis,was
LB,0,0%,1072,98.98%,83,17.74%,WagnBo00,Bobby Wagner,was
LB,0,0%,1059,97.78%,23,4.91%,LuvuFr00,Frankie Luvu,was
LB,0,0%,77,7.11%,344,73.50%,WalkMy00,Mykal Walker,was
LB,0,0%,564,52.08%,25,5.34%,FowlDa00,Dante Fowler,was
LB,0,0%,15,1.39%,146,31.20%,MageJo00,Jordan Magee,was
LB,0,0%,7,.65%,334,71.37%,BellNi01,Nick Bellore,was
LB,0,0%,86,7.94%,15,3.21%,DaviJa11,Jamin Davis,was
CB,0,0%,837,77.29%,64,13.68%,StJuBe00,Benjamin St-Juste,was
CB,0,0%,979,90.40%,43,9.19%,SainMi00,Mike Sainristil,was
CB,0,0%,116,10.71%,1,.21%,LattMa01,Marshon Lattimore,was
CB,0,0%,109,10.06%,8,1.71%,ForbEm00,Emmanuel Forbes,was
CB,0,0%,818,75.53%,60,12.82%,IgbiNo00,Noah Igbinoghene,was
CB,0,0%,138,12.74%,188,40.17%,DaviMi03,Michael Davis,was
CB,0,0%,0,0%,28,5.98%,SeymKe00,Kevon Seymour,was
SS,0,0%,0,0%,243,51.92%,OwenTy00,Tyler Owens,was
SS,0,0%,0,0%,6,1.28%,HampDo00,Dominique Hampton,was
FS,0,0%,943,87.07%,111,23.72%,MartJa04,Quan Martin,was
FS,0,0%,1021,94.28%,179,38.25%,ChinJe00,Jeremy Chinn,was
FS,0,0%,399,36.84%,293,62.61%,ButlPe00,Percy Butler,was
FS,0,0%,74,6.83%,153,32.69%,ForrDa00,Darrick Forrest,was
FS,0,0%,4,.37%,317,67.74%,ReavJe00,Jeremy Reaves,was
FS,0,0%,0,0%,34,7.26%,PricBo00,Bobby Price,was
LS,0,0%,0,0%,140,29.91%,OttxTy00,Tyler Ott,was
K,0,0%,0,0%,114,24.36%,SeibAu00,Austin Seibert,was
K,0,0%,0,0%,59,12.61%,GonzZa00,Zane Gonzalez,was
K,0,0%,0,0%,11,2.35%,JoseGr00,Greg Joseph,was
K,0,0%,0,0%,8,1.71%,YorkCa00,Cade York,was
P,0,0%,0,0%,140,29.91%,WayxTr00,Tress Way,was
QB,717,63.01%,0,0%,0,0%,TagoTu00,Tua Tagovailoa,mia
QB,314,27.59%,0,0%,0,0%,HuntTy01,Tyler Huntley,mia
QB,49,4.31%,0,0%,0,0%,BoylTi00,Tim Boyle,mia
QB,58,5.10%,0,0%,0,0%,ThomSk00,Skylar Thompson,mia
RB,704,61.86%,0,0%,6,1.35%,AchaDe00,De'Von Achane,mia
RB,278,24.43%,0,0%,34,7.66%,MostRa00,Raheem Mostert,mia
RB,71,6.24%,0,0%,46,10.36%,WilsJe01,Jeff Wilson,mia
RB,171,15.03%,0,0%,7,1.58%,WrigJa04,Jaylen Wright,mia
FB,337,29.61%,0,0%,84,18.92%,IngoAl01,Alec Ingold,mia
WR,793,69.68%,0,0%,1,.23%,WaddJa00,Jaylen Waddle,mia
WR,906,79.61%,0,0%,9,2.03%,HillTy00,Tyreek Hill,mia
WR,112,9.84%,0,0%,58,13.06%,BerrBr00,Braxton Berrios,mia
WR,414,36.38%,0,0%,99,22.30%,WashMa00,Malik Washington,mia
WR,25,2.20%,0,0%,110,24.77%,ConnTa00,Tanner Conner,mia
WR,50,4.39%,0,0%,0,0%,DuboGr00,Grant Dubose,mia
WR,29,2.55%,0,0%,0,0%,AndeRo04,Robbie Chosen,mia
WR,18,1.58%,0,0%,0,0%,EzukEr00,Erik Ezukanma,mia
WR,119,10.46%,0,0%,1,.23%,BeckOd00,Odell Beckham Jr.,mia
WR,37,3.25%,0,0%,25,5.63%,EskrDW00,D'Wayne Eskridge,mia
WR,120,10.54%,0,0%,23,5.18%,CracRi00,River Cracraft,mia
TE,514,45.17%,0,0%,230,51.80%,HillJu02,Julian Hill,mia
TE,364,31.99%,0,0%,134,30.18%,SmytDu00,Durham Smythe,mia
TE,626,55.01%,0,0%,1,.23%,SmitJo01,Jonnu Smith,mia
TE,2,.18%,0,0%,33,7.43%,StolJa00,Jack Stoll,mia
T,540,47.45%,0,0%,29,6.53%,JackAu00,Austin Jackson,mia
T,820,72.06%,0,0%,0,0%,ArmsTe00,Terron Armstead,mia
T,337,29.61%,0,0%,71,15.99%,PaulPa01,Patrick Paul,mia
T,68,5.98%,0,0%,41,9.23%,CarmJa00,Jackson Carman,mia
T,511,44.90%,0,0%,63,14.19%,LammKe00,Kendall Lamm,mia
T,0,0%,0,0%,4,.90%,HayeRy00,Ryan Hayes,mia
G,1035,90.95%,0,0%,71,15.99%,EichLi00,Liam Eichenberg,mia
G,1078,94.73%,0,0%,68,15.32%,JoneRo02,Robert Jones,mia
G,1138,100.00%,0,0%,0,0%,BrewAa01,Aaron Brewer,mia
G,60,5.27%,0,0%,46,10.36%,CottLe00,Lester Cotton,mia
G,103,9.05%,0,0%,25,5.63%,WynnIs00,Isaiah Wynn,mia
DE,0,0%,748,70.30%,149,33.56%,SielZa00,Zach Sieler,mia
DE,0,0%,733,68.89%,93,20.95%,OgbaEm00,Emmanuel Ogbah,mia
DE,0,0%,615,57.80%,170,38.29%,CampCa99,Calais Campbell,mia
DE,0,0%,563,52.91%,108,24.32%,HandDa00,Da'Shawn Hand,mia
DT,0,0%,65,6.11%,0,0%,FarrNe00,Neil Farrell,mia
DT,0,0%,481,45.21%,13,2.93%,JoneBe03,Benito Jones,mia
DT,0,0%,15,1.41%,1,.23%,DickMa00,Matt Dickerson,mia
NT,0,0%,69,6.48%,2,.45%,PiliBr00,Brandon Pili,mia
LB,0,0%,282,26.50%,44,9.91%,LongDa04,David Long,mia
LB,0,0%,1039,97.65%,71,15.99%,BrooJo01,Jordyn Brooks,mia
LB,0,0%,239,22.46%,32,7.21%,BowsTy00,Tyus Bowser,mia
LB,0,0%,257,24.15%,372,83.78%,BellQu00,Quinton Bell,mia
LB,0,0%,134,12.59%,0,0%,PhilJa02,Jaelan Phillips,mia
LB,0,0%,565,53.10%,115,25.90%,RobiCh00,Chop Robinson,mia
LB,0,0%,12,1.13%,51,11.49%,GoodCa00,Cameron Goode,mia
LB,0,0%,42,3.95%,371,83.56%,RileDu00,Duke Riley,mia
LB,0,0%,0,0%,177,39.86%,TindCh00,Channing Tindall,mia
LB,0,0%,516,48.50%,90,20.27%,WalkAn01,Anthony Walker,mia
LB,0,0%,26,2.44%,30,6.76%,KamaMo00,Mohamed Kamara,mia
LB,0,0%,251,23.59%,91,20.50%,DodsTy01,Tyrel Dodson,mia
CB,0,0%,556,52.26%,18,4.05%,FullKe00,Kendall Fuller,mia
CB,0,0%,708,66.54%,0,0%,KohoKa00,Kader Kohou,mia
CB,0,0%,1027,96.52%,4,.90%,RamsJa00,Jalen Ramsey,mia
CB,0,0%,133,12.50%,55,12.39%,SmitCa02,Cam Smith,mia
CB,0,0%,16,1.50%,78,17.57%,BonnEt00,Ethan Bonner,mia
CB,0,0%,58,5.45%,372,83.78%,NealSi00,Siran Neal,mia
CB,0,0%,1,.09%,21,4.73%,NeedNi00,Nik Needham,mia
SS,0,0%,964,90.60%,1,.23%,PoyeJo00,Jordan Poyer,mia
SS,0,0%,854,80.26%,2,.45%,HollJe02,Jevon Holland,mia
SS,0,0%,76,7.14%,290,65.32%,CampEl00,Elijah Campbell,mia
SS,0,0%,8,.75%,97,21.85%,McMoPa00,Patrick McMorris,mia
FS,0,0%,293,27.54%,111,25.00%,MayeMa00,Marcus Maye,mia
"CB,DB",0,0%,358,33.65%,114,25.68%,DuckSt00,Storm Duck,mia
LS,0,0%,0,0%,22,4.95%,OverMa00,Matt Overton,mia
LS,0,0%,0,0%,27,6.08%,McQuJa00,Jake McQuaide,mia
LS,0,0%,0,0%,38,8.56%,FergBl00,Blake Ferguson,mia
LS,0,0%,0,0%,25,5.63%,AddiTu00,Tucker Addington,mia
LS,0,0%,0,0%,19,4.28%,TrinZa00,Zach Triner,mia
K,0,0%,0,0%,157,35.36%,SandJa00,Jason Sanders,mia
P,0,0%,0,0%,132,29.73%,BailJa00,Jake Bailey,mia
QB,1110,99.37%,0,0%,0,0%,DarnSa00,Sam Darnold,min
QB,7,.63%,0,0%,0,0%,MullNi00,Nick Mullens,min
RB,700,62.67%,0,0%,0,0%,JoneAa00,Aaron Jones,min
RB,153,13.70%,0,0%,146,32.44%,ChanTy01,Ty Chandler,min
RB,7,.63%,0,0%,26,5.78%,GaskMy00,Myles Gaskin,min
RB,186,16.65%,0,0%,42,9.33%,AkerCa00,Cam Akers,min
FB,262,23.46%,0,0%,282,62.67%,HamxC.00,C.J. Ham,min
WR,1043,93.38%,0,0%,4,.89%,JeffJu00,Justin Jefferson,min
WR,213,19.07%,0,0%,86,19.11%,PoweBr00,Brandon Powell,min
WR,818,73.23%,0,0%,1,.22%,AddiJo00,Jordan Addison,min
WR,573,51.30%,0,0%,7,1.56%,NailJa00,Jalen Nailor,min
WR,179,16.03%,0,0%,221,49.11%,SherTr00,Trent Sherfield,min
WR,10,.90%,0,0%,2,.44%,JackTr02,Trishton Jackson,min
TE,423,37.87%,0,0%,3,.67%,HockTJ00,T.J. Hockenson,min
TE,552,49.42%,0,0%,119,26.44%,OlivJo00,Josh Oliver,min
TE,434,38.85%,0,0%,133,29.56%,MundJo00,Johnny Mundt,min
TE,15,1.34%,0,0%,37,8.22%,TonyRo00,Robert Tonyan,min
TE,17,1.52%,0,0%,47,10.44%,MuseNi00,Nick Muse,min
T,632,56.58%,0,0%,50,11.11%,RobiCa00,Cam Robinson,min
T,392,35.09%,0,0%,32,7.11%,DarrCh00,Christian Darrisaw,min
T,1100,98.48%,0,0%,85,18.89%,ONeiBr00,Brian O'Neill,min
T,0,0%,0,0%,6,1.33%,RousWa00,Walter Rouse,min
T,110,9.85%,0,0%,90,20.00%,QuesDa00,David Quessenberry,min
G,580,51.92%,0,0%,84,18.67%,IngrEd00,Ed Ingram,min
G,1117,100.00%,0,0%,90,20.00%,BranBl00,Blake Brandel,min
G,537,48.08%,0,0%,50,11.11%,RisnDa00,Dalton Risner,min
G,0,0%,0,0%,12,2.67%,JurgMi02,Michael Jurgens,min
C,1117,100.00%,0,0%,0,0%,BradGa00,Garrett Bradbury,min
C,0,0%,0,0%,40,8.89%,FeenDa00,Dan Feeney,min
DE,0,0%,467,41.11%,82,18.22%,TillJe00,Jerry Tillery,min
DE,0,0%,574,50.53%,0,0%,BullJo00,Jonathan Bullard,min
DE,0,0%,23,2.02%,1,.22%,WillJo16,Jonah Williams,min
DE,0,0%,208,18.31%,55,12.22%,RedmJa01,Jalen Redmond,min
DE,0,0%,6,.53%,11,2.44%,RodrLe00,Levi Drake Rodriguez,min
NT,0,0%,675,59.42%,0,0%,PhilHa00,Harrison Phillips,min
NT,0,0%,70,6.16%,34,7.56%,TaimTa00,Taki Taimani,min
LB,0,0%,895,78.79%,44,9.78%,CashBl00,Blake Cashman,min
LB,0,0%,414,36.44%,88,19.56%,PaceIv00,Ivan Pace,min
LB,0,0%,918,80.81%,0,0%,GreeJo04,Jonathan Greenard,min
LB,0,0%,300,26.41%,226,50.22%,TurnDa01,Dallas Turner,min
LB,0,0%,459,40.40%,98,21.78%,JonePa00,Patrick Jones II,min
LB,0,0%,922,81.16%,1,.22%,VanGAn00,Andrew Van Ginkel,min
LB,0,0%,467,41.11%,78,17.33%,WardJi02,Jihad Ward,min
LB,0,0%,29,2.55%,267,59.33%,RichBo01,Bo Richter,min
LB,0,0%,35,3.08%,6,1.33%,MurpGa00,Gabriel Murphy,min
LB,0,0%,179,15.76%,331,73.56%,GrugKa00,Kamu Grugier-Hill,min
LB,0,0%,33,2.90%,321,71.33%,AsamBr00,Brian Asamoah,min
LB,0,0%,21,1.85%,38,8.44%,DaviJa11,Jamin Davis,min
CB,0,0%,864,76.06%,0,0%,GilmSt00,Stephon Gilmore,min
CB,0,0%,1060,93.31%,0,0%,MurpBy00,Byron Murphy,min
CB,0,0%,572,50.35%,3,.67%,GrifSh00,Shaquill Griffin,min
CB,0,0%,0,0%,15,3.33%,WrigNa00,Nahshon Wright,min
CB,0,0%,102,8.98%,56,12.44%,MoreFa00,Fabian Moreau,min
CB,0,0%,3,.26%,83,18.44%,EvanAk00,Akayleb Evans,min
CB,0,0%,19,1.67%,17,3.78%,McGlDw00,Dwight McGlothern,min
SS,0,0%,991,87.24%,210,46.67%,MeteJo00,Josh Metellus,min
SS,0,0%,1011,89.00%,0,0%,SmitHa00,Harrison Smith,min
SS,0,0%,28,2.46%,314,69.78%,WardJa00,Jay Ward,min
SS,0,0%,40,3.52%,27,6.00%,McCaBo01,Bobby McCain,min
FS,0,0%,1032,90.85%,25,5.56%,BynuCa00,Camryn Bynum,min
FS,0,0%,78,6.87%,340,75.56%,JackTh00,Theo Jackson,min
LS,0,0%,0,0%,114,25.33%,DePaAn00,Andrew DePaola,min
LS,0,0%,0,0%,33,7.33%,McQuJa00,Jake McQuaide,min
K,0,0%,0,0%,43,9.56%,RomoJo00,John Parker Romo,min
K,0,0%,0,0%,144,32.00%,ReicWi00,Will Reichard,min
P,0,0%,0,0%,148,32.89%,WrigRy00,Ryan Wright,min
QB,396,36.40%,0,0%,0,0%,RattSp00,Spencer Rattler,nor
QB,604,55.51%,0,0%,0,0%,CarrDe02,Derek Carr,nor
QB,82,7.54%,0,0%,0,0%,HaenJa00,Jake Haener,nor
RB,641,58.92%,0,0%,0,0%,KamaAl00,Alvin Kamara,nor
RB,44,4.04%,0,0%,0,0%,EdwaCl00,Clyde Edwards-Helaire,nor
RB,178,16.36%,0,0%,103,22.44%,WillJa06,Jamaal Williams,nor
RB,104,9.56%,0,0%,14,3.05%,MillKe01,Kendre Miller,nor
RB,105,9.65%,0,0%,49,10.68%,MimsJo00,Jordan Mims,nor
FB,272,25.00%,0,0%,218,47.49%,PrenAd00,Adam Prentice,nor
WR,315,28.95%,0,0%,0,0%,OlavCh00,Chris Olave,nor
WR,286,26.29%,0,0%,46,10.02%,ShahRa00,Rashid Shaheed,nor
WR,384,35.29%,0,0%,138,30.07%,WilsCe01,Cedrick Wilson Jr.,nor
WR,337,30.97%,0,0%,0,0%,ValdMa00,Marquez Valdes-Scantling,nor
WR,323,29.69%,0,0%,41,8.93%,AustKe00,Kevin Austin,nor
WR,358,32.90%,0,0%,19,4.14%,TiptMa00,Mason Tipton,nor
WR,148,13.60%,0,0%,53,11.55%,PettDa00,Dante Pettis,nor
WR,4,.37%,0,0%,43,9.37%,JackJe01,Jermaine Jackson,nor
WR,35,3.22%,0,0%,9,1.96%,St.BEq00,Equanimeous St. Brown,nor
WR,145,13.33%,0,0%,15,3.27%,MeanBu00,Bub Means,nor
TE,752,69.12%,0,0%,68,14.81%,MoreFo00,Foster Moreau,nor
TE,225,20.68%,0,0%,73,15.90%,HillTa00,Taysom Hill,nor
TE,697,64.06%,0,0%,52,11.33%,JohnJu02,Juwan Johnson,nor
TE,73,6.71%,0,0%,31,6.75%,HolkDa00,Dallin Holker,nor
T,1071,98.44%,0,0%,63,13.73%,FuagTa00,Taliese Fuaga,nor
T,1082,99.45%,0,0%,64,13.94%,PennTr00,Trevor Penning,nor
T,393,36.12%,0,0%,64,13.94%,YounLa00,Landon Young,nor
G,338,31.07%,0,0%,19,4.14%,LemiSh00,Shane Lemieux,nor
"C,G",814,74.82%,0,0%,51,11.11%,RuizCe00,Cesar Ruiz,nor
G,344,31.62%,0,0%,46,10.02%,SaldNi00,Nick Saldiveri,nor
"G,T",149,13.69%,0,0%,33,7.19%,UdohOl01,Oli Udoh,nor
G,0,0%,0,0%,5,1.09%,ReedCh00,Chris Reed,nor
G,45,4.14%,0,0%,26,5.66%,HergKy00,Kyle Hergel,nor
C,293,26.93%,0,0%,25,5.45%,McCoEr01,Erik McCoy,nor
"C,G",563,51.75%,0,0%,36,7.84%,PatrLu00,Lucas Patrick,nor
C,369,33.92%,0,0%,1,.22%,McGoCo00,Connor McGovern,nor
DE,0,0%,826,70.12%,91,19.83%,GranCa01,Carl Granderson,nor
DE,0,0%,742,62.99%,22,4.79%,YounCh04,Chase Young,nor
DE,0,0%,73,6.20%,14,3.05%,KpasTa00,Tanoh Kpassagnon,nor
DE,0,0%,335,28.44%,231,50.33%,TurnPa02,Payton Turner,nor
DE,0,0%,64,5.43%,358,78.00%,FoskIs00,Isaiah Foskey,nor
DE,0,0%,565,47.96%,10,2.18%,JordCa00,Cameron Jordan,nor
DT,0,0%,709,60.19%,81,17.65%,BresBr00,Bryan Bresee,nor
DT,0,0%,568,48.22%,76,16.56%,ShepNa00,Nathan Shepherd,nor
DT,0,0%,461,39.13%,2,.44%,SaunKh00,Khalen Saunders,nor
DT,0,0%,21,1.78%,0,0%,VickKe00,Kendal Vickers,nor
DT,0,0%,74,6.28%,0,0%,BoydKh00,Khristian Boyd,nor
DT,0,0%,264,22.41%,58,12.64%,RidgJo00,John Ridgeway,nor
LB,0,0%,66,5.60%,195,42.48%,JackDM00,D'Marco Jackson,nor
LB,0,0%,732,62.14%,17,3.70%,WernPe00,Pete Werner,nor
LB,0,0%,1092,92.70%,0,0%,DaviDe00,Demario Davis,nor
LB,0,0%,146,12.39%,353,76.91%,OrjiAn00,Anfernee Orji,nor
LB,0,0%,5,.42%,19,4.14%,HudsKh00,Khaleke Hudson,nor
LB,0,0%,277,23.51%,86,18.74%,GayJWi00,Willie Gay Jr.,nor
LB,0,0%,58,4.92%,105,22.88%,SeweNe00,Nephi Sewell,nor
LB,0,0%,0,0%,83,18.08%,StalIs00,Isaiah Stalbird,nor
LB,0,0%,0,0%,104,22.66%,FordJa02,Jaylan Ford,nor
CB,0,0%,438,37.18%,0,0%,AdebPa00,Paulson Adebo,nor
CB,0,0%,1076,91.34%,109,23.75%,TaylAl01,Alontae Taylor,nor
CB,0,0%,143,12.14%,46,10.02%,JeanSh00,Shemar Jean-Charles,nor
CB,0,0%,412,34.97%,0,0%,LattMa01,Marshon Lattimore,nor
CB,0,0%,0,0%,6,1.31%,HernTr00,Tre Herndon,nor
"FS,SS",0,0%,861,73.09%,78,16.99%,HarrWi02,Will Harris,nor
SS,0,0%,115,9.76%,38,8.28%,AbraJo01,Johnathan Abram,nor
SS,0,0%,552,46.86%,252,54.90%,HowdJo00,Jordan Howden,nor
SS,0,0%,39,3.31%,387,84.31%,GrayJ.00,J.T. Gray,nor
SS,0,0%,0,0%,34,7.41%,TeamRo00,Roderic Teamer,nor
FS,0,0%,1016,86.25%,0,0%,MathTy00,Tyrann Mathieu,nor
FS,0,0%,0,0%,40,8.71%,BradMi00,Millard Bradford,nor
FS,0,0%,527,44.74%,42,9.15%,AmadUg00,Ugo Amadi,nor
"CB,DB",0,0%,680,57.72%,33,7.19%,McKiKo00,Kool-Aid McKinstry,nor
"CB,DB",0,0%,21,1.78%,245,53.38%,PaytRi00,Rico Payton,nor
LS,0,0%,0,0%,142,30.94%,WoodZa00,Zach Wood,nor
K,0,0%,0,0%,142,30.94%,GrupBl00,Blake Grupe,nor
P,0,0%,0,0%,143,31.15%,HaybMa00,Matthew Hayball,nor
