pos,offense,off_pct,defense,def_pct,special_teams,st_pct,player_id,player_name,team
CB,0,0.00%,148,11.89%,212,44.82%,HallDa03,Darren Hall,crd
CB,0,0.00%,679,54.54%,80,16.91%,BurkDe01,Denzel Burke,crd
CB,0,0.00%,37,2.97%,68,14.38%,JoneEl00,Elijah Jones,crd
CB,0,0.00%,553,44.42%,14,2.96%,WillGa00,Garrett Williams,crd
CB,0,0.00%,38,3.05%,24,5.07%,DaviJa09,Jaden Davis,crd
CB,0,0.00%,201,16.14%,168,35.52%,ClarKe02,Kei'Trel Clark,crd
CB,0,0.00%,423,33.98%,41,8.67%,MeltMa00,Max Melton,crd
CB,0,0.00%,722,57.99%,8,1.69%,JohnWi02,Will Johnson,crd
DL,0,0.00%,36,2.89%,0,0.00%,GoodAn00,Anthony Goodlow,crd
DL,0,0.00%,60,4.82%,0,0.00%,NichBi00,Bilal Nichols,crd
DL,0,0.00%,524,42.09%,144,30.44%,CampCa99,Calais Campbell,crd
DL,0,0.00%,555,44.58%,23,4.86%,TomlDa00,Dalvin Tomlinson,crd
DL,0,0.00%,548,44.02%,127,26.85%,StilDa01,Dante Stills,crd
DL,0,0.00%,507,40.72%,51,10.78%,RobiDa01,Darius Robinson,crd
DL,0,0.00%,98,7.87%,0,0.00%,CollLJ00,L.J. Collier,crd
DL,0,0.00%,300,24.10%,78,16.49%,MustPJ00,PJ Mustipher,crd
DL,0,0.00%,169,13.57%,1,0.21%,NoleWa00,Walter Nolen,crd
DL,0,0.00%,100,8.03%,0,0.00%,CartZa00,Zachary Carter,crd
K,0,0.00%,0,0.00%,151,31.92%,RylaCh00,Chad Ryland,crd
LB,0,0.00%,781,62.73%,189,39.96%,DaviAk01,Akeem Davis-Gaither,crd
LB,0,0.00%,519,41.69%,16,3.38%,BrowBa01,Baron Browning,crd
LB,0,0.00%,204,16.39%,95,20.08%,OjulBJ00,BJ Ojulari,crd
LB,0,0.00%,4,0.32%,108,22.83%,TindCh00,Channing Tindall,crd
LB,0,0.00%,564,45.30%,172,36.36%,SimoCo01,Cody Simon,crd
LB,0,0.00%,0,0.00%,35,7.40%,BartJa01,Jared Bartlett,crd
LB,0,0.00%,504,40.48%,242,51.16%,BurcJo00,Jordan Burch,crd
LB,0,0.00%,540,43.37%,2,0.42%,SweaJo00,Josh Sweat,crd
LB,0,0.00%,521,41.85%,5,1.06%,WilsMa03,Mack Wilson,crd
LB,0,0.00%,96,7.71%,373,78.86%,PappOw00,Owen Pappoe,crd
LB,0,0.00%,15,1.20%,42,8.88%,ThomXa01,Xavier Thomas,crd
LB,0,0.00%,543,43.61%,111,23.47%,CollZa00,Zaven Collins,crd
LS,0,0.00%,0,0.00%,131,27.70%,BrewAa00,Aaron Brewer,crd
OL,0,0.00%,0,0.00%,6,1.27%,JoneCh12,Christian Jones,crd
OL,65,5.15%,0,0.00%,16,3.38%,JacoDe00,Demontrey Jacobs,crd
OL,770,61.06%,0,0.00%,42,8.88%,BrowEv00,Evan Brown,crd
OL,29,2.30%,0,0.00%,19,4.02%,ConnHa00,Hayden Conner,crd
OL,1121,88.90%,0,0.00%,63,13.32%,FrohHj00,Hjalte Froholdt,crd
OL,763,60.51%,0,0.00%,69,14.59%,AdamIs01,Isaiah Adams,crd
OL,0,0.00%,0,0.00%,4,0.85%,CurhJa00,Jake Curhan,crd
OL,339,26.88%,0,0.00%,69,14.59%,GainJo00,Jon Gaines,crd
OL,592,46.95%,0,0.00%,20,4.23%,WillJo10,Jonah Williams,crd
OL,289,22.92%,0,0.00%,49,10.36%,FryaJo00,Josh Fryar,crd
OL,667,52.89%,0,0.00%,41,8.67%,BeacKe00,Kelvin Beachum,crd
OL,807,64.00%,0,0.00%,48,10.15%,JohnPa03,Paris Johnson,crd
OL,396,31.40%,0,0.00%,8,1.69%,HernWi00,Will Hernandez,crd
P,0,0.00%,0,0.00%,44,9.30%,GillBl00,Blake Gillikin,crd
P,0,0.00%,0,0.00%,54,11.42%,HaacMa00,Matt Haack,crd
P,0,0.00%,0,0.00%,33,6.98%,ODonPa00,Pat O'Donnell,crd
QB,812,64.39%,0,0.00%,0,0.00%,BrisJa00,Jacoby Brissett,crd
QB,5,0.40%,0,0.00%,0,0.00%,SlovKe00,Kedon Slovis,crd
QB,318,25.22%,0,0.00%,0,0.00%,MurrKy00,Kyler Murray,crd
RB,30,2.38%,0,0.00%,6,1.27%,KineCo00,Corey Kiner,crd
RB,14,1.11%,0,0.00%,0,0.00%,JohnDE04,D'Ernest Johnson,crd
RB,196,15.54%,0,0.00%,70,14.80%,DemeEm00,Emari Demercado,crd
RB,93,7.38%,0,0.00%,0,0.00%,ConnJa00,James Conner,crd
RB,0,0.00%,0,0.00%,6,1.27%,JeffJe00,Jermar Jefferson,crd
RB,393,31.17%,0,0.00%,5,1.06%,CartMi03,Michael Carter,crd
RB,123,9.75%,0,0.00%,0,0.00%,BensTr01,Trey Benson,crd
RB,283,22.44%,0,0.00%,32,6.77%,KnigZo00,Zonovan Knight,crd
S,0,0.00%,1042,83.69%,93,19.66%,BakeBu00,Budda Baker,crd
S,0,0.00%,452,36.31%,173,36.58%,TaylDa02,Dadrion Taylor-Demerson,crd
S,0,0.00%,980,78.71%,8,1.69%,ThomJa04,Jalen Thompson,crd
S,0,0.00%,0,0.00%,10,2.11%,BlouJo00,Joey Blount,crd
S,0,0.00%,142,11.41%,319,67.44%,CrawKi00,Kitan Crawford,crd
TE,475,37.67%,0,0.00%,264,55.81%,HiggEl00,Elijah Higgins,crd
TE,84,6.66%,0,0.00%,170,35.94%,DeguJo00,Josiah Deguara,crd
TE,59,4.68%,0,0.00%,77,16.28%,BrowPh01,Pharaoh Brown,crd
TE,98,7.77%,0,0.00%,50,10.57%,ReimTi00,Tip Reiman,crd
TE,32,2.54%,0,0.00%,45,9.51%,VokoTr00,Travis Vokolek,crd
TE,1033,81.92%,0,0.00%,1,0.21%,McBrTr01,Trey McBride,crd
WR,92,7.30%,0,0.00%,27,5.71%,BaccAn00,Andre Baccellia,crd
WR,292,23.16%,0,0.00%,103,21.78%,DortGr01,Greg Dortch,crd
WR,107,8.49%,0,0.00%,30,6.34%,BrooJa03,Jalen Brooks,crd
WR,566,44.89%,0,0.00%,0,0.00%,HarrMa09,Marvin Harrison Jr.,crd
WR,923,73.20%,0,0.00%,5,1.06%,WilsMi02,Michael Wilson,crd
WR,37,2.93%,0,0.00%,116,24.52%,FehoSi00,Simi Fehoko,crd
WR,12,0.95%,0,0.00%,24,5.07%,SimsSt00,Steven Sims,crd
WR,4,0.32%,0,0.00%,2,0.42%,PalmTe00,Tejhaun Palmer,crd
WR,23,1.82%,0,0.00%,37,7.82%,SherTr00,Trent Sherfield,crd
WR,272,21.57%,0,0.00%,23,4.86%,WeavXa00,Xavier Weaver,crd
WR,271,21.49%,0,0.00%,0,0.00%,JoneZa00,Zay Jones,crd
CB,0,0.00%,958,78.52%,0,0.00%,TerrAJ00,AJ Terrell,atl
CB,0,0.00%,163,13.36%,29,4.23%,HendCJ00,C.J. Henderson,atl
CB,0,0.00%,0,0.00%,9,1.31%,PhilCl00,Clark Phillips,atl
CB,0,0.00%,102,8.36%,29,4.23%,BryaCo02,Cobee Bryant,atl
CB,0,0.00%,582,47.70%,73,10.64%,AlfoDe00,DeAundre Alford,atl
CB,0,0.00%,65,5.33%,7,1.02%,TaylKe03,Keith Taylor,atl
CB,0,0.00%,0,0.00%,366,53.35%,FordMi01,Mike Ford,atl
CB,0,0.00%,690,56.56%,1,0.15%,HughMi00,Mike Hughes,atl
CB,0,0.00%,75,6.15%,197,28.72%,BrooNa01,Natrone Brooks,atl
DB,0,0.00%,300,24.59%,6,0.87%,BowmBi01,Billy Bowman,atl
DE,0,0.00%,384,31.48%,10,1.46%,EbikAr00,Arnold Ebiketie,atl
DE,0,0.00%,19,1.56%,185,26.97%,MaloDe00,DeAngelo Malone,atl
DE,0,0.00%,492,40.33%,69,10.06%,WalkJa02,Jalon Walker,atl
DE,0,0.00%,593,48.61%,0,0.00%,PearJa00,James Pearce,atl
DE,0,0.00%,71,5.82%,25,3.64%,KareKh00,Khalid Kareem,atl
DE,0,0.00%,461,37.79%,0,0.00%,FloyLe00,Leonard Floyd,atl
DL,0,0.00%,465,38.11%,68,9.91%,DorlBr00,Brandon Dorlus,atl
DL,0,0.00%,634,51.97%,69,10.06%,OnyeDa00,David Onyemata,atl
DL,0,0.00%,45,3.69%,15,2.19%,GarcEl00,Elijah Garcia,atl
DL,0,0.00%,216,17.70%,28,4.08%,StreKe00,Kentavius Street,atl
DL,0,0.00%,270,22.13%,42,6.12%,LondLa00,LaCale London,atl
DL,0,0.00%,599,49.10%,74,10.79%,OrhoRu00,Ruke Orhorhoro,atl
DL,0,0.00%,102,8.36%,11,1.60%,RobeSa00,Sam Roberts,atl
DL,0,0.00%,57,4.67%,1,0.15%,GrahTa00,Ta'Quon Graham,atl
DL,0,0.00%,240,19.67%,52,7.58%,HarrZa00,Zach Harrison,atl
G,1086,89.75%,0,0.00%,32,4.66%,LindCh00,Chris Lindstrom,atl
K,0,0.00%,0,0.00%,27,3.94%,RomoJo00,John Parker Romo,atl
K,0,0.00%,0,0.00%,10,1.46%,KooxYo00,Younghoe Koo,atl
K,0,0.00%,0,0.00%,79,11.52%,GonzZa00,Zane Gonzalez,atl
LB,0,0.00%,750,61.48%,0,0.00%,DeabDi00,Divine Deablo,atl
LB,0,0.00%,197,16.15%,309,45.04%,BertJD00,JD Bertrand,atl
LB,0,0.00%,17,1.39%,250,36.44%,WoodJo02,Josh Woods,atl
LB,0,0.00%,1103,90.41%,31,4.52%,ElliKa00,Kaden Elliss,atl
LB,0,0.00%,277,22.70%,181,26.38%,HarrRo02,Ronnie Harrison,atl
LS,0,0.00%,0,0.00%,137,19.97%,McCuLi00,Liam McCullough,atl
OL,1096,90.58%,0,0.00%,73,10.64%,WilkEl00,Elijah Wilkinson,atl
OL,4,0.33%,0,0.00%,45,6.56%,NelsJa01,Jack Nelson,atl
OL,11,0.91%,0,0.00%,73,10.64%,GwynJo00,Jovaughn Gwyn,atl
OL,185,15.29%,0,0.00%,73,10.64%,HintKy00,Kyle Hinton,atl
OL,912,75.37%,0,0.00%,61,8.89%,BergMa00,Matthew Bergeron,atl
OL,1096,90.58%,0,0.00%,41,5.98%,NeuzRy00,Ryan Neuzil,atl
P,0,0.00%,0,0.00%,178,25.95%,PiniBr00,Bradley Pinion,atl
QB,543,44.88%,0,0.00%,0,0.00%,CousKi00,Kirk Cousins,atl
QB,553,45.70%,0,0.00%,0,0.00%,PeniMi00,Michael Penix,atl
RB,860,71.07%,0,0.00%,0,0.00%,RobiBi01,Bijan Robinson,atl
RB,0,0.00%,0,0.00%,10,1.46%,WashCa00,Carlos Washington,atl
RB,12,0.99%,0,0.00%,49,7.14%,CartNa00,Nathan Carter,atl
RB,328,27.11%,0,0.00%,165,24.05%,AllgTy00,Tyler Allgeier,atl
S,0,0.00%,13,1.07%,237,34.55%,HellDe00,DeMarcco Hellams,atl
S,0,0.00%,0,0.00%,121,17.64%,RobiJa03,Jammie Robinson,atl
S,0,0.00%,1092,89.51%,24,3.50%,BateJe00,Jessie Bates III,atl
S,0,0.00%,16,1.31%,46,6.71%,FullJo01,Jordan Fuller,atl
S,0,0.00%,1094,89.67%,42,6.12%,WattXa00,Xavier Watts,atl
T,1062,87.77%,0,0.00%,71,10.35%,MattJa00,Jake Matthews,atl
T,32,2.64%,0,0.00%,2,0.29%,JerrMi00,Michael Jerrell,atl
TE,565,46.69%,0,0.00%,194,28.28%,WoerCh00,Charlie Woerner,atl
TE,15,1.24%,0,0.00%,299,43.59%,FranFe00,Feleipe Franks,atl
TE,961,79.42%,0,0.00%,2,0.29%,PittKy00,Kyle Pitts,atl
TE,133,10.99%,0,0.00%,239,34.84%,QuitTe00,Teagan Quitoriano,atl
WR,181,14.96%,0,0.00%,0,0.00%,WashCa01,Casey Washington,atl
WR,12,0.99%,0,0.00%,11,1.60%,BlaiCh00,Chris Blair,atl
WR,778,64.30%,0,0.00%,0,0.00%,MoonDa00,Darnell Mooney,atl
WR,565,46.69%,0,0.00%,19,2.77%,SillDa01,David Sills,atl
WR,22,1.82%,0,0.00%,47,6.85%,ThomDe07,Deven Thompkins,atl
WR,709,58.60%,0,0.00%,2,0.29%,LondDr00,Drake London,atl
WR,122,10.08%,0,0.00%,38,5.54%,DrumDy00,Dylan Drummond,atl
WR,1,0.08%,0,0.00%,96,13.99%,AgneJa00,Jamal Agnew,atl
WR,73,6.03%,0,0.00%,219,31.92%,HodgKh00,KhaDarel Hodge,atl
WR,139,11.49%,0,0.00%,17,2.48%,McClRa00,Ray-Ray McCloud,atl
C,13,1.17%,0,0.00%,55,11.46%,BullCo00,Corey Bullock,rav
C,1007,90.39%,0,0.00%,0,0.00%,LindTy00,Tyler Linderbaum,rav
CB,0,0.00%,0,0.00%,12,2.50%,OruwAm00,Amani Oruwariye,rav
CB,0,0.00%,557,43.69%,1,0.21%,AwuzCh00,Chidobe Awuzie,rav
CB,0,0.00%,61,4.78%,0,0.00%,AlexJa00,Jaire Alexander,rav
CB,0,0.00%,143,11.22%,222,46.25%,MartKe03,Keyon Martin,rav
CB,0,0.00%,880,69.02%,2,0.42%,HumpMa00,Marlon Humphrey,rav
CB,0,0.00%,1029,80.71%,4,0.83%,WiggNa00,Nate Wiggins,rav
CB,0,0.00%,147,11.53%,353,73.54%,TampTJ00,T.J. Tampa,rav
DE,0,0.00%,26,2.04%,2,0.42%,LawsCa00,Carl Lawson,rav
DE,0,0.00%,383,30.04%,36,7.50%,JoneDr00,Dre'Mont Jones,rav
DL,0,0.00%,71,5.57%,33,6.88%,PeebAe00,Aeneas Peebles,rav
DL,0,0.00%,295,23.14%,100,20.83%,UrbaBr00,Brent Urban,rav
DL,0,0.00%,102,8.00%,35,7.29%,WashBr01,Broderick Washington Jr.,rav
DL,0,0.00%,190,14.90%,41,8.54%,OkoyCJ00,CJ Okoye,rav
DL,0,0.00%,523,41.02%,41,8.54%,JenkJo00,John Jenkins,rav
DL,0,0.00%,74,5.80%,4,0.83%,TupoJo00,Josh Tupou,rav
DL,0,0.00%,102,8.00%,0,0.00%,MaduJu00,Nnamdi Madubuike,rav
DL,0,0.00%,743,58.27%,146,30.42%,JoneTr00,Travis Jones,rav
DT,0,0.00%,98,7.69%,5,1.04%,BryaTa00,Taven Bryan,rav
FB,274,24.60%,0,0.00%,22,4.58%,RicaPa00,Patrick Ricard,rav
G,3,0.27%,0,0.00%,47,9.79%,ClevBe00,Ben Cleveland,rav
G,1011,90.75%,0,0.00%,80,16.67%,FaalDa00,Daniel Faalele,rav
G,49,4.40%,0,0.00%,9,1.88%,JoneEm02,Emery Jones,rav
K,0,0.00%,0,0.00%,174,36.25%,LoopTy00,Tyler Loop,rav
LB,0,0.00%,0,0.00%,58,12.08%,JoneCa05,Carl Jones,rav
LB,0,0.00%,0,0.00%,34,7.08%,MartCh02,Chandler Martin,rav
LB,0,0.00%,196,15.37%,69,14.37%,OjabDa00,David Ojabo,rav
LB,0,0.00%,33,2.59%,372,77.50%,HummJa00,Jake Hummel,rav
LB,0,0.00%,7,0.55%,184,38.33%,HiggJa01,Jay Higgins,rav
LB,0,0.00%,494,38.75%,1,0.21%,VanNKy00,Kyle Van Noy,rav
LB,0,0.00%,712,55.84%,119,24.79%,GreeMi02,Mike Green,rav
LB,0,0.00%,166,13.02%,0,0.00%,OwehJa00,Odafe Oweh,rav
LB,0,0.00%,953,74.75%,2,0.42%,SmitRo07,Roquan Smith,rav
LB,0,0.00%,451,35.37%,100,20.83%,RobiTa00,Tavius Robinson,rav
LB,0,0.00%,651,51.06%,237,49.38%,BuchTe00,Teddye Buchanan,rav
LB,0,0.00%,407,31.92%,236,49.17%,SimpTr00,Trenton Simpson,rav
LB,0,0.00%,1,0.08%,15,3.13%,KwenWi00,William Kwenkeu,rav
LS,0,0.00%,0,0.00%,134,27.92%,MoorNi00,Nick Moore,rav
OL,968,86.89%,0,0.00%,69,14.37%,VorhAn00,Andrew Vorhees,rav
P,0,0.00%,0,0.00%,134,27.92%,StouJo00,Jordan Stout,rav
QB,115,10.32%,0,0.00%,0,0.00%,RushCo00,Cooper Rush,rav
QB,702,63.02%,0,0.00%,0,0.00%,JackLa00,Lamar Jackson,rav
QB,197,17.68%,0,0.00%,0,0.00%,HuntTy01,Tyler Huntley,rav
RB,555,49.82%,0,0.00%,0,0.00%,HenrDe00,Derrick Henry,rav
RB,219,19.66%,0,0.00%,33,6.88%,HillJu00,Justice Hill,rav
RB,132,11.85%,0,0.00%,88,18.33%,MitcKe01,Keaton Mitchell,rav
RB,119,10.68%,0,0.00%,220,45.83%,AlixRa00,Rasheen Ali,rav
S,0,0.00%,749,58.75%,25,5.21%,GilmAl00,Alohi Gilman,rav
S,0,0.00%,61,4.78%,5,1.04%,WashAr00,Ar'Darius Washington,rav
S,0,0.00%,0,0.00%,227,47.29%,JackKe03,Keondre Jackson,rav
S,0,0.00%,1003,78.67%,5,1.04%,HamiKy00,Kyle Hamilton,rav
S,0,0.00%,1065,83.53%,145,30.21%,StarMa00,Malaki Starks,rav
S,0,0.00%,76,5.96%,22,4.58%,LoweRe00,Reuben Lowery,rav
S,0,0.00%,12,0.94%,164,34.17%,KaneSa00,Sanoussi Kane,rav
T,7,0.63%,0,0.00%,34,7.08%,VinsCa00,Carson Vinson,rav
T,151,13.55%,0,0.00%,35,7.29%,NoteJo00,Joseph Noteboom,rav
T,1014,91.02%,0,0.00%,65,13.54%,RoseRo01,Roger Rosengarten,rav
T,857,76.93%,0,0.00%,0,0.00%,StanRo00,Ronnie Stanley,rav
TE,402,36.09%,0,0.00%,293,61.04%,KolaCh00,Charlie Kolar,rav
TE,487,43.72%,0,0.00%,0,0.00%,LikeIs00,Isaiah Likely,rav
TE,630,56.55%,0,0.00%,0,0.00%,AndrMa00,Mark Andrews,rav
TE,74,6.64%,0,0.00%,50,10.42%,MitcZa00,Zaire Mitchell-Paden,rav
WR,334,29.98%,0,0.00%,0,0.00%,HopkDe00,DeAndre Hopkins,rav
WR,163,14.63%,0,0.00%,168,35.00%,WalkDe01,Devontez Walker,rav
WR,58,5.21%,0,0.00%,73,15.21%,WestLa01,LaJohntay Wester,rav
WR,550,49.37%,0,0.00%,0,0.00%,BateRa00,Rashod Bateman,rav
WR,185,16.61%,0,0.00%,151,31.46%,WallTy00,Tylan Wallace,rav
WR,878,78.82%,0,0.00%,0,0.00%,FlowZa00,Zay Flowers,rav
C,97,7.76%,0,0.00%,57,12.72%,VanPSe00,Sedrick Van Pran-Granger,buf
CB,0,0.00%,10,0.96%,39,8.71%,CodrBr00,Brandon Codrington,buf
CB,0,0.00%,796,76.54%,65,14.51%,BenfCh00,Christian Benford,buf
CB,0,0.00%,3,0.29%,28,6.25%,JackDa02,Dane Jackson,buf
CB,0,0.00%,87,8.37%,46,10.27%,StroDo01,Dorian Strong,buf
CB,0,0.00%,63,6.06%,76,16.96%,IngrJa00,Ja'Marcus Ingram,buf
CB,0,0.00%,348,33.46%,22,4.91%,HairMa00,Maxwell Hairston,buf
CB,0,0.00%,570,54.81%,13,2.90%,JohnTa01,Taron Johnson,buf
CB,0,0.00%,701,67.40%,14,3.13%,WhitTr01,Tre'Davious White,buf
DB,0,0.00%,373,35.87%,219,48.88%,LewiCa00,Cameron Lewis,buf
DB,0,0.00%,148,14.23%,184,41.07%,HancJo00,Jordan Hancock,buf
DB,0,0.00%,6,0.58%,329,73.44%,FranSa00,Sam Franklin,buf
DE,0,0.00%,438,42.12%,85,18.97%,EpenAJ00,A.J. Epenesa,buf
DE,0,0.00%,38,3.65%,44,9.82%,JoneAn02,Andre Jones,buf
DE,0,0.00%,629,60.48%,74,16.52%,RousGr00,Gregory Rousseau,buf
DE,0,0.00%,195,18.75%,278,62.05%,SoloJa00,Javon Solomon,buf
DE,0,0.00%,562,54.04%,10,2.23%,BosaJo00,Joey Bosa,buf
DE,0,0.00%,30,2.88%,13,2.90%,JackLa03,Landon Jackson,buf
DE,0,0.00%,31,2.98%,5,1.12%,JudoMa00,Matt Judon,buf
DE,0,0.00%,64,6.15%,20,4.46%,HoecMi00,Michael Hoecht,buf
DE,0,0.00%,11,1.06%,0,0.00%,FoxxMo00,Morgan Fox,buf
DT,0,0.00%,422,40.58%,55,12.28%,JoneDa04,DaQuan Jones,buf
DT,0,0.00%,464,44.62%,144,32.14%,WalkDe04,Deone Walker,buf
DT,0,0.00%,108,10.38%,0,0.00%,OlivEd00,Ed Oliver,buf
DT,0,0.00%,202,19.42%,29,6.47%,PhilJo01,Jordan Phillips,buf
DT,0,0.00%,215,20.67%,3,0.67%,OgunLa00,Larry Ogunjobi,buf
DT,0,0.00%,120,11.54%,0,0.00%,MathPh00,Phidarian Mathis,buf
DT,0,0.00%,297,28.56%,16,3.57%,SandTJ00,T.J. Sanders,buf
DT,0,0.00%,59,5.67%,2,0.45%,LoguZi00,Zion Logue,buf
FB,235,18.80%,0,0.00%,332,74.11%,GillRe00,Reggie Gilliam,buf
G,1037,82.96%,0,0.00%,0,0.00%,McGoCo01,Connor McGovern,buf
G,1035,82.80%,0,0.00%,75,16.74%,EdwaDa01,David Edwards,buf
G,1129,90.32%,0,0.00%,75,16.74%,TorrOC00,O'Cyrus Torrence,buf
K,0,0.00%,0,0.00%,154,34.38%,PratMa20,Matt Prater,buf
K,0,0.00%,0,0.00%,13,2.90%,BadgMi00,Michael Badgley,buf
LB,0,0.00%,3,0.29%,40,8.93%,SpecBa00,Baylon Spector,buf
LB,0,0.00%,434,41.73%,256,57.14%,WillDo04,Dorian Williams,buf
LB,0,0.00%,0,0.00%,13,2.90%,CiarJi00,Jimmy Ciarlo,buf
LB,0,0.00%,96,9.23%,341,76.12%,AndrJo02,Joe Andreessen,buf
LB,0,0.00%,23,2.21%,39,8.71%,JenkKe01,Keonta Jenkins,buf
LB,0,0.00%,492,47.31%,6,1.34%,MilaMa00,Matt Milano,buf
LB,0,0.00%,417,40.10%,57,12.72%,ThomSh01,Shaq Thompson,buf
LB,0,0.00%,621,59.71%,54,12.05%,BernTe00,Terrel Bernard,buf
LS,0,0.00%,0,0.00%,126,28.13%,FergRe00,Reid Ferguson,buf
P,0,0.00%,0,0.00%,10,2.23%,RobbBr00,Brad Robbins,buf
P,0,0.00%,0,0.00%,26,5.80%,JohnCa02,Cameron Johnston,buf
P,0,0.00%,0,0.00%,93,20.76%,WishMi00,Mitch Wishnowsky,buf
QB,1034,82.72%,0,0.00%,0,0.00%,AlleJo02,Josh Allen,buf
QB,98,7.84%,0,0.00%,0,0.00%,TrubMi00,Mitchell Trubisky,buf
RB,639,51.12%,0,0.00%,0,0.00%,CookJa01,James Cook,buf
RB,168,13.44%,0,0.00%,131,29.24%,DaviRa04,Ray Davis,buf
RB,335,26.80%,0,0.00%,127,28.35%,JohnTy02,Ty Johnson,buf
S,0,0.00%,895,86.06%,62,13.84%,BishCo00,Cole Bishop,buf
S,0,0.00%,12,1.15%,49,10.94%,HamlDa00,Damar Hamlin,buf
S,0,0.00%,48,4.62%,21,4.69%,SavaDa00,Darnell Savage Jr.,buf
S,0,0.00%,428,41.15%,43,9.60%,PoyeJo00,Jordan Poyer,buf
S,0,0.00%,343,32.98%,6,1.34%,RappTa00,Taylor Rapp,buf
T,189,15.12%,0,0.00%,127,28.35%,AndeAl01,Alec Anderson,buf
T,3,0.24%,0,0.00%,5,1.12%,LundCh00,Chase Lundt,buf
T,957,76.56%,0,0.00%,67,14.96%,DawkDi00,Dion Dawkins,buf
T,312,24.96%,0,0.00%,75,16.74%,VanDRy00,Ryan Van Demark,buf
T,846,67.68%,0,0.00%,21,4.69%,BrowSp00,Spencer Brown,buf
T,72,5.76%,0,0.00%,0,0.00%,GrabTy00,Tylan Grable,buf
TE,302,24.16%,0,0.00%,1,0.22%,KincDa00,Dalton Kincaid,buf
TE,653,52.24%,0,0.00%,1,0.22%,KnoxDa00,Dawson Knox,buf
TE,487,38.96%,0,0.00%,79,17.63%,HaweJa00,Jackson Hawes,buf
TE,85,6.80%,0,0.00%,52,11.61%,LatuKe00,Keleki Latu,buf
WR,115,9.20%,0,0.00%,0,0.00%,CookBr00,Brandin Cooks,buf
WR,151,12.08%,0,0.00%,26,5.80%,SamuCu00,Curtis Samuel,buf
WR,186,14.88%,0,0.00%,1,0.22%,MoorEl00,Elijah Moore,buf
WR,238,19.04%,0,0.00%,0,0.00%,DaviGa01,Gabriel Davis,buf
WR,393,31.44%,0,0.00%,0,0.00%,PalmJo00,Josh Palmer,buf
WR,576,46.08%,0,0.00%,6,1.34%,ColeKe02,Keon Coleman,buf
WR,635,50.80%,0,0.00%,40,8.93%,ShakKh00,Khalil Shakir,buf
WR,4,0.32%,0,0.00%,9,2.01%,HardMe00,Mecole Hardman,buf
WR,441,35.28%,0,0.00%,241,53.79%,ShavTy00,Tyrell Shavers,buf
C,727,62.08%,0,0.00%,6,1.42%,MaysCa00,Cade Mays,car
C,0,0.00%,0,0.00%,46,10.90%,SamaNi00,Nick Samac,car
CB,0,0.00%,51,4.46%,153,36.26%,EvanAk00,Akayleb Evans,car
CB,0,0.00%,626,54.72%,107,25.36%,SmitCh05,Chau Smith-Wade,car
CB,0,0.00%,127,11.10%,83,19.67%,ThorCo00,Corey Thornton,car
CB,0,0.00%,955,83.48%,0,0.00%,HornJa00,Jaycee Horn,car
CB,0,0.00%,0,0.00%,7,1.66%,KingKa00,Kalen King,car
CB,0,0.00%,0,0.00%,11,2.61%,CrosKe00,Keion Crossen,car
CB,0,0.00%,1041,91.00%,80,18.96%,JackMi01,Michael Jackson,car
CB,0,0.00%,0,0.00%,33,7.82%,RochRo00,Robert Rochell,car
DB,0,0.00%,0,0.00%,3,0.71%,LongDa02,David Long,car
DE,0,0.00%,657,57.43%,67,15.88%,RobiAS00,A'Shawn Robinson,car
DE,0,0.00%,808,70.63%,80,18.96%,BrowDe05,Derrick Brown,car
DE,0,0.00%,157,13.72%,13,3.08%,RayxLa02,LaBryan Ray,car
DT,0,0.00%,351,30.68%,73,17.30%,BrowBo04,Bobby Brown,car
DT,0,0.00%,85,7.43%,30,7.11%,JackCa01,Cam Jackson,car
DT,0,0.00%,44,3.85%,14,3.32%,CrumJa00,Jaden Crumedy,car
DT,0,0.00%,405,35.40%,19,4.50%,WharTe00,Tershawn Wharton,car
G,673,57.47%,0,0.00%,30,7.11%,CorbAu00,Austin Corbett,car
G,212,18.10%,0,0.00%,16,3.79%,ZavaCh00,Chandler Zavala,car
G,988,84.37%,0,0.00%,57,13.51%,LewiDa05,Damien Lewis,car
G,126,10.76%,0,0.00%,3,0.71%,HuntRo01,Robert Hunt,car
G,0,0.00%,0,0.00%,10,2.37%,CharSa00,Saahdiq Charles,car
K,0,0.00%,0,0.00%,131,31.04%,FitzRy01,Ryan Fitzgerald,car
LB,0,0.00%,54,4.72%,272,64.45%,MartBa00,Bam Martin-Scott,car
LB,0,0.00%,41,3.58%,13,3.08%,BashCa00,Boogie Basham,car
LB,0,0.00%,823,71.94%,16,3.79%,RozeCh00,Christian Rozeboom,car
LB,0,0.00%,207,18.09%,211,50.00%,CherCl00,Claudin Cherelus,car
LB,0,0.00%,688,60.14%,23,5.45%,WonnDJ00,D.J. Wonnum,car
LB,0,0.00%,53,4.63%,46,10.90%,JohnDJ00,DJ Johnson,car
LB,0,0.00%,1,0.09%,87,20.62%,SimmIs00,Isaiah Simmons,car
LB,0,0.00%,0,0.00%,9,2.13%,WindJa00,Jacoby Windmon,car
LB,0,0.00%,0,0.00%,6,1.42%,MoonJe00,Jeremiah Moon,car
LB,0,0.00%,143,12.50%,61,14.45%,BarnKr00,Krys Barnes,car
LB,0,0.00%,5,0.44%,234,55.45%,NjonMa00,Maema Njongmeta,car
LB,0,0.00%,717,62.67%,59,13.98%,ScouNi00,Nic Scourton,car
LB,0,0.00%,161,14.07%,0,0.00%,JonePa00,Patrick Jones II,car
LB,0,0.00%,222,19.41%,88,20.85%,UmanPr00,Princely Umanmielen,car
LB,0,0.00%,25,2.19%,345,81.75%,IncoTh00,Thomas Incoom,car
LB,0,0.00%,624,54.55%,3,0.71%,WallTr00,Trevin Wallace,car
LB,0,0.00%,164,14.34%,110,26.07%,GipsTr00,Trevis Gipson,car
LS,0,0.00%,0,0.00%,116,27.49%,JansJ.00,J.J. Jansen,car
OL,286,24.42%,0,0.00%,29,6.87%,ChriBr00,Brady Christensen,car
P,0,0.00%,0,0.00%,118,27.96%,MartSa01,Sam Martin,car
QB,97,8.28%,0,0.00%,0,0.00%,DaltAn00,Andy Dalton,car
QB,964,82.32%,0,0.00%,0,0.00%,YounBr01,Bryce Young,car
RB,432,36.89%,0,0.00%,31,7.35%,HubbCh01,Chuba Hubbard,car
RB,16,1.37%,0,0.00%,49,11.61%,DallDe00,DeeJay Dallas,car
RB,591,50.47%,0,0.00%,32,7.58%,DowdRi01,Rico Dowdle,car
RB,63,5.38%,0,0.00%,137,32.46%,EtieTr01,Trevor Etienne,car
S,0,0.00%,29,2.53%,167,39.57%,RichDe03,Demani Richardson,car
S,0,0.00%,0,0.00%,11,2.61%,MukuIs00,Israel Mukuamu,car
S,0,0.00%,336,29.37%,169,40.05%,RansLa00,Lathan Ransom,car
S,0,0.00%,1035,90.47%,75,17.77%,ScotNi01,Nick Scott,car
S,0,0.00%,990,86.54%,4,0.95%,MoehTr00,Tre'von Moehrig,car
S,0,0.00%,0,0.00%,10,2.37%,ThomTr04,Trevian Thomas,car
T,24,2.05%,0,0.00%,15,3.55%,WaltBr01,Brandon Walton,car
T,943,80.53%,0,0.00%,53,12.56%,EkwoIk00,Ikem Ekwonu,car
T,158,13.49%,0,0.00%,47,11.14%,CurhJa00,Jake Curhan,car
T,901,76.94%,0,0.00%,53,12.56%,MotoTa00,Taylor Moton,car
T,279,23.83%,0,0.00%,58,13.74%,NijmYo01,Yosh Nijman,car
TE,393,33.56%,0,0.00%,119,28.20%,SandJa01,Ja'Tavion Sanders,car
TE,47,4.01%,0,0.00%,39,9.24%,MitcJa00,James Mitchell,car
TE,393,33.56%,0,0.00%,96,22.75%,EvanMi01,Mitchell Evans,car
TE,636,54.31%,0,0.00%,95,22.51%,TremTo00,Tommy Tremble,car
WR,264,22.54%,0,0.00%,230,54.50%,TremBr00,Brycen Tremayne,car
WR,9,0.77%,0,0.00%,9,2.13%,CampDa01,Dalevon Campbell,car
WR,4,0.34%,0,0.00%,9,2.13%,ChisDa00,Dan Chisena,car
WR,81,6.92%,0,0.00%,5,1.18%,MoorDa03,David Moore,car
WR,210,17.93%,0,0.00%,6,1.42%,RenfHu00,Hunter Renfrow,car
WR,439,37.49%,0,0.00%,1,0.24%,CokeJa01,Jalen Coker,car
WR,148,12.64%,0,0.00%,5,1.18%,HornJi00,Jimmy Horn,car
WR,925,78.99%,0,0.00%,0,0.00%,McMiTe00,Tetairoa McMillan,car
WR,642,54.82%,0,0.00%,8,1.90%,LegeXa00,Xavier Legette,car
DB,0,0.00%,565,48.58%,10,2.11%,GardCh00,C.J. Gardner-Johnson,chi
DB,0,0.00%,0,0.00%,8,1.69%,FlowDa00,Dallis Flowers,chi
DB,0,0.00%,62,5.33%,309,65.33%,HickEl00,Elijah Hicks,chi
DB,0,0.00%,1072,92.18%,90,19.03%,BrisJa01,Jaquan Brisker,chi
DB,0,0.00%,283,24.33%,0,0.00%,JohnJa13,Jaylon Johnson,chi
DB,0,0.00%,39,3.35%,220,46.51%,JoneJa12,Jaylon Jones,chi
DB,0,0.00%,47,4.04%,264,55.81%,OwenJo01,Jonathan Owens,chi
DB,0,0.00%,3,0.26%,284,60.04%,BlacJo00,Josh Blackwell,chi
DB,0,0.00%,1071,92.09%,1,0.21%,ByarKe01,Kevin Byard,chi
DB,0,0.00%,117,10.06%,2,0.42%,GordKy00,Kyler Gordon,chi
DB,0,0.00%,1041,89.51%,18,3.81%,WrigNa00,Nahshon Wright,chi
DB,0,0.00%,436,37.49%,143,30.23%,McClNi00,Nick McCloud,chi
DB,0,0.00%,588,50.56%,20,4.23%,StevTy01,Tyrique Stevenson,chi
DL,0,0.00%,511,43.94%,72,15.22%,BillAn00,Andrew Billings,chi
DL,0,0.00%,521,44.80%,35,7.40%,BookAu00,Austin Booker,chi
DL,0,0.00%,219,18.83%,20,4.23%,WillCh08,Chris Williams,chi
DL,2,0.15%,54,4.64%,355,75.05%,HardDa01,Daniel Hardy,chi
DL,0,0.00%,369,31.73%,30,6.34%,OdeyDa00,Dayo Odeyingbo,chi
DL,0,0.00%,215,18.49%,161,34.04%,RobiDo00,Dominique Robinson,chi
DL,0,0.00%,665,57.18%,96,20.30%,DextGe00,Gervon Dexter,chi
DL,0,0.00%,610,52.45%,16,3.38%,JarrGr00,Grady Jarrett,chi
DL,0,0.00%,111,9.54%,34,7.19%,TryoJo00,Joe Tryon-Shoyinka,chi
DL,0,0.00%,96,8.25%,15,3.17%,FordJo00,Jonathan Ford,chi
DL,0,0.00%,780,67.07%,19,4.02%,SweaMo00,Montez Sweat,chi
DL,0,0.00%,74,6.36%,1,0.21%,TurnSh00,Shemar Turner,chi
DL,0,0.00%,89,7.65%,19,4.02%,KpasTa00,Tanoh Kpassagnon,chi
K,0,0.00%,0,0.00%,151,31.92%,SantCa01,Cairo Santos,chi
K,0,0.00%,0,0.00%,25,5.29%,MoodJa00,Jake Moody,chi
LB,0,0.00%,82,7.05%,133,28.12%,OgboAm00,Amen Ogbongbemiga,chi
LB,0,0.00%,0,0.00%,148,31.29%,JoneCa05,Carl Jones,chi
LB,0,0.00%,261,22.44%,272,57.51%,JackDM00,D'Marco Jackson,chi
LB,0,0.00%,0,0.00%,50,10.57%,ReevJa00,Jalen Reeves-Maybin,chi
LB,0,0.00%,409,35.17%,157,33.19%,SeweNo00,Noah Sewell,chi
LB,0,0.00%,31,2.67%,82,17.34%,HyppRu00,Ruben Hyppolite,chi
LB,0,0.00%,569,48.93%,22,4.65%,EdwaTJ02,T.J. Edwards,chi
LB,0,0.00%,813,69.91%,11,2.33%,EdmuTr01,Tremaine Edmunds,chi
LB,0,0.00%,0,0.00%,1,0.21%,SummTy00,Ty Summers,chi
LS,0,0.00%,0,0.00%,143,30.23%,DalySc01,Scott Daly,chi
OL,210,15.77%,0,0.00%,25,5.29%,JoneBr08,Braxton Jones,chi
OL,1074,80.63%,0,0.00%,63,13.32%,WrigDa00,Darnell Wright,chi
OL,1154,86.64%,0,0.00%,15,3.17%,DalmDr00,Drew Dalman,chi
OL,1149,86.26%,0,0.00%,10,2.11%,ThunJo00,Joe Thuney,chi
OL,1133,85.06%,0,0.00%,80,16.91%,JackJo03,Jonah Jackson,chi
OL,2,0.15%,0,0.00%,25,5.29%,McFaJo00,Jordan McFadden,chi
OL,25,1.88%,0,0.00%,47,9.94%,NewmLu00,Luke Newman,chi
OL,490,36.79%,0,0.00%,73,15.43%,TrapOz00,Ozzy Trapilo,chi
OL,0,0.00%,0,0.00%,82,17.34%,BateRy02,Ryan Bates,chi
OL,577,43.32%,0,0.00%,72,15.22%,BeneTh00,Theo Benedet,chi
P,0,0.00%,0,0.00%,146,30.87%,TaylTo01,Tory Taylor,chi
QB,1143,85.81%,0,0.00%,0,0.00%,WillCa03,Caleb Williams,chi
QB,14,1.05%,0,0.00%,0,0.00%,BageTy00,Tyson Bagent,chi
RB,15,1.13%,0,0.00%,17,3.59%,BrowBr06,Brittain Brown,chi
RB,621,46.62%,0,0.00%,0,0.00%,SwifDA00,D'Andre Swift,chi
RB,478,35.89%,0,0.00%,0,0.00%,MonaKy00,Kyle Monangai,chi
RB,4,0.30%,0,0.00%,102,21.56%,JohnRo07,Roschon Johnson,chi
RB,6,0.45%,0,0.00%,163,34.46%,HomeTr00,Travis Homer,chi
TE,768,57.66%,0,0.00%,74,15.64%,KmetCo00,Cole Kmet,chi
TE,701,52.63%,0,0.00%,5,1.06%,LoveCo00,Colston Loveland,chi
TE,293,22.00%,0,0.00%,230,48.63%,SmytDu00,Durham Smythe,chi
TE,0,0.00%,0,0.00%,29,6.13%,KaliNi00,Nikola Kalinic,chi
TE,14,1.05%,0,0.00%,12,2.54%,CarlSt00,Stephen Carlson,chi
WR,979,73.50%,0,0.00%,2,0.42%,MoorD.00,D.J. Moore,chi
WR,40,3.00%,0,0.00%,209,44.19%,DuveDe00,Devin Duvernay,chi
WR,86,6.46%,0,0.00%,61,12.90%,WalkJa03,Jahdae Walker,chi
WR,0,0.00%,0,0.00%,0,0.00%,RichJP00,JP Richardson,chi
WR,402,30.18%,0,0.00%,34,7.19%,BurdLu00,Luther Burden,chi
WR,1,0.08%,0,0.00%,0,0.00%,AlexMa02,Maurice Alexander,chi
WR,580,43.54%,0,0.00%,2,0.42%,ZaccOl01,Olamide Zaccheaus,chi
WR,733,55.03%,0,0.00%,2,0.42%,OdunRo00,Rome Odunze,chi
C,23,1.83%,0,0.00%,15,3.12%,PatrLu00,Lucas Patrick,cin
C,0,0.00%,0,0.00%,16,3.33%,LeexMa02,Matt Lee,cin
C,1111,88.46%,0,0.00%,73,15.18%,KarrTe00,Ted Karras,cin
CB,0,0.00%,19,1.58%,11,2.29%,LuxxBr00,Bralyn Lux,cin
CB,0,0.00%,348,28.86%,1,0.21%,TaylCa01,Cam Taylor-Britt,cin
CB,0,0.00%,1012,83.91%,98,20.37%,HillDa04,Daxton Hill,cin
CB,0,0.00%,115,9.54%,273,56.76%,IveyDJ00,DJ Ivey,cin
CB,0,0.00%,974,80.76%,14,2.91%,TurnDJ01,DJ Turner,cin
CB,0,0.00%,270,22.39%,5,1.04%,DaviJa06,Jalen Davis,cin
CB,0,0.00%,275,22.80%,92,19.13%,NewtJo00,Josh Newton,cin
CB,0,0.00%,22,1.82%,30,6.24%,WilsMa04,Marco Wilson,cin
DE,0,0.00%,234,19.40%,66,13.72%,SampCa00,Cameron Sample,cin
DE,0,0.00%,207,17.16%,154,32.02%,JohnCe01,Cedric Johnson,cin
DE,0,0.00%,34,2.82%,71,14.76%,FoskIs00,Isaiah Foskey,cin
DE,0,0.00%,616,51.08%,71,14.76%,OssaJo00,Joseph Ossai,cin
DE,0,0.00%,682,56.55%,20,4.16%,MurpMy00,Myles Murphy,cin
DE,0,0.00%,280,23.22%,1,0.21%,StewSh00,Shemar Stewart,cin
DE,0,0.00%,285,23.63%,1,0.21%,HendTr00,Trey Hendrickson,cin
DT,0,0.00%,670,55.56%,38,7.90%,HillB.00,B.J. Hill,cin
DT,0,0.00%,50,4.15%,0,0.00%,CrosHo01,Howard Cross,cin
DT,0,0.00%,13,1.08%,3,0.62%,JeffJo01,Jordan Jefferson,cin
DT,0,0.00%,497,41.21%,69,14.35%,JenkKr01,Kris Jenkins,cin
DT,0,0.00%,130,10.78%,19,3.95%,JackMc00,McKinnley Jackson,cin
DT,0,0.00%,133,11.03%,41,8.52%,PennMi00,Mike Pennel,cin
DT,0,0.00%,582,48.26%,79,16.42%,SlatTe00,Tedarrell Slaton,cin
G,768,61.15%,0,0.00%,42,8.73%,RisnDa00,Dalton Risner,cin
G,962,76.59%,0,0.00%,2,0.42%,FairDy00,Dylan Fairchild,cin
G,476,37.90%,0,0.00%,73,15.18%,RiveJa00,Jalen Rivers,cin
HB,738,58.76%,0,0.00%,0,0.00%,BrowCh10,Chase Brown,cin
HB,0,0.00%,0,0.00%,12,2.49%,BrigGa00,Gary Brightwell,cin
HB,346,27.55%,0,0.00%,168,34.93%,PeriSa00,Samaje Perine,cin
HB,47,3.74%,0,0.00%,179,37.21%,BrooTa00,Tahj Brooks,cin
K,0,0.00%,0,0.00%,161,33.47%,McPhEv00,Evan McPherson,cin
LB,0,0.00%,792,65.67%,130,27.03%,CartBa00,Barrett Carter,cin
LB,0,0.00%,0,0.00%,58,12.06%,AsamBr00,Brian Asamoah,cin
LB,0,0.00%,798,66.17%,3,0.62%,KnigDe00,Demetrius Knight,cin
LB,0,0.00%,32,2.65%,190,39.50%,GileJo01,Joe Giles-Harris,cin
LB,0,0.00%,362,30.02%,85,17.67%,WilsLo00,Logan Wilson,cin
LB,0,0.00%,340,28.19%,385,80.04%,BurkOr00,Oren Burks,cin
LB,0,0.00%,36,2.99%,199,41.37%,HeywSh00,Shaka Heyward,cin
LS,0,0.00%,0,0.00%,138,28.69%,WagnWi00,William Wagner,cin
P,0,0.00%,0,0.00%,139,28.90%,RehkRy00,Ryan Rehkow,cin
QB,3,0.24%,0,0.00%,0,0.00%,RypiBr00,Brett Rypien,cin
QB,212,16.88%,0,0.00%,0,0.00%,BrowJa08,Jake Browning,cin
QB,478,38.06%,0,0.00%,0,0.00%,BurrJo01,Joe Burrow,cin
QB,418,33.28%,0,0.00%,0,0.00%,FlacJo00,Joe Flacco,cin
RB,4,0.32%,0,0.00%,0,0.00%,MiltKe01,Kendall Milton,cin
S,0,0.00%,32,2.65%,70,14.55%,AnthDa00,Daijahn Anthony,cin
S,0,0.00%,1014,84.08%,79,16.42%,StonGe00,Geno Stone,cin
S,0,0.00%,1047,86.82%,70,14.55%,BattJo00,Jordan Battle,cin
S,0,0.00%,8,0.66%,225,46.78%,JulePJ00,PJ Jules,cin
S,0,0.00%,64,5.31%,382,79.42%,AndeTy00,Tycen Anderson,cin
T,1051,83.68%,0,0.00%,71,14.76%,MimsAm00,Amarius Mims,cin
T,73,5.81%,0,0.00%,73,15.18%,FordCo00,Cody Ford,cin
T,1111,88.46%,0,0.00%,73,15.18%,BrowOr00,Orlando Brown Jr.,cin
TE,28,2.23%,0,0.00%,44,9.15%,GranCa00,Cam Grandy,cin
TE,595,47.37%,0,0.00%,236,49.06%,SampDr00,Drew Sample,cin
TE,321,25.56%,0,0.00%,0,0.00%,GesiMi00,Mike Gesicki,cin
TE,379,30.18%,0,0.00%,17,3.53%,FantNo00,Noah Fant,cin
TE,148,11.78%,0,0.00%,224,46.57%,HudsTa00,Tanner Hudson,cin
WR,851,67.75%,0,0.00%,0,0.00%,IosiAn00,Andrei Iosivas,cin
WR,20,1.59%,0,0.00%,106,22.04%,JoneCh11,Charlie Jones,cin
WR,987,78.58%,0,0.00%,1,0.21%,ChasJa00,Ja'Marr Chase,cin
WR,14,1.11%,0,0.00%,26,5.41%,WillKe08,Ke'Shawn Williams,cin
WR,288,22.93%,0,0.00%,123,25.57%,TinsMi00,Mitchell Tinsley,cin
WR,769,61.23%,0,0.00%,0,0.00%,HiggTe00,Tee Higgins,cin
C,825,64.25%,0,0.00%,10,1.25%,PociEt00,Ethan Pocic,cle
C,272,21.18%,0,0.00%,54,6.75%,WyplLu00,Luke Wypler,cle
CB,0,0.00%,36,3.23%,28,3.50%,MitcCa01,Cameron Mitchell,cle
CB,0,0.00%,41,3.68%,123,15.38%,RossDA03,D'Angelo Ross,cle
CB,0,0.00%,779,69.87%,52,6.50%,WardDe02,Denzel Ward,cle
CB,0,0.00%,49,4.39%,57,7.12%,JoneDo03,Dom Jones,cle
CB,0,0.00%,284,25.47%,18,2.25%,NewsGr00,Greg Newsome II,cle
CB,0,0.00%,5,0.45%,29,3.62%,BernJa01,Jarrick Bernard-Converse,cle
CB,0,0.00%,527,47.26%,227,28.38%,HardMy00,Myles Harden,cle
CB,0,0.00%,137,12.29%,29,3.62%,WebbSa00,Sam Webb,cle
CB,0,0.00%,42,3.77%,109,13.63%,AverTr01,Tre Avery,cle
CB,0,0.00%,641,57.49%,17,2.13%,CampTy01,Tyson Campbell,cle
DE,0,0.00%,468,41.97%,48,6.00%,WrigAl01,Alex Wright,cle
DE,0,0.00%,310,27.80%,263,32.88%,ThomCa03,Cameron Thomas,cle
DE,0,0.00%,427,38.30%,21,2.63%,McGuIs00,Isaiah McGuire,cle
DE,0,0.00%,31,2.78%,58,7.25%,TryoJo00,Joe Tryon-Shoyinka,cle
DE,0,0.00%,0,0.00%,5,0.63%,HenrKJ00,K.J. Henry,cle
DE,0,0.00%,868,77.85%,85,10.63%,GarrMy00,Myles Garrett,cle
DT,25,1.95%,158,14.17%,117,14.63%,HuntAd00,Adin Huntington,cle
DT,0,0.00%,1,0.09%,0,0.00%,CoopKe00,Keith Cooper,cle
DT,0,0.00%,473,42.42%,62,7.75%,CollMa00,Maliek Collins,cle
DT,1,0.08%,763,68.43%,67,8.38%,GrahMa00,Mason Graham,cle
DT,0,0.00%,12,1.08%,12,1.50%,HursMa00,Maurice Hurst Jr.,cle
DT,0,0.00%,178,15.96%,0,0.00%,HallMi00,Michael Hall,cle
DT,0,0.00%,96,8.61%,16,2.00%,KamaSa00,Sam Kamara,cle
DT,0,0.00%,509,45.65%,89,11.13%,HarrSh00,Shelby Harris,cle
FS,0,0.00%,11,0.99%,37,4.63%,KazeDa00,Damontae Kazee,cle
G,29,2.26%,0,0.00%,1,0.13%,DellGa00,Garrett Dellinger,cle
G,1080,84.11%,0,0.00%,53,6.63%,BitoJo00,Joel Bitonio,cle
G,323,25.16%,0,0.00%,54,6.75%,JenkTe00,Teven Jenkins,cle
G,764,59.50%,0,0.00%,42,5.25%,TellWy00,Wyatt Teller,cle
G,45,3.50%,0,0.00%,18,2.25%,ZintZa00,Zak Zinter,cle
K,0,0.00%,0,0.00%,122,15.25%,SzmyAn00,Andre Szmyt,cle
LB,0,0.00%,0,0.00%,14,1.75%,McGrCa00,Cameron McGrone,cle
LB,0,0.00%,956,85.74%,143,17.88%,SchwCa00,Carson Schwesinger,cle
LB,0,0.00%,871,78.12%,121,15.13%,BushDe01,Devin Bush Jr.,cle
LB,2,0.16%,12,1.08%,262,32.75%,MascEa00,Easton Mascarenas-Arnold,cle
LB,0,0.00%,0,0.00%,12,1.50%,UlofEd00,Edefuan Ulofoshio,cle
LB,0,0.00%,261,23.41%,205,25.62%,BakeJe00,Jerome Baker,cle
LB,0,0.00%,297,26.64%,205,25.62%,DiabMo00,Mohamoud Diabate,cle
LS,0,0.00%,0,0.00%,150,18.75%,SunaRe00,Rex Sunahara,cle
OL,0,0.00%,0,0.00%,1,0.13%,GreeKe02,Kendrick Green,cle
P,0,0.00%,0,0.00%,151,18.88%,BojoCo00,Corey Bojorquez,cle
QB,372,28.97%,0,0.00%,0,0.00%,GabrDi00,Dillon Gabriel,cle
QB,272,21.18%,0,0.00%,0,0.00%,FlacJo00,Joe Flacco,cle
QB,428,33.33%,0,0.00%,0,0.00%,SandSh00,Shedeur Sanders,cle
RB,249,19.39%,0,0.00%,59,7.38%,SampDy00,Dylan Sampson,cle
RB,269,20.95%,0,0.00%,29,3.62%,FordJe00,Jerome Ford,cle
RB,452,35.20%,0,0.00%,0,0.00%,JudkQu00,Quinshon Judkins,cle
RB,59,4.60%,0,0.00%,0,0.00%,SandRa00,Raheim Sanders,cle
RB,62,4.83%,0,0.00%,55,6.88%,WillTr06,Trayveon Williams,cle
S,0,0.00%,8,0.72%,154,19.25%,EdmoCh01,Chris Edmonds,cle
S,0,0.00%,24,2.15%,310,38.75%,McMiDo00,Donovan McMillon,cle
S,0,0.00%,1012,90.76%,193,24.13%,DelpGr00,Grant Delpit,cle
S,0,0.00%,277,24.84%,236,29.50%,JenkRa00,Rayshawn Jenkins,cle
S,0,0.00%,1039,93.18%,145,18.13%,HickRo00,Ronnie Hickman,cle
T,696,54.21%,0,0.00%,39,4.88%,RobiCa00,Cam Robinson,cle
T,292,22.74%,0,0.00%,32,4.00%,LucaCo01,Cornelius Lucas,cle
T,143,11.14%,0,0.00%,3,0.38%,JoneDa07,Dawand Jones,cle
T,382,29.75%,0,0.00%,19,2.38%,ConkJa00,Jack Conklin,cle
T,652,50.78%,0,0.00%,51,6.38%,LeveKT00,KT Leveston,cle
TE,245,19.08%,0,0.00%,244,30.50%,WhitBl01,Blake Whiteheart,cle
TE,119,9.27%,0,0.00%,22,2.75%,BateBr00,Brenden Bates,cle
TE,514,40.03%,0,0.00%,0,0.00%,NjokDa00,David Njoku,cle
TE,786,61.21%,0,0.00%,90,11.25%,FannHa00,Harold Fannin,cle
TE,29,2.26%,0,0.00%,6,0.75%,CannSa00,Sal Cannella,cle
WR,515,40.11%,0,0.00%,0,0.00%,TillCe01,Cedric Tillman,cle
WR,0,0.00%,0,0.00%,31,3.88%,CartDe02,DeAndre Carter,cle
WR,186,14.49%,0,0.00%,64,8.00%,LarvGa00,Gage Larvadain,cle
WR,494,38.47%,0,0.00%,7,0.88%,BondIs00,Isaiah Bond,cle
WR,216,16.82%,0,0.00%,2,0.25%,ThraJa01,Jamari Thrash,cle
WR,921,71.73%,0,0.00%,0,0.00%,JeudJe00,Jerry Jeudy,cle
WR,1,0.08%,0,0.00%,23,2.88%,DaviKa02,Kaden Davis,cle
WR,194,15.11%,0,0.00%,47,5.88%,CorlMa00,Malachi Corley,cle
C,474,36.72%,0,0.00%,92,18.22%,HoffBr00,Brock Hoffman,dal
C,767,59.41%,0,0.00%,15,2.97%,BeebCo00,Cooper Beebe,dal
CB,0,0.00%,0,0.00%,388,76.83%,GoodC.00,C.J. Goodwin,dal
CB,0,0.00%,211,17.93%,45,8.91%,CarsCa01,Caelen Carson,dal
CB,0,0.00%,23,1.95%,47,9.31%,BallCo00,Corey Ballentine,dal
CB,0,0.00%,746,63.38%,0,0.00%,BlanDa00,DaRon Bland,dal
CB,0,0.00%,26,2.21%,13,2.57%,ButlJo00,Josh Butler,dal
CB,0,0.00%,460,39.08%,10,1.98%,ElamKa00,Kaiir Elam,dal
CB,0,0.00%,0,0.00%,16,3.17%,RochRo00,Robert Rochell,dal
CB,0,0.00%,334,28.38%,0,0.00%,ReveSh00,Shavon Revel,dal
CB,0,0.00%,427,36.28%,0,0.00%,DiggTr00,Trevon Diggs,dal
CB,0,0.00%,248,21.07%,136,26.93%,BridTr00,Trikweze Bridges,dal
CB,0,0.00%,5,0.42%,28,5.54%,ChilZi00,Zion Childress,dal
DB,0,0.00%,40,3.40%,174,34.46%,ClarAl01,Alijah Clark,dal
DB,0,0.00%,519,44.10%,82,16.24%,StewRe00,Reddy Steward,dal
DE,0,0.00%,359,30.50%,0,0.00%,FowlDa00,Dante Fowler,dal
DE,0,0.00%,604,51.32%,85,16.83%,EzeiDo00,Donovan Ezeiruaku,dal
DE,0,0.00%,373,31.69%,0,0.00%,ClowJa00,Jadeveon Clowney,dal
DE,0,0.00%,307,26.08%,180,35.64%,HousJa01,James Houston,dal
DE,0,0.00%,166,14.10%,23,4.55%,KneeMa00,Marshawn Kneeland,dal
DE,0,0.00%,474,40.27%,143,28.32%,WillSa00,Sam Williams,dal
DT,0,0.00%,90,7.65%,26,5.15%,ToiaJa00,Jay Toia,dal
DT,0,0.00%,748,63.55%,43,8.51%,ClarKe01,Kenny Clark,dal
DT,0,0.00%,89,7.56%,22,4.36%,SmitMa06,Mazi Smith,dal
DT,0,0.00%,692,58.79%,88,17.43%,OdigOs00,Osa Odighizuwa,dal
DT,0,0.00%,34,2.89%,6,1.19%,WinfPe00,Perrion Winfrey,dal
DT,0,0.00%,275,23.36%,37,7.33%,WillQu00,Quinnen Williams,dal
DT,0,0.00%,419,35.60%,85,16.83%,ThomSo00,Solomon Thomas,dal
G,351,27.19%,0,0.00%,88,17.43%,BassTJ00,T.J. Bass,dal
G,6,0.46%,0,0.00%,12,2.38%,KeegTr00,Trevor Keegan,dal
G,1002,77.61%,0,0.00%,74,14.65%,BookTy00,Tyler Booker,dal
K,0,0.00%,0,0.00%,194,38.42%,AubrBr00,Brandon Aubrey,dal
LB,0,0.00%,0,0.00%,18,3.56%,JohnBu01,Buddy Johnson,dal
LB,0,0.00%,79,6.71%,138,27.33%,ClarDa02,Damone Clark,dal
LB,0,0.00%,218,18.52%,0,0.00%,OverDe00,DeMarvion Overshown,dal
LB,0,0.00%,3,0.25%,7,1.39%,LandIs00,Isaiah Land,dal
LB,0,0.00%,230,19.54%,43,8.51%,SanbJa00,Jack Sanborn,dal
LB,0,0.00%,0,0.00%,30,5.94%,BarrJu00,Justin Barron,dal
LB,0,0.00%,873,74.17%,40,7.92%,MurrKe00,Kenneth Murray,dal
LB,0,0.00%,224,19.03%,2,0.40%,WilsLo00,Logan Wilson,dal
LB,0,0.00%,202,17.16%,361,71.49%,LiufMa00,Marist Liufau,dal
LB,0,0.00%,544,46.22%,181,35.84%,JameSh00,Shemar James,dal
LS,0,0.00%,0,0.00%,134,26.53%,SiegTr00,Trent Sieg,dal
OL,0,0.00%,0,0.00%,4,0.79%,LeveNi00,Nick Leverett,dal
OL,1109,85.90%,0,0.00%,75,14.85%,SmitTy02,Tyler Smith,dal
P,0,0.00%,0,0.00%,134,26.53%,AngeBr00,Bryan Anger,dal
QB,1135,87.92%,0,0.00%,0,0.00%,PresDa01,Dak Prescott,dal
QB,51,3.95%,0,0.00%,0,0.00%,MiltJo00,Joe Milton,dal
RB,251,19.44%,0,0.00%,240,47.52%,LuepHu00,Hunter Luepke,dal
RB,769,59.57%,0,0.00%,0,0.00%,WillJa10,Javonte Williams,dal
RB,78,6.04%,0,0.00%,11,2.18%,BlueJa01,Jaydon Blue,dal
RB,155,12.01%,0,0.00%,147,29.11%,DaviMa02,Malik Davis,dal
RB,65,5.03%,0,0.00%,9,1.78%,SandMi01,Miles Sanders,dal
RB,10,0.77%,0,0.00%,3,0.59%,MafaPh00,Phil Mafah,dal
S,0,0.00%,921,78.25%,3,0.59%,WilsDo01,Donovan Wilson,dal
S,0,0.00%,266,22.60%,107,21.19%,ThomJu03,Juanyeh Thomas,dal
S,0,0.00%,594,50.47%,2,0.40%,HookMa00,Malik Hooker,dal
S,0,0.00%,356,30.25%,304,60.20%,BellMa01,Markquese Bell,dal
T,0,0.00%,0,0.00%,7,1.39%,CornAj00,Ajani Cornelius,dal
T,76,5.89%,0,0.00%,66,13.07%,AdenHa00,Hakeem Adeniji,dal
T,341,26.41%,0,0.00%,91,18.02%,ThomNa01,Nathan Thomas,dal
T,1162,90.01%,0,0.00%,92,18.22%,SteeTe01,Terence Steele,dal
T,650,50.35%,0,0.00%,25,4.95%,GuytTy00,Tyler Guyton,dal
TE,300,23.24%,0,0.00%,243,48.12%,SpanBr00,Brevyn Spann-Ford,dal
TE,786,60.88%,0,0.00%,3,0.59%,FergJa00,Jake Ferguson,dal
TE,391,30.29%,0,0.00%,241,47.72%,SchoLu00,Luke Schoonmaker,dal
TE,0,0.00%,0,0.00%,11,2.18%,FantPr00,Princeton Fant,dal
WR,732,56.70%,0,0.00%,1,0.20%,LambCe00,CeeDee Lamb,dal
WR,968,74.98%,0,0.00%,3,0.59%,PickGe00,George Pickens,dal
WR,4,0.31%,0,0.00%,17,3.37%,BrooJa03,Jalen Brooks,dal
WR,8,0.62%,0,0.00%,22,4.36%,MoreJa01,Jalen Moreno-Cropper,dal
WR,464,35.94%,0,0.00%,33,6.53%,TolbJa00,Jalen Tolbert,dal
WR,80,6.20%,0,0.00%,45,8.91%,MingJo00,Jonathan Mingo,dal
WR,380,29.43%,0,0.00%,138,27.33%,TurpKa00,KaVontae Turpin,dal
WR,2,0.15%,0,0.00%,6,1.19%,CampPa00,Parris Campbell,dal
WR,479,37.10%,0,0.00%,133,26.34%,FlouRy00,Ryan Flournoy,dal
C,136,11.07%,0,0.00%,68,13.63%,ForsAl00,Alex Forsyth,den
C,1005,81.77%,0,0.00%,40,8.02%,WattLu00,Luke Wattenberg,den
C,4,0.33%,0,0.00%,3,0.60%,MustSa01,Sam Mustipher,den
CB,0,0.00%,742,58.84%,1,0.20%,McMiJa00,Ja'Quan McMillian,den
CB,0,0.00%,334,26.49%,91,18.24%,BarrJa01,Jahdae Barron,den
CB,0,0.00%,210,16.65%,220,44.09%,AbraKr00,Kris Abrams-Draine,den
CB,0,0.00%,864,68.52%,29,5.81%,SurtPa01,Patrick Surtain II,den
CB,0,0.00%,0,0.00%,73,14.63%,TaylRe01,Reese Taylor,den
CB,0,0.00%,1089,86.36%,71,14.23%,MossRi00,Riley Moss,den
DB,0,0.00%,73,5.79%,388,77.76%,KeyxDe00,Devon Key,den
DB,0,0.00%,0,0.00%,21,4.21%,GrayJ.00,J.T. Gray,den
DE,0,0.00%,33,2.62%,6,1.20%,JoneSa01,Sai'vion Jones,den
DL,0,0.00%,409,32.43%,83,16.63%,UwazEy00,Eyioma Uwazurike,den
DL,0,0.00%,517,41.00%,53,10.62%,FranJo02,John Franklin-Myers,den
DL,0,0.00%,85,6.74%,25,5.01%,JackJo06,Jordan Jackson,den
DL,0,0.00%,797,63.20%,67,13.43%,AlleZa01,Zach Allen,den
DT,0,0.00%,431,34.18%,61,12.22%,JoneD.01,D.J. Jones,den
DT,0,0.00%,401,31.80%,65,13.03%,RoacMa01,Malcolm Roach,den
FB,211,17.17%,0,0.00%,213,42.69%,PrenAd00,Adam Prentice,den
G,464,37.75%,0,0.00%,25,5.01%,PoweBe00,Ben Powers,den
G,34,2.77%,0,0.00%,41,8.22%,ThroCa01,Calvin Throckmorton,den
G,1108,90.15%,0,0.00%,69,13.83%,MeinQu02,Quinn Meinerz,den
K,0,0.00%,0,0.00%,160,32.06%,LutzWi00,Wil Lutz,den
LB,0,0.00%,1029,81.60%,0,0.00%,SingAl00,Alex Singleton,den
LB,0,0.00%,417,33.07%,276,55.31%,TillDo00,Dondrea Tillman,den
LB,0,0.00%,324,25.69%,0,0.00%,GreeDr00,Dre Greenlaw,den
LB,0,0.00%,1,0.08%,132,26.45%,WallGa00,Garret Wallow,den
LB,0,0.00%,318,25.22%,254,50.90%,ElliJo03,Jonah Elliss,den
LB,0,0.00%,682,54.08%,7,1.40%,CoopJo02,Jonathon Cooper,den
LB,0,0.00%,23,1.82%,117,23.45%,TurnJo00,Jordan Turner,den
LB,0,0.00%,575,45.60%,142,28.46%,StrnJu00,Justin Strnad,den
LB,0,0.00%,3,0.24%,171,34.27%,ReidKa00,Karene Reid,den
LB,0,0.00%,11,0.87%,37,7.41%,BailLe00,Levelle Bailey,den
LB,0,0.00%,684,54.24%,33,6.61%,BoniNi00,Nik Bonitto,den
LB,0,0.00%,150,11.90%,101,20.24%,RobiQu00,Quandarrius Robinson,den
LS,0,0.00%,0,0.00%,146,29.26%,FrabMi00,Mitchell Fraboni,den
P,0,0.00%,0,0.00%,146,29.26%,CrawJe00,Jeremy Crawshaw,den
QB,1136,92.43%,0,0.00%,0,0.00%,NixxBo00,Bo Nix,den
QB,4,0.33%,0,0.00%,0,0.00%,StidJa00,Jarrett Stidham,den
RB,340,27.66%,0,0.00%,0,0.00%,DobbJK00,J.K. Dobbins,den
RB,85,6.92%,0,0.00%,14,2.81%,McLaJa00,Jaleel McLaughlin,den
RB,481,39.14%,0,0.00%,42,8.42%,HarvRJ00,RJ Harvey,den
RB,192,15.62%,0,0.00%,260,52.10%,BadiTy00,Tyler Badie,den
S,0,0.00%,871,69.07%,0,0.00%,JoneBr06,Brandon Jones,den
S,0,0.00%,0,0.00%,8,1.60%,TurnDe02,Delarrin Turner-Yell,den
S,0,0.00%,34,2.70%,322,64.53%,SkinJL00,JL Skinner,den
S,0,0.00%,173,13.72%,198,39.68%,LockPJ00,P.J. Locke,den
S,5,0.41%,1083,85.88%,75,15.03%,HufaTa00,Talanoa Hufanga,den
T,665,54.11%,0,0.00%,71,14.23%,PalcAl00,Alex Palczewski,den
T,65,5.29%,0,0.00%,83,16.63%,CrumFr00,Frank Crum,den
T,1125,91.54%,0,0.00%,46,9.22%,BollGa00,Garett Bolles,den
T,64,5.21%,0,0.00%,23,4.61%,PearMa00,Matt Peart,den
T,1127,91.70%,0,0.00%,63,12.63%,McGlMi00,Mike McGlinchey,den
TE,651,52.97%,0,0.00%,103,20.64%,TrauAd00,Adam Trautman,den
TE,458,37.27%,0,0.00%,0,0.00%,EngrEv00,Evan Engram,den
TE,53,4.31%,0,0.00%,28,5.61%,KrulLu00,Lucas Krull,den
TE,81,6.59%,0,0.00%,0,0.00%,LewiMa00,Marcedes Lewis,den
TE,199,16.19%,0,0.00%,46,9.22%,AdkiNa00,Nate Adkins,den
WR,975,79.33%,0,0.00%,1,0.20%,SuttCo00,Courtland Sutton,den
WR,169,13.75%,0,0.00%,24,4.81%,HumpLi01,Lil'Jordan Humphrey,den
WR,379,30.84%,0,0.00%,140,28.06%,MimsMa00,Marvin Mims,den
WR,16,1.30%,0,0.00%,16,3.21%,BandMi00,Michael Bandy,den
WR,475,38.65%,0,0.00%,35,7.01%,BryaPa00,Pat Bryant,den
WR,163,13.26%,0,0.00%,147,29.46%,SherTr00,Trent Sherfield,den
WR,670,54.52%,0,0.00%,0,0.00%,FranTr00,Troy Franklin,den
C,138,11.00%,0,0.00%,11,2.24%,EguaKi00,Kingsley Eguakun,det
C,183,14.58%,0,0.00%,66,13.41%,ColoTr01,Trystan Colon,det
CB,0,0.00%,843,69.61%,5,1.02%,RobeAm00,Amik Robertson,det
CB,0,0.00%,106,8.75%,80,16.26%,MaulAr00,Arthur Maulet,det
CB,0,0.00%,584,48.22%,3,0.61%,ReedD.00,D.J. Reed,det
CB,0,0.00%,20,1.65%,170,34.55%,DorsKh00,Khalil Dorsey,det
CB,0,0.00%,51,4.21%,71,14.43%,WhitNi02,Nick Whiteside,det
CB,0,0.00%,611,50.45%,186,37.80%,Ya-SRo00,Rock Ya-Sin,det
CB,0,0.00%,313,25.85%,9,1.83%,ArnoTe00,Terrion Arnold,det
CB,0,0.00%,12,0.99%,11,2.24%,FlowTr01,Tre Flowers,det
DB,0,0.00%,342,28.24%,88,17.89%,MaddAv00,Avonte Maddox,det
DB,0,0.00%,747,61.68%,43,8.74%,BranBr00,Brian Branch,det
DB,0,0.00%,14,1.16%,33,6.71%,StriLo00,Loren Strickland,det
DE,0,0.00%,1005,82.99%,6,1.22%,HutcAi00,Aidan Hutchinson,det
DE,0,0.00%,457,37.74%,52,10.57%,MuhaAl00,Al-Quadin Muhammad,det
DE,0,0.00%,281,23.20%,38,7.72%,DaveMa00,Marcus Davenport,det
DE,0,0.00%,66,5.45%,215,43.70%,WheaTy02,Tyrus Wheat,det
DL,0,0.00%,524,43.27%,46,9.35%,McNeAl00,Alim McNeill,det
DL,0,0.00%,583,48.14%,14,2.85%,ReadD.00,D.J. Reader,det
DL,0,0.00%,59,4.87%,5,1.02%,WingMe00,Mekhi Wingo,det
DL,0,0.00%,106,8.75%,143,29.07%,OConPa00,Pat O'Connor,det
DL,0,0.00%,14,1.16%,0,0.00%,JeffQu00,Quinton Jefferson,det
DL,0,0.00%,425,35.09%,72,14.63%,LopeRo00,Roy Lopez,det
DL,0,0.00%,446,36.83%,5,1.02%,WillTy02,Tyleik Williams,det
DL,0,0.00%,237,19.57%,24,4.88%,LacyTy00,Tyler Lacy,det
G,286,22.79%,0,0.00%,64,13.01%,AwosKa00,Kayode Awosika,det
K,0,0.00%,0,0.00%,189,38.41%,BateJa00,Jake Bates,det
LB,0,0.00%,1004,82.91%,11,2.24%,AnzaAl00,Alex Anzalone,det
LB,0,0.00%,0,0.00%,20,4.07%,PittAn01,Anthony Pittman,det
LB,0,0.00%,940,77.62%,143,29.07%,BarnDe02,Derrick Barnes,det
LB,0,0.00%,13,1.07%,375,76.22%,StuaGr00,Grant Stuard,det
LB,0,0.00%,1097,90.59%,94,19.11%,CampJa04,Jack Campbell,det
LB,0,0.00%,72,5.95%,160,32.52%,RodrMa00,Malcolm Rodriguez,det
LB,0,0.00%,0,0.00%,19,3.86%,RiceMo00,Monty Rice,det
LB,0,0.00%,74,6.11%,330,67.07%,NowaTr00,Trevor Nowaske,det
LB,0,0.00%,0,0.00%,66,13.41%,SummTy00,Ty Summers,det
LB,0,0.00%,14,1.16%,64,13.01%,CunnZa00,Zach Cunningham,det
LS,0,0.00%,0,0.00%,147,29.88%,HattHo00,Hogan Hatten,det
OL,73,5.82%,0,0.00%,0,0.00%,HubbCh00,Chris Hubbard,det
OL,699,55.70%,0,0.00%,53,10.77%,MahoCh00,Christian Mahogany,det
OL,69,5.50%,0,0.00%,12,2.44%,ManuGi00,Giovanni Manu,det
OL,872,69.48%,0,0.00%,23,4.67%,GlasGr00,Graham Glasgow,det
OL,12,0.96%,0,0.00%,45,9.15%,NiesMi00,Michael Niese,det
OL,46,3.67%,0,0.00%,28,5.69%,FrazMi00,Miles Frazier,det
OL,1087,86.61%,0,0.00%,90,18.29%,RatlTa00,Tate Ratledge,det
P,0,0.00%,0,0.00%,147,29.88%,FoxxJa01,Jack Fox,det
QB,1083,86.29%,0,0.00%,0,0.00%,GoffJa00,Jared Goff,det
QB,16,1.27%,0,0.00%,0,0.00%,AlleKy00,Kyle Allen,det
RB,4,0.32%,0,0.00%,105,21.34%,ReynCr00,Craig Reynolds,det
RB,408,32.51%,0,0.00%,0,0.00%,MontDa01,David Montgomery,det
RB,8,0.64%,0,0.00%,281,57.11%,SaylJa00,Jacob Saylors,det
RB,737,58.73%,0,0.00%,0,0.00%,GibbJa01,Jahmyr Gibbs,det
RB,1,0.08%,0,0.00%,187,38.01%,VakiSi00,Sione Vaki,det
S,0,0.00%,111,9.17%,233,47.36%,ThomDa07,Daniel Thomas,det
S,0,0.00%,119,9.83%,6,1.22%,HallEr00,Erick Hallett,det
S,0,0.00%,65,5.37%,12,2.44%,MillJa02,Jalen Mills,det
S,0,0.00%,316,26.09%,11,2.24%,JoseKe03,Kerby Joseph,det
S,0,0.00%,483,39.88%,47,9.55%,HarpTh00,Thomas Harper,det
T,228,18.17%,0,0.00%,60,12.20%,SkipDa00,Dan Skipper,det
T,997,79.44%,0,0.00%,67,13.62%,SewePe00,Penei Sewell,det
T,893,71.16%,0,0.00%,0,0.00%,DeckTa00,Taylor Decker,det
TE,187,14.90%,0,0.00%,80,16.26%,FirkAn00,Anthony Firkser,det
TE,401,31.95%,0,0.00%,130,26.42%,WrigBr01,Brock Wright,det
TE,58,4.62%,0,0.00%,32,6.50%,RiccGi00,Giovanni Ricci,det
TE,118,9.40%,0,0.00%,116,23.58%,DwelRo00,Ross Dwelley,det
TE,517,41.20%,0,0.00%,5,1.02%,LaPoSa01,Sam LaPorta,det
TE,164,13.07%,0,0.00%,67,13.62%,ZylsSh00,Shane Zylstra,det
TE,11,0.88%,0,0.00%,9,1.83%,HortZa00,Zach Horton,det
WR,939,74.82%,0,0.00%,5,1.02%,StxxAm00,Amon-Ra St. Brown,det
WR,14,1.12%,0,0.00%,50,10.16%,LoveDo00,Dominic Lovett,det
WR,436,34.74%,0,0.00%,68,13.82%,TeSlIs00,Isaac TeSlaa,det
WR,5,0.40%,0,0.00%,23,4.67%,MeekJa00,Jackson Meeks,det
WR,992,79.04%,0,0.00%,1,0.20%,WillJa11,Jameson Williams,det
WR,358,28.53%,0,0.00%,84,17.07%,RaymKa00,Kalif Raymond,det
WR,1,0.08%,0,0.00%,0,0.00%,CunnMa00,Malik Cunningham,det
WR,48,3.82%,0,0.00%,44,8.94%,KennTo01,Tom Kennedy,det
C,537,48.42%,0,0.00%,26,6.07%,JenkEl00,Elgton Jenkins,gnb
C,57,5.14%,0,0.00%,26,6.07%,MonkJa00,Jacob Monk,gnb
CB,96,8.66%,0,0.00%,185,43.22%,MeltBo00,Bo Melton,gnb
CB,0,0.00%,780,61.37%,78,18.22%,ValeCa00,Carrington Valentine,gnb
CB,0,0.00%,37,2.91%,66,15.42%,HaddKa00,Kamal Hadden,gnb
CB,0,0.00%,1014,79.78%,73,17.06%,NixoKe00,Keisean Nixon,gnb
CB,0,0.00%,358,28.17%,29,6.78%,HobbNa00,Nate Hobbs,gnb
CB,0,0.00%,34,2.68%,11,2.57%,BartSh00,Shemar Bartholomew,gnb
CB,0,0.00%,33,2.60%,2,0.47%,DiggTr00,Trevon Diggs,gnb
DB,0,0.00%,62,4.88%,9,2.10%,SimpJa00,Jaylin Simpson,gnb
DL,0,0.00%,17,1.34%,221,51.64%,MosbAr00,Arron Mosby,gnb
DL,0,0.00%,178,14.00%,69,16.12%,SorrBa00,Barryn Sorrell,gnb
DL,0,0.00%,79,6.22%,24,5.61%,CoxxBr02,Brenton Cox,gnb
DL,0,0.00%,587,46.18%,71,16.59%,WoodCo01,Colby Wooden,gnb
DL,0,0.00%,31,2.44%,10,2.34%,OlivCo00,Collin Oliver,gnb
DL,0,0.00%,379,29.82%,13,3.04%,WyatDe00,Devonte Wyatt,gnb
DL,0,0.00%,30,2.36%,0,0.00%,FordJo00,Jonathan Ford,gnb
DL,0,0.00%,64,5.04%,12,2.80%,RileJo00,Jordon Riley,gnb
DL,0,0.00%,618,48.62%,143,33.41%,BrooKa00,Karl Brooks,gnb
DL,0,0.00%,468,36.82%,150,35.05%,EnagKi00,Kingsley Enagbare,gnb
DL,0,0.00%,263,20.69%,65,15.19%,VanNLu00,Lukas Van Ness,gnb
DL,0,0.00%,707,55.63%,0,0.00%,ParsMi00,Micah Parsons,gnb
DL,0,0.00%,159,12.51%,35,8.18%,StacNa00,Nazir Stackhouse,gnb
DL,0,0.00%,15,1.18%,0,0.00%,BohaQu00,Quinton Bohanna,gnb
DL,0,0.00%,653,51.38%,8,1.87%,GaryRa00,Rashan Gary,gnb
DL,0,0.00%,273,21.48%,44,10.28%,BrinWa00,Warren Brinson,gnb
G,747,67.36%,0,0.00%,56,13.08%,BankAa00,Aaron Banks,gnb
G,6,0.54%,0,0.00%,7,1.64%,JennDo00,Donovan Jennings,gnb
G,51,4.60%,0,0.00%,0,0.00%,SmitLe01,Lecitus Smith,gnb
G,808,72.86%,0,0.00%,76,17.76%,RhyaSe00,Sean Rhyan,gnb
K,0,0.00%,0,0.00%,133,31.07%,McMaBr01,Brandon McManus,gnb
K,0,0.00%,0,0.00%,29,6.78%,HavrLu00,Lucas Havrisik,gnb
LB,0,0.00%,1046,82.30%,82,19.16%,CoopEd00,Edgerrin Cooper,gnb
LB,0,0.00%,505,39.73%,302,70.56%,McDuIs00,Isaiah McDuffie,gnb
LB,0,0.00%,67,5.27%,14,3.27%,DumaJa00,Jamon Johnson,gnb
LB,0,0.00%,2,0.16%,87,20.33%,WelcKr00,Kristian Welch,gnb
LB,0,0.00%,0,0.00%,114,26.64%,NiemNi00,Nick Niemann,gnb
LB,0,0.00%,900,70.81%,58,13.55%,WalkQu00,Quay Walker,gnb
LB,0,0.00%,126,9.91%,278,64.95%,HoppTy00,Ty'Ron Hopper,gnb
LS,0,0.00%,0,0.00%,126,29.44%,OrzeMa00,Matthew Orzech,gnb
OL,605,54.55%,0,0.00%,44,10.28%,TomxZa00,Zach Tom,gnb
P,0,0.00%,0,0.00%,126,29.44%,WhelDa00,Daniel Whelan,gnb
QB,59,5.32%,0,0.00%,0,0.00%,TuneCl00,Clayton Tune,gnb
QB,894,80.61%,0,0.00%,0,0.00%,LoveJo03,Jordan Love,gnb
QB,98,8.84%,0,0.00%,0,0.00%,WillMa12,Malik Willis,gnb
RB,203,18.30%,0,0.00%,230,53.74%,BrooCh00,Chris Brooks,gnb
RB,326,29.40%,0,0.00%,25,5.84%,WilsEm00,Emanuel Wilson,gnb
RB,554,49.95%,0,0.00%,4,0.93%,JacoJo01,Josh Jacobs,gnb
S,0,0.00%,903,71.05%,137,32.01%,WillEv00,Evan Williams,gnb
S,0,0.00%,724,56.96%,123,28.74%,BullJa00,Javon Bullard,gnb
S,0,0.00%,66,5.19%,14,3.27%,BaldJo01,Johnathan Baldwin,gnb
S,0,0.00%,68,5.35%,199,46.50%,OladKi00,Kitan Oladapo,gnb
S,0,0.00%,1053,82.85%,151,35.28%,McKiXa00,Xavier McKinney,gnb
S,0,0.00%,22,1.73%,206,48.13%,AndeZa02,Zayne Anderson,gnb
T,488,44.00%,0,0.00%,52,12.15%,BeltAn00,Anthony Belton,gnb
T,0,0.00%,0,0.00%,6,1.40%,BankBr02,Brant Banks,gnb
T,285,25.70%,0,0.00%,76,17.76%,KinnDa00,Darian Kinnard,gnb
T,749,67.54%,0,0.00%,76,17.76%,MorgJo03,Jordan Morgan,gnb
T,988,89.09%,0,0.00%,76,17.76%,WalkRa00,Rasheed Walker,gnb
TE,1,0.09%,0,0.00%,14,3.27%,SimsBe00,Ben Sims,gnb
TE,52,4.69%,0,0.00%,16,3.74%,DabnDr00,Drake Dabney,gnb
TE,335,30.21%,0,0.00%,40,9.35%,FitzJo00,John FitzPatrick,gnb
TE,176,15.87%,0,0.00%,51,11.92%,WhylJo01,Josh Whyle,gnb
TE,428,38.59%,0,0.00%,35,8.18%,MusgLu00,Luke Musgrave,gnb
TE,439,39.59%,0,0.00%,15,3.50%,KrafTu00,Tucker Kraft,gnb
WR,418,37.69%,0,0.00%,1,0.23%,WatsCh00,Christian Watson,gnb
WR,408,36.79%,0,0.00%,1,0.23%,WickDo00,Dontayvion Wicks,gnb
WR,48,4.33%,0,0.00%,9,2.10%,KeenJa00,Jakobie Keeney-James,gnb
WR,169,15.24%,0,0.00%,4,0.93%,ReedJa03,Jayden Reed,gnb
WR,212,19.12%,0,0.00%,26,6.07%,HeatMa00,Malik Heath,gnb
WR,452,40.76%,0,0.00%,16,3.74%,GoldMa02,Matthew Golden,gnb
WR,780,70.33%,0,0.00%,38,8.88%,DoubRo00,Romeo Doubs,gnb
WR,91,8.21%,0,0.00%,52,12.15%,WillSa01,Savion Williams,gnb
C,1093,80.37%,0,0.00%,2,0.23%,AndrJa00,Jake Andrews,htx
C,334,24.56%,0,0.00%,80,9.09%,PattJa03,Jarrett Patterson,htx
C,351,25.81%,0,0.00%,83,9.43%,ScruJu00,Juice Scruggs,htx
CB,0,0.00%,0,0.00%,36,4.09%,CartAj00,Ajani Carter,htx
CB,0,0.00%,22,2.02%,15,1.70%,HuzzAl00,Alijah Huzzie,htx
CB,0,0.00%,0,0.00%,60,6.82%,RossDA03,D'Angelo Ross,htx
CB,0,0.00%,2,0.18%,44,5.00%,ArneDa00,Damon Arnette,htx
CB,0,0.00%,914,84.01%,4,0.45%,StinDe00,Derek Stingley Jr.,htx
CB,0,0.00%,39,3.58%,84,9.55%,IngrJa00,Ja'Marcus Ingram,htx
CB,0,0.00%,31,2.85%,78,8.86%,SmitJa11,Jaylin Smith,htx
CB,0,0.00%,108,9.93%,38,4.32%,WallKV00,K'Von Wallace,htx
CB,0,0.00%,958,88.05%,4,0.45%,LassKa00,Kamari Lassiter,htx
CB,0,0.00%,343,31.53%,124,14.09%,BryaMy01,Myles Bryant,htx
CB,0,0.00%,175,16.08%,333,37.84%,SmitTr04,Tremon Smith,htx
DB,0,0.00%,0,0.00%,39,4.43%,SpeeAm00,Ameer Speed,htx
DE,0,0.00%,728,66.91%,7,0.80%,HuntDa01,Danielle Hunter,htx
DE,0,0.00%,35,3.22%,29,3.30%,TaylDa00,Darrell Taylor,htx
DE,0,0.00%,206,18.93%,46,5.23%,AutrDe00,Denico Autry,htx
DE,0,0.00%,350,32.17%,35,3.98%,BarnDe01,Derek Barnett,htx
DE,0,0.00%,244,22.43%,251,28.52%,HortDy00,Dylan Horton,htx
DE,0,0.00%,694,63.79%,23,2.61%,AndeWi01,Will Anderson,htx
DT,0,0.00%,101,9.28%,7,0.80%,FatuFo00,Folorunso Fatukasi,htx
DT,0,0.00%,46,4.23%,6,0.68%,FotuLe00,Leki Fotu,htx
DT,0,0.00%,282,25.92%,46,5.23%,EdwaMa01,Mario Edwards,htx
DT,0,0.00%,9,0.83%,0,0.00%,DaviMa01,Marlon Davidson,htx
DT,0,0.00%,70,6.43%,16,1.82%,JoneNa01,Naquan Jones,htx
DT,0,0.00%,623,57.26%,6,0.68%,RankSh00,Sheldon Rankins,htx
DT,0,0.00%,383,35.20%,42,4.77%,SettTi00,Tim Settle,htx
DT,1,0.07%,459,42.19%,30,3.41%,TogiTo00,Tommy Togiai,htx
FB,86,6.32%,0,0.00%,44,5.00%,JohnJa12,Jakob Johnson,htx
G,929,68.31%,0,0.00%,72,8.18%,IngrEd00,Ed Ingram,htx
G,284,20.88%,0,0.00%,44,5.00%,TomlLa01,Laken Tomlinson,htx
G,9,0.66%,0,0.00%,6,0.68%,SowxSi00,Sidy Sow,htx
K,0,0.00%,0,0.00%,162,18.41%,FairKa01,Ka'imi Fairbairn,htx
K,0,0.00%,0,0.00%,17,1.93%,WrigMa00,Matthew Wright,htx
LB,0,0.00%,926,85.11%,1,0.11%,AlShAz00,Azeez Al-Shaair,htx
LB,0,0.00%,92,8.46%,173,19.66%,HarrCh06,Christian Harris,htx
LB,0,0.00%,23,2.11%,131,14.89%,ClarDa02,Damone Clark,htx
LB,0,0.00%,429,39.43%,228,25.91%,SpeeEJ00,E.J. Speed,htx
LB,0,0.00%,818,75.18%,79,8.98%,TooTHe00,Henry To'oTo'o,htx
LB,0,0.00%,0,0.00%,24,2.73%,WoodJa02,Jackson Woodard,htx
LB,0,0.00%,9,0.83%,306,34.77%,HansJa01,Jake Hansen,htx
LB,0,0.00%,3,0.28%,239,27.16%,HillJa02,Jamal Hill,htx
LS,0,0.00%,0,0.00%,155,17.61%,BrinAu00,Austin Brinkman,htx
P,0,0.00%,0,0.00%,155,17.61%,TownTo01,Tommy Townsend,htx
QB,868,63.82%,0,0.00%,0,0.00%,StroCJ00,C.J. Stroud,htx
QB,292,21.47%,0,0.00%,0,0.00%,MillDa02,Davis Mills,htx
RB,71,5.22%,0,0.00%,274,31.14%,BrooBr01,British Brooks,htx
RB,23,1.69%,0,0.00%,13,1.48%,PierDa01,Dameon Pierce,htx
RB,129,9.49%,0,0.00%,281,31.93%,OgunDa00,Dare Ogunbowale,htx
RB,79,5.81%,0,0.00%,0,0.00%,JordJa00,Jawhar Jordan,htx
RB,326,23.97%,0,0.00%,0,0.00%,ChubNi00,Nick Chubb,htx
RB,571,41.99%,0,0.00%,5,0.57%,MarkWo00,Woody Marks,htx
S,0,0.00%,202,18.57%,0,0.00%,GardCh00,C.J. Gardner-Johnson,htx
S,0,0.00%,992,91.18%,14,1.59%,BullCa00,Calen Bullock,htx
S,0,0.00%,48,4.41%,31,3.52%,MillJa02,Jalen Mills,htx
S,0,0.00%,751,69.03%,6,0.68%,PitrJa00,Jalen Pitre,htx
S,0,0.00%,73,6.71%,113,12.84%,ReedJa04,Jaylen Reed,htx
S,0,0.00%,8,0.74%,13,1.48%,MerrKa00,Kaevon Merriweather,htx
S,0,0.00%,228,20.96%,102,11.59%,StewM.00,M.J. Stewart,htx
T,1082,79.56%,0,0.00%,79,8.98%,ErseAi00,Aireontae Ersery,htx
T,337,24.78%,0,0.00%,80,9.09%,FishBl00,Blake Fisher,htx
T,59,4.34%,0,0.00%,9,1.02%,RobiCa00,Cam Robinson,htx
T,32,2.35%,0,0.00%,12,1.36%,KingJa02,Jarrett Kingston,htx
T,479,35.22%,0,0.00%,34,3.86%,BrowTr02,Trent Brown,htx
T,1021,75.07%,0,0.00%,78,8.86%,HowaTy00,Tytus Howard,htx
TE,20,1.47%,0,0.00%,35,3.98%,BateBr00,Brenden Bates,htx
TE,263,19.34%,0,0.00%,113,12.84%,StovCa00,Cade Stover,htx
TE,827,60.81%,0,0.00%,2,0.23%,SchuDa00,Dalton Schultz,htx
TE,173,12.72%,0,0.00%,97,11.02%,BryaHa00,Harrison Bryant,htx
WR,60,4.41%,0,0.00%,12,1.36%,BerrBr00,Braxton Berrios,htx
WR,433,31.84%,0,0.00%,0,0.00%,KirkCh01,Christian Kirk,htx
WR,35,2.57%,0,0.00%,8,0.91%,WaynJa01,Jared Wayne,htx
WR,671,49.34%,0,0.00%,40,4.55%,HiggJa00,Jayden Higgins,htx
WR,304,22.35%,0,0.00%,133,15.11%,NoelJa00,Jaylin Noel,htx
WR,68,5.00%,0,0.00%,31,3.52%,WatsJu01,Justin Watson,htx
WR,778,57.21%,0,0.00%,0,0.00%,CollNi00,Nico Collins,htx
WR,672,49.41%,0,0.00%,83,9.43%,HutcXa00,Xavier Hutchinson,htx
C,138,11.58%,0,0.00%,79,16.84%,PintDa00,Danny Pinter,clt
C,0,0.00%,0,0.00%,3,0.64%,MorrJi00,Jimmy Morrissey,clt
C,937,78.61%,0,0.00%,0,0.00%,BortTa00,Tanor Bortolini,clt
CB,0,0.00%,225,17.80%,20,4.26%,MitcCa01,Cameron Mitchell,clt
CB,0,0.00%,459,36.31%,9,1.92%,WardCh01,Charvarius Ward,clt
CB,0,0.00%,133,10.52%,132,28.14%,LammCh00,Chris Lammons,clt
CB,0,0.00%,205,16.22%,99,21.11%,JoneJa13,Jaylon Jones,clt
CB,0,0.00%,313,24.76%,69,14.71%,EdwaJo00,Johnathan Edwards,clt
CB,0,0.00%,715,56.57%,68,14.50%,MoorKe03,Kenny Moore,clt
CB,0,0.00%,783,61.95%,54,11.51%,BlacMe00,Mekhi Blackmon,clt
CB,0,0.00%,70,5.54%,0,0.00%,HiltMi01,Mike Hilton,clt
CB,0,0.00%,133,10.52%,0,0.00%,GardSa00,Sauce Gardner,clt
CB,0,0.00%,211,16.69%,2,0.43%,HowaXa00,Xavien Howard,clt
DE,0,0.00%,33,2.61%,16,3.41%,NchaDu00,Durell Nchami,clt
DE,0,0.00%,215,17.01%,101,21.54%,TuimJT00,JT Tuimoloau,clt
DE,0,0.00%,721,57.04%,7,1.49%,PayeKw00,Kwity Paye,clt
DE,0,0.00%,756,59.81%,8,1.71%,LatuLa00,Laiatu Latu,clt
DE,0,0.00%,415,32.83%,2,0.43%,EbukSa00,Samson Ebukam,clt
DE,0,0.00%,323,25.55%,37,7.89%,LewiTy00,Tyquan Lewis,clt
DT,0,0.00%,548,43.35%,327,69.72%,AdebAd00,Adetomiwa Adebawore,clt
DT,0,0.00%,83,6.57%,13,2.77%,WormCh00,Chris Wormley,clt
DT,0,0.00%,469,37.10%,5,1.07%,BuckDe00,DeForest Buckner,clt
DT,0,0.00%,131,10.36%,16,3.41%,JohnEr01,Eric Johnson,clt
DT,0,0.00%,683,54.03%,121,25.80%,StewGr00,Grover Stewart,clt
DT,0,0.00%,467,36.95%,76,16.20%,GallNe00,Neville Gallimore,clt
G,151,12.67%,0,0.00%,79,16.84%,TuckDa00,Dalton Tucker,clt
G,4,0.34%,0,0.00%,12,2.56%,SillJo00,Josh Sills,clt
G,1007,84.48%,0,0.00%,78,16.63%,GoncMa00,Matt Goncalves,clt
G,1038,87.08%,0,0.00%,0,0.00%,NelsQu00,Quenton Nelson,clt
K,0,0.00%,0,0.00%,48,10.23%,GrupBl00,Blake Grupe,clt
K,0,0.00%,0,0.00%,70,14.93%,BadgMi00,Michael Badgley,clt
K,0,0.00%,0,0.00%,56,11.94%,ShraSp00,Spencer Shrader,clt
LB,0,0.00%,157,12.42%,299,63.75%,AjiaAu00,Austin Ajiake,clt
LB,0,0.00%,26,2.06%,204,43.50%,JohnBu01,Buddy Johnson,clt
LB,0,0.00%,43,3.40%,54,11.51%,McGrCa00,Cameron McGrone,clt
LB,0,0.00%,32,2.53%,71,15.14%,MumaCh00,Chad Muma,clt
LB,0,0.00%,688,54.43%,0,0.00%,PratGe00,Germaine Pratt,clt
LB,0,0.00%,2,0.16%,25,5.33%,CarlJa01,Jaylon Carlies,clt
LB,0,0.00%,156,12.34%,68,14.50%,BachJo01,Joe Bachie,clt
LB,0,0.00%,6,0.47%,362,77.19%,OlubSe00,Segun Olubi,clt
LB,0,0.00%,1112,87.97%,92,19.62%,FranZa00,Zaire Franklin,clt
LS,0,0.00%,0,0.00%,131,27.93%,RhodLu00,Luke Rhodes,clt
P,0,0.00%,0,0.00%,139,29.64%,SancRi00,Rigoberto Sanchez,clt
QB,14,1.17%,0,0.00%,0,0.00%,RichAn03,Anthony Richardson,clt
QB,756,63.42%,0,0.00%,0,0.00%,JoneDa05,Daniel Jones,clt
QB,172,14.43%,0,0.00%,0,0.00%,RivePh00,Philip Rivers,clt
QB,130,10.91%,0,0.00%,0,0.00%,LeonRi02,Riley Leonard,clt
RB,86,7.21%,0,0.00%,135,28.78%,AbduAm00,Ameer Abdullah,clt
RB,70,5.87%,0,0.00%,0,0.00%,GiddDJ00,DJ Giddens,clt
RB,883,74.08%,0,0.00%,0,0.00%,TaylJo02,Jonathan Taylor,clt
RB,35,2.94%,0,0.00%,130,27.72%,GoodTy00,Tyler Goodson,clt
RB,2,0.17%,0,0.00%,0,0.00%,BentUl00,Ulysses Bentley,clt
S,0,0.00%,1104,87.34%,90,19.19%,BynuCa00,Camryn Bynum,clt
S,0,0.00%,13,1.03%,50,10.66%,ScotDa03,Daniel Scott,clt
S,0,0.00%,0,0.00%,38,8.10%,OdumGe00,George Odum,clt
S,0,0.00%,1111,87.90%,9,1.92%,CrosNi00,Nick Cross,clt
S,0,0.00%,150,11.87%,278,59.28%,ThomRo07,Rodney Thomas II,clt
S,0,0.00%,36,2.85%,26,5.54%,WashTr00,Trey Washington,clt
T,985,82.63%,0,0.00%,64,13.65%,RaimBe00,Bernhard Raimann,clt
T,766,64.26%,0,0.00%,21,4.48%,SmitBr06,Braden Smith,clt
T,315,26.43%,0,0.00%,82,17.48%,TravJa00,Jalen Travis,clt
T,28,2.35%,0,0.00%,27,5.76%,TenuLu00,Luke Tenuta,clt
TE,226,18.96%,0,0.00%,294,62.69%,OgleAn00,Andrew Ogletree,clt
TE,419,35.15%,0,0.00%,211,44.99%,AlieMo00,Mo Alie-Cox,clt
TE,8,0.67%,0,0.00%,6,1.28%,McKeSe01,Sean McKeon,clt
TE,899,75.42%,0,0.00%,3,0.64%,WarrTy00,Tyler Warren,clt
TE,16,1.34%,0,0.00%,1,0.21%,MallWi00,Will Mallory,clt
WR,124,10.40%,0,0.00%,4,0.85%,MitcAd00,Adonai Mitchell,clt
WR,813,68.20%,1,0.08%,5,1.07%,PierAl00,Alec Pierce,clt
WR,58,4.87%,0,0.00%,72,15.35%,GoulAn00,Anthony Gould,clt
WR,163,13.67%,1,0.08%,198,42.22%,DuliAs00,Ashton Dulin,clt
WR,1,0.08%,0,0.00%,19,4.05%,OwenCo00,Coleman Owen,clt
WR,594,49.83%,0,0.00%,16,3.41%,DownJo00,Josh Downs,clt
WR,36,3.02%,0,0.00%,141,30.06%,TreaLa00,Laquon Treadwell,clt
WR,918,77.01%,0,0.00%,4,0.85%,PittMi01,Michael Pittman Jr.,clt
CB,0,0.00%,159,13.70%,168,34.01%,BrasCh00,Christian Braswell,jax
CB,0,0.00%,462,39.79%,39,7.89%,NewsGr00,Greg Newsome II,jax
CB,0,0.00%,516,44.44%,180,36.44%,JoneJa14,Jarrian Jones,jax
CB,0,0.00%,612,52.71%,8,1.62%,LewiJo01,Jourdan Lewis,jax
CB,0,0.00%,735,63.31%,83,16.80%,BrowMo00,Montaric Brown,jax
CB,0,0.00%,324,27.91%,9,1.82%,CampTy01,Tyson Campbell,jax
DB,0,0.00%,21,1.81%,12,2.43%,SilmCa00,Cam'Ron Silmon-Craig,jax
DE,0,0.00%,450,38.76%,27,5.47%,SmooDa00,Dawuane Smoot,jax
DE,0,0.00%,845,72.78%,67,13.56%,AlleJo03,Josh Hines-Allen,jax
DE,0,0.00%,525,45.22%,45,9.11%,WalkTr03,Travon Walker,jax
DL,0,0.00%,192,16.54%,41,8.30%,JohnAu01,Austin Johnson,jax
DL,0,0.00%,105,9.04%,187,37.85%,GreeBJ00,B.J. Green,jax
DL,0,0.00%,135,11.63%,95,19.23%,StriDa01,Danny Striggow,jax
DL,0,0.00%,323,27.82%,3,0.61%,OgbaEm00,Emmanuel Ogbah,jax
DL,0,0.00%,196,16.88%,54,10.93%,DickMa00,Matt Dickerson,jax
DT,0,0.00%,619,53.32%,7,1.42%,ArmsAr01,Arik Armstead,jax
DT,0,0.00%,486,41.86%,63,12.75%,HamiDa02,DaVon Hamilton,jax
DT,0,0.00%,25,2.15%,0,0.00%,SaunKh00,Khalen Saunders,jax
DT,0,0.00%,311,26.79%,20,4.05%,SmitMa07,Maason Smith,jax
K,0,0.00%,0,0.00%,184,37.25%,LittCa00,Cam Little,jax
LB,0,0.00%,28,2.41%,177,35.83%,CombBr00,Branson Combs,jax
LB,0,0.00%,423,36.43%,272,55.06%,GardDe01,Dennis Gardeck,jax
LB,0,0.00%,706,60.81%,91,18.42%,LloyDe00,Devin Lloyd,jax
LB,0,0.00%,1036,89.23%,69,13.97%,OluoFo00,Foyesade Oluokun,jax
LB,0,0.00%,43,3.70%,193,39.07%,KiseJa00,Jack Kiser,jax
LB,0,0.00%,220,18.95%,299,60.53%,MillVe00,Ventrell Miller,jax
LB,0,0.00%,2,0.17%,176,35.63%,AbduYa00,Yasir Abdullah,jax
LS,0,0.00%,0,0.00%,144,29.15%,MatiRo00,Ross Matiscik,jax
OL,973,80.15%,0,0.00%,59,11.94%,HarrAn00,Anton Harrison,jax
OL,99,8.15%,0,0.00%,68,13.77%,EdogCh00,Chuma Edoga,jax
OL,632,52.06%,0,0.00%,79,15.99%,VanxCo00,Cole Van Lanen,jax
OL,1059,87.23%,0,0.00%,78,15.79%,ClevEz00,Ezra Cleveland,jax
OL,0,0.00%,0,0.00%,5,1.01%,CarvJe00,Jerome Carvin,jax
OL,207,17.05%,0,0.00%,85,17.21%,MonhJo00,Jonah Monheim,jax
OL,871,71.75%,0,0.00%,57,11.54%,MekaPa00,Patrick Mekari,jax
OL,0,0.00%,0,0.00%,6,1.21%,LeexRi00,Ricky Lee,jax
OL,950,78.25%,0,0.00%,4,0.81%,HainRo00,Robert Hainsey,jax
OL,969,79.82%,0,0.00%,71,14.37%,LittWa00,Walker Little,jax
OL,96,7.91%,0,0.00%,53,10.73%,MiluWy00,Wyatt Milum,jax
P,0,0.00%,0,0.00%,149,30.16%,CookLo00,Logan Cooke,jax
QB,36,2.97%,0,0.00%,0,0.00%,MullNi00,Nick Mullens,jax
QB,1114,91.76%,0,0.00%,0,0.00%,LawrTr00,Trevor Lawrence,jax
RB,215,17.71%,0,0.00%,64,12.96%,TuteBh00,Bhayshul Tuten,jax
RB,10,0.82%,0,0.00%,30,6.07%,DallDe00,DeeJay Dallas,jax
RB,259,21.33%,0,0.00%,157,31.78%,AlleLe01,LeQuint Allen,jax
RB,14,1.15%,0,0.00%,7,1.42%,BigsTa00,Tank Bigsby,jax
RB,691,56.92%,0,0.00%,0,0.00%,EtieTr00,Travis Etienne,jax
S,0,0.00%,961,82.77%,88,17.81%,WingAn01,Andrew Wingard,jax
S,0,0.00%,659,56.76%,200,40.49%,JohnAn07,Antonio Johnson,jax
S,0,0.00%,48,4.13%,0,0.00%,SavaDa00,Darnell Savage Jr.,jax
S,0,0.00%,602,51.85%,24,4.86%,MurrEr00,Eric Murray,jax
S,0,0.00%,0,0.00%,4,0.81%,ThorJu00,Juan Thornhill,jax
S,0,0.00%,117,10.08%,341,69.03%,LaneRa00,Rayuan Lane,jax
TE,591,48.68%,0,0.00%,2,0.40%,StraBr00,Brenton Strange,jax
TE,258,21.25%,0,0.00%,78,15.79%,LongHu00,Hunter Long,jax
TE,389,32.04%,0,0.00%,70,14.17%,MundJo00,Johnny Mundt,jax
TE,214,17.63%,0,0.00%,253,51.21%,MorrQu00,Quintin Morris,jax
WR,91,7.50%,0,0.00%,9,1.82%,TramAu00,Austin Trammell,jax
WR,741,61.04%,0,0.00%,0,0.00%,ThomBr06,Brian Thomas,jax
WR,356,29.32%,0,0.00%,12,2.43%,BrowDy00,Dyami Brown,jax
WR,463,38.14%,0,0.00%,1,0.20%,MeyeJa01,Jakobi Meyers,jax
WR,672,55.35%,0,0.00%,72,14.57%,WashPa01,Parker Washington,jax
WR,20,1.65%,0,0.00%,33,6.68%,JoneTi00,Tim Jones,jax
WR,336,27.68%,0,0.00%,25,5.06%,PatrTi00,Tim Patrick,jax
WR,324,26.69%,162,13.95%,3,0.61%,HuntTr00,Travis Hunter,jax
C,1093,90.63%,0,0.00%,73,16.74%,HumpCr00,Creed Humphrey,kan
CB,0,0.00%,190,16.89%,162,37.16%,RolaCh00,Christian Roland-Wallace,kan
CB,0,0.00%,867,77.07%,1,0.23%,WatsJa02,Jaylen Watson,kan
CB,0,0.00%,17,1.51%,256,58.72%,WillJo03,Joshua Williams,kan
CB,0,0.00%,208,18.49%,10,2.29%,FultKr00,Kristian Fulton,kan
CB,0,0.00%,688,61.16%,2,0.46%,McDuTr00,Trent McDuffie,kan
DB,0,0.00%,1021,90.76%,90,20.64%,ConnCh01,Chamarri Conner,kan
DB,0,0.00%,445,39.56%,308,70.64%,HickJa01,Jaden Hicks,kan
DB,0,0.00%,82,7.29%,231,52.98%,KnowKe00,Kevin Knowles,kan
DB,0,0.00%,457,40.62%,280,64.22%,WillNo01,Nohl Williams,kan
DE,0,0.00%,485,43.11%,76,17.43%,GillAs00,Ashton Gillotte,kan
DE,0,0.00%,565,50.22%,0,0.00%,OmenCh00,Charles Omenihu,kan
DE,0,0.00%,762,67.73%,68,15.60%,KarlGe00,George Karlaftis III,kan
DE,0,0.00%,6,0.53%,0,0.00%,HerrMa02,Malik Herring,kan
DE,0,0.00%,389,34.58%,63,14.45%,DannMi00,Michael Danna,kan
DL,0,0.00%,376,33.42%,74,16.97%,TillJe00,Jerry Tillery,kan
DT,0,0.00%,761,67.64%,0,0.00%,JoneCh09,Chris Jones,kan
DT,0,0.00%,308,27.38%,64,14.68%,NnadDe00,Derrick Nnadi,kan
DT,0,0.00%,17,1.51%,0,0.00%,TuipMa00,Marlon Tuipulotu,kan
DT,0,0.00%,72,6.40%,0,0.00%,NormOm00,Omarr Norman-Lott,kan
DT,0,0.00%,59,5.24%,0,0.00%,PickZa00,Zacch Pickens,kan
G,665,55.14%,0,0.00%,48,11.01%,SmitTr05,Trey Smith,kan
K,0,0.00%,0,0.00%,160,36.70%,ButkHa00,Harrison Butker,kan
LB,0,0.00%,0,0.00%,55,12.61%,ChriCo00,Cole Christiansen,kan
LB,0,0.00%,57,5.07%,289,66.28%,McDoCo01,Cooper McDonald,kan
LB,0,0.00%,883,78.49%,74,16.97%,TranDr00,Drue Tranquill,kan
LB,0,0.00%,11,0.98%,22,5.05%,DownEt00,Ethan Downs,kan
LB,0,0.00%,61,5.42%,342,78.44%,CochJa00,Jack Cochrane,kan
LB,0,0.00%,39,3.47%,276,63.30%,BassJe00,Jeffrey Bassa,kan
LB,0,0.00%,440,39.11%,227,52.06%,ChenLe00,Leo Chenal,kan
LB,0,0.00%,1011,89.87%,72,16.51%,BoltNi00,Nick Bolton,kan
LS,0,0.00%,0,0.00%,129,29.59%,WincJa00,James Winchester,kan
NT,0,0.00%,175,15.56%,9,2.06%,PennMi00,Mike Pennel,kan
OL,1,0.08%,0,0.00%,11,2.52%,HansCJ00,C.J. Hanson,kan
OL,275,22.80%,0,0.00%,17,3.90%,PoleEs00,Esa Pole,kan
OL,93,7.71%,0,0.00%,43,9.86%,NourHu00,Hunter Nourzad,kan
OL,427,35.41%,0,0.00%,65,14.91%,MoorJa04,Jaylon Moore,kan
OL,422,34.99%,0,0.00%,73,16.74%,CaliMi00,Mike Caliendo,kan
OL,66,5.47%,0,0.00%,51,11.70%,MorrWa01,Wanya Morris,kan
P,0,0.00%,0,0.00%,129,29.59%,AraiMa00,Matt Araiza,kan
QB,109,9.04%,0,0.00%,0,0.00%,OladCh00,Chris Oladokun,kan
QB,41,3.40%,0,0.00%,0,0.00%,MinsGa00,Gardner Minshew II,kan
QB,934,77.45%,0,0.00%,0,0.00%,MahoPa00,Patrick Mahomes,kan
QB,29,2.40%,0,0.00%,0,0.00%,BuecSh00,Shane Buechele,kan
RB,191,15.84%,0,0.00%,56,12.84%,SmitBr09,Brashard Smith,kan
RB,19,1.58%,0,0.00%,0,0.00%,EdwaCl00,Clyde Edwards-Helaire,kan
RB,5,0.41%,0,0.00%,0,0.00%,PierDa01,Dameon Pierce,kan
RB,7,0.58%,0,0.00%,0,0.00%,MitcEl00,Elijah Mitchell,kan
RB,424,35.16%,0,0.00%,0,0.00%,PachIs00,Isiah Pacheco,kan
RB,529,43.86%,0,0.00%,0,0.00%,HuntKa00,Kareem Hunt,kan
S,0,0.00%,857,76.18%,65,14.91%,CookBr02,Bryan Cook,kan
S,0,0.00%,119,10.58%,37,8.49%,EdwaMi01,Mike Edwards,kan
S,0,0.00%,0,0.00%,27,6.19%,JohnNa01,Nazeeh Johnson,kan
T,186,15.42%,0,0.00%,8,1.83%,GodrJa00,Chukwuebuka Godrick,kan
T,760,63.02%,0,0.00%,10,2.29%,TaylJa02,Jawaan Taylor,kan
T,526,43.62%,0,0.00%,36,8.26%,SimmJo01,Josh Simmons,kan
T,1091,90.46%,0,0.00%,71,16.28%,SuamKi00,Kingsley Suamataia,kan
TE,28,2.32%,0,0.00%,25,5.73%,WileJa00,Jared Wiley,kan
TE,545,45.19%,0,0.00%,125,28.67%,GrayNo00,Noah Gray,kan
TE,133,11.03%,0,0.00%,108,24.77%,TonyRo00,Robert Tonyan,kan
TE,902,74.79%,0,0.00%,0,0.00%,KelcTr00,Travis Kelce,kan
WR,86,7.13%,0,0.00%,52,11.93%,RoyaJa00,Jalen Royals,kan
WR,26,2.16%,0,0.00%,21,4.82%,BrowJa07,Jason Brownlee,kan
WR,1,0.08%,0,0.00%,0,0.00%,HoliJi00,Jimmy Holiday,kan
WR,620,51.41%,0,0.00%,0,0.00%,SmitJu00,JuJu Smith-Schuster,kan
WR,551,45.69%,0,0.00%,0,0.00%,BrowMa04,Marquise Brown,kan
WR,31,2.57%,0,0.00%,105,24.08%,RemiNi00,Nikko Remigio,kan
WR,415,34.41%,0,0.00%,0,0.00%,RiceRa01,Rashee Rice,kan
WR,368,30.51%,0,0.00%,38,8.72%,ThorTy00,Tyquan Thornton,kan
WR,645,53.48%,0,0.00%,8,1.83%,WortXa00,Xavier Worthy,kan
C,676,63.65%,0,0.00%,34,7.85%,MereJo00,Jordan Meredith,rai
C,139,13.09%,0,0.00%,44,10.16%,PutnWi00,Will Putnam,rai
CB,0,0.00%,0,0.00%,54,12.47%,AnusCh00,Chigozie Anusiem,rai
CB,0,0.00%,606,49.35%,155,35.80%,PortDa00,Darien Porter,rai
CB,0,0.00%,173,14.09%,49,11.32%,HolmDa01,Darnay Holmes,rai
CB,0,0.00%,13,1.06%,204,47.11%,RichDe01,Decamerion Richardson,rai
CB,0,0.00%,1037,84.45%,0,0.00%,StokEr00,Eric Stokes,rai
CB,0,0.00%,92,7.49%,0,0.00%,VancGr00,Greedy Vance,rai
CB,0,0.00%,579,47.15%,5,1.15%,BluxKy00,Kyu Blu Kelly,rai
DE,0,0.00%,324,26.38%,112,25.87%,SnowCh00,Charles Snowden,rai
DE,0,0.00%,27,2.20%,3,0.69%,HarvJa00,Jahfari Harvey,rai
DE,0,0.00%,501,40.80%,164,37.88%,KoonMa00,Malcolm Koonce,rai
DE,0,0.00%,935,76.14%,29,6.70%,CrosMa00,Maxx Crosby,rai
DE,0,0.00%,463,37.70%,83,19.17%,WilsTy01,Tyree Wilson,rai
DL,0,0.00%,147,11.97%,13,3.00%,FotuLe00,Leki Fotu,rai
DT,0,0.00%,684,55.70%,75,17.32%,ButlAd00,Adam Butler,rai
DT,0,0.00%,137,11.16%,21,4.85%,PeguJJ00,JJ Pegues,rai
DT,0,0.00%,764,62.21%,109,25.17%,LaulJo00,Jonah Laulu,rai
DT,0,0.00%,603,49.10%,76,17.55%,BookTh00,Thomas Booker,rai
DT,4,0.38%,195,15.88%,44,10.16%,HemiTo00,Tonka Hemingway,rai
G,538,50.66%,0,0.00%,40,9.24%,CappAl00,Alex Cappa,rai
G,152,14.31%,0,0.00%,6,1.39%,MafiAt00,Atonio Mafi,rai
G,284,26.74%,0,0.00%,9,2.08%,RogeCa01,Caleb Rogers,rai
G,842,79.28%,0,0.00%,42,9.70%,ParhDy00,Dylan Parham,rai
G,354,33.33%,0,0.00%,24,5.54%,PoweJa00,Jackson Powers-Johnson,rai
K,0,0.00%,0,0.00%,112,25.87%,CarlDa00,Daniel Carlson,rai
LB,0,0.00%,0,0.00%,47,10.85%,JackBr02,Brennan Jackson,rai
LB,0,0.00%,0,0.00%,362,83.60%,LindCo00,Cody Lindenberg,rai
LB,0,0.00%,1118,91.04%,0,0.00%,WhitDe02,Devin White,rai
LB,0,0.00%,654,53.26%,0,0.00%,RobeEl00,Elandon Roberts,rai
LB,0,0.00%,225,18.32%,0,0.00%,PratGe00,Germaine Pratt,rai
LB,0,0.00%,448,36.48%,0,0.00%,AdamJa00,Jamal Adams,rai
LB,0,0.00%,16,1.30%,0,0.00%,DaviJa11,Jamin Davis,rai
LB,0,0.00%,0,0.00%,236,54.50%,RhatJo00,Jon Rhattigan,rai
LB,0,0.00%,89,7.25%,371,85.68%,EichTo00,Tommy Eichenberg,rai
LS,0,0.00%,0,0.00%,125,28.87%,BobeJa00,Jacob Bobenmoyer,rai
OL,704,66.29%,0,0.00%,49,11.32%,ForsSt00,Stone Forsythe,rai
P,0,0.00%,0,0.00%,124,28.64%,ColeAJ01,AJ Cole III,rai
QB,51,4.80%,0,0.00%,0,0.00%,OConAi00,Aidan O'Connell,rai
QB,863,81.26%,0,0.00%,0,0.00%,SmitGe00,Geno Smith,rai
QB,79,7.44%,0,0.00%,0,0.00%,PickKe00,Kenny Pickett,rai
RB,771,72.60%,0,0.00%,2,0.46%,JeanAs00,Ashton Jeanty,rai
RB,27,2.54%,0,0.00%,202,46.65%,LaubDy00,Dylan Laube,rai
RB,137,12.90%,0,0.00%,62,14.32%,MostRa00,Raheem Mostert,rai
RB,62,5.84%,0,0.00%,55,12.70%,WhitZa01,Zamir White,rai
S,0,0.00%,3,0.24%,156,36.03%,SmitCh04,Christopher Smith,rai
S,0,0.00%,1080,87.95%,71,16.40%,PolaIs00,Isaiah Pola-Mao,rai
S,0,0.00%,996,81.11%,0,0.00%,ChinJe00,Jeremy Chinn,rai
S,0,0.00%,321,26.14%,67,15.47%,JohnLo01,Lonnie Johnson Jr.,rai
S,0,0.00%,1,0.08%,1,0.23%,EdmuTe00,Terrell Edmunds,rai
S,0,0.00%,145,11.81%,321,74.13%,McCoTr00,Tristin McCollum,rai
T,59,5.56%,0,0.00%,13,3.00%,GranCh00,Charles Grant,rai
T,2,0.19%,0,0.00%,0,0.00%,WagnDa00,Dalton Wagner,rai
T,992,93.41%,0,0.00%,49,11.32%,GlazDe00,Delmar Glaze,rai
T,250,23.54%,0,0.00%,14,3.23%,MillKo00,Kolton Miller,rai
TE,31,2.92%,0,0.00%,0,0.00%,OkwuAl00,Albert Okwuegbunam,rai
TE,605,56.97%,0,0.00%,0,0.00%,BoweBr01,Brock Bowers,rai
TE,45,4.24%,0,0.00%,206,47.58%,RunyCa00,Carter Runyon,rai
TE,318,29.94%,0,0.00%,96,22.17%,ThomIa00,Ian Thomas,rai
TE,465,43.79%,0,0.00%,86,19.86%,MayeMi00,Michael Mayer,rai
WR,49,4.61%,0,0.00%,119,27.48%,BachAl00,Alex Bachman,rai
WR,0,0.00%,0,0.00%,4,0.92%,TurnDJ00,DJ Turner,rai
WR,399,37.57%,0,0.00%,0,0.00%,ThorDo00,Dont'e Thornton,rai
WR,343,32.30%,0,0.00%,131,30.25%,BechJa00,Jack Bech,rai
WR,409,38.51%,0,0.00%,2,0.46%,MeyeJa01,Jakobi Meyers,rai
WR,5,0.47%,0,0.00%,81,18.71%,ShorJu00,Justin Shorter,rai
WR,22,2.07%,0,0.00%,39,9.01%,JackSh01,Shedrick Jackson,rai
WR,942,88.70%,0,0.00%,21,4.85%,TuckTr00,Tre Tucker,rai
WR,308,29.00%,0,0.00%,0,0.00%,LockTy00,Tyler Lockett,rai
C,84,6.91%,0,0.00%,79,16.92%,JameAn01,Andre James,sdg
C,1059,87.09%,0,0.00%,0,0.00%,BozeBr00,Bradley Bozeman,sdg
CB,0,0.00%,356,33.30%,296,63.38%,StJuBe00,Benjamin St-Juste,sdg
CB,0,0.00%,639,59.78%,129,27.62%,HartCa00,Cam Hart,sdg
CB,0,0.00%,594,55.57%,3,0.64%,JackDo02,Donte Jackson,sdg
CB,0,0.00%,50,4.68%,26,5.57%,ReedNi00,Nikko Reed,sdg
CB,0,0.00%,772,72.22%,25,5.35%,StilTa00,Tarheeb Still,sdg
DB,0,0.00%,36,3.37%,171,36.62%,LeonDe00,Deane Leonard,sdg
DB,0,0.00%,540,50.51%,11,2.36%,MoldEl00,Elijah Molden,sdg
DB,0,0.00%,16,1.50%,172,36.83%,TaylJa04,Ja'Sir Taylor,sdg
DL,0,0.00%,451,42.19%,53,11.35%,HandDa00,Da'Shawn Hand,sdg
DL,0,0.00%,406,37.98%,149,31.91%,EboiJu00,Justin Eboigbe,sdg
DL,1,0.08%,112,10.48%,28,6.00%,JoneNa01,Naquan Jones,sdg
DL,0,0.00%,138,12.91%,29,6.21%,OgboOt00,Otito Ogbonnia,sdg
DL,0,0.00%,497,46.49%,32,6.85%,TartTe00,Teair Tart,sdg
DT,0,0.00%,486,45.46%,76,16.27%,CaldJa00,Jamaree Caldwell,sdg
FB,334,27.47%,18,1.68%,153,32.76%,MatlSc00,Scott Matlock,sdg
G,71,5.84%,0,0.00%,0,0.00%,TaylBr04,Branson Taylor,sdg
G,734,60.36%,0,0.00%,59,12.63%,BectMe00,Mekhi Becton,sdg
G,606,49.84%,0,0.00%,50,10.71%,PipkTr00,Trey Pipkins,sdg
G,1072,88.16%,0,0.00%,78,16.70%,JohnZi00,Zion Johnson,sdg
K,0,0.00%,0,0.00%,169,36.19%,DickCa00,Cameron Dicker,sdg
LB,0,0.00%,390,36.48%,84,17.99%,DuprAl00,Bud Dupree,sdg
LB,0,0.00%,129,12.07%,118,25.27%,MurpCa00,Caleb Murphy,sdg
LB,0,0.00%,17,1.59%,8,1.71%,FerrCl00,Clelin Ferrell,sdg
LB,0,0.00%,928,86.81%,15,3.21%,HenlDa00,Daiyan Henley,sdg
LB,0,0.00%,82,7.67%,352,75.37%,PhilDe00,Del'Shawn Phillips,sdg
LB,0,0.00%,298,27.88%,6,1.28%,PerrDe00,Denzel Perryman,sdg
LB,0,0.00%,424,39.66%,2,0.43%,MackKh00,Khalil Mack,sdg
LB,0,0.00%,80,7.48%,13,2.78%,KennKy00,Kyle Kennard,sdg
LB,0,0.00%,39,3.65%,323,69.16%,WaxxMa00,Marlowe Wax,sdg
LB,0,0.00%,344,32.18%,21,4.50%,OwehJa00,Odafe Oweh,sdg
LB,0,0.00%,471,44.06%,282,60.39%,DyexTr00,Troy Dye,sdg
LB,0,0.00%,733,68.57%,150,32.12%,TuipTu00,Tuli Tuipulotu,sdg
LS,0,0.00%,0,0.00%,71,15.20%,HarrJo02,Josh Harris,sdg
LS,0,0.00%,0,0.00%,68,14.56%,LovaRi00,Rick Lovato,sdg
OL,449,36.92%,0,0.00%,52,11.13%,SalyJa00,Jamaree Salyer,sdg
P,0,0.00%,0,0.00%,141,30.19%,ScotJK00,JK Scott,sdg
QB,1043,85.77%,0,0.00%,0,0.00%,HerbJu00,Justin Herbert,sdg
QB,100,8.22%,0,0.00%,0,0.00%,LancTr00,Trey Lance,sdg
RB,4,0.33%,0,0.00%,3,0.64%,JohnAm00,Amar Johnson,sdg
RB,83,6.83%,0,0.00%,157,33.62%,HaskHa00,Hassan Haskins,sdg
RB,116,9.54%,0,0.00%,9,1.93%,PattJa01,Jaret Patterson,sdg
RB,481,39.56%,0,0.00%,31,6.64%,VidaKi00,Kimani Vidal,sdg
RB,43,3.54%,0,0.00%,0,0.00%,HarrNa00,Najee Harris,sdg
RB,4,0.33%,0,0.00%,3,0.64%,HineNy00,Nyheim Hines,sdg
RB,384,31.58%,0,0.00%,3,0.64%,HampOm00,Omarion Hampton,sdg
RB,18,1.48%,0,0.00%,38,8.14%,WillTr06,Trayveon Williams,sdg
S,0,0.00%,277,25.91%,42,8.99%,GilmAl00,Alohi Gilman,sdg
S,0,0.00%,893,83.54%,11,2.36%,JameDe00,Derwin James,sdg
S,0,0.00%,27,2.53%,263,56.32%,WillKe07,Kendall Williamson,sdg
S,0,0.00%,21,1.96%,3,0.64%,MayeMa00,Marcus Maye,sdg
S,0,0.00%,90,8.42%,3,0.64%,WillMa06,Marcus Williams,sdg
S,1,0.08%,328,30.68%,82,17.56%,MickRJ00,R.J. Mickens,sdg
S,0,0.00%,490,45.84%,31,6.64%,JeffTo00,Tony Jefferson,sdg
T,516,42.43%,0,0.00%,40,8.57%,DecuAu00,Austin Deculus,sdg
T,510,41.94%,0,0.00%,45,9.64%,HartBo00,Bobby Hart,sdg
T,0,0.00%,0,0.00%,8,1.71%,SharDa02,David Sharpe,sdg
T,177,14.56%,0,0.00%,23,4.93%,SareFo00,Foster Sarell,sdg
T,313,25.74%,0,0.00%,25,5.35%,AltxJo01,Joe Alt,sdg
T,193,15.87%,0,0.00%,29,6.21%,PennTr00,Trevor Penning,sdg
TE,627,51.56%,0,0.00%,84,17.99%,GadsOr01,Oronde Gadsden II,sdg
TE,233,19.16%,0,0.00%,27,5.78%,FiskTu00,Tucker Fisk,sdg
TE,169,13.90%,0,0.00%,113,24.20%,ConkTy00,Tyler Conklin,sdg
TE,189,15.54%,0,0.00%,63,13.49%,DissWi00,Will Dissly,sdg
WR,84,6.91%,0,0.00%,83,17.77%,DaviDe02,Derius Davis,sdg
WR,123,10.12%,0,0.00%,53,11.35%,LambKe01,KeAndre Lambert-Smith,sdg
WR,630,51.81%,0,0.00%,1,0.21%,AlleKe00,Keenan Allen,sdg
WR,837,68.83%,0,0.00%,19,4.07%,McCoLa00,Ladd McConkey,sdg
WR,723,59.46%,0,0.00%,0,0.00%,JohnQu02,Quentin Johnston,sdg
WR,555,45.64%,0,0.00%,62,13.28%,HarrTr03,Tre Harris,sdg
CB,0,0.00%,0,0.00%,8,1.71%,GreeAJ00,A.J. Green,ram
CB,0,0.00%,173,13.81%,10,2.13%,WithAh00,Ahkello Witherspoon,ram
CB,0,0.00%,819,65.36%,90,19.19%,DuraDe01,Cobie Durant,ram
CB,0,0.00%,458,36.55%,34,7.25%,WillDa09,Darious Williams,ram
CB,0,0.00%,12,0.96%,59,12.58%,KendDe00,Derion Kendrick,ram
CB,0,0.00%,814,64.96%,82,17.48%,ForbEm00,Emmanuel Forbes,ram
CB,0,0.00%,270,21.55%,154,32.84%,WallJo00,Josh Wallace,ram
CB,0,0.00%,38,3.03%,61,13.01%,McCrRo01,Roger McCreary,ram
CB,0,0.00%,0,0.00%,60,12.79%,BrowTr03,Tre Brown,ram
DB,0,0.00%,0,0.00%,65,13.86%,SmitCh04,Christopher Smith,ram
DE,0,0.00%,542,43.26%,51,10.87%,FiskBr00,Braden Fiske,ram
DE,0,0.00%,101,8.06%,82,17.48%,JohnDe08,Desjuan Johnson,ram
DE,0,0.00%,8,0.64%,7,1.49%,HeflJa00,Jack Heflin,ram
DE,0,0.00%,750,59.86%,92,19.62%,TurnKo00,Kobie Turner,ram
DE,0,0.00%,126,10.06%,44,9.38%,MurcLa00,Larrell Murchison,ram
DE,0,0.00%,475,37.91%,27,5.76%,DaviTy05,Tyler Davis,ram
DL,0,0.00%,138,11.01%,0,0.00%,HamiTy00,Ty Hamilton,ram
K,0,0.00%,0,0.00%,58,12.37%,MeviHa00,Harrison Mevis,ram
K,0,0.00%,0,0.00%,77,16.42%,KartJo00,Joshua Karty,ram
LB,0,0.00%,854,68.16%,28,5.97%,YounBy01,Byron Young,ram
LB,0,0.00%,0,0.00%,23,4.90%,NealEl00,Elias Neal,ram
LB,0,0.00%,856,68.32%,65,13.86%,VersJa00,Jared Verse,ram
LB,0,0.00%,374,29.85%,121,25.80%,StewJo03,Josaiah Stewart,ram
LB,0,0.00%,1017,81.17%,92,19.62%,LandNa01,Nathan Landman,ram
LB,0,0.00%,112,8.94%,194,41.36%,HampNi00,Nick Hampton,ram
LB,0,0.00%,673,53.71%,280,59.70%,SpeiOm00,Omar Speights,ram
LB,0,0.00%,42,3.35%,258,55.01%,DolaSh00,Shaun Dolac,ram
LB,0,0.00%,81,6.46%,328,69.94%,ReedTr01,Troy Reeder,ram
LS,0,0.00%,0,0.00%,66,14.07%,WardAl00,Alex Ward,ram
LS,0,0.00%,0,0.00%,78,16.63%,McQuJa00,Jake McQuaide,ram
NT,0,0.00%,508,40.54%,67,14.29%,FordPo00,Poona Ford,ram
OL,1051,86.29%,0,0.00%,89,18.98%,JackAl01,Alaric Jackson,ram
OL,55,4.52%,0,0.00%,20,4.26%,LimmBe00,Beaux Limmer,ram
OL,1120,91.95%,0,0.00%,67,14.29%,ShelCo00,Coleman Shelton,ram
OL,84,6.90%,0,0.00%,31,6.61%,HumpD.00,D.J. Humphries,ram
OL,18,1.48%,0,0.00%,73,15.57%,QuesDa00,David Quessenberry,ram
OL,496,40.72%,0,0.00%,91,19.40%,DediJu00,Justin Dedich,ram
OL,886,72.74%,0,0.00%,73,15.57%,DotsKe00,Kevin Dotson,ram
OL,462,37.93%,0,0.00%,16,3.41%,HaveRo00,Rob Havenstein,ram
OL,836,68.64%,0,0.00%,77,16.42%,AvilSt00,Steve Avila,ram
OL,667,54.76%,0,0.00%,93,19.83%,McClWa00,Warren McClendon,ram
P,0,0.00%,0,0.00%,205,43.71%,EvanEt00,Ethan Evans,ram
QB,18,1.48%,0,0.00%,0,0.00%,GaroJi00,Jimmy Garoppolo,ram
QB,1117,91.71%,0,0.00%,0,0.00%,StafMa00,Matthew Stafford,ram
RB,332,27.26%,0,0.00%,64,13.65%,CoruBl00,Blake Corum,ram
RB,0,0.00%,0,0.00%,4,0.85%,SchrCo00,Cody Schrader,ram
RB,0,0.00%,0,0.00%,22,4.69%,HuntJa03,Jarquez Hunter,ram
RB,772,63.38%,0,0.00%,9,1.92%,WillKy02,Kyren Williams,ram
RB,19,1.56%,0,0.00%,91,19.40%,RiveRo01,Ronnie Rivers,ram
S,0,0.00%,510,40.70%,310,66.10%,McCoJa02,Jaylen McCollough,ram
S,0,0.00%,1112,88.75%,46,9.81%,CurlKa00,Kamren Curl,ram
S,0,0.00%,842,67.20%,57,12.15%,KincKa00,Kamren Kinchens,ram
S,0,0.00%,634,50.60%,46,9.81%,LakeQu00,Quentin Lake,ram
S,0,0.00%,3,0.24%,43,9.17%,InglTa00,Tanner Ingle,ram
TE,621,50.99%,0,0.00%,30,6.40%,ParkCo02,Colby Parkinson,ram
TE,585,48.03%,0,0.00%,211,44.99%,AlleDa02,Davis Allen,ram
TE,24,1.97%,0,0.00%,51,10.87%,VannNi00,Nick Vannett,ram
TE,356,29.23%,0,0.00%,73,15.57%,FergTe00,Terrance Ferguson,ram
TE,366,30.05%,0,0.00%,5,1.07%,HigbTy00,Tyler Higbee,ram
WR,0,0.00%,0,0.00%,4,0.85%,PresBr00,Brennan Presley,ram
WR,635,52.13%,0,0.00%,2,0.43%,AdamDa01,Davante Adams,ram
WR,443,36.37%,0,0.00%,166,35.39%,WhitJo04,Jordan Whittington,ram
WR,375,30.79%,0,0.00%,73,15.57%,MumpKo00,Konata Mumpfield,ram
WR,727,59.69%,0,0.00%,2,0.43%,NacuPu00,Puka Nacua,ram
WR,187,15.35%,0,0.00%,0,0.00%,AtweTu00,Tutu Atwell,ram
WR,233,19.13%,0,0.00%,151,32.20%,SmitXa00,Xavier Smith,ram
CB,0,0.00%,8,0.66%,11,2.42%,GreeAJ00,A.J. Green,mia
CB,0,0.00%,63,5.18%,8,1.76%,ArmsCo00,Cornell Armstrong,mia
CB,1,0.10%,90,7.40%,254,55.95%,BonnEt00,Ethan Bonner,mia
CB,0,0.00%,0,0.00%,9,1.98%,RobiEt00,Ethan Robinson,mia
CB,0,0.00%,3,0.25%,53,11.67%,JohnIs03,Isaiah Johnson,mia
CB,0,0.00%,907,74.53%,6,1.32%,JoneJa10,Jack Jones,mia
CB,0,0.00%,242,19.88%,95,20.93%,MarsJa00,Jason Marshall,mia
CB,0,0.00%,110,9.04%,38,8.37%,BrenJu00,Julius Brents,mia
CB,0,0.00%,22,1.81%,3,0.66%,ShefKe00,Kendall Sheffield,mia
CB,0,0.00%,850,69.84%,12,2.64%,DougRa00,Rasul Douglas,mia
CB,0,0.00%,44,3.62%,7,1.54%,DuckSt00,Storm Duck,mia
DB,0,0.00%,16,1.31%,183,40.31%,CampEl00,Elijah Campbell,mia
DT,0,0.00%,261,21.45%,64,14.10%,JoneBe03,Benito Jones,mia
DT,0,0.00%,465,38.21%,64,14.10%,PhilJo02,Jordan Phillips,mia
DT,0,0.00%,554,45.52%,69,15.20%,GranKe01,Kenneth Grant,mia
DT,0,0.00%,215,17.67%,43,9.47%,ButlMa02,Matthew Butler,mia
DT,0,0.00%,779,64.01%,145,31.94%,SielZa00,Zach Sieler,mia
DT,0,0.00%,214,17.58%,50,11.01%,BiggZe01,Zeek Biggers,mia
FB,362,34.71%,0,0.00%,89,19.60%,IngoAl01,Alec Ingold,mia
K,0,0.00%,0,0.00%,145,31.94%,PattRi01,Riley Patterson,mia
LB,0,0.00%,766,62.94%,0,0.00%,ChubBr00,Bradley Chubb,mia
LB,0,0.00%,0,0.00%,22,4.85%,JohnCa04,Caleb Johnson,mia
LB,0,0.00%,108,8.87%,318,70.04%,GoodCa00,Cameron Goode,mia
LB,0,0.00%,417,34.26%,14,3.08%,RobiCh00,Chop Robinson,mia
LB,0,0.00%,19,1.56%,0,0.00%,McLeDe00,Derrick McLendon,mia
LB,0,0.00%,0,0.00%,45,9.91%,WoodJa02,Jackson Woodard,mia
LB,0,0.00%,402,33.03%,7,1.54%,PhilJa02,Jaelan Phillips,mia
LB,0,0.00%,984,80.85%,3,0.66%,BrooJo01,Jordyn Brooks,mia
LB,0,0.00%,148,12.16%,334,73.57%,BritKJ00,K.J. Britt,mia
LB,1,0.10%,337,27.69%,109,24.01%,JudoMa00,Matt Judon,mia
LB,0,0.00%,114,9.37%,131,28.85%,BellQu00,Quinton Bell,mia
LB,0,0.00%,910,74.77%,43,9.47%,DodsTy01,Tyrel Dodson,mia
LB,0,0.00%,131,10.76%,127,27.97%,GayJWi00,Willie Gay Jr.,mia
LS,0,0.00%,0,0.00%,128,28.19%,CardJo00,Joe Cardona,mia
OL,911,87.34%,0,0.00%,0,0.00%,BrewAa01,Aaron Brewer,mia
OL,55,5.27%,0,0.00%,0,0.00%,MeyeAn00,Andrew Meyer,mia
OL,319,30.58%,0,0.00%,4,0.88%,JackAu00,Austin Jackson,mia
OL,806,77.28%,0,0.00%,21,4.63%,StraCo01,Cole Strange,mia
OL,176,16.87%,0,0.00%,65,14.32%,BrunDa00,Daniel Brunskill,mia
OL,3,0.29%,0,0.00%,0,0.00%,DaniJa01,James Daniels,mia
OL,981,94.06%,0,0.00%,65,14.32%,SavaJo00,Jonah Savaiinaea,mia
OL,147,14.09%,0,0.00%,53,11.67%,SmitKi00,Kion Smith,mia
OL,662,63.47%,0,0.00%,64,14.10%,BoroLa00,Larry Borom,mia
P,0,0.00%,0,0.00%,127,27.97%,BailJa00,Jake Bailey,mia
QB,179,17.16%,0,0.00%,0,0.00%,EwerQu00,Quinn Ewers,mia
QB,776,74.40%,0,0.00%,0,0.00%,TagoTu00,Tua Tagovailoa,mia
QB,26,2.49%,0,0.00%,0,0.00%,WilsZa00,Zach Wilson,mia
RB,694,66.54%,1,0.08%,4,0.88%,AchaDe00,De'Von Achane,mia
RB,127,12.18%,0,0.00%,4,0.88%,WrigJa04,Jaylen Wright,mia
RB,8,0.77%,0,0.00%,0,0.00%,WilsJe01,Jeff Wilson,mia
RB,222,21.28%,0,0.00%,95,20.93%,GordOl00,Ollie Gordon,mia
S,0,0.00%,714,58.67%,178,39.21%,DaviAs00,Ashtyn Davis,mia
S,1,0.10%,419,34.43%,261,57.49%,TradDa00,Dante Trader,mia
S,0,0.00%,547,44.95%,104,22.91%,MeliIf00,Ifeatu Melifonwu,mia
S,0,0.00%,0,0.00%,62,13.66%,ColbJo00,Jordan Colbert,mia
S,0,0.00%,845,69.43%,106,23.35%,FitzMi00,Minkah Fitzpatrick,mia
T,7,0.67%,0,0.00%,51,11.23%,LammKe00,Kendall Lamm,mia
T,974,93.38%,0,0.00%,64,14.10%,PaulPa01,Patrick Paul,mia
TE,232,22.24%,0,0.00%,2,0.44%,WallDa01,Darren Waller,mia
TE,245,23.49%,0,0.00%,52,11.45%,DulcGr00,Greg Dulcich,mia
TE,39,3.74%,0,0.00%,42,9.25%,RuccHa00,Hayden Rucci,mia
TE,439,42.09%,0,0.00%,175,38.55%,HillJu02,Julian Hill,mia
TE,181,17.35%,0,0.00%,116,25.55%,ConnTa00,Tanner Conner,mia
WR,206,19.75%,0,0.00%,21,4.63%,WilsCe01,Cedrick Wilson Jr.,mia
WR,88,8.44%,0,0.00%,79,17.40%,EskrDW00,D'Wayne Eskridge,mia
WR,722,69.22%,0,0.00%,4,0.88%,WaddJa00,Jaylen Waddle,mia
WR,562,53.88%,0,0.00%,146,32.16%,WashMa00,Malik Washington,mia
WR,386,37.01%,0,0.00%,149,32.82%,WestNi00,Nick Westbrook-Ikhine,mia
WR,45,4.31%,0,0.00%,5,1.10%,WashTa00,Tahj Washington,mia
WR,55,5.27%,0,0.00%,17,3.74%,WeasTh00,Theo Wease,mia
WR,155,14.86%,0,0.00%,2,0.44%,HillTy00,Tyreek Hill,mia
C,329,30.66%,0,0.00%,0,0.00%,KellRy00,Ryan Kelly,min
CB,0,0.00%,1046,86.45%,0,0.00%,MurpBy00,Byron Murphy,min
CB,0,0.00%,31,2.56%,20,4.26%,McGlDw00,Dwight McGlothern,min
CB,0,0.00%,198,16.36%,2,0.43%,MoreFa00,Fabian Moreau,min
CB,0,0.00%,963,79.59%,72,15.32%,RodgIs00,Isaiah Rodgers,min
CB,0,0.00%,93,7.69%,35,7.45%,OkudJe00,Jeff Okudah,min
CB,0,0.00%,0,0.00%,8,1.70%,VaugZe00,Zemaiah Vaughn,min
DL,0,0.00%,42,3.47%,29,6.17%,WillEl00,Elijah Williams,min
DL,0,0.00%,793,65.54%,86,18.30%,RedmJa01,Jalen Redmond,min
DL,0,0.00%,537,44.38%,0,0.00%,HargJa00,Javon Hargrave,min
DL,0,0.00%,810,66.94%,7,1.49%,AlleJo01,Jonathan Allen,min
DL,0,0.00%,461,38.10%,85,18.09%,RodrLe00,Levi Drake Rodriguez,min
DL,0,0.00%,35,2.89%,6,1.28%,TaimTa00,Taki Taimani,min
DL,0,0.00%,250,20.66%,95,20.21%,IngrTy00,Tyrion Ingram-Dawkins,min
FB,184,17.15%,0,0.00%,182,38.72%,HamxC.00,C.J. Ham,min
G,604,56.29%,0,0.00%,43,9.15%,BranBl00,Blake Brandel,min
G,0,0.00%,0,0.00%,12,2.55%,ByrdHe00,Henry Byrd,min
G,79,7.36%,0,0.00%,50,10.64%,HubeJo00,Joe Huber,min
G,309,28.80%,0,0.00%,42,8.94%,JurgMi02,Michael Jurgens,min
G,989,92.17%,0,0.00%,68,14.47%,FrieWi00,Will Fries,min
K,0,0.00%,0,0.00%,152,32.34%,ReicWi00,Will Reichard,min
LB,0,0.00%,582,48.10%,0,0.00%,VanGAn00,Andrew Van Ginkel,min
LB,0,0.00%,8,0.66%,191,40.64%,KeysAu00,Austin Keys,min
LB,0,0.00%,790,65.29%,5,1.06%,CashBl00,Blake Cashman,min
LB,0,0.00%,52,4.30%,372,79.15%,RichBo01,Bo Richter,min
LB,0,0.00%,25,2.07%,183,38.94%,ChamCh01,Chaz Chambliss,min
LB,0,0.00%,701,57.93%,124,26.38%,TurnDa01,Dallas Turner,min
LB,0,0.00%,965,79.75%,173,36.81%,WilsEr00,Eric Wilson,min
LB,0,0.00%,5,0.41%,13,2.77%,MurpGa00,Gabriel Murphy,min
LB,0,0.00%,323,26.69%,333,70.85%,PaceIv00,Ivan Pace,min
LB,0,0.00%,559,46.20%,0,0.00%,GreeJo04,Jonathan Greenard,min
LB,0,0.00%,3,0.25%,77,16.38%,KingKo00,Kobe King,min
LB,0,0.00%,0,0.00%,45,9.57%,TakiSi00,Sione Takitaki,min
LB,0,0.00%,42,3.47%,268,57.02%,BattTy00,Tyler Batty,min
LS,0,0.00%,0,0.00%,133,28.30%,DePaAn00,Andrew DePaola,min
OL,795,74.09%,0,0.00%,54,11.49%,JackDo03,Donovan Jackson,min
OL,0,0.00%,0,0.00%,4,0.85%,LeexVe00,Vershon Lee,min
P,0,0.00%,0,0.00%,133,28.30%,WrigRy00,Ryan Wright,min
QB,300,27.96%,0,0.00%,0,0.00%,WentCa00,Carson Wentz,min
QB,523,48.74%,0,0.00%,0,0.00%,McCaJJ00,J.J. McCarthy,min
QB,178,16.59%,0,0.00%,0,0.00%,BrosMa00,Max Brosmer,min
RB,366,34.11%,0,0.00%,0,0.00%,JoneAa00,Aaron Jones,min
RB,8,0.75%,0,0.00%,7,1.49%,AkerCa00,Cam Akers,min
RB,413,38.49%,0,0.00%,1,0.21%,MasoJo00,Jordan Mason,min
RB,42,3.91%,0,0.00%,27,5.74%,ChanTy01,Ty Chandler,min
RB,105,9.79%,0,0.00%,149,31.70%,ScotZa00,Zavier Scott,min
S,0,0.00%,793,65.54%,0,0.00%,SmitHa00,Harrison Smith,min
S,0,0.00%,248,20.50%,284,60.43%,WardJa00,Jay Ward,min
S,0,0.00%,868,71.74%,10,2.13%,MeteJo00,Josh Metellus,min
S,0,0.00%,18,1.49%,371,78.94%,ThomTa01,Tavierre Thomas,min
S,0,0.00%,530,43.80%,78,16.60%,JackTh00,Theo Jackson,min
T,734,68.41%,0,0.00%,14,2.98%,ONeiBr00,Brian O'Neill,min
T,504,46.97%,0,0.00%,3,0.64%,DarrCh00,Christian Darrisaw,min
T,578,53.87%,0,0.00%,60,12.77%,SkulJu00,Justin Skule,min
T,88,8.20%,0,0.00%,32,6.81%,RousWa00,Walter Rouse,min
TE,83,7.74%,0,0.00%,49,10.43%,SimsBe00,Ben Sims,min
TE,116,10.81%,0,0.00%,125,26.60%,YuroBe00,Ben Yurosek,min
TE,400,37.28%,0,0.00%,106,22.55%,OlivJo00,Josh Oliver,min
TE,31,2.89%,0,0.00%,25,5.32%,VannNi00,Nick Vannett,min
TE,691,64.40%,0,0.00%,1,0.21%,HockTJ00,T.J. Hockenson,min
WR,185,17.24%,0,0.00%,1,0.21%,ThieAd00,Adam Thielen,min
WR,653,60.86%,0,0.00%,6,1.28%,NailJa00,Jalen Nailor,min
WR,0,0.00%,0,0.00%,7,1.49%,JoneJe01,Jeshaun Jones,min
WR,714,66.54%,0,0.00%,0,0.00%,AddiJo00,Jordan Addison,min
WR,941,87.70%,0,0.00%,1,0.21%,JeffJu00,Justin Jefferson,min
WR,17,1.58%,0,0.00%,139,29.57%,PricMy00,Myles Price,min
WR,46,4.29%,0,0.00%,293,62.34%,FeltTa00,Tai Felton,min
WR,6,0.56%,0,0.00%,25,5.32%,JoneTi00,Tim Jones,min
C,331,27.31%,0,0.00%,87,19.38%,BrowBe01,Ben Brown,nwe
C,1072,88.45%,0,0.00%,0,0.00%,BradGa00,Garrett Bradbury,nwe
CB,0,0.00%,144,12.85%,120,26.73%,AustAl00,Alex Austin,nwe
CB,0,0.00%,926,82.60%,0,0.00%,DaviCa02,Carlton Davis,nwe
CB,0,0.00%,117,10.44%,171,38.08%,WoodCh01,Charles Woods,nwe
CB,0,0.00%,771,68.78%,1,0.22%,GonzCh00,Christian Gonzalez,nwe
CB,0,0.00%,2,0.18%,5,1.11%,JameDJ00,D.J. James,nwe
CB,0,0.00%,721,64.32%,67,14.92%,JoneMa06,Marcus Jones,nwe
CB,0,0.00%,29,2.59%,54,12.03%,BattMi00,Miles Battle,nwe
DB,0,0.00%,0,0.00%,20,4.45%,BallCo00,Corey Ballentine,nwe
DB,0,0.00%,39,3.48%,21,4.68%,MinoKo00,Kobee Minor,nwe
DE,0,0.00%,123,10.97%,43,9.58%,WhitKe03,Keion White,nwe
DE,0,0.00%,0,0.00%,11,2.45%,JoneTr01,Truman Jones,nwe
DL,0,0.00%,383,34.17%,97,21.60%,DurdCo00,Cory Durden,nwe
DL,14,1.16%,337,30.06%,65,14.48%,TongKh00,Khyiris Tonga,nwe
DT,0,0.00%,665,59.32%,46,10.24%,BarmCh00,Christian Barmore,nwe
DT,0,0.00%,126,11.24%,11,2.45%,GregEr00,Eric Gregory,nwe
DT,0,0.00%,47,4.19%,15,3.34%,PharJe00,Jeremiah Pharms,nwe
DT,0,0.00%,224,19.98%,17,3.79%,FarmJo00,Joshua Farmer,nwe
DT,0,0.00%,52,4.64%,0,0.00%,TaylLe01,Leonard Taylor,nwe
DT,0,0.00%,428,38.18%,17,3.79%,WillMi08,Milton Williams,nwe
FB,237,19.55%,0,0.00%,165,36.75%,WestJa01,Jack Westover,nwe
K,0,0.00%,0,0.00%,183,40.76%,BorrAn00,Andres Borregales,nwe
LB,0,0.00%,280,24.98%,162,36.08%,JennAn00,Anfernee Jennings,nwe
LB,0,0.00%,27,2.41%,22,4.90%,SwinBr01,Bradyn Swinson,nwe
LB,0,0.00%,3,0.27%,79,17.59%,MurpCa00,Caleb Murphy,nwe
LB,0,0.00%,24,2.14%,43,9.58%,MumaCh00,Chad Muma,nwe
LB,0,0.00%,506,45.14%,171,38.08%,ElliCh00,Christian Elliss,nwe
LB,0,0.00%,0,0.00%,52,11.58%,HarrDa07,Darius Harris,nwe
LB,0,0.00%,215,19.18%,209,46.55%,PondEl02,Elijah Ponder,nwe
LB,0,0.00%,677,60.39%,0,0.00%,LandHa00,Harold Landry,nwe
LB,0,0.00%,491,43.80%,281,62.58%,GibbJa00,Jack Gibbens,nwe
LB,0,0.00%,228,20.34%,218,48.55%,TavaJa00,Jahlani Tavai,nwe
LB,0,0.00%,639,57.00%,108,24.05%,ChaiKL00,K'Lavon Chaisson,nwe
LB,0,0.00%,0,0.00%,37,8.24%,RobiMa03,Mark Robinson,nwe
LB,0,0.00%,120,10.70%,255,56.79%,MapuMa00,Marte Mapu,nwe
LB,0,0.00%,740,66.01%,47,10.47%,SpilRo00,Robert Spillane,nwe
LS,0,0.00%,0,0.00%,140,31.18%,AshbJu00,Julian Ashby,nwe
OL,22,1.82%,0,0.00%,28,6.24%,JaimBr00,Brenden Jaimes,nwe
OL,785,64.77%,0,0.00%,53,11.80%,WilsJa02,Jared Wilson,nwe
OL,1082,89.27%,0,0.00%,87,19.38%,OnweMi00,Michael Onwenu,nwe
P,0,0.00%,0,0.00%,141,31.40%,BariBr00,Bryce Baringer,nwe
QB,1050,86.63%,0,0.00%,0,0.00%,MayeDr00,Drake Maye,nwe
QB,44,3.63%,0,0.00%,0,0.00%,DobbJo00,Joshua Dobbs,nwe
RB,52,4.29%,0,0.00%,23,5.12%,GibsAn00,Antonio Gibson,nwe
RB,32,2.64%,0,0.00%,32,7.13%,JohnDE04,D'Ernest Johnson,nwe
RB,533,43.98%,0,0.00%,5,1.11%,StevRh00,Rhamondre Stevenson,nwe
RB,39,3.22%,0,0.00%,51,11.36%,JennTe00,Terrell Jennings,nwe
RB,501,41.34%,0,0.00%,25,5.57%,HendTr02,TreVeyon Henderson,nwe
S,0,0.00%,41,3.66%,318,70.82%,SchoBr00,Brenden Schooler,nwe
S,0,0.00%,950,84.75%,68,15.14%,WoodCr00,Craig Woodson,nwe
S,0,0.00%,110,9.81%,320,71.27%,PettDe00,Dell Pettus,nwe
S,0,0.00%,838,74.75%,56,12.47%,HawkJa00,Jaylinn Hawkins,nwe
S,0,0.00%,184,16.41%,77,17.15%,DuggKy00,Kyle Dugger,nwe
S,0,0.00%,0,0.00%,9,2.00%,GranRi00,Richie Grant,nwe
T,8,0.66%,0,0.00%,24,5.35%,WallCa00,Caedan Wallace,nwe
T,19,1.57%,0,0.00%,56,12.47%,BryaMa02,Marcus Bryant,nwe
T,1033,85.23%,0,0.00%,10,2.23%,MoseMo00,Morgan Moses,nwe
T,100,8.25%,0,0.00%,30,6.68%,MunfTh00,Thayer Munford,nwe
T,318,26.24%,0,0.00%,87,19.38%,LoweVe00,Vederian Lowe,nwe
T,783,64.60%,0,0.00%,18,4.01%,CampWi01,Will Campbell,nwe
TE,512,42.24%,0,0.00%,84,18.71%,HoopAu00,Austin Hooper,nwe
TE,20,1.65%,0,0.00%,26,5.79%,DippCJ00,CJ Dippre,nwe
TE,869,71.70%,0,0.00%,9,2.00%,HenrHu00,Hunter Henry,nwe
WR,288,23.76%,0,0.00%,3,0.67%,DougDe00,Demario Douglas,nwe
WR,92,7.59%,0,0.00%,59,13.14%,ChisEf00,Efton Chism,nwe
WR,607,50.08%,0,0.00%,1,0.22%,BoutKa00,Kayshon Boutte,nwe
WR,336,27.72%,0,0.00%,18,4.01%,WillKy03,Kyle Williams,nwe
WR,659,54.37%,1,0.09%,44,9.80%,HollMa00,Mack Hollins,nwe
WR,587,48.43%,8,0.71%,7,1.56%,DiggSt00,Stefon Diggs,nwe
C,856,65.49%,0,0.00%,45,10.18%,RuizCe00,Cesar Ruiz,nor
C,449,34.35%,0,0.00%,2,0.45%,McCoEr01,Erik McCoy,nor
CB,0,0.00%,1058,92.48%,0,0.00%,TaylAl01,Alontae Taylor,nor
CB,0,0.00%,147,12.85%,166,37.56%,YiadIs00,Isaac Yiadom,nor
CB,0,0.00%,1075,93.97%,1,0.23%,McKiKo00,Kool-Aid McKinstry,nor
CB,0,0.00%,9,0.79%,113,25.57%,DaviMi03,Michael Davis,nor
CB,0,0.00%,594,51.92%,112,25.34%,RileQu00,Quincy Riley,nor
CB,0,0.00%,0,0.00%,35,7.92%,WrigRe00,Rejzohn Wright,nor
DB,0,0.00%,261,22.81%,267,60.41%,HowdJo00,Jordan Howden,nor
DB,0,0.00%,1,0.09%,95,21.49%,AmadUg00,Ugo Amadi,nor
DE,0,0.00%,590,51.57%,40,9.05%,JordCa00,Cameron Jordan,nor
DE,0,0.00%,765,66.87%,81,18.33%,GranCa01,Carl Granderson,nor
DE,0,0.00%,544,47.55%,0,0.00%,YounCh04,Chase Young,nor
DE,0,0.00%,330,28.85%,350,79.19%,RumpCh00,Chris Rumph,nor
DE,0,0.00%,54,4.72%,41,9.28%,DiggFa00,Fadil Diggs,nor
DE,0,0.00%,319,27.88%,192,43.44%,WillJo16,Jonah Williams,nor
DE,0,0.00%,327,28.58%,0,0.00%,BullJo00,Jonathan Bullard,nor
DT,0,0.00%,668,58.39%,66,14.93%,BresBr00,Bryan Bresee,nor
DT,0,0.00%,456,39.86%,19,4.30%,GodcDa00,Davon Godchaux,nor
DT,0,0.00%,73,6.38%,18,4.07%,RidgJo00,John Ridgeway,nor
DT,0,0.00%,77,6.73%,22,4.98%,BoydKh00,Khristian Boyd,nor
DT,0,0.00%,696,60.84%,76,17.19%,ShepNa00,Nathan Shepherd,nor
DT,0,0.00%,24,2.10%,0,0.00%,BrouVe00,Vernon Broughton,nor
G,179,13.70%,0,0.00%,64,14.48%,SimpTo00,Torricelli Simpkins,nor
G,181,13.85%,0,0.00%,36,8.14%,SherWi01,William Sherman,nor
K,0,0.00%,0,0.00%,85,19.23%,GrupBl00,Blake Grupe,nor
K,0,0.00%,0,0.00%,63,14.25%,SmytCh00,Charlie Smyth,nor
LB,0,0.00%,204,17.83%,280,63.35%,StutDa00,Danny Stutsman,nor
LB,0,0.00%,1081,94.49%,0,0.00%,DaviDe00,Demario Davis,nor
LB,0,0.00%,0,0.00%,31,7.01%,LeotEk00,Eku Leota,nor
LB,0,0.00%,64,5.59%,355,80.32%,StalIs00,Isaiah Stalbird,nor
LB,0,0.00%,7,0.61%,329,74.43%,FordJa02,Jaylan Ford,nor
LB,0,0.00%,0,0.00%,49,11.09%,SeweNe00,Nephi Sewell,nor
LB,0,0.00%,684,59.79%,38,8.60%,WernPe00,Pete Werner,nor
LS,0,0.00%,0,0.00%,131,29.64%,WoodZa00,Zach Wood,nor
OL,363,27.77%,0,0.00%,58,13.12%,RichAs00,Asim Richards,nor
OL,699,53.48%,0,0.00%,65,14.71%,RaduDi00,Dillon Radunz,nor
OL,678,51.87%,0,0.00%,32,7.24%,FortLu01,Luke Fortner,nor
P,0,0.00%,0,0.00%,132,29.86%,KroeKa00,Kai Kroeger,nor
QB,490,37.49%,0,0.00%,0,0.00%,RattSp00,Spencer Rattler,nor
QB,210,16.07%,0,0.00%,47,10.63%,HillTa00,Taysom Hill,nor
QB,605,46.29%,0,0.00%,0,0.00%,ShouTy00,Tyler Shough,nor
RB,457,34.97%,0,0.00%,0,0.00%,KamaAl00,Alvin Kamara,nor
RB,181,13.85%,0,0.00%,26,5.88%,EstiAu00,Audric Estime,nor
RB,268,20.50%,0,0.00%,24,5.43%,NealDe00,Devin Neal,nor
RB,77,5.89%,0,0.00%,40,9.05%,HullEv00,Evan Hull,nor
RB,113,8.65%,0,0.00%,35,7.92%,MillKe01,Kendre Miller,nor
RB,1,0.08%,0,0.00%,8,1.81%,HineNy00,Nyheim Hines,nor
RB,2,0.15%,0,0.00%,74,16.74%,JoneVe00,Velus Jones Jr.,nor
S,0,0.00%,978,85.49%,99,22.40%,SankJo00,Jonas Sanker,nor
S,0,0.00%,66,5.77%,3,0.68%,BlacJu01,Julian Blackmon,nor
S,0,0.00%,833,72.81%,52,11.76%,ReidJu00,Justin Reid,nor
S,0,0.00%,115,10.05%,204,46.15%,BurgTe00,Terrell Burgess,nor
T,1066,81.56%,0,0.00%,69,15.61%,BankKe01,Kelvin Banks,nor
T,814,62.28%,0,0.00%,54,12.22%,FuagTa00,Taliese Fuaga,nor
T,358,27.39%,0,0.00%,13,2.94%,PennTr00,Trevor Penning,nor
T,0,0.00%,0,0.00%,30,6.79%,TrusXa00,Xavier Truss,nor
TE,253,19.36%,0,0.00%,46,10.41%,MoreFo00,Foster Moreau,nor
TE,209,15.99%,0,0.00%,132,29.86%,StolJa00,Jack Stoll,nor
TE,850,65.03%,0,0.00%,0,0.00%,JohnJu02,Juwan Johnson,nor
TE,83,6.35%,0,0.00%,36,8.14%,MataMo00,Moliki Matavao,nor
TE,16,1.22%,0,0.00%,21,4.75%,WelcTr00,Treyton Welch,nor
TE,33,2.52%,0,0.00%,22,4.98%,MitcZa00,Zaire Mitchell-Paden,nor
WR,422,32.29%,0,0.00%,0,0.00%,CookBr00,Brandin Cooks,nor
WR,887,67.87%,0,0.00%,0,0.00%,OlavCh00,Chris Olave,nor
WR,114,8.72%,0,0.00%,53,11.99%,PettDa00,Dante Pettis,nor
WR,437,33.44%,0,0.00%,36,8.14%,VeleDe00,Devaughn Vele,nor
WR,242,18.52%,0,0.00%,18,4.07%,AustKe00,Kevin Austin,nor
WR,297,22.72%,0,0.00%,44,9.95%,TiptMa00,Mason Tipton,nor
WR,426,32.59%,0,0.00%,32,7.24%,ShahRa00,Rashid Shaheed,nor
WR,38,2.91%,0,0.00%,10,2.26%,BellRo01,Ronnie Bell,nor
WR,10,0.77%,0,0.00%,0,0.00%,TourSa00,Samori Toure,nor
C,3,0.24%,0,0.00%,12,2.60%,HudsBr00,Bryan Hudson,nyg
C,788,62.10%,0,0.00%,7,1.52%,MichJo00,John Michael Schmitz,nyg
CB,0,0.00%,729,63.06%,2,0.43%,PhilAn02,Andru Phillips,nyg
CB,0,0.00%,0,0.00%,206,44.59%,GreeAr01,Art Green,nyg
CB,0,0.00%,797,68.94%,6,1.30%,FlotCo00,Cordale Flott,nyg
CB,0,0.00%,461,39.88%,160,34.63%,BankDe00,Deonte Banks,nyg
CB,0,0.00%,18,1.56%,42,9.09%,BernJa01,Jarrick Bernard-Converse,nyg
CB,0,0.00%,184,15.92%,40,8.66%,BlacKo00,Korie Black,nyg
CB,0,0.00%,20,1.73%,191,41.34%,JoneNi00,Nic Jones,nyg
CB,0,0.00%,759,65.66%,0,0.00%,AdebPa00,Paulson Adebo,nyg
CB,0,0.00%,34,2.94%,95,20.56%,PaytRi00,Rico Payton,nyg
DL,0,0.00%,2,0.17%,0,0.00%,RogeCa00,Casey Rogers,nyg
DL,0,0.00%,174,15.05%,204,44.16%,GolsCh00,Chauncey Golston,nyg
DL,0,0.00%,256,22.15%,139,30.09%,DaviDJ00,D.J. Davidson,nyg
DL,0,0.00%,395,34.17%,21,4.55%,AlexDa01,Darius Alexander,nyg
DL,0,0.00%,754,65.22%,17,3.68%,LawrDe03,Dexter Lawrence,nyg
DL,3,0.24%,83,7.18%,9,1.95%,ChatEl00,Elijah Chatman,nyg
DL,0,0.00%,44,3.81%,19,4.11%,GarcEl00,Elijah Garcia,nyg
DL,0,0.00%,241,20.85%,54,11.69%,NuneRa00,Rakeem Nunez-Roches,nyg
DT,0,0.00%,628,54.33%,83,17.97%,RobeRo00,Roy Robertson-Harris,nyg
G,1150,90.62%,0,0.00%,44,9.52%,VanRGr00,Greg Van Roten,nyg
G,1094,86.21%,0,0.00%,55,11.90%,RunyJo00,Jon Runyan Jr.,nyg
K,0,0.00%,0,0.00%,25,5.41%,SaulBe00,Ben Sauls,nyg
K,0,0.00%,0,0.00%,30,6.49%,GanoGr44,Graham Gano,nyg
K,0,0.00%,0,0.00%,19,4.11%,McAtJu00,Jude McAtamney,nyg
K,0,0.00%,0,0.00%,40,8.66%,KooxYo00,Younghoe Koo,nyg
LB,0,0.00%,843,72.92%,36,7.79%,CartAb00,Abdul Carter,nyg
LB,0,0.00%,1104,95.50%,83,17.97%,OkerBo00,Bobby Okereke,nyg
LB,0,0.00%,862,74.57%,4,0.87%,BurnBr00,Brian Burns,nyg
LB,0,0.00%,14,1.21%,47,10.17%,BoarCh00,Chris Board,nyg
LB,0,0.00%,455,39.36%,93,20.13%,MuasDa00,Darius Muasau,nyg
LB,0,0.00%,226,19.55%,105,22.73%,FlanDe00,Demetrius Flannigan-Fowles,nyg
LB,0,0.00%,494,42.73%,49,10.61%,ThibKa00,Kayvon Thibodeaux,nyg
LB,0,0.00%,11,0.95%,1,0.22%,McFaMi01,Micah McFadden,nyg
LB,0,0.00%,6,0.52%,311,67.32%,HewiNe00,Neville Hewitt,nyg
LB,0,0.00%,35,3.03%,104,22.51%,BozeSw00,Swayze Bozeman,nyg
LB,0,0.00%,75,6.49%,161,34.85%,FoxxTo00,Tomon Fox,nyg
LB,0,0.00%,16,1.38%,78,16.88%,DimuVi00,Victor Dimukeje,nyg
LB,0,0.00%,92,7.96%,168,36.36%,BarnZa00,Zaire Barnes,nyg
LS,0,0.00%,0,0.00%,128,27.71%,KreiCa00,Casey Kreiter,nyg
OL,60,4.73%,0,0.00%,69,14.94%,StinAa00,Aaron Stinnie,nyg
OL,362,28.53%,0,0.00%,69,14.94%,SchlAu00,Austin Schlottmann,nyg
OL,85,6.70%,0,0.00%,44,9.52%,HudsJa00,James Hudson,nyg
OL,1088,85.74%,0,0.00%,21,4.55%,ElueJe00,Jermaine Eluemunor,nyg
OL,324,25.53%,0,0.00%,37,8.01%,MbowMa00,Marcus Mbow,nyg
P,0,0.00%,0,0.00%,9,1.95%,JohnCa02,Cameron Johnston,nyg
P,0,0.00%,0,0.00%,159,34.42%,GillJa00,Jamie Gillan,nyg
QB,156,12.29%,0,0.00%,0,0.00%,WinsJa00,Jameis Winston,nyg
QB,774,60.99%,0,0.00%,0,0.00%,DartJa00,Jaxson Dart,nyg
QB,220,17.34%,0,0.00%,0,0.00%,WilsRu00,Russell Wilson,nyg
RB,295,23.25%,0,0.00%,8,1.73%,SkatCa00,Cam Skattebo,nyg
RB,311,24.51%,0,0.00%,26,5.63%,SingDe00,Devin Singletary,nyg
RB,3,0.24%,0,0.00%,13,2.81%,GrayEr01,Eric Gray,nyg
RB,548,43.18%,0,0.00%,7,1.52%,TracTy00,Tyrone Tracy Jr.,nyg
S,0,0.00%,1,0.09%,193,41.77%,BradBe01,Beau Brade,nyg
S,0,0.00%,705,60.99%,310,67.10%,BeltDa00,Dane Belton,nyg
S,0,0.00%,833,72.06%,55,11.90%,HollJe02,Jevon Holland,nyg
S,0,0.00%,106,9.17%,19,4.11%,LaynRa00,Raheem Layne,nyg
S,0,0.00%,811,70.16%,131,28.35%,NubiTy00,Tyler Nubin,nyg
T,802,63.20%,0,0.00%,0,0.00%,ThomAn02,Andrew Thomas,nyg
TE,208,16.39%,0,0.00%,218,47.19%,ManhCh00,Chris Manhertz,nyg
TE,555,43.74%,0,0.00%,167,36.15%,BellDa00,Daniel Bellinger,nyg
TE,872,68.72%,0,0.00%,0,0.00%,JohnTh00,Theo Johnson,nyg
TE,14,1.10%,0,0.00%,80,17.32%,FidoTh00,Thomas Fidone,nyg
TE,7,0.55%,0,0.00%,0,0.00%,DaviZa00,Zach Davidson,nyg
WR,84,6.62%,0,0.00%,109,23.59%,CollBe00,Beaux Collins,nyg
WR,16,1.26%,0,0.00%,89,19.26%,CambDa00,Dalen Cambre,nyg
WR,755,59.50%,0,0.00%,0,0.00%,SlayDa01,Darius Slayton,nyg
WR,118,9.30%,0,0.00%,131,28.35%,OlszGu00,Gunner Olszewski,nyg
WR,363,28.61%,0,0.00%,0,0.00%,HodgIs00,Isaiah Hodgins,nyg
WR,171,13.48%,0,0.00%,7,1.52%,HyatJa00,Jalin Hyatt,nyg
WR,160,12.61%,0,0.00%,7,1.52%,HumpLi01,Lil'Jordan Humphrey,nyg
WR,216,17.02%,0,0.00%,0,0.00%,NabeMa00,Malik Nabers,nyg
WR,72,5.67%,0,0.00%,0,0.00%,McClRa00,Ray-Ray McCloud,nyg
WR,973,76.67%,0,0.00%,4,0.87%,RobiWa01,Wan'Dale Robinson,nyg
WR,0,0.00%,0,0.00%,2,0.43%,GipsXa00,Xavier Gipson,nyg
C,1047,94.41%,0,0.00%,53,10.77%,TippJo00,Joe Tippmann,nyj
C,1048,94.50%,0,0.00%,25,5.08%,MyerJo00,Josh Myers,nyj
CB,0,0.00%,0,0.00%,12,2.44%,WillAv02,Avery Williams,nyj
CB,0,0.00%,311,24.94%,98,19.92%,ThomAz00,Azareye'h Thomas,nyj
CB,0,0.00%,1048,84.04%,4,0.81%,StepBr01,Brandon Stephens,nyj
CB,0,0.00%,121,9.70%,58,11.79%,TaylJa04,Ja'Sir Taylor,nyj
CB,0,0.00%,139,11.15%,31,6.30%,ClarJo00,Jordan Clark,nyj
CB,0,0.00%,0,0.00%,15,3.05%,BlacKo00,Korie Black,nyj
CB,0,0.00%,145,11.63%,7,1.42%,CartMi02,Michael Carter II,nyj
CB,0,0.00%,247,19.81%,288,58.54%,StigQw00,Qwan'tez Stiggers,nyj
CB,0,0.00%,73,5.85%,0,0.00%,WomaSa00,Samuel Womack,nyj
CB,0,0.00%,410,32.88%,0,0.00%,GardSa00,Sauce Gardner,nyj
CB,0,0.00%,54,4.33%,23,4.67%,BrowTr03,Tre Brown,nyj
DB,0,0.00%,280,22.45%,17,3.46%,BrowJa09,Jarvis Brownlee,nyj
DB,0,0.00%,69,5.53%,15,3.05%,SmitKe05,Keidron Smith,nyj
DB,0,0.00%,950,76.18%,144,29.27%,MoorMa04,Malachi Moore,nyj
DB,0,0.00%,0,0.00%,1,0.20%,NeedNi00,Nik Needham,nyj
DE,0,0.00%,265,21.25%,103,20.93%,McGrBr00,Braiden McGregor,nyj
DE,0,0.00%,649,52.04%,82,16.67%,McDoWi00,Will McDonald,nyj
DL,0,0.00%,103,8.26%,32,6.50%,WattEr00,Eric Watts,nyj
DL,0,0.00%,693,55.57%,10,2.03%,PhilHa00,Harrison Phillips,nyj
DL,0,0.00%,230,18.44%,62,12.60%,TufeJa00,Jay Tufele,nyj
DL,0,0.00%,588,47.15%,143,29.07%,BrigJo00,Jowon Briggs,nyj
DL,0,0.00%,141,11.31%,30,6.10%,SaunKh00,Khalen Saunders,nyj
DL,0,0.00%,17,1.36%,8,1.63%,JonaKi00,Kingsley Jonathan,nyj
DL,0,0.00%,47,3.77%,13,2.64%,TaylLe01,Leonard Taylor,nyj
DL,0,0.00%,54,4.33%,6,1.22%,SmitMa06,Mazi Smith,nyj
DL,0,0.00%,578,46.35%,141,28.66%,ClemMi03,Micheal Clemons,nyj
DL,0,0.00%,61,4.89%,19,3.86%,PagePa00,Payton Page,nyj
DL,0,0.00%,365,29.27%,42,8.54%,WillQu00,Quinnen Williams,nyj
DL,0,0.00%,95,7.62%,35,7.11%,BaroTy00,Tyler Baron,nyj
FB,110,9.92%,0,0.00%,319,64.84%,BeckAn01,Andrew Beck,nyj
K,0,0.00%,0,0.00%,81,16.46%,FolkNi20,Nick Folk,nyj
LB,0,0.00%,4,0.32%,170,34.55%,JoneCa04,Cam Jones,nyj
LB,0,0.00%,329,26.38%,204,41.46%,MauiFr00,Francisco Mauigoa,nyj
LB,0,0.00%,0,0.00%,56,11.38%,WestJa02,Ja'Markis Weston,nyj
LB,0,0.00%,0,0.00%,18,3.66%,SirmJa00,Jackson Sirmon,nyj
LB,0,0.00%,1111,89.09%,100,20.33%,SherJa00,Jamien Sherwood,nyj
LB,0,0.00%,679,54.45%,27,5.49%,JohnJe07,Jermaine Johnson II,nyj
LB,0,0.00%,0,0.00%,142,28.86%,KingKo00,Kobe King,nyj
LB,0,0.00%,106,8.50%,120,24.39%,McCrMa01,Marcelino McCrary-Ball,nyj
LB,0,0.00%,4,0.32%,58,11.79%,RobiMa03,Mark Robinson,nyj
LB,0,0.00%,194,15.56%,306,62.20%,WalkMy00,Mykal Walker,nyj
LB,0,0.00%,784,62.87%,5,1.02%,WillQu01,Quincy Williams,nyj
LS,0,0.00%,0,0.00%,126,25.61%,HennTh00,Thomas Hennessy,nyj
OL,0,0.00%,0,0.00%,45,9.15%,OkorCh00,Chukwuma Okorafor,nyj
OL,1016,91.61%,0,0.00%,53,10.77%,SimpJo00,John Simpson,nyj
OL,73,6.58%,0,0.00%,7,1.42%,MitcMa02,Max Mitchell,nyj
OL,1040,93.78%,0,0.00%,53,10.77%,FashOl00,Olumuyiwa Fashanu,nyj
OL,31,2.80%,0,0.00%,3,0.61%,NewmXa00,Xavier Newman-Johnson,nyj
P,0,0.00%,0,0.00%,170,34.55%,McNaAu00,Austin McNamara,nyj
QB,296,26.69%,0,0.00%,0,0.00%,CookBr03,Brady Cook,nyj
QB,501,45.18%,0,0.00%,0,0.00%,FielJu00,Justin Fields,nyj
QB,251,22.63%,0,0.00%,0,0.00%,TaylTy00,Tyrod Taylor,nyj
RB,58,5.23%,0,0.00%,8,1.63%,AlleBr05,Braelon Allen,nyj
RB,640,57.71%,0,0.00%,1,0.20%,HallBr03,Breece Hall,nyj
RB,285,25.70%,0,0.00%,250,50.81%,DaviIs00,Isaiah Davis,nyj
RB,28,2.52%,0,0.00%,108,21.95%,NwanKe00,Kene Nwangwu,nyj
RB,50,4.51%,0,0.00%,62,12.60%,HerbKh00,Khalil Herbert,nyj
S,0,0.00%,499,40.02%,0,0.00%,CiscAn00,Andre Cisco,nyj
S,0,0.00%,0,0.00%,2,0.41%,SmitCh04,Christopher Smith,nyj
S,0,0.00%,180,14.43%,172,34.96%,ClarDe03,Dean Clark,nyj
S,0,0.00%,322,25.82%,300,60.98%,OlivIs00,Isaiah Oliver,nyj
S,0,0.00%,3,0.24%,77,15.65%,MonrJa00,Jarius Monroe,nyj
S,0,0.00%,468,37.53%,53,10.77%,AdamTo03,Tony Adams,nyj
T,1047,94.41%,0,0.00%,53,10.77%,MembAr00,Armand Membou,nyj
TE,60,5.41%,0,0.00%,12,2.44%,WoodJe01,Jelani Woods,nyj
TE,494,44.54%,0,0.00%,120,24.39%,RuckJe00,Jeremy Ruckert,nyj
TE,654,58.97%,0,0.00%,3,0.61%,TaylMa02,Mason Taylor,nyj
TE,85,7.66%,0,0.00%,138,28.05%,SmarSt00,Stone Smartt,nyj
WR,374,33.72%,0,0.00%,0,0.00%,MitcAd00,Adonai Mitchell,nyj
WR,250,22.54%,0,0.00%,0,0.00%,LazaAl00,Allen Lazard,nyj
WR,376,33.90%,0,0.00%,58,11.79%,SmitAr01,Arian Smith,nyj
WR,8,0.72%,0,0.00%,13,2.64%,SmitBr07,Brandon Smith,nyj
WR,383,34.54%,0,0.00%,0,0.00%,WilsGa00,Garrett Wilson,nyj
WR,329,29.67%,0,0.00%,142,28.86%,WillIs03,Isaiah Williams,nyj
WR,414,37.33%,0,0.00%,3,0.61%,MetcJo00,John Metchie,nyj
WR,273,24.62%,0,0.00%,0,0.00%,ReynJo00,Josh Reynolds,nyj
WR,16,1.44%,0,0.00%,0,0.00%,SkinQu00,Quentin Skinner,nyj
WR,292,26.33%,0,0.00%,0,0.00%,JohnTy00,Tyler Johnson,nyj
WR,0,0.00%,0,0.00%,11,2.24%,GipsXa00,Xavier Gipson,nyj
C,801,67.48%,0,0.00%,4,0.84%,JurgCa01,Cam Jurgens,phi
C,89,7.50%,0,0.00%,18,3.77%,KendDr00,Drew Kendall,phi
CB,0,0.00%,587,45.54%,9,1.89%,JackAd00,Adoree' Jackson,phi
CB,0,0.00%,98,7.60%,58,12.16%,BennJa00,Jakorian Bennett,phi
CB,0,0.00%,311,24.13%,312,65.41%,RingKe00,Kelee Ringo,phi
CB,0,0.00%,28,2.17%,21,4.40%,McWiMa01,Mac McWilliams,phi
CB,0,0.00%,106,8.22%,65,13.63%,CartMi02,Michael Carter II,phi
CB,0,0.00%,12,0.93%,60,12.58%,NickPa00,Parry Nickerson,phi
CB,0,0.00%,986,76.49%,0,0.00%,MitcQu00,Quinyon Mitchell,phi
DB,0,0.00%,28,2.17%,9,1.89%,JohnBr24,Brandon Johnson,phi
DB,9,0.76%,1037,80.45%,99,20.75%,DeJeCo00,Cooper DeJean,phi
DE,0,0.00%,113,8.77%,31,6.50%,GrahBr99,Brandon Graham,phi
DE,0,0.00%,4,0.31%,0,0.00%,OkorOg00,Ogbonnia Okoronkwo,phi
DE,0,0.00%,131,10.16%,0,0.00%,SmitZa00,Za'Darius Smith,phi
DT,0,0.00%,338,26.22%,71,14.88%,YounBy00,Byron Young,phi
DT,0,0.00%,13,1.01%,4,0.84%,HallGa01,Gabe Hall,phi
DT,0,0.00%,639,49.57%,53,11.11%,CartJa05,Jalen Carter,phi
DT,0,0.00%,686,53.22%,141,29.56%,DaviJo03,Jordan Davis,phi
DT,0,0.00%,740,57.41%,78,16.35%,OjomMo00,Moro Ojomo,phi
DT,0,0.00%,104,8.07%,34,7.13%,RobiTy02,Ty Robinson,phi
FB,0,0.00%,0,0.00%,1,0.21%,VanSBe00,Ben VanSumeren,phi
G,836,70.43%,0,0.00%,58,12.16%,DickLa00,Landon Dickerson,phi
K,0,0.00%,0,0.00%,152,31.87%,ElliJa03,Jake Elliott,phi
LB,0,0.00%,67,5.20%,1,0.21%,OjulAz00,Azeez Ojulari,phi
LB,0,0.00%,417,32.35%,10,2.10%,PhilJa02,Jaelan Phillips,phi
LB,0,0.00%,693,53.76%,100,20.96%,HuntJa02,Jalyx Hunt,phi
LB,0,0.00%,88,6.83%,332,69.60%,TrotJe01,Jeremiah Trotter Jr.,phi
LB,0,0.00%,710,55.08%,51,10.69%,CampJi00,Jihaad Campbell,phi
LB,0,0.00%,244,18.93%,114,23.90%,UcheJo00,Joshua Uche,phi
LB,0,0.00%,403,31.26%,12,2.52%,DeanNa00,Nakobe Dean,phi
LB,0,0.00%,451,34.99%,9,1.89%,SmitNo02,Nolan Smith,phi
LB,0,0.00%,115,8.92%,173,36.27%,JohnPa02,Patrick Johnson,phi
LB,0,0.00%,14,1.09%,289,60.59%,MondSm01,Smael Mondon,phi
LB,0,0.00%,1038,80.53%,21,4.40%,BaunZa00,Zack Baun,phi
LS,0,0.00%,0,0.00%,81,16.98%,AdomCa00,Cal Adomitis,phi
LS,0,0.00%,0,0.00%,66,13.84%,HughCh01,Charley Hughlett,phi
OL,122,10.28%,0,0.00%,70,14.68%,PryoMa00,Matt Pryor,phi
OL,1009,85.00%,0,0.00%,69,14.47%,SteeTy00,Tyler Steen,phi
P,0,0.00%,0,0.00%,147,30.82%,MannBr01,Braden Mann,phi
QB,965,81.30%,0,0.00%,0,0.00%,HurtJa00,Jalen Hurts,phi
QB,89,7.50%,0,0.00%,0,0.00%,McKeTa01,Tanner McKee,phi
RB,50,4.21%,0,0.00%,23,4.82%,DillAJ00,AJ Dillon,phi
RB,773,65.12%,0,0.00%,0,0.00%,BarkSa00,Saquon Barkley,phi
RB,125,10.53%,0,0.00%,43,9.01%,BigsTa00,Tank Bigsby,phi
RB,116,9.77%,0,0.00%,245,51.36%,ShipWi00,Will Shipley,phi
S,0,0.00%,3,0.23%,26,5.45%,SamxAn00,Andre' Sam,phi
S,0,0.00%,672,52.13%,0,0.00%,MukuAn00,Andrew Mukuba,phi
S,0,0.00%,250,19.39%,119,24.95%,EppsMa00,Marcus Epps,phi
S,0,0.00%,1008,78.20%,22,4.61%,BlanRe00,Reed Blankenship,phi
S,0,0.00%,249,19.32%,332,69.60%,BrowSy00,Sydney Brown,phi
T,363,30.58%,0,0.00%,61,12.79%,TothBr00,Brett Toth,phi
T,51,4.30%,0,0.00%,3,0.63%,WillCa04,Cameron Williams,phi
T,626,52.74%,0,0.00%,70,14.68%,JohnFr01,Fred Johnson,phi
T,973,81.97%,0,0.00%,67,14.05%,MailJo00,Jordan Mailata,phi
T,450,37.91%,0,0.00%,0,0.00%,JohnLa01,Lane Johnson,phi
TE,103,8.68%,0,0.00%,257,53.88%,LatuCa01,Cameron Latu,phi
TE,787,66.30%,0,0.00%,3,0.63%,GoedDa00,Dallas Goedert,phi
TE,11,0.93%,0,0.00%,31,6.50%,JenkEJ00,E.J. Jenkins,phi
TE,380,32.01%,0,0.00%,166,34.80%,CalcGr00,Grant Calcaterra,phi
TE,244,20.56%,0,0.00%,290,60.80%,GranKy00,Kylen Granson,phi
WR,843,71.02%,0,0.00%,1,0.21%,BrowAJ00,A.J. Brown,phi
WR,40,3.37%,0,0.00%,49,10.27%,CoveBr00,Britain Covey,phi
WR,212,17.86%,0,0.00%,103,21.59%,CoopDa01,Darius Cooper,phi
WR,888,74.81%,0,0.00%,4,0.84%,SmitDe07,DeVonta Smith,phi
WR,599,50.46%,0,0.00%,22,4.61%,DotsJa00,Jahan Dotson,phi
WR,31,2.61%,0,0.00%,30,6.29%,MetcJo00,John Metchie,phi
WR,9,0.76%,0,0.00%,39,8.18%,GipsXa00,Xavier Gipson,phi
C,60,5.52%,0,0.00%,73,15.40%,McCoRy00,Ryan McCollum,pit
C,976,89.79%,0,0.00%,3,0.63%,FrazZa00,Zach Frazier,pit
CB,0,0.00%,222,17.89%,15,3.16%,SamuAs00,Asante Samuel Jr.,pit
CB,0,0.00%,522,42.06%,111,23.42%,EchoBr00,Brandin Echols,pit
CB,0,0.00%,498,40.13%,14,2.95%,SlayDa00,Darius Slay,pit
CB,10,0.92%,1104,88.96%,80,16.88%,RamsJa00,Jalen Ramsey,pit
CB,0,0.00%,376,30.30%,168,35.44%,PierJa01,James Pierre,pit
CB,0,0.00%,894,72.04%,12,2.53%,PortJo02,Joey Porter Jr.,pit
CB,0,0.00%,0,0.00%,2,0.42%,FlowTr01,Tre Flowers,pit
DB,0,0.00%,437,35.21%,189,39.87%,ClarCh00,Chuck Clark,pit
DB,0,0.00%,0,0.00%,11,2.32%,JamiDS00,D'Shawn Jamison,pit
DB,0,0.00%,1,0.08%,3,0.63%,PortDa01,Daryl Porter,pit
DE,0,0.00%,20,1.61%,10,2.11%,LealDe00,DeMarvin Leal,pit
DE,0,0.00%,173,13.94%,24,5.06%,OtomEs00,Esezi Otomewo,pit
DE,0,0.00%,416,33.52%,143,30.17%,BlacYa00,Yahya Black,pit
DL,0,0.00%,746,60.11%,34,7.17%,BentKe00,Keeanu Benton,pit
DT,0,0.00%,10,0.81%,2,0.42%,MartBr00,Brodric Martin,pit
DT,3,0.28%,823,66.32%,129,27.22%,HeywCa01,Cameron Heyward,pit
DT,0,0.00%,72,5.80%,6,1.27%,EkuaDa00,Daniel Ekuale,pit
DT,0,0.00%,446,35.94%,89,18.78%,HarmDe01,Derrick Harmon,pit
DT,0,0.00%,37,2.98%,11,2.32%,LoudIs00,Isaiahh Loudermilk,pit
DT,0,0.00%,47,3.79%,25,5.27%,LeexLo00,Logan Lee,pit
G,149,13.71%,0,0.00%,8,1.69%,PeatAn00,Andrus Peat,pit
G,769,70.75%,0,0.00%,1,0.21%,SeumIs00,Isaac Seumalo,pit
G,1031,94.85%,0,0.00%,76,16.03%,McCoMa00,Mason McCormick,pit
K,0,0.00%,0,0.00%,165,34.81%,BoswCh00,Chris Boswell,pit
LB,0,0.00%,634,51.09%,8,1.69%,HighAl02,Alex Highsmith,pit
LB,0,0.00%,1,0.08%,287,60.55%,BrueCa00,Carson Bruener,pit
LB,0,0.00%,198,15.95%,161,33.97%,HolcCo00,Cole Holcomb,pit
LB,0,0.00%,294,23.69%,340,71.73%,SawyJa00,Jack Sawyer,pit
LB,0,0.00%,17,1.37%,7,1.48%,MoonJe00,Jeremiah Moon,pit
LB,0,0.00%,0,0.00%,6,1.27%,RhatJo00,Jon Rhattigan,pit
LB,0,0.00%,294,23.69%,158,33.33%,HarrMa06,Malik Harrison,pit
LB,0,0.00%,0,0.00%,10,2.11%,RobiMa03,Mark Robinson,pit
LB,0,0.00%,610,49.15%,119,25.11%,HerbNi00,Nick Herbig,pit
LB,0,0.00%,1112,89.61%,75,15.82%,QueePa00,Patrick Queen,pit
LB,0,0.00%,732,58.98%,331,69.83%,WilsPa00,Payton Wilson,pit
LB,0,0.00%,812,65.43%,28,5.91%,WattT.00,T.J. Watt,pit
LS,0,0.00%,0,0.00%,141,29.75%,KuntCh02,Christian Kuntz,pit
OL,382,35.14%,0,0.00%,68,14.35%,AndeSp00,Spencer Anderson,pit
P,0,0.00%,0,0.00%,141,29.75%,WaitCo00,Corliss Waitman,pit
QB,918,84.45%,0,0.00%,0,0.00%,RodgAa00,Aaron Rodgers,pit
QB,113,10.40%,0,0.00%,0,0.00%,RudoMa00,Mason Rudolph,pit
RB,489,44.99%,0,0.00%,29,6.12%,WarrJa01,Jaylen Warren,pit
RB,51,4.69%,0,0.00%,11,2.32%,JohnKa03,Kaleb Johnson,pit
RB,517,47.56%,0,0.00%,144,30.38%,GainKe00,Kenneth Gainwell,pit
RB,0,0.00%,0,0.00%,6,1.27%,NichLe00,Lew Nichols,pit
RB,1,0.09%,0,0.00%,47,9.92%,SermTr00,Trey Sermon,pit
S,0,0.00%,281,22.64%,3,0.63%,ElliDe02,DeShon Elliott,pit
S,0,0.00%,100,8.06%,206,43.46%,PeppJa00,Jabrill Peppers,pit
S,0,0.00%,316,25.46%,63,13.29%,ThorJu00,Juan Thornhill,pit
S,0,0.00%,559,45.04%,36,7.59%,DuggKy00,Kyle Dugger,pit
S,0,0.00%,0,0.00%,81,17.09%,KillMi00,Miles Killebrew,pit
S,0,0.00%,0,0.00%,72,15.19%,CastSe01,Sebastian Castro,pit
T,632,58.14%,0,0.00%,11,2.32%,JoneBr09,Broderick Jones,pit
T,23,2.12%,0,0.00%,40,8.44%,AndeCa00,Calvin Anderson,pit
T,291,26.77%,0,0.00%,5,1.05%,CookDy00,Dylan Cook,pit
T,1031,94.85%,0,0.00%,19,4.01%,FautTr00,Troy Fautanu,pit
TE,90,8.28%,0,0.00%,290,61.18%,HeywCo00,Connor Heyward,pit
TE,546,50.23%,0,0.00%,116,24.47%,WashDa03,Darnell Washington,pit
TE,536,49.31%,0,0.00%,4,0.84%,SmitJo01,Jonnu Smith,pit
TE,522,48.02%,0,0.00%,32,6.75%,FreiPa00,Pat Freiermuth,pit
WR,202,18.58%,0,0.00%,1,0.21%,ThieAd00,Adam Thielen,pit
WR,159,14.63%,0,0.00%,310,65.40%,SkowBe00,Ben Skowronek,pit
WR,446,41.03%,0,0.00%,31,6.54%,AustCa00,Calvin Austin III,pit
WR,776,71.39%,0,0.00%,7,1.48%,MetcDK00,D.K. Metcalf,pit
WR,9,0.83%,0,0.00%,59,12.45%,WillKe08,Ke'Shawn Williams,pit
WR,198,18.22%,0,0.00%,1,0.21%,ValdMa00,Marquez Valdes-Scantling,pit
WR,253,23.28%,0,0.00%,11,2.32%,WilsRo02,Roman Wilson,pit
WR,158,14.54%,0,0.00%,17,3.59%,MillSc01,Scott Miller,pit
C,735,59.71%,0,0.00%,68,14.44%,SundJa00,Jalen Sundell,sea
C,312,25.35%,0,0.00%,0,0.00%,OluwOl00,Olusegun Oluwatimi,sea
CB,0,0.00%,122,9.97%,53,11.25%,KendDe00,Derion Kendrick,sea
CB,0,0.00%,721,58.91%,8,1.70%,WithDe00,Devon Witherspoon,sea
CB,0,0.00%,818,66.83%,25,5.31%,JobeJo00,Josh Jobe,sea
CB,0,0.00%,91,7.43%,255,54.14%,PritNe00,Nehemiah Pritchett,sea
CB,0,0.00%,817,66.75%,13,2.76%,WoolTa00,Riq Woolen,sea
CB,0,0.00%,77,6.29%,0,0.00%,GrifSh00,Shaquill Griffin,sea
CB,0,0.00%,0,0.00%,3,0.64%,HallTy01,Tyler Hall,sea
DE,0,0.00%,0,0.00%,15,3.18%,SherJa01,Jamie Sheriff,sea
DE,0,0.00%,812,66.34%,54,11.46%,WillLe02,Leonard Williams,sea
DE,0,0.00%,165,13.48%,348,73.89%,MorrMi00,Mike Morris,sea
DE,0,0.00%,28,2.29%,1,0.21%,MillRy02,Rylie Mills,sea
DT,0,0.00%,786,64.22%,57,12.10%,MurpBy01,Byron Murphy,sea
DT,0,0.00%,32,2.61%,2,0.42%,BohaQu00,Quinton Bohanna,sea
FB,58,4.71%,0,0.00%,396,84.08%,RussBr00,Brady Russell,sea
FB,203,16.49%,0,0.00%,56,11.89%,OuztRo00,Robbie Ouzts,sea
G,1038,84.32%,0,0.00%,97,20.59%,BradAn00,Anthony Bradford,sea
G,24,1.95%,0,0.00%,32,6.79%,CabeBr00,Bryce Cabeldue,sea
G,32,2.60%,0,0.00%,26,5.52%,HaynCh00,Christian Haynes,sea
G,1051,85.38%,0,0.00%,90,19.11%,ZabeGr00,Grey Zabel,sea
G,258,20.96%,0,0.00%,76,16.14%,JoneJo07,Josh Jones,sea
K,0,0.00%,0,0.00%,201,42.68%,MyerJa00,Jason Myers,sea
LB,0,0.00%,561,45.83%,53,11.25%,MafeBo00,Boye Mafe,sea
LB,0,0.00%,7,0.57%,181,38.43%,SurrCh00,Chazz Surratt,sea
LB,0,0.00%,28,2.29%,97,20.59%,OTooCo00,Connor O'Toole,sea
LB,0,0.00%,626,51.14%,45,9.55%,LawrDe00,DeMarcus Lawrence,sea
LB,0,0.00%,420,34.31%,49,10.40%,HallDe04,Derick Hall,sea
LB,0,0.00%,764,62.42%,150,31.85%,ThomDr00,Drake Thomas,sea
LB,0,0.00%,905,73.94%,50,10.62%,JoneEr01,Ernest Jones,sea
LB,0,0.00%,15,1.23%,10,2.12%,IveyJa00,Jared Ivey,sea
LB,0,0.00%,56,4.58%,149,31.63%,OConPa01,Patrick O'Connell,sea
LB,0,0.00%,307,25.08%,158,33.55%,KnigTy00,Tyrice Knight,sea
LB,0,0.00%,583,47.63%,11,2.34%,NwosUc00,Uchenna Nwosu,sea
LS,0,0.00%,0,0.00%,150,31.85%,StolCh00,Chris Stoll,sea
NT,0,0.00%,151,12.34%,42,8.92%,PiliBr00,Brandon Pili,sea
NT,0,0.00%,398,32.52%,36,7.64%,ReedJa02,Jarran Reed,sea
P,0,0.00%,0,0.00%,150,31.85%,DickMi00,Michael Dickson,sea
QB,38,3.09%,0,0.00%,0,0.00%,LockDr00,Drew Lock,sea
QB,3,0.24%,0,0.00%,0,0.00%,MilrJa00,Jalen Milroe,sea
QB,1026,83.35%,0,0.00%,0,0.00%,DarnSa00,Sam Darnold,sea
RB,1,0.08%,0,0.00%,14,2.97%,AkerCa00,Cam Akers,sea
RB,36,2.92%,0,0.00%,133,28.24%,HolaGe00,George Holani,sea
RB,5,0.41%,0,0.00%,3,0.64%,WrigJa05,Jacardia Wright,sea
RB,498,40.45%,0,0.00%,0,0.00%,WalkKe00,Kenneth Walker III,sea
RB,3,0.24%,0,0.00%,5,1.06%,GaskMy00,Myles Gaskin,sea
RB,7,0.57%,0,0.00%,53,11.25%,JoneVe00,Velus Jones Jr.,sea
RB,489,39.72%,0,0.00%,3,0.64%,CharZa00,Zach Charbonnet,sea
S,0,0.00%,977,79.82%,59,12.53%,BryaCo01,Coby Bryant,sea
S,0,0.00%,96,7.84%,251,53.29%,BellDA03,D'Anthony Bell,sea
S,0,0.00%,13,1.06%,62,13.16%,ReedJe00,Jerrick Reed,sea
S,0,0.00%,458,37.42%,23,4.88%,LoveJu00,Julian Love,sea
S,0,0.00%,768,62.75%,39,8.28%,EmmaNi00,Nick Emmanwori,sea
S,0,0.00%,0,0.00%,4,0.85%,DiggQu00,Quandre Diggs,sea
S,0,0.00%,742,60.62%,117,24.84%,OkadTy00,Ty Okada,sea
T,1061,86.19%,0,0.00%,86,18.26%,LucaAb00,Abraham Lucas,sea
T,4,0.32%,0,0.00%,18,3.82%,KighAm00,Amari Kight,sea
T,822,66.77%,0,0.00%,86,18.26%,CrosCh00,Charles Cross,sea
T,1,0.08%,0,0.00%,11,2.34%,RichMa01,Mason Richman,sea
TE,827,67.18%,0,0.00%,44,9.34%,BarnAJ00,AJ Barner,sea
TE,316,25.67%,0,0.00%,24,5.10%,ArroEl00,Elijah Arroyo,sea
TE,276,22.42%,0,0.00%,155,32.91%,SaubEr00,Eric Saubert,sea
TE,130,10.56%,0,0.00%,54,11.46%,KallNi00,Nick Kallerup,sea
WR,165,13.40%,0,0.00%,117,24.84%,WhitCo05,Cody White,sea
WR,768,62.39%,0,0.00%,2,0.42%,KuppCo00,Cooper Kupp,sea
WR,53,4.31%,0,0.00%,156,33.12%,YounDa02,Dareke Young,sea
WR,117,9.50%,0,0.00%,134,28.45%,BoboJa00,Jake Bobo,sea
WR,829,67.34%,0,0.00%,2,0.42%,SmitJa06,Jaxon Smith-Njigba,sea
WR,279,22.66%,0,0.00%,68,14.44%,ShahRa00,Rashid Shaheed,sea
WR,13,1.06%,0,0.00%,9,1.91%,WhitRi01,Ricky White,sea
WR,226,18.36%,0,0.00%,37,7.86%,HortTo00,Tory Horton,sea
CB,0,0.00%,98,8.38%,204,44.44%,LucaCh01,Chase Lucas,sfo
CB,0,0.00%,271,23.16%,273,59.48%,LuteDa00,Darrell Luter,sfo
CB,0,0.00%,1,0.09%,14,3.05%,ApplEl00,Eli Apple,sfo
CB,0,0.00%,816,69.74%,10,2.18%,GreeRe00,Renardo Green,sfo
CB,0,0.00%,593,50.68%,3,0.65%,StouUp00,Upton Stout,sfo
DB,0,0.00%,1066,91.11%,13,2.83%,LenoDe00,Deommodore Lenoir,sfo
DB,0,0.00%,0,0.00%,333,72.55%,NealSi00,Siran Neal,sfo
DL,0,0.00%,492,42.05%,74,16.12%,CollAl01,Alfred Collins,sfo
DL,0,0.00%,533,45.56%,10,2.18%,HuffBr00,Bryce Huff,sfo
DL,0,0.00%,279,23.85%,23,5.01%,WestCJ00,CJ West,sfo
DL,0,0.00%,233,19.91%,25,5.45%,FerrCl00,Clelin Ferrell,sfo
DL,0,0.00%,463,39.57%,64,13.94%,ElliJo02,Jordan Elliott,sfo
DL,0,0.00%,12,1.03%,2,0.44%,JeffJo01,Jordan Jefferson,sfo
DL,0,0.00%,492,42.05%,68,14.81%,DaviKa01,Kalia Davis,sfo
DL,0,0.00%,319,27.26%,38,8.28%,WhitKe03,Keion White,sfo
DL,0,0.00%,116,9.91%,4,0.87%,GiveKe01,Kevin Givens,sfo
DL,0,0.00%,385,32.91%,44,9.59%,WillMy00,Mykel Williams,sfo
DL,0,0.00%,119,10.17%,1,0.22%,BosaNi00,Nick Bosa,sfo
DL,0,0.00%,104,8.89%,116,25.27%,BealRo00,Robert Beal,sfo
DL,0,0.00%,575,49.15%,69,15.03%,OkuaSa00,Sam Okuayinonu,sfo
DL,0,0.00%,158,13.50%,4,0.87%,GrosYe00,Yetur Gross-Matos,sfo
FB,510,40.93%,0,0.00%,45,9.80%,JuszKy00,Kyle Juszczyk,sfo
K,0,0.00%,0,0.00%,148,32.24%,PineEd00,Eddy Piñeiro,sfo
K,0,0.00%,0,0.00%,9,1.96%,MoodJa00,Jake Moody,sfo
K,0,0.00%,0,0.00%,18,3.92%,GayxMa00,Matt Gay,sfo
LB,0,0.00%,248,21.20%,194,42.27%,RobiCu00,Curtis Robinson,sfo
LB,0,0.00%,993,84.87%,17,3.70%,WintDe00,Dee Winters,sfo
LB,0,0.00%,46,3.93%,39,8.50%,KendEr00,Eric Kendricks,sfo
LB,0,0.00%,330,28.21%,30,6.54%,WarnFr00,Fred Warner,sfo
LB,0,0.00%,44,3.76%,58,12.64%,WallGa00,Garret Wallow,sfo
LB,0,0.00%,2,0.17%,37,8.06%,GrahJa02,Jalen Graham,sfo
LB,0,0.00%,172,14.70%,352,76.69%,GiffLu00,Luke Gifford,sfo
LB,0,0.00%,15,1.28%,74,16.12%,MartNi01,Nick Martin,sfo
LB,0,0.00%,499,42.65%,123,26.80%,BethTa00,Tatum Bethune,sfo
LB,0,0.00%,80,6.84%,29,6.32%,GipsTr00,Trevis Gipson,sfo
LS,0,0.00%,0,0.00%,127,27.67%,WeekJo00,Jon Weeks,sfo
OL,125,10.03%,0,0.00%,72,15.69%,PleaAu00,Austen Pleasants,sfo
OL,200,16.05%,0,0.00%,23,5.01%,BartBe00,Ben Bartch,sfo
OL,1117,89.65%,0,0.00%,82,17.86%,McKiCo00,Colton McKivitz,sfo
OL,452,36.28%,0,0.00%,63,13.73%,ColbCo00,Connor Colby,sfo
OL,1120,89.89%,0,0.00%,82,17.86%,PuniDo00,Dominick Puni,sfo
OL,0,0.00%,0,0.00%,19,4.14%,MossDr00,Drew Moss,sfo
OL,950,76.24%,0,0.00%,6,1.31%,BrenJa01,Jake Brendel,sfo
OL,173,13.88%,0,0.00%,81,17.65%,HennMa00,Matt Hennessy,sfo
OL,23,1.85%,0,0.00%,11,2.40%,ZakeNi00,Nick Zakelj,sfo
OL,458,36.76%,0,0.00%,53,11.55%,BurfSp00,Spencer Burford,sfo
P,0,0.00%,0,0.00%,130,28.32%,MorsTh00,Thomas Morstead,sfo
QB,1,0.08%,0,0.00%,0,0.00%,MartAd00,Adrian Martinez,sfo
QB,576,46.23%,0,0.00%,0,0.00%,PurdBr00,Brock Purdy,sfo
QB,546,43.82%,0,0.00%,0,0.00%,JoneMa05,Mac Jones,sfo
RB,190,15.25%,0,0.00%,59,12.85%,RobiBr01,Brian Robinson Jr.,sfo
RB,932,74.80%,0,0.00%,3,0.65%,McCaCh01,Christian McCaffrey,sfo
RB,0,0.00%,0,0.00%,173,37.69%,GuerIs00,Isaac Guerendo,sfo
RB,3,0.24%,0,0.00%,8,1.74%,JameJo01,Jordan James,sfo
S,0,0.00%,494,42.22%,86,18.74%,PinnJa01,Jason Pinnock,sfo
S,0,0.00%,801,68.46%,145,31.59%,BrowJi01,Ji'Ayir Brown,sfo
S,0,0.00%,698,59.66%,7,1.53%,MustMa00,Malik Mustapha,sfo
S,0,0.00%,387,33.08%,210,45.75%,SiglMa00,Marques Sigle,sfo
T,997,80.02%,0,0.00%,0,0.00%,WillTr21,Trent Williams,sfo
TE,13,1.04%,0,0.00%,98,21.35%,WillBr06,Brayden Willis,sfo
TE,554,44.46%,0,0.00%,0,0.00%,KittGe00,George Kittle,sfo
TE,399,32.02%,0,0.00%,232,50.54%,TongJa00,Jake Tonges,sfo
TE,404,32.42%,0,0.00%,270,58.82%,FarrLu00,Luke Farrell,sfo
WR,420,33.71%,0,0.00%,1,0.22%,RobiDe01,Demarcus Robinson,sfo
WR,795,63.80%,0,0.00%,3,0.65%,JennJa00,Jauan Jennings,sfo
WR,25,2.01%,0,0.00%,0,0.00%,WatkJo00,Jordan Watkins,sfo
WR,594,47.67%,0,0.00%,0,0.00%,BourKe00,Kendrick Bourne,sfo
WR,17,1.36%,0,0.00%,25,5.45%,TurnMa00,Malik Turner,sfo
WR,141,11.32%,0,0.00%,0,0.00%,ValdMa00,Marquez Valdes-Scantling,sfo
WR,480,38.52%,0,0.00%,2,0.44%,PearRi00,Ricky Pearsall,sfo
WR,28,2.25%,0,0.00%,0,0.00%,GageRu00,Russell Gage,sfo
WR,110,8.83%,0,0.00%,139,30.28%,MoorSk01,Skyy Moore,sfo
C,1134,82.17%,0,0.00%,68,14.91%,BartGr00,Graham Barton,tam
CB,0,0.00%,359,30.95%,24,5.26%,MorrBe00,Benjamin Morrison,tam
CB,0,0.00%,746,64.31%,127,27.85%,ParrJa01,Jacob Parrish,tam
CB,0,0.00%,660,56.90%,7,1.54%,DeanJa00,Jamel Dean,tam
CB,0,0.00%,0,0.00%,364,79.82%,HayeJo01,Josh Hayes,tam
CB,0,0.00%,165,14.22%,76,16.67%,VildKi00,Kindle Vildor,tam
CB,0,0.00%,766,66.03%,61,13.38%,McCoZy02,Zyon McCollum,tam
DL,0,0.00%,24,2.07%,7,1.54%,GotsAd00,Adam Gotsis,tam
DL,0,0.00%,40,3.45%,0,0.00%,BrewCJ00,C.J. Brewer,tam
DL,0,0.00%,97,8.36%,0,0.00%,KancCa00,Calijah Kancey,tam
DL,0,0.00%,507,43.71%,100,21.93%,RobeEl01,Elijah Roberts,tam
DL,0,0.00%,92,7.93%,2,0.44%,SimmEl00,Elijah Simmons,tam
DL,0,0.00%,369,31.81%,6,1.32%,GainGr00,Greg Gaines,tam
DL,0,0.00%,610,52.59%,138,30.26%,HallLo00,Logan Hall,tam
G,622,45.07%,0,0.00%,28,6.14%,BredBe00,Ben Bredeson,tam
G,138,10.00%,0,0.00%,8,1.75%,MaucCo00,Cody Mauch,tam
G,667,48.33%,0,0.00%,43,9.43%,FeenDa00,Dan Feeney,tam
G,87,6.30%,0,0.00%,42,9.21%,KleiEl00,Elijah Klein,tam
G,717,51.96%,0,0.00%,2,0.44%,JordMi01,Michael Jordan,tam
K,0,0.00%,0,0.00%,157,34.43%,McLaCh00,Chase McLaughlin,tam
LB,0,0.00%,386,33.28%,285,62.50%,NelsAn01,Anthony Nelson,tam
LB,0,0.00%,1,0.09%,14,3.07%,WalkAn01,Anthony Walker,tam
LB,0,0.00%,283,24.40%,201,44.08%,BrasCh01,Chris Braswell,tam
LB,0,0.00%,120,10.34%,270,59.21%,JoneDe01,Deion Jones,tam
LB,0,0.00%,571,49.22%,1,0.22%,ReddHa00,Haason Reddick,tam
LB,0,0.00%,38,3.28%,0,0.00%,PierJa99,Jason Pierre-Paul,tam
LB,0,0.00%,5,0.43%,252,55.26%,BullJo01,John Bullock,tam
LB,0,0.00%,1023,88.19%,0,0.00%,DaviLa00,Lavonte David,tam
LB,0,0.00%,26,2.24%,234,51.32%,WattMa00,Markees Watts,tam
LB,0,0.00%,5,0.43%,35,7.68%,KamaMo00,Mohamed Kamara,tam
LB,0,0.00%,18,1.55%,35,7.68%,JackNi00,Nick Jackson,tam
LB,0,0.00%,910,78.45%,94,20.61%,DennSi00,SirVocea Dennis,tam
LB,0,0.00%,783,67.50%,97,21.27%,DiabYa00,YaYa Diaby,tam
LS,0,0.00%,0,0.00%,138,30.26%,DeckEv00,Evan Deckers,tam
NT,2,0.14%,764,65.86%,98,21.49%,VeaxVi00,Vita Vea,tam
P,0,0.00%,0,0.00%,138,30.26%,DixoRi00,Riley Dixon,tam
QB,1099,79.64%,0,0.00%,0,0.00%,MayfBa00,Baker Mayfield,tam
QB,35,2.54%,0,0.00%,0,0.00%,BridTe00,Teddy Bridgewater,tam
RB,421,30.51%,0,0.00%,0,0.00%,IrviBu00,Bucky Irving,tam
RB,8,0.58%,0,0.00%,10,2.19%,WillJo011,Josh Williams,tam
RB,7,0.51%,0,0.00%,17,3.73%,WrigOw00,Owen Wright,tam
RB,574,41.59%,0,0.00%,0,0.00%,WhitRa01,Rachaad White,tam
RB,177,12.83%,0,0.00%,126,27.63%,TuckSe00,Sean Tucker,tam
S,0,0.00%,1038,89.48%,0,0.00%,WinfAn00,Antoine Winfield Jr.,tam
S,0,0.00%,166,14.31%,179,39.25%,IzieCh00,Christian Izien,tam
S,0,0.00%,0,0.00%,62,13.60%,GrayJ.00,J.T. Gray,tam
S,0,0.00%,17,1.47%,192,42.11%,MerrKa00,Kaevon Merriweather,tam
S,0,0.00%,0,0.00%,31,6.80%,BankMa00,Marcus Banks,tam
S,0,0.00%,3,0.26%,34,7.46%,WisdRa00,Rashad Wisdom,tam
S,0,0.00%,0,0.00%,6,1.32%,CastSe01,Sebastian Castro,tam
S,0,0.00%,893,76.98%,0,0.00%,SmitTy05,Tykee Smith,tam
T,151,10.94%,0,0.00%,56,12.28%,ChukBe00,Benjamin Chukwuma,tam
T,473,34.28%,0,0.00%,73,16.01%,HeckCh00,Charlie Heck,tam
T,675,48.91%,0,0.00%,31,6.80%,GoedLu00,Luke Goedeke,tam
T,251,18.19%,0,0.00%,50,10.96%,HaggLu00,Luke Haggard,tam
T,777,56.30%,0,0.00%,11,2.41%,WirfTr00,Tristan Wirfs,tam
TE,993,71.96%,0,0.00%,2,0.44%,OttoCa00,Cade Otton,tam
TE,56,4.06%,0,0.00%,109,23.90%,CulpDe00,Devin Culp,tam
TE,29,2.10%,0,0.00%,65,14.25%,KiefKo00,Ko Kieft,tam
TE,354,25.65%,0,0.00%,239,52.41%,DurhPa00,Payne Durham,tam
WR,428,31.01%,0,0.00%,0,0.00%,GodwCh00,Chris Godwin,tam
WR,886,64.20%,0,0.00%,0,0.00%,EgbuEm01,Emeka Egbuka,tam
WR,138,10.00%,0,0.00%,0,0.00%,McMiJa01,Jalen McMillan,tam
WR,105,7.61%,0,0.00%,224,49.12%,JohnKa01,Kameron Johnson,tam
WR,357,25.87%,0,0.00%,0,0.00%,EvanMi00,Mike Evans,tam
WR,123,8.91%,0,0.00%,204,44.74%,MillRy01,Ryan Miller,tam
WR,495,35.87%,0,0.00%,0,0.00%,ShepSt00,Sterling Shepard,tam
WR,495,35.87%,0,0.00%,0,0.00%,JohnTe03,Tez Johnson,tam
C,195,16.18%,1,0.09%,58,11.76%,LeviCo00,Corey Levin,oti
C,922,76.51%,0,0.00%,1,0.20%,CushLl00,Lloyd Cushenberry III,oti
CB,0,0.00%,724,65.05%,115,23.33%,BakeDa02,Darrell Baker,oti
CB,0,0.00%,509,45.73%,8,1.62%,ArmoJa00,Jalyn Armour-Davis,oti
CB,0,0.00%,128,11.50%,1,0.20%,BrowJa09,Jarvis Brownlee,oti
CB,0,0.00%,78,7.01%,3,0.61%,ElamKa00,Kaiir Elam,oti
CB,0,0.00%,66,5.93%,70,14.20%,HallKe01,Kemon Hall,oti
CB,0,0.00%,361,32.43%,0,0.00%,SneeLJ00,L'Jarius Sneed,oti
CB,0,0.00%,342,30.73%,152,30.83%,HarrMa10,Marcus Harris,oti
CB,0,0.00%,66,5.93%,166,33.67%,RobiMi01,Micah Robinson,oti
CB,0,0.00%,306,27.49%,0,0.00%,McCrRo01,Roger McCreary,oti
CB,0,0.00%,54,4.85%,37,7.51%,WomaSa00,Samuel Womack,oti
DB,0,0.00%,154,13.84%,228,46.25%,BrooKe02,Kendell Brooks,oti
DE,0,0.00%,449,40.34%,83,16.84%,JoseSe00,Sebastian Joseph-Day,oti
DL,0,0.00%,97,8.72%,20,4.06%,RaveCJ00,C.J. Ravenell,oti
DL,0,0.00%,23,2.07%,2,0.41%,WatkCa00,Carlos Watkins,oti
DL,0,0.00%,334,30.01%,15,3.04%,LyncJa00,James Lynch,oti
DT,0,0.00%,14,1.26%,0,0.00%,HorsCa00,Cam Horsley,oti
DT,2,0.17%,764,68.64%,77,15.62%,SimmJe01,Jeffery Simmons,oti
DT,0,0.00%,152,13.66%,0,0.00%,TuttSh00,Shy Tuttle,oti
G,34,2.82%,0,0.00%,47,9.53%,SlatJa01,Jackson Slater,oti
G,910,75.52%,0,0.00%,55,11.16%,ZeitKe00,Kevin Zeitler,oti
K,0,0.00%,0,0.00%,130,26.37%,SlyeJo00,Joey Slye,oti
K,0,0.00%,0,0.00%,4,0.81%,WrigMa00,Matthew Wright,oti
LB,0,0.00%,37,3.32%,21,4.26%,GayeAl01,Ali Gaye,oti
LB,0,0.00%,449,40.34%,59,11.97%,KeyxAr00,Arden Key,oti
LB,0,0.00%,922,82.84%,117,23.73%,GrayCe00,Cedric Gray,oti
LB,0,0.00%,1061,95.33%,8,1.62%,BartCo00,Cody Barton,oti
LB,0,0.00%,0,0.00%,39,7.91%,JacoCu00,Curtis Jacobs,oti
LB,0,0.00%,0,0.00%,341,69.17%,MausDo00,Dorian Mausi,oti
LB,0,0.00%,408,36.66%,10,2.03%,JoneDr00,Dre'Mont Jones,oti
LB,0,0.00%,79,7.10%,355,72.01%,WillJa15,James Williams,oti
LB,0,0.00%,363,32.61%,228,46.25%,HarrJa05,Jaylen Harrell,oti
LB,0,0.00%,708,63.61%,0,0.00%,WardJi02,Jihad Ward,oti
LB,0,0.00%,0,0.00%,186,37.73%,BachJo01,Joe Bachie,oti
LB,0,0.00%,20,1.80%,12,2.43%,WhitKy00,Kyzir White,oti
LB,0,0.00%,188,16.89%,25,5.07%,OladOl00,Oluwafemi Oladejo,oti
LB,0,0.00%,104,9.34%,100,20.28%,JoneTr01,Truman Jones,oti
LS,0,0.00%,0,0.00%,143,29.01%,CoxxMo00,Morgan Cox,oti
NT,0,0.00%,381,34.23%,59,11.97%,SweaTV01,T'Vondre Sweat,oti
OL,89,7.39%,0,0.00%,17,3.45%,HancBl00,Blake Hance,oti
OL,97,8.05%,0,0.00%,11,2.23%,OjukJo00,John Ojukwu,oti
OL,341,28.30%,0,0.00%,65,13.18%,UdohOl01,Oli Udoh,oti
OL,1056,87.63%,0,0.00%,65,13.18%,SkorPe00,Peter Skoronski,oti
P,0,0.00%,0,0.00%,147,29.82%,HekkJo00,Johnny Hekker,oti
QB,49,4.07%,0,0.00%,0,0.00%,AlleBr00,Brandon Allen,oti
QB,1007,83.57%,0,0.00%,0,0.00%,WardCa00,Cam Ward,oti
RB,0,0.00%,0,0.00%,9,1.83%,MimsJo00,Jordan Mims,oti
RB,40,3.32%,0,0.00%,315,63.89%,ChesJu00,Julius Chestnut,oti
RB,12,1.00%,0,0.00%,137,27.79%,MullKa00,Kalel Mullings,oti
RB,657,54.52%,0,0.00%,0,0.00%,PollTo00,Tony Pollard,oti
RB,374,31.04%,0,0.00%,0,0.00%,SpeaTy00,Tyjae Spears,oti
S,0,0.00%,919,82.57%,30,6.09%,HookAm00,Amani Hooker,oti
S,0,0.00%,27,2.43%,0,0.00%,HallEr00,Erick Hallett,oti
S,0,0.00%,61,5.48%,24,4.87%,ReedJe00,Jerrick Reed,oti
S,0,0.00%,313,28.12%,65,13.18%,WinsKe02,Kevin Winston,oti
S,0,0.00%,4,0.36%,191,38.74%,BrowMi02,Mike Brown,oti
S,0,0.00%,329,29.56%,0,0.00%,DiggQu00,Quandre Diggs,oti
S,0,0.00%,63,5.66%,9,1.83%,KaneSa00,Sanoussi Kane,oti
S,0,0.00%,526,47.26%,4,0.81%,WoodXa00,Xavier Woods,oti
T,18,1.49%,0,0.00%,15,3.04%,CrenBr00,Brandon Crenshaw-Dickson,oti
T,949,78.76%,0,0.00%,24,4.87%,MoorDa05,Dan Moore,oti
T,791,65.64%,0,0.00%,46,9.33%,LathJC00,JC Latham,oti
TE,666,55.27%,0,0.00%,1,0.20%,OkonCh00,Chigoziem Okonkwo,oti
TE,0,0.00%,0,0.00%,2,0.41%,TurnCo00,Cole Turner,oti
TE,134,11.12%,0,0.00%,377,76.47%,MartDa01,David Martin-Robinson,oti
TE,533,44.23%,0,0.00%,129,26.17%,HelmGu00,Gunnar Helm,oti
WR,30,2.49%,0,0.00%,53,10.75%,OlivBr02,Bryce Oliver,oti
WR,250,20.75%,0,0.00%,0,0.00%,RidlCa00,Calvin Ridley,oti
WR,631,52.37%,0,0.00%,161,32.66%,DikeCh00,Chimere Dike,oti
WR,787,65.31%,0,0.00%,7,1.42%,AyomEl00,Elic Ayomanor,oti
WR,172,14.27%,0,0.00%,26,5.27%,ProcJa00,James Proche,oti
WR,68,5.64%,0,0.00%,226,45.84%,KinsMa00,Mason Kinsey,oti
WR,190,15.77%,0,0.00%,0,0.00%,LockTy00,Tyler Lockett,oti
WR,583,48.38%,0,0.00%,50,10.14%,JeffVa00,Van Jefferson,oti
WR,30,2.49%,0,0.00%,2,0.41%,RestXa00,Xavier Restrepo,oti
C,0,0.00%,0,0.00%,7,1.55%,DeitMi00,Michael Deiter,was
C,954,82.03%,0,0.00%,2,0.44%,BiadTy00,Tyler Biadasz,was
CB,0,0.00%,115,8.56%,183,40.40%,HamiAn01,Antonio Hamilton,was
CB,0,0.00%,0,0.00%,2,0.44%,RushDa00,Darius Rush,was
CB,0,0.00%,484,36.01%,39,8.61%,JoneJo03,Jonathan Jones,was
CB,0,0.00%,521,38.76%,1,0.22%,LattMa01,Marshon Lattimore,was
CB,0,0.00%,1024,76.19%,145,32.01%,SainMi00,Mike Sainristil,was
CB,0,0.00%,373,27.75%,52,11.48%,IgbiNo00,Noah Igbinoghene,was
CB,0,0.00%,0,0.00%,2,0.44%,HawkTr00,Tre Hawkins,was
CB,0,0.00%,511,38.02%,2,0.44%,AmosTr00,Trey Amos,was
DE,0,0.00%,51,3.79%,4,0.88%,WiseDe00,Deatrich Wise Jr.,was
DE,0,0.00%,18,1.34%,0,0.00%,WalkDe03,DeMarcus Walker,was
DE,0,0.00%,239,17.78%,1,0.22%,ArmsDo00,Dorance Armstrong Jr.,was
DE,0,0.00%,61,4.54%,0,0.00%,JackDr01,Drake Jackson,was
DE,0,0.00%,700,52.08%,109,24.06%,MartJa02,Jacob Martin,was
DE,0,0.00%,251,18.68%,32,7.06%,HolmJa01,Jalyn Holmes,was
DE,0,0.00%,60,4.46%,11,2.43%,JeanJa00,Javontae Jean-Baptiste,was
DE,0,0.00%,283,21.06%,0,0.00%,SmitPr00,Preston Smith,was
DE,0,0.00%,11,0.82%,0,0.00%,MaguTJ00,T.J. Maguranyanga,was
DT,0,0.00%,607,45.16%,64,14.13%,PaynDa00,Daron Payne,was
DT,0,0.00%,320,23.81%,1,0.22%,GoldEd00,Eddie Goldman,was
DT,0,0.00%,724,53.87%,85,18.76%,KinlJa00,Javon Kinlaw,was
DT,0,0.00%,432,32.14%,40,8.83%,NewtJe00,Jer'Zhan Newton,was
DT,0,0.00%,32,2.38%,0,0.00%,BarbRi00,Ricky Barber,was
DT,0,0.00%,203,15.10%,21,4.64%,DayxSh00,Sheldon Day,was
DT,0,0.00%,25,1.86%,0,0.00%,TuttSh00,Shy Tuttle,was
G,362,31.13%,0,0.00%,64,14.13%,WyliAn00,Andrew Wylie,was
G,926,79.62%,0,0.00%,64,14.13%,PaulCh00,Chris Paul,was
G,260,22.36%,0,0.00%,64,14.13%,AlleNi00,Nick Allegretti,was
K,0,0.00%,0,0.00%,48,10.60%,MoodJa00,Jake Moody,was
K,0,0.00%,0,0.00%,91,20.09%,GayxMa00,Matt Gay,was
K,0,0.00%,0,0.00%,3,0.66%,WrigMa00,Matthew Wright,was
LB,0,0.00%,0,0.00%,120,26.49%,KahoAl00,Ale Kaho,was
LB,0,0.00%,1132,84.23%,88,19.43%,WagnBo00,Bobby Wagner,was
LB,0,0.00%,1107,82.37%,4,0.88%,LuvuFr00,Frankie Luvu,was
LB,0,0.00%,364,27.08%,338,74.61%,MageJo00,Jordan Magee,was
LB,0,0.00%,0,0.00%,133,29.36%,MedrKa00,Kain Medrano,was
LB,0,0.00%,8,0.60%,338,74.61%,BellNi01,Nick Bellore,was
LB,0,0.00%,420,31.25%,2,0.44%,MillVo00,Von Miller,was
LS,0,0.00%,0,0.00%,113,24.94%,OttxTy00,Tyler Ott,was
LS,0,0.00%,0,0.00%,8,1.77%,TrinZa00,Zach Triner,was
P,0,0.00%,0,0.00%,121,26.71%,WayxTr00,Tress Way,was
QB,405,34.82%,0,0.00%,0,0.00%,DaniJa02,Jayden Daniels,was
QB,138,11.87%,0,0.00%,0,0.00%,JohnJo05,Josh Johnson,was
QB,510,43.85%,0,0.00%,0,0.00%,MariMa01,Marcus Mariota,was
RB,69,5.93%,0,0.00%,0,0.00%,EkelAu00,Austin Ekeler,was
RB,1,0.09%,0,0.00%,19,4.19%,EdmoCh00,Chase Edmonds,was
RB,255,21.93%,0,0.00%,47,10.38%,RodrCh00,Chris Rodriguez,was
RB,406,34.91%,0,0.00%,0,0.00%,CrosJa00,Jacory Croskey-Merritt,was
RB,337,28.98%,0,0.00%,59,13.02%,McNiJe00,Jeremy McNichols,was
S,0,0.00%,170,12.65%,17,3.75%,SavaDa00,Darnell Savage Jr.,was
S,0,0.00%,708,52.68%,236,52.10%,ReavJe00,Jeremy Reaves,was
S,0,0.00%,20,1.49%,250,55.19%,ButlPe00,Percy Butler,was
S,0,0.00%,927,68.97%,153,33.77%,MartJa04,Quan Martin,was
S,0,0.00%,66,4.91%,359,79.25%,OwenTy00,Tyler Owens,was
S,0,0.00%,560,41.67%,4,0.88%,HarrWi02,Will Harris,was
T,390,33.53%,0,0.00%,37,8.17%,ColeBr02,Brandon Coleman,was
T,0,0.00%,0,0.00%,23,5.08%,FantGe00,George Fant,was
T,1054,90.63%,0,0.00%,64,14.13%,ConeJo00,Josh Conerly,was
T,802,68.96%,0,0.00%,47,10.38%,TunsLa00,Laremy Tunsil,was
T,545,46.86%,0,0.00%,24,5.30%,CosmSa00,Samuel Cosmi,was
T,82,7.05%,0,0.00%,35,7.73%,ScotTr01,Trenton Scott,was
TE,341,29.32%,0,0.00%,170,37.53%,SinnBe00,Ben Sinnott,was
TE,108,9.29%,0,0.00%,246,54.30%,YankCo00,Colson Yankoff,was
TE,479,41.19%,0,0.00%,179,39.51%,BateJo00,John Bates,was
TE,1,0.09%,0,0.00%,0,0.00%,CageLa01,Lawrence Cager,was
TE,551,47.38%,0,0.00%,1,0.22%,ErtzZa00,Zach Ertz,was
WR,429,36.89%,0,0.00%,67,14.79%,MoorCh00,Chris Moore,was
WR,713,61.31%,0,0.00%,27,5.96%,SamuDe00,Deebo Samuel,was
WR,7,0.60%,0,0.00%,0,0.00%,BrooJa04,Ja'Corey Brooks,was
WR,11,0.95%,0,0.00%,7,1.55%,JoneJa16,Jacoby Jones,was
WR,348,29.92%,0,0.00%,80,17.66%,LaneJa00,Jaylin Lane,was
WR,174,14.96%,0,0.00%,94,20.75%,McCaLu00,Luke McCaffrey,was
WR,102,8.77%,0,0.00%,0,0.00%,BrowNo00,Noah Brown,was
WR,7,0.60%,0,0.00%,4,0.88%,CracRi00,River Cracraft,was
WR,72,6.19%,0,0.00%,0,0.00%,AndeRo04,Robbie Chosen,was
WR,30,2.58%,0,0.00%,42,9.27%,MartTa00,Tay Martin,was
WR,433,37.23%,0,0.00%,0,0.00%,McLaTe00,Terry McLaurin,was
WR,292,25.11%,0,0.00%,11,2.43%,BurkTr00,Treylon Burks,was
